{
  "set_id": 1,
  "inst_id": 4,
  "vehicles": {
    "CT": {
      "count": 4,
      "capacity": 1500,
      "fixed_cost": 1500,
      "unit_cost_factor": 1.2
    },
    "UV": {
      "count": 8,
      "capacity": 500,
      "fixed_cost": 500,
      "unit_cost_factor": 1.1
    }
  },
  "P": 2,
  "item_weights": [
    5,
    10
  ],
  "inventory_ratio": 1.1,
  "FCs": [
    {
      "id": "FC1",
      "x": 25,
      "y": 25,
      "time_window": [
        0.0,
        3000.0
      ],
      "inventory": [
        20,
        29
      ]
    },
    {
      "id": "FC2",
      "x": 75,
      "y": 75,
      "time_window": [
        0.0,
        3000.0
      ],
      "inventory": [
        32,
        19
      ]
    }
  ],
  "DCs": [
    {
      "id": "DC1",
      "x": 3.9,
      "y": 56.0,
      "time_window": [
        300.0,
        2700.0
      ]
    },
    {
      "id": "DC2",
      "x": 85.65,
      "y": 8.05,
      "time_window": [
        300.0,
        2700.0
      ]
    },
    {
      "id": "DC3",
      "x": 74.65,
      "y": 23.16,
      "time_window": [
        300.0,
        2700.0
      ]
    },
    {
      "id": "DC4",
      "x": 86.39,
      "y": 24.23,
      "time_window": [
        300.0,
        2700.0
      ]
    }
  ],
  "CDPs": [
    {
      "id": "CDP1",
      "x": 61.55,
      "y": 52.18,
      "time_window": [
        0.0,
        3000.0
      ],
      "capacity": 212
    },
    {
      "id": "CDP2",
      "x": 60.71,
      "y": 72.74,
      "time_window": [
        0.0,
        3000.0
      ],
      "capacity": 221
    },
    {
      "id": "CDP3",
      "x": 10.42,
      "y": 49.63,
      "time_window": [
        0.0,
        3000.0
      ],
      "capacity": 205
    },
    {
      "id": "CDP4",
      "x": 42.58,
      "y": 12.76,
      "time_window": [
        0.0,
        3000.0
      ],
      "capacity": 163
    },
    {
      "id": "CDP5",
      "x": 65.49,
      "y": 31.59,
      "time_window": [
        0.0,
        3000.0
      ],
      "capacity": 167
    },
    {
      "id": "CDP6",
      "x": 87.14,
      "y": 66.24,
      "time_window": [
        0.0,
        3000.0
      ],
      "capacity": 286
    },
    {
      "id": "CDP7",
      "x": 43.85,
      "y": 30.56,
      "time_window": [
        0.0,
        3000.0
      ],
      "capacity": 290
    },
    {
      "id": "CDP8",
      "x": 71.38,
      "y": 22.19,
      "time_window": [
        0.0,
        3000.0
      ],
      "capacity": 156
    },
    {
      "id": "CDP9",
      "x": 5.89,
      "y": 22.86,
      "time_window": [
        0.0,
        3000.0
      ],
      "capacity": 136
    },
    {
      "id": "CDP10",
      "x": 90.93,
      "y": 84.28,
      "time_window": [
        0.0,
        3000.0
      ],
      "capacity": 211
    }
  ],
  "Customers": [
    {
      "id": "C1",
      "x": 63.72,
      "y": 61.98,
      "time_window": [
        450.0,
        1676.17
      ],
      "demand": [
        2,
        3
      ]
    },
    {
      "id": "C2",
      "x": 78.02,
      "y": 24.2,
      "time_window": [
        450.0,
        1337.94
      ],
      "demand": [
        4,
        2
      ]
    },
    {
      "id": "C3",
      "x": 85.78,
      "y": 75.78,
      "time_window": [
        450.0,
        1167.46
      ],
      "demand": [
        2,
        3
      ]
    },
    {
      "id": "C4",
      "x": 53.22,
      "y": 52.27,
      "time_window": [
        450.0,
        1729.39
      ],
      "demand": [
        1,
        1
      ]
    },
    {
      "id": "C5",
      "x": 77.66,
      "y": 17.97,
      "time_window": [
        450.0,
        2165.2
      ],
      "demand": [
        3,
        2
      ]
    },
    {
      "id": "C6",
      "x": 74.0,
      "y": 58.68,
      "time_window": [
        450.0,
        983.84
      ],
      "demand": [
        2,
        4
      ]
    },
    {
      "id": "C7",
      "x": 35.29,
      "y": 27.91,
      "time_window": [
        450.0,
        1203.64
      ],
      "demand": [
        2,
        1
      ]
    },
    {
      "id": "C8",
      "x": 64.79,
      "y": 66.66,
      "time_window": [
        450.0,
        2465.71
      ],
      "demand": [
        1,
        4
      ]
    },
    {
      "id": "C9",
      "x": 19.32,
      "y": 97.77,
      "time_window": [
        450.0,
        1829.0
      ],
      "demand": [
        1,
        3
      ]
    },
    {
      "id": "C10",
      "x": 21.13,
      "y": 84.24,
      "time_window": [
        450.0,
        1864.79
      ],
      "demand": [
        2,
        1
      ]
    },
    {
      "id": "C11",
      "x": 53.41,
      "y": 40.38,
      "time_window": [
        450.0,
        1951.45
      ],
      "demand": [
        2,
        3
      ]
    },
    {
      "id": "C12",
      "x": 37.33,
      "y": 41.79,
      "time_window": [
        450.0,
        1194.23
      ],
      "demand": [
        3,
        1
      ]
    },
    {
      "id": "C13",
      "x": 54.5,
      "y": 44.46,
      "time_window": [
        450.0,
        1676.72
      ],
      "demand": [
        4,
        1
      ]
    },
    {
      "id": "C14",
      "x": 18.02,
      "y": 78.58,
      "time_window": [
        450.0,
        1592.67
      ],
      "demand": [
        3,
        2
      ]
    },
    {
      "id": "C15",
      "x": 8.54,
      "y": 76.52,
      "time_window": [
        450.0,
        2139.64
      ],
      "demand": [
        2,
        2
      ]
    },
    {
      "id": "C16",
      "x": 44.78,
      "y": 37.12,
      "time_window": [
        450.0,
        1758.33
      ],
      "demand": [
        1,
        2
      ]
    },
    {
      "id": "C17",
      "x": 58.77,
      "y": 45.98,
      "time_window": [
        450.0,
        2032.29
      ],
      "demand": [
        3,
        1
      ]
    },
    {
      "id": "C18",
      "x": 3.19,
      "y": 2.32,
      "time_window": [
        450.0,
        2466.16
      ],
      "demand": [
        2,
        4
      ]
    },
    {
      "id": "C19",
      "x": 66.33,
      "y": 40.98,
      "time_window": [
        450.0,
        1752.85
      ],
      "demand": [
        3,
        2
      ]
    },
    {
      "id": "C20",
      "x": 42.18,
      "y": 55.22,
      "time_window": [
        450.0,
        2265.43
      ],
      "demand": [
        4,
        1
      ]
    }
  ]
}