{
  "set_id": 5,
  "inst_id": 5,
  "vehicles": {
    "CT": {
      "count": 10,
      "capacity": 1500,
      "fixed_cost": 1500,
      "unit_cost_factor": 1.2
    },
    "UV": {
      "count": 20,
      "capacity": 500,
      "fixed_cost": 500,
      "unit_cost_factor": 1.1
    }
  },
  "P": 3,
  "item_weights": [
    10,
    10,
    5
  ],
  "inventory_ratio": 1.2,
  "FCs": [
    {
      "id": "FC1",
      "x": 25,
      "y": 25,
      "time_window": [
        0.0,
        3000.0
      ],
      "inventory": [
        63,
        91,
        75
      ]
    },
    {
      "id": "FC2",
      "x": 75,
      "y": 75,
      "time_window": [
        0.0,
        3000.0
      ],
      "inventory": [
        74,
        61,
        68
      ]
    }
  ],
  "DCs": [
    {
      "id": "DC1",
      "x": 54.48,
      "y": 95.59,
      "time_window": [
        300.0,
        2700.0
      ]
    },
    {
      "id": "DC2",
      "x": 43.3,
      "y": 82.43,
      "time_window": [
        300.0,
        2700.0
      ]
    },
    {
      "id": "DC3",
      "x": 82.36,
      "y": 27.2,
      "time_window": [
        300.0,
        2700.0
      ]
    },
    {
      "id": "DC4",
      "x": 81.94,
      "y": 98.55,
      "time_window": [
        300.0,
        2700.0
      ]
    }
  ],
  "CDPs": [
    {
      "id": "CDP1",
      "x": 94.72,
      "y": 76.91,
      "time_window": [
        0.0,
        3000.0
      ],
      "capacity": 202
    },
    {
      "id": "CDP2",
      "x": 40.23,
      "y": 58.17,
      "time_window": [
        0.0,
        3000.0
      ],
      "capacity": 250
    },
    {
      "id": "CDP3",
      "x": 82.43,
      "y": 95.92,
      "time_window": [
        0.0,
        3000.0
      ],
      "capacity": 275
    },
    {
      "id": "CDP4",
      "x": 96.5,
      "y": 40.74,
      "time_window": [
        0.0,
        3000.0
      ],
      "capacity": 296
    },
    {
      "id": "CDP5",
      "x": 39.73,
      "y": 83.68,
      "time_window": [
        0.0,
        3000.0
      ],
      "capacity": 190
    },
    {
      "id": "CDP6",
      "x": 54.26,
      "y": 57.58,
      "time_window": [
        0.0,
        3000.0
      ],
      "capacity": 151
    },
    {
      "id": "CDP7",
      "x": 49.3,
      "y": 89.76,
      "time_window": [
        0.0,
        3000.0
      ],
      "capacity": 250
    },
    {
      "id": "CDP8",
      "x": 76.99,
      "y": 37.87,
      "time_window": [
        0.0,
        3000.0
      ],
      "capacity": 243
    },
    {
      "id": "CDP9",
      "x": 60.01,
      "y": 74.71,
      "time_window": [
        0.0,
        3000.0
      ],
      "capacity": 146
    },
    {
      "id": "CDP10",
      "x": 94.96,
      "y": 49.05,
      "time_window": [
        0.0,
        3000.0
      ],
      "capacity": 211
    },
    {
      "id": "CDP11",
      "x": 33.64,
      "y": 63.31,
      "time_window": [
        0.0,
        3000.0
      ],
      "capacity": 157
    },
    {
      "id": "CDP12",
      "x": 8.75,
      "y": 68.31,
      "time_window": [
        0.0,
        3000.0
      ],
      "capacity": 227
    },
    {
      "id": "CDP13",
      "x": 21.63,
      "y": 45.11,
      "time_window": [
        0.0,
        3000.0
      ],
      "capacity": 143
    },
    {
      "id": "CDP14",
      "x": 61.42,
      "y": 33.26,
      "time_window": [
        0.0,
        3000.0
      ],
      "capacity": 259
    },
    {
      "id": "CDP15",
      "x": 83.16,
      "y": 44.92,
      "time_window": [
        0.0,
        3000.0
      ],
      "capacity": 114
    },
    {
      "id": "CDP16",
      "x": 34.04,
      "y": 65.31,
      "time_window": [
        0.0,
        3000.0
      ],
      "capacity": 187
    },
    {
      "id": "CDP17",
      "x": 54.74,
      "y": 56.54,
      "time_window": [
        0.0,
        3000.0
      ],
      "capacity": 211
    },
    {
      "id": "CDP18",
      "x": 21.76,
      "y": 38.6,
      "time_window": [
        0.0,
        3000.0
      ],
      "capacity": 104
    },
    {
      "id": "CDP19",
      "x": 66.76,
      "y": 82.18,
      "time_window": [
        0.0,
        3000.0
      ],
      "capacity": 286
    },
    {
      "id": "CDP20",
      "x": 37.49,
      "y": 74.76,
      "time_window": [
        0.0,
        3000.0
      ],
      "capacity": 210
    }
  ],
  "Customers": [
    {
      "id": "C1",
      "x": 80.35,
      "y": 97.72,
      "time_window": [
        450.0,
        1325.97
      ],
      "demand": [
        2,
        2,
        4
      ]
    },
    {
      "id": "C2",
      "x": 7.28,
      "y": 77.72,
      "time_window": [
        450.0,
        1557.96
      ],
      "demand": [
        2,
        3,
        2
      ]
    },
    {
      "id": "C3",
      "x": 11.61,
      "y": 12.41,
      "time_window": [
        450.0,
        1619.57
      ],
      "demand": [
        1,
        4,
        4
      ]
    },
    {
      "id": "C4",
      "x": 70.66,
      "y": 34.47,
      "time_window": [
        450.0,
        1592.62
      ],
      "demand": [
        1,
        1,
        3
      ]
    },
    {
      "id": "C5",
      "x": 62.04,
      "y": 66.59,
      "time_window": [
        450.0,
        1059.99
      ],
      "demand": [
        2,
        4,
        4
      ]
    },
    {
      "id": "C6",
      "x": 10.19,
      "y": 14.69,
      "time_window": [
        450.0,
        1290.32
      ],
      "demand": [
        4,
        3,
        1
      ]
    },
    {
      "id": "C7",
      "x": 24.78,
      "y": 95.15,
      "time_window": [
        450.0,
        2550
      ],
      "demand": [
        2,
        1,
        2
      ]
    },
    {
      "id": "C8",
      "x": 56.83,
      "y": 34.17,
      "time_window": [
        450.0,
        1981.32
      ],
      "demand": [
        3,
        4,
        3
      ]
    },
    {
      "id": "C9",
      "x": 64.39,
      "y": 39.85,
      "time_window": [
        450.0,
        1055.23
      ],
      "demand": [
        2,
        1,
        2
      ]
    },
    {
      "id": "C10",
      "x": 24.91,
      "y": 99.65,
      "time_window": [
        450.0,
        1022.41
      ],
      "demand": [
        2,
        4,
        4
      ]
    },
    {
      "id": "C11",
      "x": 27.14,
      "y": 36.17,
      "time_window": [
        450.0,
        2071.82
      ],
      "demand": [
        4,
        3,
        4
      ]
    },
    {
      "id": "C12",
      "x": 86.94,
      "y": 84.05,
      "time_window": [
        450.0,
        982.64
      ],
      "demand": [
        1,
        2,
        1
      ]
    },
    {
      "id": "C13",
      "x": 83.95,
      "y": 7.76,
      "time_window": [
        450.0,
        1144.91
      ],
      "demand": [
        4,
        2,
        1
      ]
    },
    {
      "id": "C14",
      "x": 39.55,
      "y": 34.37,
      "time_window": [
        450.0,
        2353.53
      ],
      "demand": [
        4,
        2,
        3
      ]
    },
    {
      "id": "C15",
      "x": 46.22,
      "y": 68.65,
      "time_window": [
        450.0,
        1805.33
      ],
      "demand": [
        2,
        1,
        2
      ]
    },
    {
      "id": "C16",
      "x": 64.24,
      "y": 60.64,
      "time_window": [
        450.0,
        2481.18
      ],
      "demand": [
        4,
        3,
        2
      ]
    },
    {
      "id": "C17",
      "x": 47.84,
      "y": 73.13,
      "time_window": [
        450.0,
        1865.58
      ],
      "demand": [
        2,
        2,
        3
      ]
    },
    {
      "id": "C18",
      "x": 67.68,
      "y": 45.74,
      "time_window": [
        450.0,
        2040.99
      ],
      "demand": [
        1,
        1,
        3
      ]
    },
    {
      "id": "C19",
      "x": 51.0,
      "y": 25.5,
      "time_window": [
        450.0,
        1605.83
      ],
      "demand": [
        3,
        4,
        4
      ]
    },
    {
      "id": "C20",
      "x": 3.2,
      "y": 91.87,
      "time_window": [
        450.0,
        1658.57
      ],
      "demand": [
        1,
        2,
        1
      ]
    },
    {
      "id": "C21",
      "x": 46.97,
      "y": 47.29,
      "time_window": [
        450.0,
        1325.12
      ],
      "demand": [
        1,
        2,
        1
      ]
    },
    {
      "id": "C22",
      "x": 28.07,
      "y": 43.9,
      "time_window": [
        450.0,
        2391.42
      ],
      "demand": [
        4,
        4,
        1
      ]
    },
    {
      "id": "C23",
      "x": 61.65,
      "y": 56.02,
      "time_window": [
        450.0,
        1194.37
      ],
      "demand": [
        2,
        4,
        3
      ]
    },
    {
      "id": "C24",
      "x": 19.83,
      "y": 77.73,
      "time_window": [
        450.0,
        2277.32
      ],
      "demand": [
        2,
        3,
        2
      ]
    },
    {
      "id": "C25",
      "x": 47.22,
      "y": 72.07,
      "time_window": [
        450.0,
        1939.55
      ],
      "demand": [
        3,
        3,
        4
      ]
    },
    {
      "id": "C26",
      "x": 42.2,
      "y": 42.4,
      "time_window": [
        450.0,
        1823.92
      ],
      "demand": [
        1,
        4,
        3
      ]
    },
    {
      "id": "C27",
      "x": 24.98,
      "y": 95.16,
      "time_window": [
        450.0,
        1332.64
      ],
      "demand": [
        4,
        2,
        3
      ]
    },
    {
      "id": "C28",
      "x": 71.72,
      "y": 44.63,
      "time_window": [
        450.0,
        1027.98
      ],
      "demand": [
        1,
        1,
        3
      ]
    },
    {
      "id": "C29",
      "x": 4.73,
      "y": 80.39,
      "time_window": [
        450.0,
        1583.63
      ],
      "demand": [
        3,
        4,
        1
      ]
    },
    {
      "id": "C30",
      "x": 33.32,
      "y": 53.2,
      "time_window": [
        450.0,
        1217.19
      ],
      "demand": [
        2,
        1,
        1
      ]
    },
    {
      "id": "C31",
      "x": 26.94,
      "y": 35.63,
      "time_window": [
        450.0,
        2524.78
      ],
      "demand": [
        4,
        3,
        1
      ]
    },
    {
      "id": "C32",
      "x": 83.48,
      "y": 4.62,
      "time_window": [
        450.0,
        2462.53
      ],
      "demand": [
        4,
        4,
        4
      ]
    },
    {
      "id": "C33",
      "x": 49.87,
      "y": 33.95,
      "time_window": [
        450.0,
        1582.35
      ],
      "demand": [
        1,
        2,
        3
      ]
    },
    {
      "id": "C34",
      "x": 46.4,
      "y": 71.49,
      "time_window": [
        450.0,
        1269.9
      ],
      "demand": [
        1,
        2,
        2
      ]
    },
    {
      "id": "C35",
      "x": 51.33,
      "y": 57.5,
      "time_window": [
        450.0,
        2550
      ],
      "demand": [
        2,
        4,
        2
      ]
    },
    {
      "id": "C36",
      "x": 46.52,
      "y": 63.67,
      "time_window": [
        450.0,
        1715.56
      ],
      "demand": [
        2,
        4,
        1
      ]
    },
    {
      "id": "C37",
      "x": 90.49,
      "y": 84.05,
      "time_window": [
        450.0,
        1762.94
      ],
      "demand": [
        2,
        2,
        1
      ]
    },
    {
      "id": "C38",
      "x": 19.58,
      "y": 19.89,
      "time_window": [
        450.0,
        1967.31
      ],
      "demand": [
        2,
        4,
        2
      ]
    },
    {
      "id": "C39",
      "x": 1.71,
      "y": 93.19,
      "time_window": [
        450.0,
        1420.66
      ],
      "demand": [
        3,
        2,
        1
      ]
    },
    {
      "id": "C40",
      "x": 14.57,
      "y": 95.65,
      "time_window": [
        450.0,
        1103.78
      ],
      "demand": [
        3,
        2,
        3
      ]
    },
    {
      "id": "C41",
      "x": 37.96,
      "y": 30.12,
      "time_window": [
        450.0,
        2503.27
      ],
      "demand": [
        2,
        2,
        4
      ]
    },
    {
      "id": "C42",
      "x": 32.8,
      "y": 58.84,
      "time_window": [
        450.0,
        1866.95
      ],
      "demand": [
        2,
        1,
        2
      ]
    },
    {
      "id": "C43",
      "x": 65.59,
      "y": 67.1,
      "time_window": [
        450.0,
        2165.35
      ],
      "demand": [
        1,
        1,
        1
      ]
    },
    {
      "id": "C44",
      "x": 99.24,
      "y": 24.55,
      "time_window": [
        450.0,
        2293.14
      ],
      "demand": [
        1,
        2,
        4
      ]
    },
    {
      "id": "C45",
      "x": 33.04,
      "y": 31.92,
      "time_window": [
        450.0,
        1054.64
      ],
      "demand": [
        1,
        2,
        4
      ]
    },
    {
      "id": "C46",
      "x": 42.67,
      "y": 34.5,
      "time_window": [
        450.0,
        1686.6
      ],
      "demand": [
        4,
        2,
        1
      ]
    },
    {
      "id": "C47",
      "x": 29.98,
      "y": 64.52,
      "time_window": [
        450.0,
        1877.8
      ],
      "demand": [
        3,
        4,
        3
      ]
    },
    {
      "id": "C48",
      "x": 3.83,
      "y": 80.04,
      "time_window": [
        450.0,
        2241.18
      ],
      "demand": [
        1,
        1,
        1
      ]
    },
    {
      "id": "C49",
      "x": 61.52,
      "y": 49.29,
      "time_window": [
        450.0,
        1363.89
      ],
      "demand": [
        1,
        3,
        1
      ]
    },
    {
      "id": "C50",
      "x": 14.58,
      "y": 24.35,
      "time_window": [
        450.0,
        2045.27
      ],
      "demand": [
        4,
        2,
        3
      ]
    }
  ]
}