{
  "set_id": 8,
  "inst_id": 2,
  "vehicles": {
    "CT": {
      "count": 20,
      "capacity": 1500,
      "fixed_cost": 1500,
      "unit_cost_factor": 1.2
    },
    "UV": {
      "count": 40,
      "capacity": 500,
      "fixed_cost": 500,
      "unit_cost_factor": 1.1
    }
  },
  "P": 3,
  "item_weights": [
    10,
    5,
    15
  ],
  "inventory_ratio": 1.4,
  "FCs": [
    {
      "id": "FC1",
      "x": 25,
      "y": 25,
      "time_window": [
        0.0,
        3000.0
      ],
      "inventory": [
        95,
        74,
        99
      ]
    },
    {
      "id": "FC2",
      "x": 25,
      "y": 75,
      "time_window": [
        0.0,
        3000.0
      ],
      "inventory": [
        90,
        96,
        84
      ]
    },
    {
      "id": "FC3",
      "x": 75,
      "y": 25,
      "time_window": [
        0.0,
        3000.0
      ],
      "inventory": [
        71,
        104,
        89
      ]
    },
    {
      "id": "FC4",
      "x": 75,
      "y": 75,
      "time_window": [
        0.0,
        3000.0
      ],
      "inventory": [
        75,
        102,
        90
      ]
    }
  ],
  "DCs": [
    {
      "id": "DC1",
      "x": 5.53,
      "y": 44.69,
      "time_window": [
        300.0,
        2700.0
      ]
    },
    {
      "id": "DC2",
      "x": 67.18,
      "y": 69.33,
      "time_window": [
        300.0,
        2700.0
      ]
    },
    {
      "id": "DC3",
      "x": 25.09,
      "y": 52.09,
      "time_window": [
        300.0,
        2700.0
      ]
    },
    {
      "id": "DC4",
      "x": 8.96,
      "y": 64.6,
      "time_window": [
        300.0,
        2700.0
      ]
    },
    {
      "id": "DC5",
      "x": 55.71,
      "y": 11.66,
      "time_window": [
        300.0,
        2700.0
      ]
    },
    {
      "id": "DC6",
      "x": 73.24,
      "y": 60.65,
      "time_window": [
        300.0,
        2700.0
      ]
    },
    {
      "id": "DC7",
      "x": 29.72,
      "y": 91.59,
      "time_window": [
        300.0,
        2700.0
      ]
    },
    {
      "id": "DC8",
      "x": 10.2,
      "y": 99.81,
      "time_window": [
        300.0,
        2700.0
      ]
    }
  ],
  "CDPs": [
    {
      "id": "CDP1",
      "x": 70.78,
      "y": 33.67,
      "time_window": [
        0.0,
        3000.0
      ],
      "capacity": 110
    },
    {
      "id": "CDP2",
      "x": 29.96,
      "y": 33.33,
      "time_window": [
        0.0,
        3000.0
      ],
      "capacity": 105
    },
    {
      "id": "CDP3",
      "x": 38.25,
      "y": 37.45,
      "time_window": [
        0.0,
        3000.0
      ],
      "capacity": 224
    },
    {
      "id": "CDP4",
      "x": 2.84,
      "y": 65.09,
      "time_window": [
        0.0,
        3000.0
      ],
      "capacity": 113
    },
    {
      "id": "CDP5",
      "x": 72.68,
      "y": 85.22,
      "time_window": [
        0.0,
        3000.0
      ],
      "capacity": 226
    },
    {
      "id": "CDP6",
      "x": 75.86,
      "y": 46.14,
      "time_window": [
        0.0,
        3000.0
      ],
      "capacity": 247
    },
    {
      "id": "CDP7",
      "x": 94.9,
      "y": 81.92,
      "time_window": [
        0.0,
        3000.0
      ],
      "capacity": 233
    },
    {
      "id": "CDP8",
      "x": 0.07,
      "y": 13.36,
      "time_window": [
        0.0,
        3000.0
      ],
      "capacity": 299
    },
    {
      "id": "CDP9",
      "x": 2.94,
      "y": 8.46,
      "time_window": [
        0.0,
        3000.0
      ],
      "capacity": 177
    },
    {
      "id": "CDP10",
      "x": 20.4,
      "y": 48.49,
      "time_window": [
        0.0,
        3000.0
      ],
      "capacity": 225
    },
    {
      "id": "CDP11",
      "x": 85.34,
      "y": 54.31,
      "time_window": [
        0.0,
        3000.0
      ],
      "capacity": 150
    },
    {
      "id": "CDP12",
      "x": 27.34,
      "y": 30.31,
      "time_window": [
        0.0,
        3000.0
      ],
      "capacity": 189
    },
    {
      "id": "CDP13",
      "x": 56.29,
      "y": 41.4,
      "time_window": [
        0.0,
        3000.0
      ],
      "capacity": 257
    },
    {
      "id": "CDP14",
      "x": 3.48,
      "y": 62.27,
      "time_window": [
        0.0,
        3000.0
      ],
      "capacity": 114
    },
    {
      "id": "CDP15",
      "x": 27.95,
      "y": 37.0,
      "time_window": [
        0.0,
        3000.0
      ],
      "capacity": 161
    },
    {
      "id": "CDP16",
      "x": 23.28,
      "y": 46.71,
      "time_window": [
        0.0,
        3000.0
      ],
      "capacity": 213
    },
    {
      "id": "CDP17",
      "x": 80.25,
      "y": 30.33,
      "time_window": [
        0.0,
        3000.0
      ],
      "capacity": 213
    },
    {
      "id": "CDP18",
      "x": 4.7,
      "y": 5.81,
      "time_window": [
        0.0,
        3000.0
      ],
      "capacity": 245
    },
    {
      "id": "CDP19",
      "x": 95.24,
      "y": 1.56,
      "time_window": [
        0.0,
        3000.0
      ],
      "capacity": 250
    },
    {
      "id": "CDP20",
      "x": 72.28,
      "y": 44.12,
      "time_window": [
        0.0,
        3000.0
      ],
      "capacity": 138
    },
    {
      "id": "CDP21",
      "x": 81.67,
      "y": 83.8,
      "time_window": [
        0.0,
        3000.0
      ],
      "capacity": 248
    },
    {
      "id": "CDP22",
      "x": 71.88,
      "y": 73.79,
      "time_window": [
        0.0,
        3000.0
      ],
      "capacity": 125
    },
    {
      "id": "CDP23",
      "x": 0.12,
      "y": 52.73,
      "time_window": [
        0.0,
        3000.0
      ],
      "capacity": 134
    },
    {
      "id": "CDP24",
      "x": 67.27,
      "y": 25.47,
      "time_window": [
        0.0,
        3000.0
      ],
      "capacity": 285
    },
    {
      "id": "CDP25",
      "x": 98.61,
      "y": 66.22,
      "time_window": [
        0.0,
        3000.0
      ],
      "capacity": 289
    },
    {
      "id": "CDP26",
      "x": 39.5,
      "y": 77.13,
      "time_window": [
        0.0,
        3000.0
      ],
      "capacity": 247
    },
    {
      "id": "CDP27",
      "x": 84.59,
      "y": 26.04,
      "time_window": [
        0.0,
        3000.0
      ],
      "capacity": 177
    },
    {
      "id": "CDP28",
      "x": 2.04,
      "y": 72.35,
      "time_window": [
        0.0,
        3000.0
      ],
      "capacity": 211
    },
    {
      "id": "CDP29",
      "x": 0.45,
      "y": 21.2,
      "time_window": [
        0.0,
        3000.0
      ],
      "capacity": 262
    },
    {
      "id": "CDP30",
      "x": 59.05,
      "y": 75.87,
      "time_window": [
        0.0,
        3000.0
      ],
      "capacity": 106
    },
    {
      "id": "CDP31",
      "x": 19.28,
      "y": 80.7,
      "time_window": [
        0.0,
        3000.0
      ],
      "capacity": 232
    },
    {
      "id": "CDP32",
      "x": 64.89,
      "y": 64.58,
      "time_window": [
        0.0,
        3000.0
      ],
      "capacity": 183
    },
    {
      "id": "CDP33",
      "x": 79.73,
      "y": 97.26,
      "time_window": [
        0.0,
        3000.0
      ],
      "capacity": 119
    },
    {
      "id": "CDP34",
      "x": 91.33,
      "y": 83.34,
      "time_window": [
        0.0,
        3000.0
      ],
      "capacity": 288
    },
    {
      "id": "CDP35",
      "x": 79.22,
      "y": 18.89,
      "time_window": [
        0.0,
        3000.0
      ],
      "capacity": 119
    },
    {
      "id": "CDP36",
      "x": 1.84,
      "y": 17.16,
      "time_window": [
        0.0,
        3000.0
      ],
      "capacity": 211
    },
    {
      "id": "CDP37",
      "x": 81.4,
      "y": 43.5,
      "time_window": [
        0.0,
        3000.0
      ],
      "capacity": 189
    },
    {
      "id": "CDP38",
      "x": 27.2,
      "y": 55.98,
      "time_window": [
        0.0,
        3000.0
      ],
      "capacity": 178
    },
    {
      "id": "CDP39",
      "x": 39.5,
      "y": 58.71,
      "time_window": [
        0.0,
        3000.0
      ],
      "capacity": 266
    },
    {
      "id": "CDP40",
      "x": 74.25,
      "y": 67.91,
      "time_window": [
        0.0,
        3000.0
      ],
      "capacity": 247
    },
    {
      "id": "CDP41",
      "x": 90.02,
      "y": 27.98,
      "time_window": [
        0.0,
        3000.0
      ],
      "capacity": 148
    },
    {
      "id": "CDP42",
      "x": 76.32,
      "y": 50.37,
      "time_window": [
        0.0,
        3000.0
      ],
      "capacity": 193
    },
    {
      "id": "CDP43",
      "x": 98.91,
      "y": 99.44,
      "time_window": [
        0.0,
        3000.0
      ],
      "capacity": 250
    },
    {
      "id": "CDP44",
      "x": 34.19,
      "y": 84.7,
      "time_window": [
        0.0,
        3000.0
      ],
      "capacity": 169
    },
    {
      "id": "CDP45",
      "x": 93.14,
      "y": 82.96,
      "time_window": [
        0.0,
        3000.0
      ],
      "capacity": 246
    },
    {
      "id": "CDP46",
      "x": 76.03,
      "y": 27.01,
      "time_window": [
        0.0,
        3000.0
      ],
      "capacity": 265
    },
    {
      "id": "CDP47",
      "x": 35.66,
      "y": 57.63,
      "time_window": [
        0.0,
        3000.0
      ],
      "capacity": 296
    },
    {
      "id": "CDP48",
      "x": 29.22,
      "y": 11.54,
      "time_window": [
        0.0,
        3000.0
      ],
      "capacity": 201
    },
    {
      "id": "CDP49",
      "x": 69.49,
      "y": 13.22,
      "time_window": [
        0.0,
        3000.0
      ],
      "capacity": 289
    },
    {
      "id": "CDP50",
      "x": 18.03,
      "y": 44.77,
      "time_window": [
        0.0,
        3000.0
      ],
      "capacity": 248
    }
  ],
  "Customers": [
    {
      "id": "C1",
      "x": 20.36,
      "y": 10.71,
      "time_window": [
        450.0,
        2525.14
      ],
      "demand": [
        1,
        3,
        1
      ]
    },
    {
      "id": "C2",
      "x": 66.63,
      "y": 26.29,
      "time_window": [
        450.0,
        2180.48
      ],
      "demand": [
        1,
        3,
        3
      ]
    },
    {
      "id": "C3",
      "x": 33.17,
      "y": 72.68,
      "time_window": [
        450.0,
        2440.69
      ],
      "demand": [
        1,
        1,
        4
      ]
    },
    {
      "id": "C4",
      "x": 71.57,
      "y": 62.5,
      "time_window": [
        450.0,
        1268.52
      ],
      "demand": [
        4,
        2,
        4
      ]
    },
    {
      "id": "C5",
      "x": 87.32,
      "y": 83.49,
      "time_window": [
        450.0,
        2060.18
      ],
      "demand": [
        2,
        1,
        2
      ]
    },
    {
      "id": "C6",
      "x": 51.93,
      "y": 53.88,
      "time_window": [
        450.0,
        2002.9
      ],
      "demand": [
        4,
        3,
        4
      ]
    },
    {
      "id": "C7",
      "x": 69.61,
      "y": 33.44,
      "time_window": [
        450.0,
        981.74
      ],
      "demand": [
        3,
        4,
        4
      ]
    },
    {
      "id": "C8",
      "x": 44.03,
      "y": 68.55,
      "time_window": [
        450.0,
        2550
      ],
      "demand": [
        3,
        2,
        4
      ]
    },
    {
      "id": "C9",
      "x": 45.55,
      "y": 28.88,
      "time_window": [
        450.0,
        1251.22
      ],
      "demand": [
        3,
        2,
        3
      ]
    },
    {
      "id": "C10",
      "x": 43.12,
      "y": 65.47,
      "time_window": [
        450.0,
        1035.55
      ],
      "demand": [
        3,
        1,
        2
      ]
    },
    {
      "id": "C11",
      "x": 39.7,
      "y": 36.62,
      "time_window": [
        450.0,
        1069.45
      ],
      "demand": [
        1,
        3,
        1
      ]
    },
    {
      "id": "C12",
      "x": 24.05,
      "y": 79.13,
      "time_window": [
        450.0,
        2216.2
      ],
      "demand": [
        1,
        4,
        4
      ]
    },
    {
      "id": "C13",
      "x": 22.84,
      "y": 21.1,
      "time_window": [
        450.0,
        995.72
      ],
      "demand": [
        4,
        4,
        4
      ]
    },
    {
      "id": "C14",
      "x": 29.98,
      "y": 68.71,
      "time_window": [
        450.0,
        1576.65
      ],
      "demand": [
        2,
        1,
        1
      ]
    },
    {
      "id": "C15",
      "x": 47.36,
      "y": 67.14,
      "time_window": [
        450.0,
        1897.7
      ],
      "demand": [
        1,
        1,
        4
      ]
    },
    {
      "id": "C16",
      "x": 49.18,
      "y": 55.76,
      "time_window": [
        450.0,
        1425.93
      ],
      "demand": [
        3,
        2,
        4
      ]
    },
    {
      "id": "C17",
      "x": 28.66,
      "y": 72.77,
      "time_window": [
        450.0,
        2205.0
      ],
      "demand": [
        1,
        4,
        1
      ]
    },
    {
      "id": "C18",
      "x": 11.12,
      "y": 84.64,
      "time_window": [
        450.0,
        2546.48
      ],
      "demand": [
        4,
        4,
        3
      ]
    },
    {
      "id": "C19",
      "x": 49.38,
      "y": 71.27,
      "time_window": [
        450.0,
        1588.47
      ],
      "demand": [
        4,
        1,
        2
      ]
    },
    {
      "id": "C20",
      "x": 22.67,
      "y": 85.1,
      "time_window": [
        450.0,
        2161.41
      ],
      "demand": [
        4,
        3,
        2
      ]
    },
    {
      "id": "C21",
      "x": 46.64,
      "y": 68.68,
      "time_window": [
        450.0,
        1831.51
      ],
      "demand": [
        3,
        4,
        3
      ]
    },
    {
      "id": "C22",
      "x": 5.61,
      "y": 87.43,
      "time_window": [
        450.0,
        2259.77
      ],
      "demand": [
        4,
        4,
        1
      ]
    },
    {
      "id": "C23",
      "x": 99.0,
      "y": 4.72,
      "time_window": [
        450.0,
        1147.6
      ],
      "demand": [
        3,
        2,
        1
      ]
    },
    {
      "id": "C24",
      "x": 71.1,
      "y": 43.6,
      "time_window": [
        450.0,
        1817.49
      ],
      "demand": [
        1,
        3,
        4
      ]
    },
    {
      "id": "C25",
      "x": 37.39,
      "y": 53.25,
      "time_window": [
        450.0,
        2334.33
      ],
      "demand": [
        2,
        3,
        2
      ]
    },
    {
      "id": "C26",
      "x": 34.74,
      "y": 39.78,
      "time_window": [
        450.0,
        1962.32
      ],
      "demand": [
        1,
        3,
        2
      ]
    },
    {
      "id": "C27",
      "x": 9.45,
      "y": 80.56,
      "time_window": [
        450.0,
        1021.99
      ],
      "demand": [
        4,
        2,
        4
      ]
    },
    {
      "id": "C28",
      "x": 50.55,
      "y": 30.03,
      "time_window": [
        450.0,
        2123.76
      ],
      "demand": [
        2,
        4,
        4
      ]
    },
    {
      "id": "C29",
      "x": 13.53,
      "y": 84.89,
      "time_window": [
        450.0,
        1363.9
      ],
      "demand": [
        1,
        2,
        2
      ]
    },
    {
      "id": "C30",
      "x": 44.76,
      "y": 41.02,
      "time_window": [
        450.0,
        1142.29
      ],
      "demand": [
        1,
        4,
        3
      ]
    },
    {
      "id": "C31",
      "x": 50.5,
      "y": 45.33,
      "time_window": [
        450.0,
        2204.29
      ],
      "demand": [
        1,
        1,
        2
      ]
    },
    {
      "id": "C32",
      "x": 31.54,
      "y": 31.08,
      "time_window": [
        450.0,
        2209.59
      ],
      "demand": [
        1,
        4,
        2
      ]
    },
    {
      "id": "C33",
      "x": 5.07,
      "y": 86.57,
      "time_window": [
        450.0,
        1790.05
      ],
      "demand": [
        3,
        2,
        1
      ]
    },
    {
      "id": "C34",
      "x": 13.04,
      "y": 78.82,
      "time_window": [
        450.0,
        1735.47
      ],
      "demand": [
        4,
        3,
        2
      ]
    },
    {
      "id": "C35",
      "x": 83.84,
      "y": 93.12,
      "time_window": [
        450.0,
        2361.68
      ],
      "demand": [
        4,
        2,
        3
      ]
    },
    {
      "id": "C36",
      "x": 32.52,
      "y": 64.9,
      "time_window": [
        450.0,
        1990.4
      ],
      "demand": [
        1,
        4,
        3
      ]
    },
    {
      "id": "C37",
      "x": 98.08,
      "y": 86.12,
      "time_window": [
        450.0,
        1824.46
      ],
      "demand": [
        1,
        1,
        3
      ]
    },
    {
      "id": "C38",
      "x": 16.15,
      "y": 13.5,
      "time_window": [
        450.0,
        2015.85
      ],
      "demand": [
        2,
        4,
        3
      ]
    },
    {
      "id": "C39",
      "x": 41.41,
      "y": 32.22,
      "time_window": [
        450.0,
        1687.96
      ],
      "demand": [
        3,
        1,
        1
      ]
    },
    {
      "id": "C40",
      "x": 90.06,
      "y": 15.91,
      "time_window": [
        450.0,
        1066.8
      ],
      "demand": [
        3,
        1,
        4
      ]
    },
    {
      "id": "C41",
      "x": 33.32,
      "y": 63.88,
      "time_window": [
        450.0,
        2385.14
      ],
      "demand": [
        4,
        1,
        4
      ]
    },
    {
      "id": "C42",
      "x": 7.86,
      "y": 2.86,
      "time_window": [
        450.0,
        1097.99
      ],
      "demand": [
        3,
        1,
        2
      ]
    },
    {
      "id": "C43",
      "x": 80.54,
      "y": 3.49,
      "time_window": [
        450.0,
        2053.39
      ],
      "demand": [
        2,
        3,
        4
      ]
    },
    {
      "id": "C44",
      "x": 29.55,
      "y": 48.22,
      "time_window": [
        450.0,
        1853.36
      ],
      "demand": [
        1,
        2,
        3
      ]
    },
    {
      "id": "C45",
      "x": 45.46,
      "y": 69.55,
      "time_window": [
        450.0,
        2406.39
      ],
      "demand": [
        1,
        2,
        4
      ]
    },
    {
      "id": "C46",
      "x": 55.33,
      "y": 48.36,
      "time_window": [
        450.0,
        1935.6
      ],
      "demand": [
        4,
        4,
        1
      ]
    },
    {
      "id": "C47",
      "x": 8.96,
      "y": 11.12,
      "time_window": [
        450.0,
        1221.53
      ],
      "demand": [
        3,
        1,
        4
      ]
    },
    {
      "id": "C48",
      "x": 17.08,
      "y": 98.54,
      "time_window": [
        450.0,
        1268.03
      ],
      "demand": [
        3,
        1,
        3
      ]
    },
    {
      "id": "C49",
      "x": 9.92,
      "y": 87.38,
      "time_window": [
        450.0,
        1867.41
      ],
      "demand": [
        3,
        3,
        3
      ]
    },
    {
      "id": "C50",
      "x": 39.32,
      "y": 74.11,
      "time_window": [
        450.0,
        1383.41
      ],
      "demand": [
        1,
        4,
        3
      ]
    },
    {
      "id": "C51",
      "x": 77.67,
      "y": 7.03,
      "time_window": [
        450.0,
        2330.48
      ],
      "demand": [
        1,
        3,
        1
      ]
    },
    {
      "id": "C52",
      "x": 66.95,
      "y": 68.45,
      "time_window": [
        450.0,
        2297.28
      ],
      "demand": [
        2,
        3,
        3
      ]
    },
    {
      "id": "C53",
      "x": 62.69,
      "y": 47.21,
      "time_window": [
        450.0,
        1540.19
      ],
      "demand": [
        1,
        3,
        3
      ]
    },
    {
      "id": "C54",
      "x": 93.87,
      "y": 90.16,
      "time_window": [
        450.0,
        2127.05
      ],
      "demand": [
        1,
        3,
        4
      ]
    },
    {
      "id": "C55",
      "x": 57.63,
      "y": 49.21,
      "time_window": [
        450.0,
        1275.53
      ],
      "demand": [
        3,
        4,
        3
      ]
    },
    {
      "id": "C56",
      "x": 68.74,
      "y": 29.33,
      "time_window": [
        450.0,
        1482.61
      ],
      "demand": [
        1,
        3,
        3
      ]
    },
    {
      "id": "C57",
      "x": 83.95,
      "y": 18.17,
      "time_window": [
        450.0,
        1798.12
      ],
      "demand": [
        3,
        2,
        3
      ]
    },
    {
      "id": "C58",
      "x": 51.56,
      "y": 30.08,
      "time_window": [
        450.0,
        2209.31
      ],
      "demand": [
        1,
        3,
        4
      ]
    },
    {
      "id": "C59",
      "x": 73.04,
      "y": 49.37,
      "time_window": [
        450.0,
        1050.23
      ],
      "demand": [
        2,
        3,
        4
      ]
    },
    {
      "id": "C60",
      "x": 44.07,
      "y": 70.13,
      "time_window": [
        450.0,
        2163.43
      ],
      "demand": [
        1,
        4,
        2
      ]
    },
    {
      "id": "C61",
      "x": 39.54,
      "y": 49.02,
      "time_window": [
        450.0,
        1860.37
      ],
      "demand": [
        1,
        2,
        2
      ]
    },
    {
      "id": "C62",
      "x": 0.93,
      "y": 95.58,
      "time_window": [
        450.0,
        1907.23
      ],
      "demand": [
        3,
        1,
        2
      ]
    },
    {
      "id": "C63",
      "x": 79.91,
      "y": 14.2,
      "time_window": [
        450.0,
        2491.32
      ],
      "demand": [
        3,
        2,
        3
      ]
    },
    {
      "id": "C64",
      "x": 98.29,
      "y": 76.28,
      "time_window": [
        450.0,
        1497.66
      ],
      "demand": [
        1,
        1,
        4
      ]
    },
    {
      "id": "C65",
      "x": 72.82,
      "y": 57.04,
      "time_window": [
        450.0,
        1269.55
      ],
      "demand": [
        2,
        2,
        4
      ]
    },
    {
      "id": "C66",
      "x": 53.11,
      "y": 49.06,
      "time_window": [
        450.0,
        984.35
      ],
      "demand": [
        3,
        4,
        1
      ]
    },
    {
      "id": "C67",
      "x": 95.9,
      "y": 96.54,
      "time_window": [
        450.0,
        1801.44
      ],
      "demand": [
        3,
        4,
        3
      ]
    },
    {
      "id": "C68",
      "x": 84.61,
      "y": 91.45,
      "time_window": [
        450.0,
        1348.18
      ],
      "demand": [
        1,
        2,
        2
      ]
    },
    {
      "id": "C69",
      "x": 1.38,
      "y": 78.95,
      "time_window": [
        450.0,
        2414.23
      ],
      "demand": [
        4,
        4,
        3
      ]
    },
    {
      "id": "C70",
      "x": 91.59,
      "y": 14.85,
      "time_window": [
        450.0,
        1929.24
      ],
      "demand": [
        4,
        1,
        1
      ]
    },
    {
      "id": "C71",
      "x": 2.84,
      "y": 24.06,
      "time_window": [
        450.0,
        1138.52
      ],
      "demand": [
        4,
        3,
        2
      ]
    },
    {
      "id": "C72",
      "x": 55.37,
      "y": 30.05,
      "time_window": [
        450.0,
        1152.86
      ],
      "demand": [
        2,
        3,
        1
      ]
    },
    {
      "id": "C73",
      "x": 11.88,
      "y": 83.61,
      "time_window": [
        450.0,
        2048.85
      ],
      "demand": [
        3,
        3,
        1
      ]
    },
    {
      "id": "C74",
      "x": 65.82,
      "y": 28.71,
      "time_window": [
        450.0,
        1471.41
      ],
      "demand": [
        1,
        3,
        1
      ]
    },
    {
      "id": "C75",
      "x": 66.19,
      "y": 33.13,
      "time_window": [
        450.0,
        2079.97
      ],
      "demand": [
        1,
        4,
        1
      ]
    },
    {
      "id": "C76",
      "x": 62.51,
      "y": 28.42,
      "time_window": [
        450.0,
        1254.64
      ],
      "demand": [
        2,
        4,
        4
      ]
    },
    {
      "id": "C77",
      "x": 81.78,
      "y": 90.69,
      "time_window": [
        450.0,
        1193.85
      ],
      "demand": [
        4,
        1,
        1
      ]
    },
    {
      "id": "C78",
      "x": 75.03,
      "y": 98.48,
      "time_window": [
        450.0,
        1416.44
      ],
      "demand": [
        3,
        2,
        3
      ]
    },
    {
      "id": "C79",
      "x": 35.03,
      "y": 46.2,
      "time_window": [
        450.0,
        2448.26
      ],
      "demand": [
        4,
        3,
        1
      ]
    },
    {
      "id": "C80",
      "x": 38.86,
      "y": 33.02,
      "time_window": [
        450.0,
        2104.35
      ],
      "demand": [
        1,
        3,
        1
      ]
    },
    {
      "id": "C81",
      "x": 1.02,
      "y": 98.96,
      "time_window": [
        450.0,
        1821.86
      ],
      "demand": [
        4,
        4,
        1
      ]
    },
    {
      "id": "C82",
      "x": 5.73,
      "y": 89.94,
      "time_window": [
        450.0,
        1933.8
      ],
      "demand": [
        2,
        4,
        2
      ]
    },
    {
      "id": "C83",
      "x": 59.31,
      "y": 30.04,
      "time_window": [
        450.0,
        1347.88
      ],
      "demand": [
        3,
        1,
        1
      ]
    },
    {
      "id": "C84",
      "x": 55.25,
      "y": 25.09,
      "time_window": [
        450.0,
        1069.82
      ],
      "demand": [
        1,
        2,
        3
      ]
    },
    {
      "id": "C85",
      "x": 45.28,
      "y": 69.04,
      "time_window": [
        450.0,
        1093.48
      ],
      "demand": [
        1,
        4,
        1
      ]
    },
    {
      "id": "C86",
      "x": 26.7,
      "y": 42.01,
      "time_window": [
        450.0,
        2263.75
      ],
      "demand": [
        2,
        4,
        3
      ]
    },
    {
      "id": "C87",
      "x": 64.64,
      "y": 51.97,
      "time_window": [
        450.0,
        2119.18
      ],
      "demand": [
        2,
        4,
        1
      ]
    },
    {
      "id": "C88",
      "x": 58.89,
      "y": 41.26,
      "time_window": [
        450.0,
        1187.34
      ],
      "demand": [
        3,
        2,
        4
      ]
    },
    {
      "id": "C89",
      "x": 67.03,
      "y": 71.29,
      "time_window": [
        450.0,
        2271.44
      ],
      "demand": [
        4,
        3,
        4
      ]
    },
    {
      "id": "C90",
      "x": 57.67,
      "y": 29.98,
      "time_window": [
        450.0,
        1697.6
      ],
      "demand": [
        2,
        4,
        2
      ]
    },
    {
      "id": "C91",
      "x": 68.33,
      "y": 41.54,
      "time_window": [
        450.0,
        1261.48
      ],
      "demand": [
        3,
        3,
        4
      ]
    },
    {
      "id": "C92",
      "x": 7.76,
      "y": 16.24,
      "time_window": [
        450.0,
        2027.49
      ],
      "demand": [
        1,
        2,
        2
      ]
    },
    {
      "id": "C93",
      "x": 94.01,
      "y": 20.07,
      "time_window": [
        450.0,
        1992.02
      ],
      "demand": [
        1,
        4,
        1
      ]
    },
    {
      "id": "C94",
      "x": 63.47,
      "y": 55.38,
      "time_window": [
        450.0,
        1306.99
      ],
      "demand": [
        3,
        2,
        3
      ]
    },
    {
      "id": "C95",
      "x": 67.33,
      "y": 33.45,
      "time_window": [
        450.0,
        2373.28
      ],
      "demand": [
        2,
        2,
        4
      ]
    },
    {
      "id": "C96",
      "x": 42.51,
      "y": 65.18,
      "time_window": [
        450.0,
        2140.15
      ],
      "demand": [
        3,
        4,
        3
      ]
    },
    {
      "id": "C97",
      "x": 41.54,
      "y": 36.41,
      "time_window": [
        450.0,
        958.14
      ],
      "demand": [
        2,
        4,
        3
      ]
    },
    {
      "id": "C98",
      "x": 82.17,
      "y": 20.62,
      "time_window": [
        450.0,
        2132.05
      ],
      "demand": [
        4,
        3,
        1
      ]
    },
    {
      "id": "C99",
      "x": 70.84,
      "y": 60.79,
      "time_window": [
        450.0,
        1539.19
      ],
      "demand": [
        3,
        2,
        3
      ]
    },
    {
      "id": "C100",
      "x": 53.08,
      "y": 74.13,
      "time_window": [
        450.0,
        1163.92
      ],
      "demand": [
        4,
        2,
        3
      ]
    }
  ]
}