{
  "set_id": 8,
  "inst_id": 7,
  "vehicles": {
    "CT": {
      "count": 20,
      "capacity": 1500,
      "fixed_cost": 1500,
      "unit_cost_factor": 1.2
    },
    "UV": {
      "count": 40,
      "capacity": 500,
      "fixed_cost": 500,
      "unit_cost_factor": 1.1
    }
  },
  "P": 3,
  "item_weights": [
    10,
    15,
    15
  ],
  "inventory_ratio": 1.2,
  "FCs": [
    {
      "id": "FC1",
      "x": 25,
      "y": 25,
      "time_window": [
        0.0,
        3000.0
      ],
      "inventory": [
        62,
        95,
        57
      ]
    },
    {
      "id": "FC2",
      "x": 25,
      "y": 75,
      "time_window": [
        0.0,
        3000.0
      ],
      "inventory": [
        79,
        60,
        70
      ]
    },
    {
      "id": "FC3",
      "x": 75,
      "y": 25,
      "time_window": [
        0.0,
        3000.0
      ],
      "inventory": [
        86,
        83,
        90
      ]
    },
    {
      "id": "FC4",
      "x": 75,
      "y": 75,
      "time_window": [
        0.0,
        3000.0
      ],
      "inventory": [
        76,
        84,
        80
      ]
    }
  ],
  "DCs": [
    {
      "id": "DC1",
      "x": 54.17,
      "y": 33.1,
      "time_window": [
        300.0,
        2700.0
      ]
    },
    {
      "id": "DC2",
      "x": 57.75,
      "y": 92.4,
      "time_window": [
        300.0,
        2700.0
      ]
    },
    {
      "id": "DC3",
      "x": 15.62,
      "y": 68.25,
      "time_window": [
        300.0,
        2700.0
      ]
    },
    {
      "id": "DC4",
      "x": 94.07,
      "y": 30.95,
      "time_window": [
        300.0,
        2700.0
      ]
    },
    {
      "id": "DC5",
      "x": 39.96,
      "y": 8.68,
      "time_window": [
        300.0,
        2700.0
      ]
    },
    {
      "id": "DC6",
      "x": 8.16,
      "y": 41.72,
      "time_window": [
        300.0,
        2700.0
      ]
    },
    {
      "id": "DC7",
      "x": 75.97,
      "y": 63.48,
      "time_window": [
        300.0,
        2700.0
      ]
    },
    {
      "id": "DC8",
      "x": 89.89,
      "y": 89.31,
      "time_window": [
        300.0,
        2700.0
      ]
    }
  ],
  "CDPs": [
    {
      "id": "CDP1",
      "x": 15.65,
      "y": 27.26,
      "time_window": [
        0.0,
        3000.0
      ],
      "capacity": 167
    },
    {
      "id": "CDP2",
      "x": 19.18,
      "y": 44.76,
      "time_window": [
        0.0,
        3000.0
      ],
      "capacity": 248
    },
    {
      "id": "CDP3",
      "x": 18.86,
      "y": 30.33,
      "time_window": [
        0.0,
        3000.0
      ],
      "capacity": 210
    },
    {
      "id": "CDP4",
      "x": 32.05,
      "y": 46.73,
      "time_window": [
        0.0,
        3000.0
      ],
      "capacity": 241
    },
    {
      "id": "CDP5",
      "x": 54.31,
      "y": 54.58,
      "time_window": [
        0.0,
        3000.0
      ],
      "capacity": 247
    },
    {
      "id": "CDP6",
      "x": 90.18,
      "y": 30.46,
      "time_window": [
        0.0,
        3000.0
      ],
      "capacity": 225
    },
    {
      "id": "CDP7",
      "x": 54.49,
      "y": 33.18,
      "time_window": [
        0.0,
        3000.0
      ],
      "capacity": 126
    },
    {
      "id": "CDP8",
      "x": 45.43,
      "y": 79.06,
      "time_window": [
        0.0,
        3000.0
      ],
      "capacity": 262
    },
    {
      "id": "CDP9",
      "x": 97.39,
      "y": 21.83,
      "time_window": [
        0.0,
        3000.0
      ],
      "capacity": 116
    },
    {
      "id": "CDP10",
      "x": 91.12,
      "y": 34.04,
      "time_window": [
        0.0,
        3000.0
      ],
      "capacity": 238
    },
    {
      "id": "CDP11",
      "x": 64.46,
      "y": 76.07,
      "time_window": [
        0.0,
        3000.0
      ],
      "capacity": 146
    },
    {
      "id": "CDP12",
      "x": 2.99,
      "y": 12.52,
      "time_window": [
        0.0,
        3000.0
      ],
      "capacity": 186
    },
    {
      "id": "CDP13",
      "x": 8.17,
      "y": 84.47,
      "time_window": [
        0.0,
        3000.0
      ],
      "capacity": 225
    },
    {
      "id": "CDP14",
      "x": 19.43,
      "y": 49.05,
      "time_window": [
        0.0,
        3000.0
      ],
      "capacity": 258
    },
    {
      "id": "CDP15",
      "x": 69.91,
      "y": 94.21,
      "time_window": [
        0.0,
        3000.0
      ],
      "capacity": 232
    },
    {
      "id": "CDP16",
      "x": 15.6,
      "y": 13.0,
      "time_window": [
        0.0,
        3000.0
      ],
      "capacity": 290
    },
    {
      "id": "CDP17",
      "x": 91.24,
      "y": 80.89,
      "time_window": [
        0.0,
        3000.0
      ],
      "capacity": 116
    },
    {
      "id": "CDP18",
      "x": 21.66,
      "y": 3.17,
      "time_window": [
        0.0,
        3000.0
      ],
      "capacity": 216
    },
    {
      "id": "CDP19",
      "x": 21.27,
      "y": 68.26,
      "time_window": [
        0.0,
        3000.0
      ],
      "capacity": 200
    },
    {
      "id": "CDP20",
      "x": 66.92,
      "y": 25.04,
      "time_window": [
        0.0,
        3000.0
      ],
      "capacity": 192
    },
    {
      "id": "CDP21",
      "x": 12.38,
      "y": 1.48,
      "time_window": [
        0.0,
        3000.0
      ],
      "capacity": 123
    },
    {
      "id": "CDP22",
      "x": 64.66,
      "y": 23.89,
      "time_window": [
        0.0,
        3000.0
      ],
      "capacity": 224
    },
    {
      "id": "CDP23",
      "x": 29.27,
      "y": 4.39,
      "time_window": [
        0.0,
        3000.0
      ],
      "capacity": 300
    },
    {
      "id": "CDP24",
      "x": 11.18,
      "y": 49.85,
      "time_window": [
        0.0,
        3000.0
      ],
      "capacity": 237
    },
    {
      "id": "CDP25",
      "x": 29.55,
      "y": 73.0,
      "time_window": [
        0.0,
        3000.0
      ],
      "capacity": 220
    },
    {
      "id": "CDP26",
      "x": 83.99,
      "y": 56.31,
      "time_window": [
        0.0,
        3000.0
      ],
      "capacity": 161
    },
    {
      "id": "CDP27",
      "x": 13.77,
      "y": 82.11,
      "time_window": [
        0.0,
        3000.0
      ],
      "capacity": 236
    },
    {
      "id": "CDP28",
      "x": 84.65,
      "y": 86.32,
      "time_window": [
        0.0,
        3000.0
      ],
      "capacity": 110
    },
    {
      "id": "CDP29",
      "x": 46.83,
      "y": 3.13,
      "time_window": [
        0.0,
        3000.0
      ],
      "capacity": 266
    },
    {
      "id": "CDP30",
      "x": 20.38,
      "y": 6.13,
      "time_window": [
        0.0,
        3000.0
      ],
      "capacity": 268
    },
    {
      "id": "CDP31",
      "x": 64.07,
      "y": 78.21,
      "time_window": [
        0.0,
        3000.0
      ],
      "capacity": 206
    },
    {
      "id": "CDP32",
      "x": 4.8,
      "y": 14.57,
      "time_window": [
        0.0,
        3000.0
      ],
      "capacity": 129
    },
    {
      "id": "CDP33",
      "x": 69.77,
      "y": 26.58,
      "time_window": [
        0.0,
        3000.0
      ],
      "capacity": 189
    },
    {
      "id": "CDP34",
      "x": 27.4,
      "y": 41.67,
      "time_window": [
        0.0,
        3000.0
      ],
      "capacity": 299
    },
    {
      "id": "CDP35",
      "x": 47.22,
      "y": 43.19,
      "time_window": [
        0.0,
        3000.0
      ],
      "capacity": 196
    },
    {
      "id": "CDP36",
      "x": 40.76,
      "y": 74.4,
      "time_window": [
        0.0,
        3000.0
      ],
      "capacity": 103
    },
    {
      "id": "CDP37",
      "x": 31.01,
      "y": 56.06,
      "time_window": [
        0.0,
        3000.0
      ],
      "capacity": 272
    },
    {
      "id": "CDP38",
      "x": 92.43,
      "y": 4.66,
      "time_window": [
        0.0,
        3000.0
      ],
      "capacity": 140
    },
    {
      "id": "CDP39",
      "x": 4.56,
      "y": 76.37,
      "time_window": [
        0.0,
        3000.0
      ],
      "capacity": 146
    },
    {
      "id": "CDP40",
      "x": 94.72,
      "y": 34.75,
      "time_window": [
        0.0,
        3000.0
      ],
      "capacity": 102
    },
    {
      "id": "CDP41",
      "x": 55.91,
      "y": 59.24,
      "time_window": [
        0.0,
        3000.0
      ],
      "capacity": 150
    },
    {
      "id": "CDP42",
      "x": 76.99,
      "y": 33.68,
      "time_window": [
        0.0,
        3000.0
      ],
      "capacity": 115
    },
    {
      "id": "CDP43",
      "x": 67.73,
      "y": 57.82,
      "time_window": [
        0.0,
        3000.0
      ],
      "capacity": 286
    },
    {
      "id": "CDP44",
      "x": 26.9,
      "y": 46.98,
      "time_window": [
        0.0,
        3000.0
      ],
      "capacity": 275
    },
    {
      "id": "CDP45",
      "x": 98.17,
      "y": 35.25,
      "time_window": [
        0.0,
        3000.0
      ],
      "capacity": 242
    },
    {
      "id": "CDP46",
      "x": 32.55,
      "y": 10.94,
      "time_window": [
        0.0,
        3000.0
      ],
      "capacity": 214
    },
    {
      "id": "CDP47",
      "x": 77.42,
      "y": 21.25,
      "time_window": [
        0.0,
        3000.0
      ],
      "capacity": 149
    },
    {
      "id": "CDP48",
      "x": 30.79,
      "y": 58.05,
      "time_window": [
        0.0,
        3000.0
      ],
      "capacity": 166
    },
    {
      "id": "CDP49",
      "x": 74.92,
      "y": 53.24,
      "time_window": [
        0.0,
        3000.0
      ],
      "capacity": 296
    },
    {
      "id": "CDP50",
      "x": 66.29,
      "y": 45.95,
      "time_window": [
        0.0,
        3000.0
      ],
      "capacity": 189
    }
  ],
  "Customers": [
    {
      "id": "C1",
      "x": 38.28,
      "y": 57.21,
      "time_window": [
        450.0,
        1854.95
      ],
      "demand": [
        2,
        3,
        2
      ]
    },
    {
      "id": "C2",
      "x": 34.43,
      "y": 57.42,
      "time_window": [
        450.0,
        1545.65
      ],
      "demand": [
        2,
        2,
        2
      ]
    },
    {
      "id": "C3",
      "x": 95.64,
      "y": 18.63,
      "time_window": [
        450.0,
        1838.79
      ],
      "demand": [
        2,
        4,
        3
      ]
    },
    {
      "id": "C4",
      "x": 27.73,
      "y": 56.51,
      "time_window": [
        450.0,
        2550
      ],
      "demand": [
        3,
        4,
        1
      ]
    },
    {
      "id": "C5",
      "x": 50.26,
      "y": 42.64,
      "time_window": [
        450.0,
        1987.24
      ],
      "demand": [
        3,
        4,
        4
      ]
    },
    {
      "id": "C6",
      "x": 24.79,
      "y": 78.45,
      "time_window": [
        450.0,
        1749.89
      ],
      "demand": [
        4,
        2,
        2
      ]
    },
    {
      "id": "C7",
      "x": 59.81,
      "y": 63.0,
      "time_window": [
        450.0,
        1422.55
      ],
      "demand": [
        2,
        3,
        2
      ]
    },
    {
      "id": "C8",
      "x": 44.73,
      "y": 48.57,
      "time_window": [
        450.0,
        1857.95
      ],
      "demand": [
        1,
        3,
        2
      ]
    },
    {
      "id": "C9",
      "x": 15.56,
      "y": 10.7,
      "time_window": [
        450.0,
        1726.32
      ],
      "demand": [
        2,
        3,
        4
      ]
    },
    {
      "id": "C10",
      "x": 80.06,
      "y": 93.96,
      "time_window": [
        450.0,
        2550
      ],
      "demand": [
        1,
        4,
        1
      ]
    },
    {
      "id": "C11",
      "x": 36.97,
      "y": 45.49,
      "time_window": [
        450.0,
        2307.43
      ],
      "demand": [
        4,
        3,
        4
      ]
    },
    {
      "id": "C12",
      "x": 81.81,
      "y": 91.79,
      "time_window": [
        450.0,
        1916.34
      ],
      "demand": [
        3,
        2,
        2
      ]
    },
    {
      "id": "C13",
      "x": 32.06,
      "y": 54.54,
      "time_window": [
        450.0,
        1304.24
      ],
      "demand": [
        2,
        1,
        4
      ]
    },
    {
      "id": "C14",
      "x": 47.92,
      "y": 48.51,
      "time_window": [
        450.0,
        1429.45
      ],
      "demand": [
        3,
        3,
        2
      ]
    },
    {
      "id": "C15",
      "x": 23.28,
      "y": 22.36,
      "time_window": [
        450.0,
        1560.62
      ],
      "demand": [
        3,
        3,
        3
      ]
    },
    {
      "id": "C16",
      "x": 42.92,
      "y": 37.38,
      "time_window": [
        450.0,
        1386.73
      ],
      "demand": [
        4,
        3,
        3
      ]
    },
    {
      "id": "C17",
      "x": 21.85,
      "y": 88.34,
      "time_window": [
        450.0,
        979.89
      ],
      "demand": [
        3,
        2,
        2
      ]
    },
    {
      "id": "C18",
      "x": 51.6,
      "y": 42.96,
      "time_window": [
        450.0,
        2477.64
      ],
      "demand": [
        4,
        3,
        2
      ]
    },
    {
      "id": "C19",
      "x": 91.25,
      "y": 98.17,
      "time_window": [
        450.0,
        2171.1
      ],
      "demand": [
        4,
        2,
        3
      ]
    },
    {
      "id": "C20",
      "x": 55.93,
      "y": 29.37,
      "time_window": [
        450.0,
        2424.68
      ],
      "demand": [
        2,
        4,
        1
      ]
    },
    {
      "id": "C21",
      "x": 6.15,
      "y": 97.27,
      "time_window": [
        450.0,
        1111.6
      ],
      "demand": [
        1,
        3,
        4
      ]
    },
    {
      "id": "C22",
      "x": 33.43,
      "y": 48.75,
      "time_window": [
        450.0,
        1340.36
      ],
      "demand": [
        3,
        3,
        4
      ]
    },
    {
      "id": "C23",
      "x": 73.35,
      "y": 25.65,
      "time_window": [
        450.0,
        1701.21
      ],
      "demand": [
        3,
        4,
        4
      ]
    },
    {
      "id": "C24",
      "x": 99.81,
      "y": 75.66,
      "time_window": [
        450.0,
        1178.43
      ],
      "demand": [
        4,
        4,
        1
      ]
    },
    {
      "id": "C25",
      "x": 8.39,
      "y": 14.86,
      "time_window": [
        450.0,
        1846.0
      ],
      "demand": [
        4,
        1,
        3
      ]
    },
    {
      "id": "C26",
      "x": 39.67,
      "y": 47.67,
      "time_window": [
        450.0,
        2247.24
      ],
      "demand": [
        3,
        3,
        4
      ]
    },
    {
      "id": "C27",
      "x": 78.06,
      "y": 1.26,
      "time_window": [
        450.0,
        1778.2
      ],
      "demand": [
        4,
        4,
        4
      ]
    },
    {
      "id": "C28",
      "x": 93.09,
      "y": 13.16,
      "time_window": [
        450.0,
        1881.61
      ],
      "demand": [
        1,
        4,
        1
      ]
    },
    {
      "id": "C29",
      "x": 91.53,
      "y": 17.69,
      "time_window": [
        450.0,
        1766.72
      ],
      "demand": [
        4,
        4,
        4
      ]
    },
    {
      "id": "C30",
      "x": 95.88,
      "y": 84.72,
      "time_window": [
        450.0,
        2106.87
      ],
      "demand": [
        2,
        3,
        4
      ]
    },
    {
      "id": "C31",
      "x": 54.77,
      "y": 32.9,
      "time_window": [
        450.0,
        2143.35
      ],
      "demand": [
        4,
        1,
        4
      ]
    },
    {
      "id": "C32",
      "x": 53.82,
      "y": 57.81,
      "time_window": [
        450.0,
        2377.25
      ],
      "demand": [
        3,
        4,
        3
      ]
    },
    {
      "id": "C33",
      "x": 2.66,
      "y": 17.57,
      "time_window": [
        450.0,
        2247.65
      ],
      "demand": [
        4,
        3,
        1
      ]
    },
    {
      "id": "C34",
      "x": 59.91,
      "y": 51.59,
      "time_window": [
        450.0,
        1928.57
      ],
      "demand": [
        1,
        3,
        4
      ]
    },
    {
      "id": "C35",
      "x": 41.24,
      "y": 42.41,
      "time_window": [
        450.0,
        1374.9
      ],
      "demand": [
        4,
        4,
        2
      ]
    },
    {
      "id": "C36",
      "x": 93.51,
      "y": 9.03,
      "time_window": [
        450.0,
        1874.1
      ],
      "demand": [
        3,
        2,
        4
      ]
    },
    {
      "id": "C37",
      "x": 72.72,
      "y": 56.94,
      "time_window": [
        450.0,
        1383.55
      ],
      "demand": [
        4,
        4,
        1
      ]
    },
    {
      "id": "C38",
      "x": 45.01,
      "y": 59.03,
      "time_window": [
        450.0,
        1995.65
      ],
      "demand": [
        3,
        3,
        3
      ]
    },
    {
      "id": "C39",
      "x": 39.7,
      "y": 33.63,
      "time_window": [
        450.0,
        2440.39
      ],
      "demand": [
        4,
        2,
        1
      ]
    },
    {
      "id": "C40",
      "x": 83.06,
      "y": 16.63,
      "time_window": [
        450.0,
        2022.34
      ],
      "demand": [
        4,
        3,
        2
      ]
    },
    {
      "id": "C41",
      "x": 24.81,
      "y": 91.75,
      "time_window": [
        450.0,
        1487.16
      ],
      "demand": [
        2,
        3,
        3
      ]
    },
    {
      "id": "C42",
      "x": 89.39,
      "y": 4.8,
      "time_window": [
        450.0,
        1550.24
      ],
      "demand": [
        2,
        2,
        1
      ]
    },
    {
      "id": "C43",
      "x": 3.4,
      "y": 97.53,
      "time_window": [
        450.0,
        1830.51
      ],
      "demand": [
        4,
        4,
        3
      ]
    },
    {
      "id": "C44",
      "x": 26.47,
      "y": 71.12,
      "time_window": [
        450.0,
        2247.92
      ],
      "demand": [
        3,
        2,
        3
      ]
    },
    {
      "id": "C45",
      "x": 93.46,
      "y": 2.65,
      "time_window": [
        450.0,
        1103.21
      ],
      "demand": [
        3,
        4,
        2
      ]
    },
    {
      "id": "C46",
      "x": 97.57,
      "y": 13.5,
      "time_window": [
        450.0,
        1878.85
      ],
      "demand": [
        2,
        1,
        1
      ]
    },
    {
      "id": "C47",
      "x": 31.68,
      "y": 52.95,
      "time_window": [
        450.0,
        2249.81
      ],
      "demand": [
        1,
        1,
        4
      ]
    },
    {
      "id": "C48",
      "x": 90.98,
      "y": 8.93,
      "time_window": [
        450.0,
        1120.82
      ],
      "demand": [
        1,
        1,
        3
      ]
    },
    {
      "id": "C49",
      "x": 42.16,
      "y": 44.19,
      "time_window": [
        450.0,
        2363.53
      ],
      "demand": [
        4,
        4,
        2
      ]
    },
    {
      "id": "C50",
      "x": 64.08,
      "y": 74.46,
      "time_window": [
        450.0,
        2184.0
      ],
      "demand": [
        1,
        1,
        2
      ]
    },
    {
      "id": "C51",
      "x": 37.67,
      "y": 25.73,
      "time_window": [
        450.0,
        2153.59
      ],
      "demand": [
        1,
        2,
        2
      ]
    },
    {
      "id": "C52",
      "x": 65.02,
      "y": 32.72,
      "time_window": [
        450.0,
        975.08
      ],
      "demand": [
        1,
        4,
        3
      ]
    },
    {
      "id": "C53",
      "x": 30.18,
      "y": 34.61,
      "time_window": [
        450.0,
        2550
      ],
      "demand": [
        1,
        1,
        1
      ]
    },
    {
      "id": "C54",
      "x": 46.01,
      "y": 49.82,
      "time_window": [
        450.0,
        1658.73
      ],
      "demand": [
        3,
        4,
        1
      ]
    },
    {
      "id": "C55",
      "x": 71.8,
      "y": 63.37,
      "time_window": [
        450.0,
        2267.29
      ],
      "demand": [
        2,
        4,
        3
      ]
    },
    {
      "id": "C56",
      "x": 61.63,
      "y": 49.91,
      "time_window": [
        450.0,
        2433.44
      ],
      "demand": [
        2,
        1,
        1
      ]
    },
    {
      "id": "C57",
      "x": 97.18,
      "y": 2.11,
      "time_window": [
        450.0,
        975.1
      ],
      "demand": [
        3,
        1,
        4
      ]
    },
    {
      "id": "C58",
      "x": 35.62,
      "y": 38.71,
      "time_window": [
        450.0,
        1579.96
      ],
      "demand": [
        4,
        4,
        2
      ]
    },
    {
      "id": "C59",
      "x": 67.05,
      "y": 25.7,
      "time_window": [
        450.0,
        2462.03
      ],
      "demand": [
        1,
        2,
        4
      ]
    },
    {
      "id": "C60",
      "x": 64.37,
      "y": 38.86,
      "time_window": [
        450.0,
        2436.66
      ],
      "demand": [
        1,
        4,
        4
      ]
    },
    {
      "id": "C61",
      "x": 31.02,
      "y": 50.79,
      "time_window": [
        450.0,
        1839.83
      ],
      "demand": [
        1,
        1,
        1
      ]
    },
    {
      "id": "C62",
      "x": 47.78,
      "y": 54.53,
      "time_window": [
        450.0,
        1205.59
      ],
      "demand": [
        1,
        2,
        4
      ]
    },
    {
      "id": "C63",
      "x": 11.31,
      "y": 4.47,
      "time_window": [
        450.0,
        2456.91
      ],
      "demand": [
        3,
        1,
        3
      ]
    },
    {
      "id": "C64",
      "x": 51.37,
      "y": 43.67,
      "time_window": [
        450.0,
        2515.93
      ],
      "demand": [
        4,
        2,
        4
      ]
    },
    {
      "id": "C65",
      "x": 90.29,
      "y": 78.03,
      "time_window": [
        450.0,
        1863.24
      ],
      "demand": [
        1,
        4,
        4
      ]
    },
    {
      "id": "C66",
      "x": 39.68,
      "y": 68.71,
      "time_window": [
        450.0,
        2308.6
      ],
      "demand": [
        4,
        2,
        1
      ]
    },
    {
      "id": "C67",
      "x": 40.06,
      "y": 49.57,
      "time_window": [
        450.0,
        1684.57
      ],
      "demand": [
        2,
        1,
        2
      ]
    },
    {
      "id": "C68",
      "x": 73.2,
      "y": 71.01,
      "time_window": [
        450.0,
        2013.34
      ],
      "demand": [
        1,
        4,
        1
      ]
    },
    {
      "id": "C69",
      "x": 45.69,
      "y": 27.35,
      "time_window": [
        450.0,
        1192.24
      ],
      "demand": [
        1,
        4,
        2
      ]
    },
    {
      "id": "C70",
      "x": 88.77,
      "y": 87.42,
      "time_window": [
        450.0,
        2451.83
      ],
      "demand": [
        2,
        2,
        4
      ]
    },
    {
      "id": "C71",
      "x": 71.48,
      "y": 29.53,
      "time_window": [
        450.0,
        2524.9
      ],
      "demand": [
        1,
        3,
        1
      ]
    },
    {
      "id": "C72",
      "x": 29.45,
      "y": 50.59,
      "time_window": [
        450.0,
        1253.21
      ],
      "demand": [
        2,
        2,
        1
      ]
    },
    {
      "id": "C73",
      "x": 31.93,
      "y": 55.62,
      "time_window": [
        450.0,
        1939.64
      ],
      "demand": [
        2,
        2,
        1
      ]
    },
    {
      "id": "C74",
      "x": 34.45,
      "y": 73.88,
      "time_window": [
        450.0,
        2079.26
      ],
      "demand": [
        2,
        3,
        2
      ]
    },
    {
      "id": "C75",
      "x": 4.86,
      "y": 84.44,
      "time_window": [
        450.0,
        980.93
      ],
      "demand": [
        3,
        4,
        2
      ]
    },
    {
      "id": "C76",
      "x": 62.74,
      "y": 25.53,
      "time_window": [
        450.0,
        1299.6
      ],
      "demand": [
        1,
        2,
        1
      ]
    },
    {
      "id": "C77",
      "x": 69.77,
      "y": 27.19,
      "time_window": [
        450.0,
        2023.94
      ],
      "demand": [
        2,
        1,
        2
      ]
    },
    {
      "id": "C78",
      "x": 65.09,
      "y": 74.45,
      "time_window": [
        450.0,
        1749.51
      ],
      "demand": [
        3,
        2,
        2
      ]
    },
    {
      "id": "C79",
      "x": 63.64,
      "y": 41.38,
      "time_window": [
        450.0,
        1950.97
      ],
      "demand": [
        1,
        3,
        1
      ]
    },
    {
      "id": "C80",
      "x": 33.82,
      "y": 73.54,
      "time_window": [
        450.0,
        2234.1
      ],
      "demand": [
        1,
        1,
        4
      ]
    },
    {
      "id": "C81",
      "x": 90.05,
      "y": 83.31,
      "time_window": [
        450.0,
        2029.08
      ],
      "demand": [
        4,
        1,
        2
      ]
    },
    {
      "id": "C82",
      "x": 0.67,
      "y": 0.0,
      "time_window": [
        450.0,
        1169.85
      ],
      "demand": [
        1,
        3,
        2
      ]
    },
    {
      "id": "C83",
      "x": 48.79,
      "y": 63.76,
      "time_window": [
        450.0,
        1701.28
      ],
      "demand": [
        3,
        4,
        1
      ]
    },
    {
      "id": "C84",
      "x": 26.55,
      "y": 30.68,
      "time_window": [
        450.0,
        2477.95
      ],
      "demand": [
        4,
        4,
        3
      ]
    },
    {
      "id": "C85",
      "x": 62.98,
      "y": 25.2,
      "time_window": [
        450.0,
        1032.99
      ],
      "demand": [
        2,
        1,
        4
      ]
    },
    {
      "id": "C86",
      "x": 72.05,
      "y": 26.79,
      "time_window": [
        450.0,
        1162.9
      ],
      "demand": [
        1,
        1,
        3
      ]
    },
    {
      "id": "C87",
      "x": 35.51,
      "y": 73.18,
      "time_window": [
        450.0,
        1995.56
      ],
      "demand": [
        3,
        1,
        1
      ]
    },
    {
      "id": "C88",
      "x": 78.43,
      "y": 94.28,
      "time_window": [
        450.0,
        1026.16
      ],
      "demand": [
        3,
        4,
        1
      ]
    },
    {
      "id": "C89",
      "x": 39.43,
      "y": 32.85,
      "time_window": [
        450.0,
        1358.49
      ],
      "demand": [
        4,
        3,
        1
      ]
    },
    {
      "id": "C90",
      "x": 100.0,
      "y": 2.02,
      "time_window": [
        450.0,
        1898.41
      ],
      "demand": [
        1,
        1,
        2
      ]
    },
    {
      "id": "C91",
      "x": 3.72,
      "y": 86.79,
      "time_window": [
        450.0,
        1585.4
      ],
      "demand": [
        4,
        1,
        4
      ]
    },
    {
      "id": "C92",
      "x": 76.92,
      "y": 13.43,
      "time_window": [
        450.0,
        1694.57
      ],
      "demand": [
        2,
        4,
        4
      ]
    },
    {
      "id": "C93",
      "x": 40.48,
      "y": 57.63,
      "time_window": [
        450.0,
        1816.68
      ],
      "demand": [
        3,
        4,
        2
      ]
    },
    {
      "id": "C94",
      "x": 30.53,
      "y": 67.7,
      "time_window": [
        450.0,
        1709.15
      ],
      "demand": [
        3,
        3,
        4
      ]
    },
    {
      "id": "C95",
      "x": 91.84,
      "y": 78.09,
      "time_window": [
        450.0,
        2053.01
      ],
      "demand": [
        4,
        4,
        2
      ]
    },
    {
      "id": "C96",
      "x": 45.55,
      "y": 67.98,
      "time_window": [
        450.0,
        1929.07
      ],
      "demand": [
        4,
        4,
        4
      ]
    },
    {
      "id": "C97",
      "x": 85.04,
      "y": 0.05,
      "time_window": [
        450.0,
        2127.64
      ],
      "demand": [
        3,
        1,
        1
      ]
    },
    {
      "id": "C98",
      "x": 79.17,
      "y": 79.04,
      "time_window": [
        450.0,
        2243.79
      ],
      "demand": [
        1,
        2,
        1
      ]
    },
    {
      "id": "C99",
      "x": 78.09,
      "y": 82.2,
      "time_window": [
        450.0,
        2443.89
      ],
      "demand": [
        2,
        2,
        3
      ]
    },
    {
      "id": "C100",
      "x": 0.99,
      "y": 84.57,
      "time_window": [
        450.0,
        1933.64
      ],
      "demand": [
        3,
        4,
        3
      ]
    }
  ]
}