{
  "set_id": 1,
  "inst_id": 7,
  "vehicles": {
    "CT": {
      "count": 4,
      "capacity": 1500,
      "fixed_cost": 1500,
      "unit_cost_factor": 1.2
    },
    "UV": {
      "count": 8,
      "capacity": 500,
      "fixed_cost": 500,
      "unit_cost_factor": 1.1
    }
  },
  "P": 2,
  "item_weights": [
    10,
    15
  ],
  "inventory_ratio": 1.4,
  "FCs": [
    {
      "id": "FC1",
      "x": 25,
      "y": 25,
      "time_window": [
        0.0,
        3000.0
      ],
      "inventory": [
        27,
        42
      ]
    },
    {
      "id": "FC2",
      "x": 75,
      "y": 75,
      "time_window": [
        0.0,
        3000.0
      ],
      "inventory": [
        36,
        41
      ]
    }
  ],
  "DCs": [
    {
      "id": "DC1",
      "x": 54.82,
      "y": 53.37,
      "time_window": [
        300.0,
        2700.0
      ]
    },
    {
      "id": "DC2",
      "x": 79.72,
      "y": 26.46,
      "time_window": [
        300.0,
        2700.0
      ]
    },
    {
      "id": "DC3",
      "x": 0.61,
      "y": 70.59,
      "time_window": [
        300.0,
        2700.0
      ]
    },
    {
      "id": "DC4",
      "x": 71.57,
      "y": 52.65,
      "time_window": [
        300.0,
        2700.0
      ]
    }
  ],
  "CDPs": [
    {
      "id": "CDP1",
      "x": 74.21,
      "y": 32.34,
      "time_window": [
        0.0,
        3000.0
      ],
      "capacity": 155
    },
    {
      "id": "CDP2",
      "x": 56.81,
      "y": 35.15,
      "time_window": [
        0.0,
        3000.0
      ],
      "capacity": 243
    },
    {
      "id": "CDP3",
      "x": 77.67,
      "y": 81.96,
      "time_window": [
        0.0,
        3000.0
      ],
      "capacity": 173
    },
    {
      "id": "CDP4",
      "x": 17.22,
      "y": 69.6,
      "time_window": [
        0.0,
        3000.0
      ],
      "capacity": 124
    },
    {
      "id": "CDP5",
      "x": 28.75,
      "y": 79.55,
      "time_window": [
        0.0,
        3000.0
      ],
      "capacity": 293
    },
    {
      "id": "CDP6",
      "x": 51.55,
      "y": 8.35,
      "time_window": [
        0.0,
        3000.0
      ],
      "capacity": 275
    },
    {
      "id": "CDP7",
      "x": 48.85,
      "y": 97.28,
      "time_window": [
        0.0,
        3000.0
      ],
      "capacity": 167
    },
    {
      "id": "CDP8",
      "x": 95.69,
      "y": 98.53,
      "time_window": [
        0.0,
        3000.0
      ],
      "capacity": 113
    },
    {
      "id": "CDP9",
      "x": 78.4,
      "y": 71.7,
      "time_window": [
        0.0,
        3000.0
      ],
      "capacity": 157
    },
    {
      "id": "CDP10",
      "x": 1.05,
      "y": 17.22,
      "time_window": [
        0.0,
        3000.0
      ],
      "capacity": 145
    }
  ],
  "Customers": [
    {
      "id": "C1",
      "x": 34.27,
      "y": 60.83,
      "time_window": [
        450.0,
        2357.45
      ],
      "demand": [
        1,
        2
      ]
    },
    {
      "id": "C2",
      "x": 65.53,
      "y": 35.74,
      "time_window": [
        450.0,
        1571.03
      ],
      "demand": [
        1,
        4
      ]
    },
    {
      "id": "C3",
      "x": 30.04,
      "y": 36.75,
      "time_window": [
        450.0,
        2540.48
      ],
      "demand": [
        1,
        4
      ]
    },
    {
      "id": "C4",
      "x": 73.15,
      "y": 47.66,
      "time_window": [
        450.0,
        2458.55
      ],
      "demand": [
        2,
        4
      ]
    },
    {
      "id": "C5",
      "x": 20.01,
      "y": 14.85,
      "time_window": [
        450.0,
        1630.77
      ],
      "demand": [
        2,
        3
      ]
    },
    {
      "id": "C6",
      "x": 51.6,
      "y": 33.57,
      "time_window": [
        450.0,
        2533.18
      ],
      "demand": [
        2,
        1
      ]
    },
    {
      "id": "C7",
      "x": 62.14,
      "y": 51.77,
      "time_window": [
        450.0,
        981.95
      ],
      "demand": [
        1,
        4
      ]
    },
    {
      "id": "C8",
      "x": 93.3,
      "y": 90.55,
      "time_window": [
        450.0,
        2448.2
      ],
      "demand": [
        4,
        2
      ]
    },
    {
      "id": "C9",
      "x": 22.29,
      "y": 23.57,
      "time_window": [
        450.0,
        1700.88
      ],
      "demand": [
        3,
        4
      ]
    },
    {
      "id": "C10",
      "x": 13.95,
      "y": 86.16,
      "time_window": [
        450.0,
        2244.78
      ],
      "demand": [
        3,
        2
      ]
    },
    {
      "id": "C11",
      "x": 33.88,
      "y": 37.18,
      "time_window": [
        450.0,
        1255.47
      ],
      "demand": [
        1,
        4
      ]
    },
    {
      "id": "C12",
      "x": 43.75,
      "y": 74.05,
      "time_window": [
        450.0,
        2511.34
      ],
      "demand": [
        4,
        3
      ]
    },
    {
      "id": "C13",
      "x": 13.02,
      "y": 76.42,
      "time_window": [
        450.0,
        1274.57
      ],
      "demand": [
        4,
        3
      ]
    },
    {
      "id": "C14",
      "x": 10.91,
      "y": 4.71,
      "time_window": [
        450.0,
        1341.07
      ],
      "demand": [
        1,
        3
      ]
    },
    {
      "id": "C15",
      "x": 49.76,
      "y": 67.06,
      "time_window": [
        450.0,
        1550.09
      ],
      "demand": [
        3,
        4
      ]
    },
    {
      "id": "C16",
      "x": 47.82,
      "y": 67.16,
      "time_window": [
        450.0,
        1568.56
      ],
      "demand": [
        1,
        4
      ]
    },
    {
      "id": "C17",
      "x": 40.66,
      "y": 67.31,
      "time_window": [
        450.0,
        1236.02
      ],
      "demand": [
        2,
        2
      ]
    },
    {
      "id": "C18",
      "x": 3.03,
      "y": 22.94,
      "time_window": [
        450.0,
        1187.9
      ],
      "demand": [
        3,
        2
      ]
    },
    {
      "id": "C19",
      "x": 29.61,
      "y": 27.6,
      "time_window": [
        450.0,
        2550
      ],
      "demand": [
        4,
        2
      ]
    },
    {
      "id": "C20",
      "x": 93.54,
      "y": 95.24,
      "time_window": [
        450.0,
        2113.26
      ],
      "demand": [
        2,
        2
      ]
    }
  ]
}