{
  "set_id": 9,
  "inst_id": 1,
  "vehicles": {
    "CT": {
      "count": 32,
      "capacity": 1500,
      "fixed_cost": 1500,
      "unit_cost_factor": 1.2
    },
    "UV": {
      "count": 64,
      "capacity": 500,
      "fixed_cost": 500,
      "unit_cost_factor": 1.1
    }
  },
  "P": 3,
  "item_weights": [
    5,
    10,
    5
  ],
  "inventory_ratio": 1.2,
  "FCs": [
    {
      "id": "FC1",
      "x": 25,
      "y": 25,
      "time_window": [
        0.0,
        3000.0
      ],
      "inventory": [
        145,
        142,
        139
      ]
    },
    {
      "id": "FC2",
      "x": 25,
      "y": 75,
      "time_window": [
        0.0,
        3000.0
      ],
      "inventory": [
        154,
        162,
        154
      ]
    },
    {
      "id": "FC3",
      "x": 75,
      "y": 25,
      "time_window": [
        0.0,
        3000.0
      ],
      "inventory": [
        141,
        154,
        153
      ]
    },
    {
      "id": "FC4",
      "x": 75,
      "y": 75,
      "time_window": [
        0.0,
        3000.0
      ],
      "inventory": [
        145,
        150,
        150
      ]
    }
  ],
  "DCs": [
    {
      "id": "DC1",
      "x": 9.22,
      "y": 92.05,
      "time_window": [
        300.0,
        2700.0
      ]
    },
    {
      "id": "DC2",
      "x": 85.07,
      "y": 47.54,
      "time_window": [
        300.0,
        2700.0
      ]
    },
    {
      "id": "DC3",
      "x": 90.08,
      "y": 72.93,
      "time_window": [
        300.0,
        2700.0
      ]
    },
    {
      "id": "DC4",
      "x": 59.36,
      "y": 80.54,
      "time_window": [
        300.0,
        2700.0
      ]
    },
    {
      "id": "DC5",
      "x": 84.88,
      "y": 40.03,
      "time_window": [
        300.0,
        2700.0
      ]
    },
    {
      "id": "DC6",
      "x": 13.3,
      "y": 1.36,
      "time_window": [
        300.0,
        2700.0
      ]
    },
    {
      "id": "DC7",
      "x": 50.21,
      "y": 31.72,
      "time_window": [
        300.0,
        2700.0
      ]
    },
    {
      "id": "DC8",
      "x": 76.8,
      "y": 43.98,
      "time_window": [
        300.0,
        2700.0
      ]
    }
  ],
  "CDPs": [
    {
      "id": "CDP1",
      "x": 39.87,
      "y": 83.52,
      "time_window": [
        0.0,
        3000.0
      ],
      "capacity": 270
    },
    {
      "id": "CDP2",
      "x": 92.12,
      "y": 7.41,
      "time_window": [
        0.0,
        3000.0
      ],
      "capacity": 101
    },
    {
      "id": "CDP3",
      "x": 21.61,
      "y": 24.42,
      "time_window": [
        0.0,
        3000.0
      ],
      "capacity": 155
    },
    {
      "id": "CDP4",
      "x": 93.45,
      "y": 83.02,
      "time_window": [
        0.0,
        3000.0
      ],
      "capacity": 123
    },
    {
      "id": "CDP5",
      "x": 97.92,
      "y": 42.09,
      "time_window": [
        0.0,
        3000.0
      ],
      "capacity": 282
    },
    {
      "id": "CDP6",
      "x": 21.71,
      "y": 91.7,
      "time_window": [
        0.0,
        3000.0
      ],
      "capacity": 274
    },
    {
      "id": "CDP7",
      "x": 87.25,
      "y": 78.0,
      "time_window": [
        0.0,
        3000.0
      ],
      "capacity": 203
    },
    {
      "id": "CDP8",
      "x": 70.89,
      "y": 8.37,
      "time_window": [
        0.0,
        3000.0
      ],
      "capacity": 229
    },
    {
      "id": "CDP9",
      "x": 72.19,
      "y": 37.52,
      "time_window": [
        0.0,
        3000.0
      ],
      "capacity": 208
    },
    {
      "id": "CDP10",
      "x": 55.91,
      "y": 60.24,
      "time_window": [
        0.0,
        3000.0
      ],
      "capacity": 288
    },
    {
      "id": "CDP11",
      "x": 78.27,
      "y": 18.8,
      "time_window": [
        0.0,
        3000.0
      ],
      "capacity": 151
    },
    {
      "id": "CDP12",
      "x": 15.48,
      "y": 23.56,
      "time_window": [
        0.0,
        3000.0
      ],
      "capacity": 220
    },
    {
      "id": "CDP13",
      "x": 47.52,
      "y": 9.86,
      "time_window": [
        0.0,
        3000.0
      ],
      "capacity": 151
    },
    {
      "id": "CDP14",
      "x": 80.24,
      "y": 49.93,
      "time_window": [
        0.0,
        3000.0
      ],
      "capacity": 122
    },
    {
      "id": "CDP15",
      "x": 92.95,
      "y": 67.0,
      "time_window": [
        0.0,
        3000.0
      ],
      "capacity": 221
    },
    {
      "id": "CDP16",
      "x": 94.29,
      "y": 2.52,
      "time_window": [
        0.0,
        3000.0
      ],
      "capacity": 260
    },
    {
      "id": "CDP17",
      "x": 53.74,
      "y": 87.83,
      "time_window": [
        0.0,
        3000.0
      ],
      "capacity": 175
    },
    {
      "id": "CDP18",
      "x": 40.49,
      "y": 38.44,
      "time_window": [
        0.0,
        3000.0
      ],
      "capacity": 272
    },
    {
      "id": "CDP19",
      "x": 74.92,
      "y": 5.64,
      "time_window": [
        0.0,
        3000.0
      ],
      "capacity": 200
    },
    {
      "id": "CDP20",
      "x": 45.19,
      "y": 92.44,
      "time_window": [
        0.0,
        3000.0
      ],
      "capacity": 291
    },
    {
      "id": "CDP21",
      "x": 96.74,
      "y": 92.98,
      "time_window": [
        0.0,
        3000.0
      ],
      "capacity": 269
    },
    {
      "id": "CDP22",
      "x": 97.12,
      "y": 46.21,
      "time_window": [
        0.0,
        3000.0
      ],
      "capacity": 295
    },
    {
      "id": "CDP23",
      "x": 91.05,
      "y": 94.16,
      "time_window": [
        0.0,
        3000.0
      ],
      "capacity": 182
    },
    {
      "id": "CDP24",
      "x": 44.85,
      "y": 85.05,
      "time_window": [
        0.0,
        3000.0
      ],
      "capacity": 297
    },
    {
      "id": "CDP25",
      "x": 43.15,
      "y": 20.11,
      "time_window": [
        0.0,
        3000.0
      ],
      "capacity": 123
    },
    {
      "id": "CDP26",
      "x": 63.56,
      "y": 82.68,
      "time_window": [
        0.0,
        3000.0
      ],
      "capacity": 283
    },
    {
      "id": "CDP27",
      "x": 50.62,
      "y": 55.59,
      "time_window": [
        0.0,
        3000.0
      ],
      "capacity": 177
    },
    {
      "id": "CDP28",
      "x": 93.91,
      "y": 82.92,
      "time_window": [
        0.0,
        3000.0
      ],
      "capacity": 163
    },
    {
      "id": "CDP29",
      "x": 44.32,
      "y": 87.09,
      "time_window": [
        0.0,
        3000.0
      ],
      "capacity": 283
    },
    {
      "id": "CDP30",
      "x": 58.18,
      "y": 52.41,
      "time_window": [
        0.0,
        3000.0
      ],
      "capacity": 214
    },
    {
      "id": "CDP31",
      "x": 19.83,
      "y": 4.72,
      "time_window": [
        0.0,
        3000.0
      ],
      "capacity": 280
    },
    {
      "id": "CDP32",
      "x": 18.79,
      "y": 15.93,
      "time_window": [
        0.0,
        3000.0
      ],
      "capacity": 212
    },
    {
      "id": "CDP33",
      "x": 1.69,
      "y": 8.15,
      "time_window": [
        0.0,
        3000.0
      ],
      "capacity": 156
    },
    {
      "id": "CDP34",
      "x": 62.21,
      "y": 49.4,
      "time_window": [
        0.0,
        3000.0
      ],
      "capacity": 284
    },
    {
      "id": "CDP35",
      "x": 83.65,
      "y": 1.05,
      "time_window": [
        0.0,
        3000.0
      ],
      "capacity": 239
    },
    {
      "id": "CDP36",
      "x": 65.3,
      "y": 18.01,
      "time_window": [
        0.0,
        3000.0
      ],
      "capacity": 247
    },
    {
      "id": "CDP37",
      "x": 23.69,
      "y": 57.92,
      "time_window": [
        0.0,
        3000.0
      ],
      "capacity": 124
    },
    {
      "id": "CDP38",
      "x": 51.45,
      "y": 54.54,
      "time_window": [
        0.0,
        3000.0
      ],
      "capacity": 149
    },
    {
      "id": "CDP39",
      "x": 86.04,
      "y": 62.36,
      "time_window": [
        0.0,
        3000.0
      ],
      "capacity": 283
    },
    {
      "id": "CDP40",
      "x": 36.3,
      "y": 95.18,
      "time_window": [
        0.0,
        3000.0
      ],
      "capacity": 183
    },
    {
      "id": "CDP41",
      "x": 73.61,
      "y": 60.4,
      "time_window": [
        0.0,
        3000.0
      ],
      "capacity": 187
    },
    {
      "id": "CDP42",
      "x": 16.44,
      "y": 61.73,
      "time_window": [
        0.0,
        3000.0
      ],
      "capacity": 100
    },
    {
      "id": "CDP43",
      "x": 16.79,
      "y": 83.05,
      "time_window": [
        0.0,
        3000.0
      ],
      "capacity": 194
    },
    {
      "id": "CDP44",
      "x": 67.8,
      "y": 40.21,
      "time_window": [
        0.0,
        3000.0
      ],
      "capacity": 161
    },
    {
      "id": "CDP45",
      "x": 11.83,
      "y": 97.4,
      "time_window": [
        0.0,
        3000.0
      ],
      "capacity": 260
    },
    {
      "id": "CDP46",
      "x": 33.36,
      "y": 1.1,
      "time_window": [
        0.0,
        3000.0
      ],
      "capacity": 185
    },
    {
      "id": "CDP47",
      "x": 9.95,
      "y": 64.19,
      "time_window": [
        0.0,
        3000.0
      ],
      "capacity": 289
    },
    {
      "id": "CDP48",
      "x": 30.86,
      "y": 47.48,
      "time_window": [
        0.0,
        3000.0
      ],
      "capacity": 104
    },
    {
      "id": "CDP49",
      "x": 65.15,
      "y": 82.85,
      "time_window": [
        0.0,
        3000.0
      ],
      "capacity": 210
    },
    {
      "id": "CDP50",
      "x": 98.05,
      "y": 47.27,
      "time_window": [
        0.0,
        3000.0
      ],
      "capacity": 284
    },
    {
      "id": "CDP51",
      "x": 16.56,
      "y": 28.07,
      "time_window": [
        0.0,
        3000.0
      ],
      "capacity": 277
    },
    {
      "id": "CDP52",
      "x": 61.12,
      "y": 58.7,
      "time_window": [
        0.0,
        3000.0
      ],
      "capacity": 135
    },
    {
      "id": "CDP53",
      "x": 21.18,
      "y": 96.84,
      "time_window": [
        0.0,
        3000.0
      ],
      "capacity": 156
    },
    {
      "id": "CDP54",
      "x": 14.92,
      "y": 32.04,
      "time_window": [
        0.0,
        3000.0
      ],
      "capacity": 140
    },
    {
      "id": "CDP55",
      "x": 78.03,
      "y": 45.85,
      "time_window": [
        0.0,
        3000.0
      ],
      "capacity": 129
    },
    {
      "id": "CDP56",
      "x": 94.65,
      "y": 2.8,
      "time_window": [
        0.0,
        3000.0
      ],
      "capacity": 135
    },
    {
      "id": "CDP57",
      "x": 35.08,
      "y": 50.39,
      "time_window": [
        0.0,
        3000.0
      ],
      "capacity": 271
    },
    {
      "id": "CDP58",
      "x": 72.6,
      "y": 81.59,
      "time_window": [
        0.0,
        3000.0
      ],
      "capacity": 178
    },
    {
      "id": "CDP59",
      "x": 92.2,
      "y": 85.96,
      "time_window": [
        0.0,
        3000.0
      ],
      "capacity": 254
    },
    {
      "id": "CDP60",
      "x": 91.59,
      "y": 84.36,
      "time_window": [
        0.0,
        3000.0
      ],
      "capacity": 213
    },
    {
      "id": "CDP61",
      "x": 52.5,
      "y": 24.56,
      "time_window": [
        0.0,
        3000.0
      ],
      "capacity": 133
    },
    {
      "id": "CDP62",
      "x": 54.29,
      "y": 91.31,
      "time_window": [
        0.0,
        3000.0
      ],
      "capacity": 236
    },
    {
      "id": "CDP63",
      "x": 77.34,
      "y": 69.96,
      "time_window": [
        0.0,
        3000.0
      ],
      "capacity": 131
    },
    {
      "id": "CDP64",
      "x": 76.41,
      "y": 1.07,
      "time_window": [
        0.0,
        3000.0
      ],
      "capacity": 244
    },
    {
      "id": "CDP65",
      "x": 64.49,
      "y": 13.22,
      "time_window": [
        0.0,
        3000.0
      ],
      "capacity": 150
    },
    {
      "id": "CDP66",
      "x": 72.09,
      "y": 36.49,
      "time_window": [
        0.0,
        3000.0
      ],
      "capacity": 288
    },
    {
      "id": "CDP67",
      "x": 43.98,
      "y": 68.32,
      "time_window": [
        0.0,
        3000.0
      ],
      "capacity": 181
    },
    {
      "id": "CDP68",
      "x": 68.98,
      "y": 43.92,
      "time_window": [
        0.0,
        3000.0
      ],
      "capacity": 230
    },
    {
      "id": "CDP69",
      "x": 8.8,
      "y": 91.57,
      "time_window": [
        0.0,
        3000.0
      ],
      "capacity": 116
    },
    {
      "id": "CDP70",
      "x": 33.09,
      "y": 52.21,
      "time_window": [
        0.0,
        3000.0
      ],
      "capacity": 216
    },
    {
      "id": "CDP71",
      "x": 30.41,
      "y": 0.07,
      "time_window": [
        0.0,
        3000.0
      ],
      "capacity": 144
    },
    {
      "id": "CDP72",
      "x": 94.91,
      "y": 43.49,
      "time_window": [
        0.0,
        3000.0
      ],
      "capacity": 275
    },
    {
      "id": "CDP73",
      "x": 61.9,
      "y": 23.26,
      "time_window": [
        0.0,
        3000.0
      ],
      "capacity": 279
    },
    {
      "id": "CDP74",
      "x": 7.03,
      "y": 45.16,
      "time_window": [
        0.0,
        3000.0
      ],
      "capacity": 132
    },
    {
      "id": "CDP75",
      "x": 14.98,
      "y": 19.22,
      "time_window": [
        0.0,
        3000.0
      ],
      "capacity": 265
    },
    {
      "id": "CDP76",
      "x": 94.7,
      "y": 69.11,
      "time_window": [
        0.0,
        3000.0
      ],
      "capacity": 114
    },
    {
      "id": "CDP77",
      "x": 38.73,
      "y": 62.4,
      "time_window": [
        0.0,
        3000.0
      ],
      "capacity": 199
    },
    {
      "id": "CDP78",
      "x": 16.97,
      "y": 6.81,
      "time_window": [
        0.0,
        3000.0
      ],
      "capacity": 287
    },
    {
      "id": "CDP79",
      "x": 48.65,
      "y": 24.8,
      "time_window": [
        0.0,
        3000.0
      ],
      "capacity": 205
    },
    {
      "id": "CDP80",
      "x": 64.71,
      "y": 74.14,
      "time_window": [
        0.0,
        3000.0
      ],
      "capacity": 157
    },
    {
      "id": "CDP81",
      "x": 17.82,
      "y": 58.71,
      "time_window": [
        0.0,
        3000.0
      ],
      "capacity": 163
    },
    {
      "id": "CDP82",
      "x": 67.24,
      "y": 5.49,
      "time_window": [
        0.0,
        3000.0
      ],
      "capacity": 211
    },
    {
      "id": "CDP83",
      "x": 57.22,
      "y": 70.24,
      "time_window": [
        0.0,
        3000.0
      ],
      "capacity": 108
    },
    {
      "id": "CDP84",
      "x": 3.42,
      "y": 29.47,
      "time_window": [
        0.0,
        3000.0
      ],
      "capacity": 113
    },
    {
      "id": "CDP85",
      "x": 15.26,
      "y": 4.71,
      "time_window": [
        0.0,
        3000.0
      ],
      "capacity": 153
    },
    {
      "id": "CDP86",
      "x": 47.86,
      "y": 22.81,
      "time_window": [
        0.0,
        3000.0
      ],
      "capacity": 114
    },
    {
      "id": "CDP87",
      "x": 78.19,
      "y": 76.33,
      "time_window": [
        0.0,
        3000.0
      ],
      "capacity": 139
    },
    {
      "id": "CDP88",
      "x": 74.15,
      "y": 35.4,
      "time_window": [
        0.0,
        3000.0
      ],
      "capacity": 130
    },
    {
      "id": "CDP89",
      "x": 92.88,
      "y": 9.33,
      "time_window": [
        0.0,
        3000.0
      ],
      "capacity": 200
    },
    {
      "id": "CDP90",
      "x": 78.17,
      "y": 85.38,
      "time_window": [
        0.0,
        3000.0
      ],
      "capacity": 265
    },
    {
      "id": "CDP91",
      "x": 35.04,
      "y": 97.64,
      "time_window": [
        0.0,
        3000.0
      ],
      "capacity": 189
    },
    {
      "id": "CDP92",
      "x": 62.72,
      "y": 37.49,
      "time_window": [
        0.0,
        3000.0
      ],
      "capacity": 265
    },
    {
      "id": "CDP93",
      "x": 8.03,
      "y": 78.33,
      "time_window": [
        0.0,
        3000.0
      ],
      "capacity": 279
    },
    {
      "id": "CDP94",
      "x": 27.86,
      "y": 75.16,
      "time_window": [
        0.0,
        3000.0
      ],
      "capacity": 188
    },
    {
      "id": "CDP95",
      "x": 9.13,
      "y": 84.69,
      "time_window": [
        0.0,
        3000.0
      ],
      "capacity": 167
    },
    {
      "id": "CDP96",
      "x": 0.02,
      "y": 84.32,
      "time_window": [
        0.0,
        3000.0
      ],
      "capacity": 163
    },
    {
      "id": "CDP97",
      "x": 34.03,
      "y": 44.24,
      "time_window": [
        0.0,
        3000.0
      ],
      "capacity": 256
    },
    {
      "id": "CDP98",
      "x": 49.82,
      "y": 32.3,
      "time_window": [
        0.0,
        3000.0
      ],
      "capacity": 162
    },
    {
      "id": "CDP99",
      "x": 82.11,
      "y": 36.05,
      "time_window": [
        0.0,
        3000.0
      ],
      "capacity": 274
    },
    {
      "id": "CDP100",
      "x": 75.83,
      "y": 69.57,
      "time_window": [
        0.0,
        3000.0
      ],
      "capacity": 132
    }
  ],
  "Customers": [
    {
      "id": "C1",
      "x": 61.5,
      "y": 42.93,
      "time_window": [
        450.0,
        2114.07
      ],
      "demand": [
        4,
        1,
        2
      ]
    },
    {
      "id": "C2",
      "x": 6.56,
      "y": 5.11,
      "time_window": [
        450.0,
        2464.03
      ],
      "demand": [
        2,
        4,
        2
      ]
    },
    {
      "id": "C3",
      "x": 93.83,
      "y": 21.57,
      "time_window": [
        450.0,
        1761.59
      ],
      "demand": [
        1,
        3,
        3
      ]
    },
    {
      "id": "C4",
      "x": 91.09,
      "y": 0.68,
      "time_window": [
        450.0,
        1438.74
      ],
      "demand": [
        4,
        4,
        4
      ]
    },
    {
      "id": "C5",
      "x": 13.71,
      "y": 98.51,
      "time_window": [
        450.0,
        1379.0
      ],
      "demand": [
        1,
        3,
        1
      ]
    },
    {
      "id": "C6",
      "x": 85.8,
      "y": 7.89,
      "time_window": [
        450.0,
        2329.41
      ],
      "demand": [
        2,
        2,
        2
      ]
    },
    {
      "id": "C7",
      "x": 56.28,
      "y": 25.44,
      "time_window": [
        450.0,
        2550
      ],
      "demand": [
        1,
        4,
        2
      ]
    },
    {
      "id": "C8",
      "x": 13.5,
      "y": 18.21,
      "time_window": [
        450.0,
        1051.62
      ],
      "demand": [
        3,
        1,
        4
      ]
    },
    {
      "id": "C9",
      "x": 77.93,
      "y": 20.52,
      "time_window": [
        450.0,
        1229.43
      ],
      "demand": [
        4,
        2,
        1
      ]
    },
    {
      "id": "C10",
      "x": 51.0,
      "y": 63.75,
      "time_window": [
        450.0,
        2294.88
      ],
      "demand": [
        2,
        2,
        1
      ]
    },
    {
      "id": "C11",
      "x": 28.59,
      "y": 42.74,
      "time_window": [
        450.0,
        1091.81
      ],
      "demand": [
        1,
        4,
        2
      ]
    },
    {
      "id": "C12",
      "x": 74.5,
      "y": 64.74,
      "time_window": [
        450.0,
        1998.8
      ],
      "demand": [
        2,
        4,
        2
      ]
    },
    {
      "id": "C13",
      "x": 69.81,
      "y": 60.7,
      "time_window": [
        450.0,
        1601.99
      ],
      "demand": [
        4,
        1,
        2
      ]
    },
    {
      "id": "C14",
      "x": 14.63,
      "y": 81.82,
      "time_window": [
        450.0,
        2516.62
      ],
      "demand": [
        2,
        1,
        2
      ]
    },
    {
      "id": "C15",
      "x": 69.26,
      "y": 33.41,
      "time_window": [
        450.0,
        1500.82
      ],
      "demand": [
        3,
        2,
        2
      ]
    },
    {
      "id": "C16",
      "x": 49.56,
      "y": 69.21,
      "time_window": [
        450.0,
        2095.98
      ],
      "demand": [
        1,
        1,
        4
      ]
    },
    {
      "id": "C17",
      "x": 93.47,
      "y": 5.23,
      "time_window": [
        450.0,
        2345.99
      ],
      "demand": [
        1,
        4,
        1
      ]
    },
    {
      "id": "C18",
      "x": 64.74,
      "y": 32.75,
      "time_window": [
        450.0,
        1439.77
      ],
      "demand": [
        2,
        1,
        3
      ]
    },
    {
      "id": "C19",
      "x": 76.09,
      "y": 88.79,
      "time_window": [
        450.0,
        2171.37
      ],
      "demand": [
        2,
        1,
        2
      ]
    },
    {
      "id": "C20",
      "x": 28.07,
      "y": 57.85,
      "time_window": [
        450.0,
        2076.23
      ],
      "demand": [
        1,
        3,
        2
      ]
    },
    {
      "id": "C21",
      "x": 47.81,
      "y": 34.43,
      "time_window": [
        450.0,
        2013.56
      ],
      "demand": [
        2,
        1,
        4
      ]
    },
    {
      "id": "C22",
      "x": 42.08,
      "y": 47.02,
      "time_window": [
        450.0,
        1211.27
      ],
      "demand": [
        4,
        1,
        1
      ]
    },
    {
      "id": "C23",
      "x": 72.03,
      "y": 42.8,
      "time_window": [
        450.0,
        2445.76
      ],
      "demand": [
        2,
        2,
        4
      ]
    },
    {
      "id": "C24",
      "x": 55.96,
      "y": 32.56,
      "time_window": [
        450.0,
        1235.53
      ],
      "demand": [
        1,
        3,
        4
      ]
    },
    {
      "id": "C25",
      "x": 17.82,
      "y": 22.32,
      "time_window": [
        450.0,
        1468.85
      ],
      "demand": [
        2,
        2,
        1
      ]
    },
    {
      "id": "C26",
      "x": 13.66,
      "y": 90.34,
      "time_window": [
        450.0,
        1889.83
      ],
      "demand": [
        1,
        1,
        2
      ]
    },
    {
      "id": "C27",
      "x": 64.85,
      "y": 74.58,
      "time_window": [
        450.0,
        1906.25
      ],
      "demand": [
        4,
        4,
        3
      ]
    },
    {
      "id": "C28",
      "x": 15.23,
      "y": 93.48,
      "time_window": [
        450.0,
        1712.37
      ],
      "demand": [
        3,
        3,
        2
      ]
    },
    {
      "id": "C29",
      "x": 9.8,
      "y": 84.39,
      "time_window": [
        450.0,
        1511.83
      ],
      "demand": [
        4,
        2,
        3
      ]
    },
    {
      "id": "C30",
      "x": 81.5,
      "y": 15.74,
      "time_window": [
        450.0,
        2018.49
      ],
      "demand": [
        4,
        2,
        3
      ]
    },
    {
      "id": "C31",
      "x": 34.67,
      "y": 74.67,
      "time_window": [
        450.0,
        2488.2
      ],
      "demand": [
        2,
        3,
        1
      ]
    },
    {
      "id": "C32",
      "x": 93.57,
      "y": 97.03,
      "time_window": [
        450.0,
        2318.31
      ],
      "demand": [
        3,
        1,
        3
      ]
    },
    {
      "id": "C33",
      "x": 93.98,
      "y": 85.8,
      "time_window": [
        450.0,
        1330.5
      ],
      "demand": [
        4,
        3,
        2
      ]
    },
    {
      "id": "C34",
      "x": 73.16,
      "y": 72.13,
      "time_window": [
        450.0,
        1349.77
      ],
      "demand": [
        1,
        3,
        2
      ]
    },
    {
      "id": "C35",
      "x": 50.43,
      "y": 51.76,
      "time_window": [
        450.0,
        2550
      ],
      "demand": [
        3,
        3,
        3
      ]
    },
    {
      "id": "C36",
      "x": 46.14,
      "y": 27.71,
      "time_window": [
        450.0,
        1812.1
      ],
      "demand": [
        2,
        4,
        1
      ]
    },
    {
      "id": "C37",
      "x": 21.62,
      "y": 83.78,
      "time_window": [
        450.0,
        1729.57
      ],
      "demand": [
        1,
        3,
        1
      ]
    },
    {
      "id": "C38",
      "x": 71.18,
      "y": 25.74,
      "time_window": [
        450.0,
        2236.03
      ],
      "demand": [
        1,
        2,
        1
      ]
    },
    {
      "id": "C39",
      "x": 97.04,
      "y": 7.64,
      "time_window": [
        450.0,
        2352.86
      ],
      "demand": [
        3,
        2,
        2
      ]
    },
    {
      "id": "C40",
      "x": 50.6,
      "y": 32.53,
      "time_window": [
        450.0,
        2197.09
      ],
      "demand": [
        3,
        3,
        1
      ]
    },
    {
      "id": "C41",
      "x": 67.79,
      "y": 72.67,
      "time_window": [
        450.0,
        1204.1
      ],
      "demand": [
        3,
        4,
        4
      ]
    },
    {
      "id": "C42",
      "x": 44.34,
      "y": 73.45,
      "time_window": [
        450.0,
        2175.48
      ],
      "demand": [
        2,
        3,
        4
      ]
    },
    {
      "id": "C43",
      "x": 75.2,
      "y": 81.09,
      "time_window": [
        450.0,
        2550
      ],
      "demand": [
        1,
        2,
        3
      ]
    },
    {
      "id": "C44",
      "x": 10.4,
      "y": 95.39,
      "time_window": [
        450.0,
        1981.72
      ],
      "demand": [
        2,
        4,
        4
      ]
    },
    {
      "id": "C45",
      "x": 61.05,
      "y": 42.41,
      "time_window": [
        450.0,
        1747.86
      ],
      "demand": [
        3,
        3,
        2
      ]
    },
    {
      "id": "C46",
      "x": 87.48,
      "y": 17.8,
      "time_window": [
        450.0,
        2023.99
      ],
      "demand": [
        3,
        1,
        2
      ]
    },
    {
      "id": "C47",
      "x": 28.3,
      "y": 38.28,
      "time_window": [
        450.0,
        1075.85
      ],
      "demand": [
        1,
        2,
        3
      ]
    },
    {
      "id": "C48",
      "x": 53.62,
      "y": 45.94,
      "time_window": [
        450.0,
        1889.53
      ],
      "demand": [
        1,
        3,
        1
      ]
    },
    {
      "id": "C49",
      "x": 26.1,
      "y": 47.89,
      "time_window": [
        450.0,
        972.79
      ],
      "demand": [
        4,
        3,
        1
      ]
    },
    {
      "id": "C50",
      "x": 60.7,
      "y": 72.77,
      "time_window": [
        450.0,
        2054.31
      ],
      "demand": [
        1,
        3,
        2
      ]
    },
    {
      "id": "C51",
      "x": 97.34,
      "y": 24.2,
      "time_window": [
        450.0,
        1006.93
      ],
      "demand": [
        4,
        3,
        4
      ]
    },
    {
      "id": "C52",
      "x": 62.38,
      "y": 60.2,
      "time_window": [
        450.0,
        2222.79
      ],
      "demand": [
        2,
        1,
        3
      ]
    },
    {
      "id": "C53",
      "x": 65.1,
      "y": 70.84,
      "time_window": [
        450.0,
        2371.13
      ],
      "demand": [
        2,
        2,
        1
      ]
    },
    {
      "id": "C54",
      "x": 69.0,
      "y": 67.63,
      "time_window": [
        450.0,
        1744.06
      ],
      "demand": [
        1,
        4,
        1
      ]
    },
    {
      "id": "C55",
      "x": 61.43,
      "y": 38.74,
      "time_window": [
        450.0,
        1656.49
      ],
      "demand": [
        3,
        4,
        1
      ]
    },
    {
      "id": "C56",
      "x": 79.32,
      "y": 87.38,
      "time_window": [
        450.0,
        2529.15
      ],
      "demand": [
        1,
        3,
        3
      ]
    },
    {
      "id": "C57",
      "x": 7.54,
      "y": 1.71,
      "time_window": [
        450.0,
        1257.7
      ],
      "demand": [
        3,
        2,
        2
      ]
    },
    {
      "id": "C58",
      "x": 48.2,
      "y": 38.59,
      "time_window": [
        450.0,
        1853.38
      ],
      "demand": [
        4,
        2,
        2
      ]
    },
    {
      "id": "C59",
      "x": 79.59,
      "y": 15.77,
      "time_window": [
        450.0,
        1465.82
      ],
      "demand": [
        2,
        4,
        1
      ]
    },
    {
      "id": "C60",
      "x": 36.27,
      "y": 74.93,
      "time_window": [
        450.0,
        1812.69
      ],
      "demand": [
        4,
        2,
        3
      ]
    },
    {
      "id": "C61",
      "x": 71.77,
      "y": 71.53,
      "time_window": [
        450.0,
        1264.08
      ],
      "demand": [
        3,
        4,
        2
      ]
    },
    {
      "id": "C62",
      "x": 30.18,
      "y": 51.91,
      "time_window": [
        450.0,
        1957.06
      ],
      "demand": [
        2,
        2,
        1
      ]
    },
    {
      "id": "C63",
      "x": 84.42,
      "y": 16.05,
      "time_window": [
        450.0,
        2210.35
      ],
      "demand": [
        2,
        3,
        2
      ]
    },
    {
      "id": "C64",
      "x": 51.78,
      "y": 25.94,
      "time_window": [
        450.0,
        1950.87
      ],
      "demand": [
        3,
        4,
        2
      ]
    },
    {
      "id": "C65",
      "x": 96.7,
      "y": 5.57,
      "time_window": [
        450.0,
        1296.09
      ],
      "demand": [
        3,
        3,
        3
      ]
    },
    {
      "id": "C66",
      "x": 76.83,
      "y": 92.35,
      "time_window": [
        450.0,
        1840.6
      ],
      "demand": [
        2,
        3,
        1
      ]
    },
    {
      "id": "C67",
      "x": 91.18,
      "y": 11.93,
      "time_window": [
        450.0,
        2278.13
      ],
      "demand": [
        2,
        3,
        3
      ]
    },
    {
      "id": "C68",
      "x": 56.53,
      "y": 64.06,
      "time_window": [
        450.0,
        2205.94
      ],
      "demand": [
        2,
        1,
        3
      ]
    },
    {
      "id": "C69",
      "x": 57.47,
      "y": 58.51,
      "time_window": [
        450.0,
        1608.67
      ],
      "demand": [
        4,
        2,
        2
      ]
    },
    {
      "id": "C70",
      "x": 99.12,
      "y": 93.59,
      "time_window": [
        450.0,
        1532.28
      ],
      "demand": [
        3,
        3,
        2
      ]
    },
    {
      "id": "C71",
      "x": 63.63,
      "y": 34.29,
      "time_window": [
        450.0,
        1199.63
      ],
      "demand": [
        4,
        1,
        3
      ]
    },
    {
      "id": "C72",
      "x": 36.03,
      "y": 28.46,
      "time_window": [
        450.0,
        1135.36
      ],
      "demand": [
        2,
        1,
        2
      ]
    },
    {
      "id": "C73",
      "x": 98.54,
      "y": 13.4,
      "time_window": [
        450.0,
        1124.08
      ],
      "demand": [
        1,
        3,
        3
      ]
    },
    {
      "id": "C74",
      "x": 42.2,
      "y": 59.8,
      "time_window": [
        450.0,
        1684.19
      ],
      "demand": [
        2,
        2,
        1
      ]
    },
    {
      "id": "C75",
      "x": 9.02,
      "y": 92.71,
      "time_window": [
        450.0,
        1059.53
      ],
      "demand": [
        1,
        3,
        3
      ]
    },
    {
      "id": "C76",
      "x": 90.27,
      "y": 99.62,
      "time_window": [
        450.0,
        1396.19
      ],
      "demand": [
        3,
        4,
        4
      ]
    },
    {
      "id": "C77",
      "x": 57.97,
      "y": 62.16,
      "time_window": [
        450.0,
        1728.46
      ],
      "demand": [
        4,
        2,
        1
      ]
    },
    {
      "id": "C78",
      "x": 71.04,
      "y": 38.57,
      "time_window": [
        450.0,
        2397.49
      ],
      "demand": [
        4,
        1,
        4
      ]
    },
    {
      "id": "C79",
      "x": 66.23,
      "y": 25.11,
      "time_window": [
        450.0,
        2280.53
      ],
      "demand": [
        3,
        1,
        4
      ]
    },
    {
      "id": "C80",
      "x": 41.04,
      "y": 28.74,
      "time_window": [
        450.0,
        1793.71
      ],
      "demand": [
        1,
        1,
        4
      ]
    },
    {
      "id": "C81",
      "x": 94.12,
      "y": 17.74,
      "time_window": [
        450.0,
        1405.78
      ],
      "demand": [
        1,
        2,
        3
      ]
    },
    {
      "id": "C82",
      "x": 44.17,
      "y": 73.56,
      "time_window": [
        450.0,
        2073.21
      ],
      "demand": [
        3,
        2,
        3
      ]
    },
    {
      "id": "C83",
      "x": 58.15,
      "y": 56.17,
      "time_window": [
        450.0,
        2550
      ],
      "demand": [
        4,
        2,
        3
      ]
    },
    {
      "id": "C84",
      "x": 48.05,
      "y": 30.05,
      "time_window": [
        450.0,
        2418.98
      ],
      "demand": [
        2,
        3,
        1
      ]
    },
    {
      "id": "C85",
      "x": 68.31,
      "y": 37.38,
      "time_window": [
        450.0,
        1950.72
      ],
      "demand": [
        2,
        3,
        4
      ]
    },
    {
      "id": "C86",
      "x": 88.54,
      "y": 7.78,
      "time_window": [
        450.0,
        1811.99
      ],
      "demand": [
        3,
        3,
        1
      ]
    },
    {
      "id": "C87",
      "x": 2.4,
      "y": 14.32,
      "time_window": [
        450.0,
        1855.49
      ],
      "demand": [
        4,
        1,
        3
      ]
    },
    {
      "id": "C88",
      "x": 16.59,
      "y": 77.55,
      "time_window": [
        450.0,
        1686.82
      ],
      "demand": [
        4,
        2,
        2
      ]
    },
    {
      "id": "C89",
      "x": 44.39,
      "y": 48.48,
      "time_window": [
        450.0,
        2369.63
      ],
      "demand": [
        4,
        4,
        1
      ]
    },
    {
      "id": "C90",
      "x": 31.15,
      "y": 69.44,
      "time_window": [
        450.0,
        2550
      ],
      "demand": [
        1,
        3,
        1
      ]
    },
    {
      "id": "C91",
      "x": 27.42,
      "y": 41.34,
      "time_window": [
        450.0,
        2361.43
      ],
      "demand": [
        3,
        1,
        3
      ]
    },
    {
      "id": "C92",
      "x": 73.67,
      "y": 53.23,
      "time_window": [
        450.0,
        1824.29
      ],
      "demand": [
        3,
        4,
        3
      ]
    },
    {
      "id": "C93",
      "x": 33.54,
      "y": 45.46,
      "time_window": [
        450.0,
        1142.57
      ],
      "demand": [
        4,
        2,
        4
      ]
    },
    {
      "id": "C94",
      "x": 85.16,
      "y": 75.94,
      "time_window": [
        450.0,
        2103.14
      ],
      "demand": [
        1,
        3,
        2
      ]
    },
    {
      "id": "C95",
      "x": 47.89,
      "y": 72.5,
      "time_window": [
        450.0,
        1783.12
      ],
      "demand": [
        3,
        3,
        3
      ]
    },
    {
      "id": "C96",
      "x": 42.77,
      "y": 26.16,
      "time_window": [
        450.0,
        2259.83
      ],
      "demand": [
        4,
        1,
        4
      ]
    },
    {
      "id": "C97",
      "x": 13.06,
      "y": 22.89,
      "time_window": [
        450.0,
        2158.97
      ],
      "demand": [
        2,
        3,
        4
      ]
    },
    {
      "id": "C98",
      "x": 36.7,
      "y": 46.73,
      "time_window": [
        450.0,
        2098.86
      ],
      "demand": [
        3,
        3,
        2
      ]
    },
    {
      "id": "C99",
      "x": 34.8,
      "y": 51.25,
      "time_window": [
        450.0,
        1898.04
      ],
      "demand": [
        2,
        4,
        4
      ]
    },
    {
      "id": "C100",
      "x": 58.33,
      "y": 35.1,
      "time_window": [
        450.0,
        2235.12
      ],
      "demand": [
        2,
        3,
        1
      ]
    },
    {
      "id": "C101",
      "x": 74.91,
      "y": 57.34,
      "time_window": [
        450.0,
        1943.83
      ],
      "demand": [
        3,
        4,
        2
      ]
    },
    {
      "id": "C102",
      "x": 12.01,
      "y": 91.5,
      "time_window": [
        450.0,
        953.17
      ],
      "demand": [
        4,
        1,
        4
      ]
    },
    {
      "id": "C103",
      "x": 77.17,
      "y": 22.21,
      "time_window": [
        450.0,
        2225.65
      ],
      "demand": [
        1,
        1,
        3
      ]
    },
    {
      "id": "C104",
      "x": 62.4,
      "y": 70.28,
      "time_window": [
        450.0,
        2239.02
      ],
      "demand": [
        2,
        2,
        1
      ]
    },
    {
      "id": "C105",
      "x": 59.22,
      "y": 39.13,
      "time_window": [
        450.0,
        2178.43
      ],
      "demand": [
        2,
        1,
        4
      ]
    },
    {
      "id": "C106",
      "x": 37.56,
      "y": 68.57,
      "time_window": [
        450.0,
        2217.11
      ],
      "demand": [
        3,
        4,
        2
      ]
    },
    {
      "id": "C107",
      "x": 38.88,
      "y": 60.97,
      "time_window": [
        450.0,
        2423.49
      ],
      "demand": [
        1,
        2,
        1
      ]
    },
    {
      "id": "C108",
      "x": 12.3,
      "y": 3.2,
      "time_window": [
        450.0,
        1927.68
      ],
      "demand": [
        1,
        3,
        4
      ]
    },
    {
      "id": "C109",
      "x": 21.24,
      "y": 85.16,
      "time_window": [
        450.0,
        1639.13
      ],
      "demand": [
        4,
        2,
        2
      ]
    },
    {
      "id": "C110",
      "x": 51.94,
      "y": 33.59,
      "time_window": [
        450.0,
        1495.68
      ],
      "demand": [
        2,
        4,
        3
      ]
    },
    {
      "id": "C111",
      "x": 30.77,
      "y": 67.27,
      "time_window": [
        450.0,
        2415.57
      ],
      "demand": [
        2,
        3,
        2
      ]
    },
    {
      "id": "C112",
      "x": 52.07,
      "y": 65.01,
      "time_window": [
        450.0,
        1935.09
      ],
      "demand": [
        3,
        3,
        1
      ]
    },
    {
      "id": "C113",
      "x": 31.56,
      "y": 42.01,
      "time_window": [
        450.0,
        1184.66
      ],
      "demand": [
        3,
        4,
        4
      ]
    },
    {
      "id": "C114",
      "x": 24.39,
      "y": 79.09,
      "time_window": [
        450.0,
        1940.01
      ],
      "demand": [
        3,
        3,
        2
      ]
    },
    {
      "id": "C115",
      "x": 37.06,
      "y": 68.54,
      "time_window": [
        450.0,
        1403.31
      ],
      "demand": [
        3,
        1,
        1
      ]
    },
    {
      "id": "C116",
      "x": 68.44,
      "y": 35.12,
      "time_window": [
        450.0,
        1195.63
      ],
      "demand": [
        1,
        2,
        4
      ]
    },
    {
      "id": "C117",
      "x": 27.06,
      "y": 59.38,
      "time_window": [
        450.0,
        1095.2
      ],
      "demand": [
        4,
        4,
        2
      ]
    },
    {
      "id": "C118",
      "x": 45.03,
      "y": 26.18,
      "time_window": [
        450.0,
        1449.25
      ],
      "demand": [
        3,
        4,
        4
      ]
    },
    {
      "id": "C119",
      "x": 74.33,
      "y": 60.68,
      "time_window": [
        450.0,
        1603.1
      ],
      "demand": [
        2,
        1,
        1
      ]
    },
    {
      "id": "C120",
      "x": 7.9,
      "y": 86.37,
      "time_window": [
        450.0,
        1814.52
      ],
      "demand": [
        3,
        3,
        2
      ]
    },
    {
      "id": "C121",
      "x": 90.57,
      "y": 12.81,
      "time_window": [
        450.0,
        1048.2
      ],
      "demand": [
        2,
        1,
        4
      ]
    },
    {
      "id": "C122",
      "x": 52.01,
      "y": 26.3,
      "time_window": [
        450.0,
        1878.3
      ],
      "demand": [
        3,
        4,
        1
      ]
    },
    {
      "id": "C123",
      "x": 68.85,
      "y": 39.71,
      "time_window": [
        450.0,
        1176.63
      ],
      "demand": [
        1,
        4,
        4
      ]
    },
    {
      "id": "C124",
      "x": 8.87,
      "y": 1.02,
      "time_window": [
        450.0,
        2192.44
      ],
      "demand": [
        1,
        4,
        2
      ]
    },
    {
      "id": "C125",
      "x": 26.27,
      "y": 57.04,
      "time_window": [
        450.0,
        1140.88
      ],
      "demand": [
        1,
        1,
        4
      ]
    },
    {
      "id": "C126",
      "x": 26.95,
      "y": 48.38,
      "time_window": [
        450.0,
        1100.98
      ],
      "demand": [
        2,
        3,
        1
      ]
    },
    {
      "id": "C127",
      "x": 56.49,
      "y": 47.47,
      "time_window": [
        450.0,
        2194.64
      ],
      "demand": [
        2,
        1,
        3
      ]
    },
    {
      "id": "C128",
      "x": 23.6,
      "y": 84.48,
      "time_window": [
        450.0,
        2549.3
      ],
      "demand": [
        4,
        1,
        3
      ]
    },
    {
      "id": "C129",
      "x": 64.4,
      "y": 35.98,
      "time_window": [
        450.0,
        1279.88
      ],
      "demand": [
        4,
        2,
        3
      ]
    },
    {
      "id": "C130",
      "x": 99.65,
      "y": 21.81,
      "time_window": [
        450.0,
        1188.39
      ],
      "demand": [
        4,
        1,
        4
      ]
    },
    {
      "id": "C131",
      "x": 49.78,
      "y": 54.67,
      "time_window": [
        450.0,
        2209.54
      ],
      "demand": [
        2,
        4,
        4
      ]
    },
    {
      "id": "C132",
      "x": 62.92,
      "y": 71.82,
      "time_window": [
        450.0,
        1824.58
      ],
      "demand": [
        3,
        4,
        3
      ]
    },
    {
      "id": "C133",
      "x": 67.14,
      "y": 25.06,
      "time_window": [
        450.0,
        2550
      ],
      "demand": [
        4,
        1,
        1
      ]
    },
    {
      "id": "C134",
      "x": 17.76,
      "y": 22.28,
      "time_window": [
        450.0,
        2083.33
      ],
      "demand": [
        3,
        4,
        1
      ]
    },
    {
      "id": "C135",
      "x": 28.71,
      "y": 34.51,
      "time_window": [
        450.0,
        1530.56
      ],
      "demand": [
        4,
        1,
        3
      ]
    },
    {
      "id": "C136",
      "x": 29.65,
      "y": 57.46,
      "time_window": [
        450.0,
        1825.8
      ],
      "demand": [
        3,
        4,
        2
      ]
    },
    {
      "id": "C137",
      "x": 43.08,
      "y": 63.45,
      "time_window": [
        450.0,
        2503.51
      ],
      "demand": [
        3,
        2,
        4
      ]
    },
    {
      "id": "C138",
      "x": 67.91,
      "y": 29.61,
      "time_window": [
        450.0,
        1215.72
      ],
      "demand": [
        1,
        1,
        2
      ]
    },
    {
      "id": "C139",
      "x": 25.73,
      "y": 50.2,
      "time_window": [
        450.0,
        979.63
      ],
      "demand": [
        2,
        3,
        4
      ]
    },
    {
      "id": "C140",
      "x": 28.4,
      "y": 26.13,
      "time_window": [
        450.0,
        1550.48
      ],
      "demand": [
        1,
        3,
        1
      ]
    },
    {
      "id": "C141",
      "x": 83.09,
      "y": 80.83,
      "time_window": [
        450.0,
        1467.3
      ],
      "demand": [
        2,
        2,
        3
      ]
    },
    {
      "id": "C142",
      "x": 50.98,
      "y": 39.9,
      "time_window": [
        450.0,
        2173.92
      ],
      "demand": [
        1,
        4,
        3
      ]
    },
    {
      "id": "C143",
      "x": 0.03,
      "y": 92.02,
      "time_window": [
        450.0,
        2076.81
      ],
      "demand": [
        3,
        3,
        2
      ]
    },
    {
      "id": "C144",
      "x": 74.01,
      "y": 45.95,
      "time_window": [
        450.0,
        1191.05
      ],
      "demand": [
        4,
        3,
        1
      ]
    },
    {
      "id": "C145",
      "x": 67.07,
      "y": 33.04,
      "time_window": [
        450.0,
        2260.69
      ],
      "demand": [
        1,
        4,
        1
      ]
    },
    {
      "id": "C146",
      "x": 40.04,
      "y": 67.18,
      "time_window": [
        450.0,
        1214.96
      ],
      "demand": [
        3,
        3,
        2
      ]
    },
    {
      "id": "C147",
      "x": 82.31,
      "y": 75.3,
      "time_window": [
        450.0,
        1263.68
      ],
      "demand": [
        4,
        2,
        4
      ]
    },
    {
      "id": "C148",
      "x": 2.52,
      "y": 90.29,
      "time_window": [
        450.0,
        1573.04
      ],
      "demand": [
        2,
        1,
        1
      ]
    },
    {
      "id": "C149",
      "x": 40.04,
      "y": 73.8,
      "time_window": [
        450.0,
        1177.03
      ],
      "demand": [
        1,
        1,
        3
      ]
    },
    {
      "id": "C150",
      "x": 31.74,
      "y": 47.81,
      "time_window": [
        450.0,
        2120.01
      ],
      "demand": [
        2,
        2,
        4
      ]
    },
    {
      "id": "C151",
      "x": 89.23,
      "y": 90.15,
      "time_window": [
        450.0,
        1500.73
      ],
      "demand": [
        4,
        1,
        1
      ]
    },
    {
      "id": "C152",
      "x": 53.64,
      "y": 25.02,
      "time_window": [
        450.0,
        1078.63
      ],
      "demand": [
        2,
        3,
        2
      ]
    },
    {
      "id": "C153",
      "x": 89.06,
      "y": 23.99,
      "time_window": [
        450.0,
        2550
      ],
      "demand": [
        3,
        1,
        2
      ]
    },
    {
      "id": "C154",
      "x": 10.16,
      "y": 98.3,
      "time_window": [
        450.0,
        2200.28
      ],
      "demand": [
        1,
        2,
        2
      ]
    },
    {
      "id": "C155",
      "x": 1.67,
      "y": 24.1,
      "time_window": [
        450.0,
        997.92
      ],
      "demand": [
        3,
        2,
        3
      ]
    },
    {
      "id": "C156",
      "x": 62.26,
      "y": 54.07,
      "time_window": [
        450.0,
        1779.15
      ],
      "demand": [
        1,
        3,
        3
      ]
    },
    {
      "id": "C157",
      "x": 93.94,
      "y": 81.07,
      "time_window": [
        450.0,
        2027.12
      ],
      "demand": [
        4,
        3,
        3
      ]
    },
    {
      "id": "C158",
      "x": 7.69,
      "y": 92.55,
      "time_window": [
        450.0,
        2111.64
      ],
      "demand": [
        1,
        2,
        3
      ]
    },
    {
      "id": "C159",
      "x": 77.47,
      "y": 85.7,
      "time_window": [
        450.0,
        2511.81
      ],
      "demand": [
        1,
        4,
        2
      ]
    },
    {
      "id": "C160",
      "x": 13.69,
      "y": 88.24,
      "time_window": [
        450.0,
        2346.78
      ],
      "demand": [
        4,
        3,
        4
      ]
    },
    {
      "id": "C161",
      "x": 34.38,
      "y": 47.43,
      "time_window": [
        450.0,
        1623.07
      ],
      "demand": [
        4,
        1,
        4
      ]
    },
    {
      "id": "C162",
      "x": 89.5,
      "y": 20.58,
      "time_window": [
        450.0,
        1223.76
      ],
      "demand": [
        2,
        4,
        4
      ]
    },
    {
      "id": "C163",
      "x": 4.86,
      "y": 92.6,
      "time_window": [
        450.0,
        1099.2
      ],
      "demand": [
        2,
        1,
        2
      ]
    },
    {
      "id": "C164",
      "x": 0.66,
      "y": 94.22,
      "time_window": [
        450.0,
        2512.32
      ],
      "demand": [
        4,
        2,
        4
      ]
    },
    {
      "id": "C165",
      "x": 14.25,
      "y": 22.7,
      "time_window": [
        450.0,
        1829.44
      ],
      "demand": [
        3,
        2,
        4
      ]
    },
    {
      "id": "C166",
      "x": 95.58,
      "y": 82.63,
      "time_window": [
        450.0,
        1193.95
      ],
      "demand": [
        4,
        3,
        4
      ]
    },
    {
      "id": "C167",
      "x": 17.32,
      "y": 5.4,
      "time_window": [
        450.0,
        2550
      ],
      "demand": [
        1,
        4,
        4
      ]
    },
    {
      "id": "C168",
      "x": 60.96,
      "y": 51.05,
      "time_window": [
        450.0,
        2256.01
      ],
      "demand": [
        1,
        3,
        2
      ]
    },
    {
      "id": "C169",
      "x": 53.33,
      "y": 54.79,
      "time_window": [
        450.0,
        2516.71
      ],
      "demand": [
        3,
        3,
        2
      ]
    },
    {
      "id": "C170",
      "x": 44.26,
      "y": 37.91,
      "time_window": [
        450.0,
        998.0
      ],
      "demand": [
        3,
        4,
        4
      ]
    },
    {
      "id": "C171",
      "x": 53.03,
      "y": 28.32,
      "time_window": [
        450.0,
        2483.73
      ],
      "demand": [
        2,
        4,
        2
      ]
    },
    {
      "id": "C172",
      "x": 60.01,
      "y": 59.87,
      "time_window": [
        450.0,
        1207.2
      ],
      "demand": [
        3,
        4,
        2
      ]
    },
    {
      "id": "C173",
      "x": 73.14,
      "y": 54.05,
      "time_window": [
        450.0,
        1854.58
      ],
      "demand": [
        2,
        1,
        1
      ]
    },
    {
      "id": "C174",
      "x": 74.01,
      "y": 36.09,
      "time_window": [
        450.0,
        1322.06
      ],
      "demand": [
        3,
        4,
        3
      ]
    },
    {
      "id": "C175",
      "x": 19.63,
      "y": 24.7,
      "time_window": [
        450.0,
        956.77
      ],
      "demand": [
        1,
        4,
        3
      ]
    },
    {
      "id": "C176",
      "x": 57.53,
      "y": 71.45,
      "time_window": [
        450.0,
        2022.35
      ],
      "demand": [
        2,
        2,
        1
      ]
    },
    {
      "id": "C177",
      "x": 35.25,
      "y": 56.28,
      "time_window": [
        450.0,
        1990.19
      ],
      "demand": [
        1,
        1,
        1
      ]
    },
    {
      "id": "C178",
      "x": 47.96,
      "y": 50.02,
      "time_window": [
        450.0,
        2423.58
      ],
      "demand": [
        2,
        1,
        4
      ]
    },
    {
      "id": "C179",
      "x": 21.39,
      "y": 24.69,
      "time_window": [
        450.0,
        1961.96
      ],
      "demand": [
        4,
        2,
        2
      ]
    },
    {
      "id": "C180",
      "x": 82.28,
      "y": 89.72,
      "time_window": [
        450.0,
        1310.25
      ],
      "demand": [
        1,
        2,
        2
      ]
    },
    {
      "id": "C181",
      "x": 64.44,
      "y": 62.78,
      "time_window": [
        450.0,
        1794.39
      ],
      "demand": [
        2,
        2,
        1
      ]
    },
    {
      "id": "C182",
      "x": 41.61,
      "y": 67.68,
      "time_window": [
        450.0,
        2020.68
      ],
      "demand": [
        2,
        3,
        2
      ]
    },
    {
      "id": "C183",
      "x": 41.11,
      "y": 62.58,
      "time_window": [
        450.0,
        1375.78
      ],
      "demand": [
        1,
        1,
        2
      ]
    },
    {
      "id": "C184",
      "x": 41.27,
      "y": 34.55,
      "time_window": [
        450.0,
        2395.35
      ],
      "demand": [
        2,
        4,
        4
      ]
    },
    {
      "id": "C185",
      "x": 3.79,
      "y": 94.89,
      "time_window": [
        450.0,
        2271.45
      ],
      "demand": [
        2,
        2,
        3
      ]
    },
    {
      "id": "C186",
      "x": 14.04,
      "y": 17.79,
      "time_window": [
        450.0,
        1411.35
      ],
      "demand": [
        4,
        3,
        1
      ]
    },
    {
      "id": "C187",
      "x": 48.76,
      "y": 41.61,
      "time_window": [
        450.0,
        1330.16
      ],
      "demand": [
        4,
        4,
        1
      ]
    },
    {
      "id": "C188",
      "x": 78.57,
      "y": 15.64,
      "time_window": [
        450.0,
        1235.57
      ],
      "demand": [
        2,
        2,
        2
      ]
    },
    {
      "id": "C189",
      "x": 3.49,
      "y": 24.27,
      "time_window": [
        450.0,
        2466.28
      ],
      "demand": [
        2,
        3,
        3
      ]
    },
    {
      "id": "C190",
      "x": 24.55,
      "y": 15.39,
      "time_window": [
        450.0,
        1817.46
      ],
      "demand": [
        4,
        4,
        4
      ]
    },
    {
      "id": "C191",
      "x": 94.62,
      "y": 96.8,
      "time_window": [
        450.0,
        1904.52
      ],
      "demand": [
        2,
        2,
        4
      ]
    },
    {
      "id": "C192",
      "x": 27.45,
      "y": 26.59,
      "time_window": [
        450.0,
        1831.13
      ],
      "demand": [
        1,
        1,
        1
      ]
    },
    {
      "id": "C193",
      "x": 42.04,
      "y": 61.56,
      "time_window": [
        450.0,
        1327.98
      ],
      "demand": [
        3,
        1,
        4
      ]
    },
    {
      "id": "C194",
      "x": 41.98,
      "y": 64.99,
      "time_window": [
        450.0,
        1947.42
      ],
      "demand": [
        3,
        4,
        1
      ]
    },
    {
      "id": "C195",
      "x": 31.88,
      "y": 38.43,
      "time_window": [
        450.0,
        1741.15
      ],
      "demand": [
        2,
        4,
        4
      ]
    },
    {
      "id": "C196",
      "x": 73.32,
      "y": 43.41,
      "time_window": [
        450.0,
        2150.93
      ],
      "demand": [
        1,
        1,
        2
      ]
    },
    {
      "id": "C197",
      "x": 65.82,
      "y": 41.73,
      "time_window": [
        450.0,
        2172.05
      ],
      "demand": [
        2,
        4,
        4
      ]
    },
    {
      "id": "C198",
      "x": 33.38,
      "y": 40.16,
      "time_window": [
        450.0,
        1591.62
      ],
      "demand": [
        2,
        4,
        2
      ]
    },
    {
      "id": "C199",
      "x": 10.65,
      "y": 87.95,
      "time_window": [
        450.0,
        1211.65
      ],
      "demand": [
        4,
        3,
        4
      ]
    },
    {
      "id": "C200",
      "x": 7.1,
      "y": 7.01,
      "time_window": [
        450.0,
        1950.3
      ],
      "demand": [
        1,
        2,
        3
      ]
    }
  ]
}