{
  "set_id": 7,
  "inst_id": 6,
  "vehicles": {
    "CT": {
      "count": 16,
      "capacity": 1500,
      "fixed_cost": 1500,
      "unit_cost_factor": 1.2
    },
    "UV": {
      "count": 32,
      "capacity": 500,
      "fixed_cost": 500,
      "unit_cost_factor": 1.1
    }
  },
  "P": 3,
  "item_weights": [
    10,
    5,
    5
  ],
  "inventory_ratio": 1.3,
  "FCs": [
    {
      "id": "FC1",
      "x": 25,
      "y": 25,
      "time_window": [
        0.0,
        3000.0
      ],
      "inventory": [
        53,
        72,
        75
      ]
    },
    {
      "id": "FC2",
      "x": 25,
      "y": 75,
      "time_window": [
        0.0,
        3000.0
      ],
      "inventory": [
        70,
        58,
        69
      ]
    },
    {
      "id": "FC3",
      "x": 75,
      "y": 25,
      "time_window": [
        0.0,
        3000.0
      ],
      "inventory": [
        65,
        59,
        62
      ]
    },
    {
      "id": "FC4",
      "x": 75,
      "y": 75,
      "time_window": [
        0.0,
        3000.0
      ],
      "inventory": [
        66,
        64,
        60
      ]
    }
  ],
  "DCs": [
    {
      "id": "DC1",
      "x": 4.11,
      "y": 28.76,
      "time_window": [
        300.0,
        2700.0
      ]
    },
    {
      "id": "DC2",
      "x": 99.43,
      "y": 26.72,
      "time_window": [
        300.0,
        2700.0
      ]
    },
    {
      "id": "DC3",
      "x": 42.03,
      "y": 14.28,
      "time_window": [
        300.0,
        2700.0
      ]
    },
    {
      "id": "DC4",
      "x": 61.03,
      "y": 81.49,
      "time_window": [
        300.0,
        2700.0
      ]
    },
    {
      "id": "DC5",
      "x": 89.16,
      "y": 82.24,
      "time_window": [
        300.0,
        2700.0
      ]
    },
    {
      "id": "DC6",
      "x": 90.6,
      "y": 26.24,
      "time_window": [
        300.0,
        2700.0
      ]
    },
    {
      "id": "DC7",
      "x": 8.29,
      "y": 32.79,
      "time_window": [
        300.0,
        2700.0
      ]
    },
    {
      "id": "DC8",
      "x": 81.13,
      "y": 43.47,
      "time_window": [
        300.0,
        2700.0
      ]
    }
  ],
  "CDPs": [
    {
      "id": "CDP1",
      "x": 42.96,
      "y": 43.1,
      "time_window": [
        0.0,
        3000.0
      ],
      "capacity": 271
    },
    {
      "id": "CDP2",
      "x": 93.52,
      "y": 31.6,
      "time_window": [
        0.0,
        3000.0
      ],
      "capacity": 256
    },
    {
      "id": "CDP3",
      "x": 98.68,
      "y": 65.29,
      "time_window": [
        0.0,
        3000.0
      ],
      "capacity": 204
    },
    {
      "id": "CDP4",
      "x": 17.0,
      "y": 6.56,
      "time_window": [
        0.0,
        3000.0
      ],
      "capacity": 139
    },
    {
      "id": "CDP5",
      "x": 90.0,
      "y": 27.8,
      "time_window": [
        0.0,
        3000.0
      ],
      "capacity": 162
    },
    {
      "id": "CDP6",
      "x": 78.52,
      "y": 63.21,
      "time_window": [
        0.0,
        3000.0
      ],
      "capacity": 293
    },
    {
      "id": "CDP7",
      "x": 80.33,
      "y": 21.74,
      "time_window": [
        0.0,
        3000.0
      ],
      "capacity": 127
    },
    {
      "id": "CDP8",
      "x": 67.53,
      "y": 19.66,
      "time_window": [
        0.0,
        3000.0
      ],
      "capacity": 273
    },
    {
      "id": "CDP9",
      "x": 69.24,
      "y": 83.73,
      "time_window": [
        0.0,
        3000.0
      ],
      "capacity": 130
    },
    {
      "id": "CDP10",
      "x": 84.69,
      "y": 60.94,
      "time_window": [
        0.0,
        3000.0
      ],
      "capacity": 103
    },
    {
      "id": "CDP11",
      "x": 51.89,
      "y": 37.61,
      "time_window": [
        0.0,
        3000.0
      ],
      "capacity": 182
    },
    {
      "id": "CDP12",
      "x": 22.85,
      "y": 13.06,
      "time_window": [
        0.0,
        3000.0
      ],
      "capacity": 112
    },
    {
      "id": "CDP13",
      "x": 15.08,
      "y": 95.14,
      "time_window": [
        0.0,
        3000.0
      ],
      "capacity": 226
    },
    {
      "id": "CDP14",
      "x": 64.33,
      "y": 87.98,
      "time_window": [
        0.0,
        3000.0
      ],
      "capacity": 105
    },
    {
      "id": "CDP15",
      "x": 7.24,
      "y": 4.52,
      "time_window": [
        0.0,
        3000.0
      ],
      "capacity": 196
    },
    {
      "id": "CDP16",
      "x": 5.48,
      "y": 26.74,
      "time_window": [
        0.0,
        3000.0
      ],
      "capacity": 224
    },
    {
      "id": "CDP17",
      "x": 18.43,
      "y": 60.38,
      "time_window": [
        0.0,
        3000.0
      ],
      "capacity": 154
    },
    {
      "id": "CDP18",
      "x": 93.84,
      "y": 35.36,
      "time_window": [
        0.0,
        3000.0
      ],
      "capacity": 285
    },
    {
      "id": "CDP19",
      "x": 75.08,
      "y": 94.33,
      "time_window": [
        0.0,
        3000.0
      ],
      "capacity": 287
    },
    {
      "id": "CDP20",
      "x": 76.46,
      "y": 23.17,
      "time_window": [
        0.0,
        3000.0
      ],
      "capacity": 202
    },
    {
      "id": "CDP21",
      "x": 8.07,
      "y": 58.4,
      "time_window": [
        0.0,
        3000.0
      ],
      "capacity": 268
    },
    {
      "id": "CDP22",
      "x": 20.2,
      "y": 69.62,
      "time_window": [
        0.0,
        3000.0
      ],
      "capacity": 295
    },
    {
      "id": "CDP23",
      "x": 9.73,
      "y": 80.82,
      "time_window": [
        0.0,
        3000.0
      ],
      "capacity": 222
    },
    {
      "id": "CDP24",
      "x": 77.61,
      "y": 36.94,
      "time_window": [
        0.0,
        3000.0
      ],
      "capacity": 191
    },
    {
      "id": "CDP25",
      "x": 52.05,
      "y": 43.36,
      "time_window": [
        0.0,
        3000.0
      ],
      "capacity": 285
    },
    {
      "id": "CDP26",
      "x": 1.15,
      "y": 43.89,
      "time_window": [
        0.0,
        3000.0
      ],
      "capacity": 141
    },
    {
      "id": "CDP27",
      "x": 70.95,
      "y": 0.29,
      "time_window": [
        0.0,
        3000.0
      ],
      "capacity": 259
    },
    {
      "id": "CDP28",
      "x": 47.4,
      "y": 32.28,
      "time_window": [
        0.0,
        3000.0
      ],
      "capacity": 150
    },
    {
      "id": "CDP29",
      "x": 89.8,
      "y": 25.44,
      "time_window": [
        0.0,
        3000.0
      ],
      "capacity": 165
    },
    {
      "id": "CDP30",
      "x": 1.8,
      "y": 98.21,
      "time_window": [
        0.0,
        3000.0
      ],
      "capacity": 200
    },
    {
      "id": "CDP31",
      "x": 21.9,
      "y": 90.53,
      "time_window": [
        0.0,
        3000.0
      ],
      "capacity": 151
    },
    {
      "id": "CDP32",
      "x": 31.79,
      "y": 1.48,
      "time_window": [
        0.0,
        3000.0
      ],
      "capacity": 278
    },
    {
      "id": "CDP33",
      "x": 11.97,
      "y": 99.83,
      "time_window": [
        0.0,
        3000.0
      ],
      "capacity": 178
    },
    {
      "id": "CDP34",
      "x": 67.73,
      "y": 8.29,
      "time_window": [
        0.0,
        3000.0
      ],
      "capacity": 137
    },
    {
      "id": "CDP35",
      "x": 28.76,
      "y": 84.63,
      "time_window": [
        0.0,
        3000.0
      ],
      "capacity": 111
    },
    {
      "id": "CDP36",
      "x": 52.16,
      "y": 62.16,
      "time_window": [
        0.0,
        3000.0
      ],
      "capacity": 166
    },
    {
      "id": "CDP37",
      "x": 58.45,
      "y": 66.58,
      "time_window": [
        0.0,
        3000.0
      ],
      "capacity": 240
    },
    {
      "id": "CDP38",
      "x": 19.18,
      "y": 7.75,
      "time_window": [
        0.0,
        3000.0
      ],
      "capacity": 260
    },
    {
      "id": "CDP39",
      "x": 78.48,
      "y": 91.6,
      "time_window": [
        0.0,
        3000.0
      ],
      "capacity": 176
    },
    {
      "id": "CDP40",
      "x": 22.35,
      "y": 77.34,
      "time_window": [
        0.0,
        3000.0
      ],
      "capacity": 128
    }
  ],
  "Customers": [
    {
      "id": "C1",
      "x": 36.7,
      "y": 39.01,
      "time_window": [
        450.0,
        1849.39
      ],
      "demand": [
        2,
        2,
        2
      ]
    },
    {
      "id": "C2",
      "x": 95.31,
      "y": 84.79,
      "time_window": [
        450.0,
        2272.91
      ],
      "demand": [
        3,
        3,
        4
      ]
    },
    {
      "id": "C3",
      "x": 28.92,
      "y": 43.22,
      "time_window": [
        450.0,
        1501.83
      ],
      "demand": [
        3,
        4,
        3
      ]
    },
    {
      "id": "C4",
      "x": 73.25,
      "y": 33.92,
      "time_window": [
        450.0,
        1049.7
      ],
      "demand": [
        3,
        3,
        2
      ]
    },
    {
      "id": "C5",
      "x": 71.07,
      "y": 36.3,
      "time_window": [
        450.0,
        1550.58
      ],
      "demand": [
        3,
        3,
        3
      ]
    },
    {
      "id": "C6",
      "x": 80.35,
      "y": 24.52,
      "time_window": [
        450.0,
        1885.72
      ],
      "demand": [
        2,
        1,
        2
      ]
    },
    {
      "id": "C7",
      "x": 23.93,
      "y": 94.93,
      "time_window": [
        450.0,
        1435.02
      ],
      "demand": [
        2,
        4,
        4
      ]
    },
    {
      "id": "C8",
      "x": 9.18,
      "y": 87.1,
      "time_window": [
        450.0,
        1069.41
      ],
      "demand": [
        2,
        2,
        3
      ]
    },
    {
      "id": "C9",
      "x": 55.55,
      "y": 61.02,
      "time_window": [
        450.0,
        1766.0
      ],
      "demand": [
        3,
        3,
        2
      ]
    },
    {
      "id": "C10",
      "x": 33.66,
      "y": 28.15,
      "time_window": [
        450.0,
        1336.62
      ],
      "demand": [
        3,
        3,
        2
      ]
    },
    {
      "id": "C11",
      "x": 95.97,
      "y": 85.35,
      "time_window": [
        450.0,
        1955.67
      ],
      "demand": [
        4,
        1,
        4
      ]
    },
    {
      "id": "C12",
      "x": 65.86,
      "y": 47.35,
      "time_window": [
        450.0,
        1804.34
      ],
      "demand": [
        4,
        3,
        2
      ]
    },
    {
      "id": "C13",
      "x": 54.28,
      "y": 70.34,
      "time_window": [
        450.0,
        1298.01
      ],
      "demand": [
        3,
        4,
        1
      ]
    },
    {
      "id": "C14",
      "x": 55.78,
      "y": 27.08,
      "time_window": [
        450.0,
        1283.22
      ],
      "demand": [
        1,
        1,
        2
      ]
    },
    {
      "id": "C15",
      "x": 11.53,
      "y": 0.86,
      "time_window": [
        450.0,
        1215.62
      ],
      "demand": [
        1,
        1,
        1
      ]
    },
    {
      "id": "C16",
      "x": 30.09,
      "y": 26.22,
      "time_window": [
        450.0,
        2192.21
      ],
      "demand": [
        3,
        1,
        4
      ]
    },
    {
      "id": "C17",
      "x": 61.52,
      "y": 44.07,
      "time_window": [
        450.0,
        1572.76
      ],
      "demand": [
        4,
        1,
        4
      ]
    },
    {
      "id": "C18",
      "x": 61.37,
      "y": 26.81,
      "time_window": [
        450.0,
        1856.02
      ],
      "demand": [
        1,
        4,
        4
      ]
    },
    {
      "id": "C19",
      "x": 3.72,
      "y": 8.09,
      "time_window": [
        450.0,
        1626.77
      ],
      "demand": [
        3,
        1,
        1
      ]
    },
    {
      "id": "C20",
      "x": 88.74,
      "y": 99.89,
      "time_window": [
        450.0,
        2283.79
      ],
      "demand": [
        2,
        2,
        3
      ]
    },
    {
      "id": "C21",
      "x": 64.65,
      "y": 46.91,
      "time_window": [
        450.0,
        1563.16
      ],
      "demand": [
        1,
        4,
        1
      ]
    },
    {
      "id": "C22",
      "x": 89.68,
      "y": 91.25,
      "time_window": [
        450.0,
        1395.85
      ],
      "demand": [
        4,
        1,
        1
      ]
    },
    {
      "id": "C23",
      "x": 29.05,
      "y": 69.83,
      "time_window": [
        450.0,
        1422.26
      ],
      "demand": [
        1,
        1,
        1
      ]
    },
    {
      "id": "C24",
      "x": 19.98,
      "y": 93.62,
      "time_window": [
        450.0,
        1839.18
      ],
      "demand": [
        1,
        2,
        1
      ]
    },
    {
      "id": "C25",
      "x": 39.34,
      "y": 69.29,
      "time_window": [
        450.0,
        1221.0
      ],
      "demand": [
        3,
        2,
        3
      ]
    },
    {
      "id": "C26",
      "x": 57.96,
      "y": 65.46,
      "time_window": [
        450.0,
        1684.62
      ],
      "demand": [
        1,
        4,
        2
      ]
    },
    {
      "id": "C27",
      "x": 58.36,
      "y": 72.49,
      "time_window": [
        450.0,
        2001.6
      ],
      "demand": [
        2,
        4,
        4
      ]
    },
    {
      "id": "C28",
      "x": 79.25,
      "y": 9.45,
      "time_window": [
        450.0,
        2499.54
      ],
      "demand": [
        1,
        3,
        4
      ]
    },
    {
      "id": "C29",
      "x": 68.63,
      "y": 62.16,
      "time_window": [
        450.0,
        1780.16
      ],
      "demand": [
        2,
        1,
        4
      ]
    },
    {
      "id": "C30",
      "x": 3.97,
      "y": 7.23,
      "time_window": [
        450.0,
        1198.02
      ],
      "demand": [
        1,
        3,
        1
      ]
    },
    {
      "id": "C31",
      "x": 73.62,
      "y": 31.62,
      "time_window": [
        450.0,
        1900.14
      ],
      "demand": [
        4,
        3,
        2
      ]
    },
    {
      "id": "C32",
      "x": 98.0,
      "y": 7.55,
      "time_window": [
        450.0,
        1985.7
      ],
      "demand": [
        4,
        4,
        1
      ]
    },
    {
      "id": "C33",
      "x": 22.56,
      "y": 92.36,
      "time_window": [
        450.0,
        1633.64
      ],
      "demand": [
        2,
        1,
        2
      ]
    },
    {
      "id": "C34",
      "x": 95.33,
      "y": 80.51,
      "time_window": [
        450.0,
        2212.22
      ],
      "demand": [
        1,
        3,
        2
      ]
    },
    {
      "id": "C35",
      "x": 38.05,
      "y": 55.47,
      "time_window": [
        450.0,
        2318.7
      ],
      "demand": [
        1,
        4,
        2
      ]
    },
    {
      "id": "C36",
      "x": 53.86,
      "y": 65.49,
      "time_window": [
        450.0,
        1834.89
      ],
      "demand": [
        2,
        4,
        3
      ]
    },
    {
      "id": "C37",
      "x": 37.78,
      "y": 46.21,
      "time_window": [
        450.0,
        2012.45
      ],
      "demand": [
        3,
        4,
        3
      ]
    },
    {
      "id": "C38",
      "x": 67.14,
      "y": 28.1,
      "time_window": [
        450.0,
        1384.35
      ],
      "demand": [
        1,
        1,
        4
      ]
    },
    {
      "id": "C39",
      "x": 11.58,
      "y": 3.9,
      "time_window": [
        450.0,
        1591.4
      ],
      "demand": [
        1,
        4,
        2
      ]
    },
    {
      "id": "C40",
      "x": 30.9,
      "y": 68.99,
      "time_window": [
        450.0,
        2001.01
      ],
      "demand": [
        3,
        1,
        4
      ]
    },
    {
      "id": "C41",
      "x": 25.02,
      "y": 70.62,
      "time_window": [
        450.0,
        1588.22
      ],
      "demand": [
        4,
        4,
        2
      ]
    },
    {
      "id": "C42",
      "x": 44.91,
      "y": 38.84,
      "time_window": [
        450.0,
        2183.23
      ],
      "demand": [
        2,
        3,
        1
      ]
    },
    {
      "id": "C43",
      "x": 22.09,
      "y": 13.78,
      "time_window": [
        450.0,
        2376.63
      ],
      "demand": [
        3,
        2,
        4
      ]
    },
    {
      "id": "C44",
      "x": 31.2,
      "y": 44.8,
      "time_window": [
        450.0,
        967.98
      ],
      "demand": [
        2,
        4,
        3
      ]
    },
    {
      "id": "C45",
      "x": 92.69,
      "y": 83.57,
      "time_window": [
        450.0,
        1945.32
      ],
      "demand": [
        3,
        1,
        3
      ]
    },
    {
      "id": "C46",
      "x": 21.55,
      "y": 98.51,
      "time_window": [
        450.0,
        1539.78
      ],
      "demand": [
        1,
        1,
        4
      ]
    },
    {
      "id": "C47",
      "x": 36.95,
      "y": 53.16,
      "time_window": [
        450.0,
        1971.27
      ],
      "demand": [
        2,
        2,
        2
      ]
    },
    {
      "id": "C48",
      "x": 57.05,
      "y": 33.33,
      "time_window": [
        450.0,
        2503.54
      ],
      "demand": [
        1,
        1,
        2
      ]
    },
    {
      "id": "C49",
      "x": 50.17,
      "y": 26.1,
      "time_window": [
        450.0,
        2318.64
      ],
      "demand": [
        2,
        4,
        1
      ]
    },
    {
      "id": "C50",
      "x": 49.15,
      "y": 72.49,
      "time_window": [
        450.0,
        1676.65
      ],
      "demand": [
        4,
        1,
        4
      ]
    },
    {
      "id": "C51",
      "x": 58.86,
      "y": 38.13,
      "time_window": [
        450.0,
        2295.0
      ],
      "demand": [
        3,
        4,
        3
      ]
    },
    {
      "id": "C52",
      "x": 65.84,
      "y": 38.29,
      "time_window": [
        450.0,
        1647.14
      ],
      "demand": [
        3,
        4,
        1
      ]
    },
    {
      "id": "C53",
      "x": 11.45,
      "y": 96.93,
      "time_window": [
        450.0,
        1658.28
      ],
      "demand": [
        4,
        1,
        3
      ]
    },
    {
      "id": "C54",
      "x": 67.59,
      "y": 43.99,
      "time_window": [
        450.0,
        1141.2
      ],
      "demand": [
        4,
        1,
        1
      ]
    },
    {
      "id": "C55",
      "x": 0.09,
      "y": 20.91,
      "time_window": [
        450.0,
        2282.61
      ],
      "demand": [
        3,
        1,
        3
      ]
    },
    {
      "id": "C56",
      "x": 27.87,
      "y": 53.78,
      "time_window": [
        450.0,
        1603.18
      ],
      "demand": [
        1,
        3,
        4
      ]
    },
    {
      "id": "C57",
      "x": 9.52,
      "y": 0.48,
      "time_window": [
        450.0,
        1735.75
      ],
      "demand": [
        4,
        3,
        3
      ]
    },
    {
      "id": "C58",
      "x": 69.46,
      "y": 62.36,
      "time_window": [
        450.0,
        1192.62
      ],
      "demand": [
        3,
        1,
        1
      ]
    },
    {
      "id": "C59",
      "x": 28.42,
      "y": 32.68,
      "time_window": [
        450.0,
        1759.43
      ],
      "demand": [
        3,
        1,
        4
      ]
    },
    {
      "id": "C60",
      "x": 12.6,
      "y": 99.81,
      "time_window": [
        450.0,
        2305.12
      ],
      "demand": [
        1,
        4,
        1
      ]
    },
    {
      "id": "C61",
      "x": 67.97,
      "y": 55.56,
      "time_window": [
        450.0,
        1947.62
      ],
      "demand": [
        3,
        3,
        4
      ]
    },
    {
      "id": "C62",
      "x": 90.07,
      "y": 3.47,
      "time_window": [
        450.0,
        2297.08
      ],
      "demand": [
        4,
        4,
        2
      ]
    },
    {
      "id": "C63",
      "x": 9.89,
      "y": 6.95,
      "time_window": [
        450.0,
        1264.23
      ],
      "demand": [
        4,
        2,
        2
      ]
    },
    {
      "id": "C64",
      "x": 55.83,
      "y": 33.44,
      "time_window": [
        450.0,
        1803.71
      ],
      "demand": [
        4,
        2,
        1
      ]
    },
    {
      "id": "C65",
      "x": 35.09,
      "y": 44.63,
      "time_window": [
        450.0,
        2026.62
      ],
      "demand": [
        1,
        2,
        3
      ]
    },
    {
      "id": "C66",
      "x": 74.06,
      "y": 57.85,
      "time_window": [
        450.0,
        2253.35
      ],
      "demand": [
        2,
        2,
        3
      ]
    },
    {
      "id": "C67",
      "x": 49.13,
      "y": 32.86,
      "time_window": [
        450.0,
        2366.41
      ],
      "demand": [
        1,
        1,
        3
      ]
    },
    {
      "id": "C68",
      "x": 40.3,
      "y": 70.71,
      "time_window": [
        450.0,
        1955.5
      ],
      "demand": [
        1,
        1,
        3
      ]
    },
    {
      "id": "C69",
      "x": 48.77,
      "y": 41.27,
      "time_window": [
        450.0,
        2347.34
      ],
      "demand": [
        4,
        1,
        3
      ]
    },
    {
      "id": "C70",
      "x": 82.84,
      "y": 17.44,
      "time_window": [
        450.0,
        2186.66
      ],
      "demand": [
        3,
        2,
        1
      ]
    },
    {
      "id": "C71",
      "x": 43.66,
      "y": 25.84,
      "time_window": [
        450.0,
        2117.19
      ],
      "demand": [
        2,
        2,
        4
      ]
    },
    {
      "id": "C72",
      "x": 0.24,
      "y": 21.67,
      "time_window": [
        450.0,
        1421.65
      ],
      "demand": [
        3,
        1,
        4
      ]
    },
    {
      "id": "C73",
      "x": 20.88,
      "y": 82.45,
      "time_window": [
        450.0,
        1732.06
      ],
      "demand": [
        2,
        4,
        4
      ]
    },
    {
      "id": "C74",
      "x": 99.12,
      "y": 2.33,
      "time_window": [
        450.0,
        1905.29
      ],
      "demand": [
        2,
        4,
        3
      ]
    },
    {
      "id": "C75",
      "x": 21.77,
      "y": 21.84,
      "time_window": [
        450.0,
        1124.76
      ],
      "demand": [
        2,
        3,
        3
      ]
    },
    {
      "id": "C76",
      "x": 72.37,
      "y": 40.63,
      "time_window": [
        450.0,
        1745.04
      ],
      "demand": [
        1,
        3,
        2
      ]
    },
    {
      "id": "C77",
      "x": 69.74,
      "y": 50.9,
      "time_window": [
        450.0,
        2105.21
      ],
      "demand": [
        3,
        2,
        4
      ]
    },
    {
      "id": "C78",
      "x": 16.41,
      "y": 13.41,
      "time_window": [
        450.0,
        1567.62
      ],
      "demand": [
        2,
        3,
        1
      ]
    },
    {
      "id": "C79",
      "x": 15.6,
      "y": 87.56,
      "time_window": [
        450.0,
        1696.53
      ],
      "demand": [
        4,
        1,
        1
      ]
    },
    {
      "id": "C80",
      "x": 62.96,
      "y": 25.82,
      "time_window": [
        450.0,
        2438.31
      ],
      "demand": [
        3,
        4,
        3
      ]
    }
  ]
}