{
  "set_id": 7,
  "inst_id": 8,
  "vehicles": {
    "CT": {
      "count": 16,
      "capacity": 1500,
      "fixed_cost": 1500,
      "unit_cost_factor": 1.2
    },
    "UV": {
      "count": 32,
      "capacity": 500,
      "fixed_cost": 500,
      "unit_cost_factor": 1.1
    }
  },
  "P": 3,
  "item_weights": [
    10,
    5,
    5
  ],
  "inventory_ratio": 1.3,
  "FCs": [
    {
      "id": "FC1",
      "x": 25,
      "y": 25,
      "time_window": [
        0.0,
        3000.0
      ],
      "inventory": [
        55,
        52,
        59
      ]
    },
    {
      "id": "FC2",
      "x": 25,
      "y": 75,
      "time_window": [
        0.0,
        3000.0
      ],
      "inventory": [
        71,
        57,
        87
      ]
    },
    {
      "id": "FC3",
      "x": 75,
      "y": 25,
      "time_window": [
        0.0,
        3000.0
      ],
      "inventory": [
        61,
        63,
        60
      ]
    },
    {
      "id": "FC4",
      "x": 75,
      "y": 75,
      "time_window": [
        0.0,
        3000.0
      ],
      "inventory": [
        77,
        73,
        61
      ]
    }
  ],
  "DCs": [
    {
      "id": "DC1",
      "x": 37.97,
      "y": 56.37,
      "time_window": [
        300.0,
        2700.0
      ]
    },
    {
      "id": "DC2",
      "x": 83.58,
      "y": 8.18,
      "time_window": [
        300.0,
        2700.0
      ]
    },
    {
      "id": "DC3",
      "x": 12.07,
      "y": 42.28,
      "time_window": [
        300.0,
        2700.0
      ]
    },
    {
      "id": "DC4",
      "x": 63.39,
      "y": 5.05,
      "time_window": [
        300.0,
        2700.0
      ]
    },
    {
      "id": "DC5",
      "x": 64.59,
      "y": 1.0,
      "time_window": [
        300.0,
        2700.0
      ]
    },
    {
      "id": "DC6",
      "x": 35.89,
      "y": 47.21,
      "time_window": [
        300.0,
        2700.0
      ]
    },
    {
      "id": "DC7",
      "x": 24.97,
      "y": 73.68,
      "time_window": [
        300.0,
        2700.0
      ]
    },
    {
      "id": "DC8",
      "x": 86.88,
      "y": 80.49,
      "time_window": [
        300.0,
        2700.0
      ]
    }
  ],
  "CDPs": [
    {
      "id": "CDP1",
      "x": 14.46,
      "y": 1.2,
      "time_window": [
        0.0,
        3000.0
      ],
      "capacity": 243
    },
    {
      "id": "CDP2",
      "x": 71.56,
      "y": 14.47,
      "time_window": [
        0.0,
        3000.0
      ],
      "capacity": 194
    },
    {
      "id": "CDP3",
      "x": 93.06,
      "y": 76.4,
      "time_window": [
        0.0,
        3000.0
      ],
      "capacity": 272
    },
    {
      "id": "CDP4",
      "x": 70.06,
      "y": 88.04,
      "time_window": [
        0.0,
        3000.0
      ],
      "capacity": 252
    },
    {
      "id": "CDP5",
      "x": 0.25,
      "y": 50.48,
      "time_window": [
        0.0,
        3000.0
      ],
      "capacity": 283
    },
    {
      "id": "CDP6",
      "x": 57.99,
      "y": 24.73,
      "time_window": [
        0.0,
        3000.0
      ],
      "capacity": 281
    },
    {
      "id": "CDP7",
      "x": 38.7,
      "y": 17.62,
      "time_window": [
        0.0,
        3000.0
      ],
      "capacity": 210
    },
    {
      "id": "CDP8",
      "x": 53.4,
      "y": 47.43,
      "time_window": [
        0.0,
        3000.0
      ],
      "capacity": 115
    },
    {
      "id": "CDP9",
      "x": 25.71,
      "y": 99.83,
      "time_window": [
        0.0,
        3000.0
      ],
      "capacity": 216
    },
    {
      "id": "CDP10",
      "x": 70.58,
      "y": 41.55,
      "time_window": [
        0.0,
        3000.0
      ],
      "capacity": 175
    },
    {
      "id": "CDP11",
      "x": 13.56,
      "y": 4.98,
      "time_window": [
        0.0,
        3000.0
      ],
      "capacity": 196
    },
    {
      "id": "CDP12",
      "x": 13.8,
      "y": 20.21,
      "time_window": [
        0.0,
        3000.0
      ],
      "capacity": 121
    },
    {
      "id": "CDP13",
      "x": 82.08,
      "y": 12.9,
      "time_window": [
        0.0,
        3000.0
      ],
      "capacity": 272
    },
    {
      "id": "CDP14",
      "x": 78.14,
      "y": 58.13,
      "time_window": [
        0.0,
        3000.0
      ],
      "capacity": 104
    },
    {
      "id": "CDP15",
      "x": 85.11,
      "y": 53.7,
      "time_window": [
        0.0,
        3000.0
      ],
      "capacity": 220
    },
    {
      "id": "CDP16",
      "x": 36.36,
      "y": 65.74,
      "time_window": [
        0.0,
        3000.0
      ],
      "capacity": 100
    },
    {
      "id": "CDP17",
      "x": 98.16,
      "y": 22.92,
      "time_window": [
        0.0,
        3000.0
      ],
      "capacity": 180
    },
    {
      "id": "CDP18",
      "x": 87.89,
      "y": 33.94,
      "time_window": [
        0.0,
        3000.0
      ],
      "capacity": 230
    },
    {
      "id": "CDP19",
      "x": 23.95,
      "y": 38.52,
      "time_window": [
        0.0,
        3000.0
      ],
      "capacity": 274
    },
    {
      "id": "CDP20",
      "x": 4.3,
      "y": 43.12,
      "time_window": [
        0.0,
        3000.0
      ],
      "capacity": 143
    },
    {
      "id": "CDP21",
      "x": 36.09,
      "y": 62.22,
      "time_window": [
        0.0,
        3000.0
      ],
      "capacity": 251
    },
    {
      "id": "CDP22",
      "x": 72.51,
      "y": 54.19,
      "time_window": [
        0.0,
        3000.0
      ],
      "capacity": 245
    },
    {
      "id": "CDP23",
      "x": 88.42,
      "y": 37.72,
      "time_window": [
        0.0,
        3000.0
      ],
      "capacity": 275
    },
    {
      "id": "CDP24",
      "x": 85.64,
      "y": 28.3,
      "time_window": [
        0.0,
        3000.0
      ],
      "capacity": 117
    },
    {
      "id": "CDP25",
      "x": 63.7,
      "y": 88.71,
      "time_window": [
        0.0,
        3000.0
      ],
      "capacity": 258
    },
    {
      "id": "CDP26",
      "x": 6.3,
      "y": 98.47,
      "time_window": [
        0.0,
        3000.0
      ],
      "capacity": 264
    },
    {
      "id": "CDP27",
      "x": 62.72,
      "y": 28.21,
      "time_window": [
        0.0,
        3000.0
      ],
      "capacity": 181
    },
    {
      "id": "CDP28",
      "x": 34.59,
      "y": 16.07,
      "time_window": [
        0.0,
        3000.0
      ],
      "capacity": 148
    },
    {
      "id": "CDP29",
      "x": 68.56,
      "y": 10.26,
      "time_window": [
        0.0,
        3000.0
      ],
      "capacity": 174
    },
    {
      "id": "CDP30",
      "x": 35.98,
      "y": 93.94,
      "time_window": [
        0.0,
        3000.0
      ],
      "capacity": 106
    },
    {
      "id": "CDP31",
      "x": 38.57,
      "y": 52.01,
      "time_window": [
        0.0,
        3000.0
      ],
      "capacity": 225
    },
    {
      "id": "CDP32",
      "x": 85.33,
      "y": 67.52,
      "time_window": [
        0.0,
        3000.0
      ],
      "capacity": 220
    },
    {
      "id": "CDP33",
      "x": 3.57,
      "y": 94.45,
      "time_window": [
        0.0,
        3000.0
      ],
      "capacity": 259
    },
    {
      "id": "CDP34",
      "x": 37.98,
      "y": 1.75,
      "time_window": [
        0.0,
        3000.0
      ],
      "capacity": 165
    },
    {
      "id": "CDP35",
      "x": 61.5,
      "y": 23.27,
      "time_window": [
        0.0,
        3000.0
      ],
      "capacity": 221
    },
    {
      "id": "CDP36",
      "x": 58.58,
      "y": 59.78,
      "time_window": [
        0.0,
        3000.0
      ],
      "capacity": 242
    },
    {
      "id": "CDP37",
      "x": 88.12,
      "y": 42.02,
      "time_window": [
        0.0,
        3000.0
      ],
      "capacity": 133
    },
    {
      "id": "CDP38",
      "x": 60.71,
      "y": 31.67,
      "time_window": [
        0.0,
        3000.0
      ],
      "capacity": 126
    },
    {
      "id": "CDP39",
      "x": 52.91,
      "y": 21.37,
      "time_window": [
        0.0,
        3000.0
      ],
      "capacity": 160
    },
    {
      "id": "CDP40",
      "x": 91.11,
      "y": 98.17,
      "time_window": [
        0.0,
        3000.0
      ],
      "capacity": 161
    }
  ],
  "Customers": [
    {
      "id": "C1",
      "x": 39.92,
      "y": 56.84,
      "time_window": [
        450.0,
        2383.15
      ],
      "demand": [
        2,
        3,
        4
      ]
    },
    {
      "id": "C2",
      "x": 29.89,
      "y": 74.77,
      "time_window": [
        450.0,
        1424.31
      ],
      "demand": [
        3,
        2,
        1
      ]
    },
    {
      "id": "C3",
      "x": 1.97,
      "y": 89.79,
      "time_window": [
        450.0,
        1847.63
      ],
      "demand": [
        1,
        4,
        3
      ]
    },
    {
      "id": "C4",
      "x": 12.47,
      "y": 85.19,
      "time_window": [
        450.0,
        1930.52
      ],
      "demand": [
        1,
        1,
        3
      ]
    },
    {
      "id": "C5",
      "x": 63.14,
      "y": 36.7,
      "time_window": [
        450.0,
        1185.9
      ],
      "demand": [
        4,
        1,
        4
      ]
    },
    {
      "id": "C6",
      "x": 72.71,
      "y": 32.3,
      "time_window": [
        450.0,
        1084.72
      ],
      "demand": [
        3,
        2,
        2
      ]
    },
    {
      "id": "C7",
      "x": 34.09,
      "y": 44.4,
      "time_window": [
        450.0,
        2364.49
      ],
      "demand": [
        4,
        3,
        1
      ]
    },
    {
      "id": "C8",
      "x": 30.5,
      "y": 28.07,
      "time_window": [
        450.0,
        1668.4
      ],
      "demand": [
        3,
        4,
        3
      ]
    },
    {
      "id": "C9",
      "x": 53.48,
      "y": 50.2,
      "time_window": [
        450.0,
        1140.05
      ],
      "demand": [
        1,
        2,
        4
      ]
    },
    {
      "id": "C10",
      "x": 11.66,
      "y": 83.99,
      "time_window": [
        450.0,
        1163.52
      ],
      "demand": [
        1,
        3,
        2
      ]
    },
    {
      "id": "C11",
      "x": 49.01,
      "y": 60.15,
      "time_window": [
        450.0,
        1219.99
      ],
      "demand": [
        3,
        4,
        4
      ]
    },
    {
      "id": "C12",
      "x": 55.34,
      "y": 68.45,
      "time_window": [
        450.0,
        1583.8
      ],
      "demand": [
        3,
        1,
        4
      ]
    },
    {
      "id": "C13",
      "x": 49.42,
      "y": 37.77,
      "time_window": [
        450.0,
        1004.05
      ],
      "demand": [
        3,
        1,
        3
      ]
    },
    {
      "id": "C14",
      "x": 54.7,
      "y": 44.43,
      "time_window": [
        450.0,
        1650.72
      ],
      "demand": [
        3,
        3,
        3
      ]
    },
    {
      "id": "C15",
      "x": 58.7,
      "y": 51.16,
      "time_window": [
        450.0,
        1553.8
      ],
      "demand": [
        3,
        3,
        1
      ]
    },
    {
      "id": "C16",
      "x": 39.75,
      "y": 29.52,
      "time_window": [
        450.0,
        2388.73
      ],
      "demand": [
        3,
        2,
        1
      ]
    },
    {
      "id": "C17",
      "x": 80.97,
      "y": 75.08,
      "time_window": [
        450.0,
        2306.59
      ],
      "demand": [
        2,
        1,
        3
      ]
    },
    {
      "id": "C18",
      "x": 35.13,
      "y": 49.16,
      "time_window": [
        450.0,
        1178.67
      ],
      "demand": [
        2,
        4,
        4
      ]
    },
    {
      "id": "C19",
      "x": 72.33,
      "y": 62.84,
      "time_window": [
        450.0,
        1998.65
      ],
      "demand": [
        2,
        3,
        3
      ]
    },
    {
      "id": "C20",
      "x": 91.6,
      "y": 22.88,
      "time_window": [
        450.0,
        1434.24
      ],
      "demand": [
        4,
        3,
        1
      ]
    },
    {
      "id": "C21",
      "x": 35.56,
      "y": 27.17,
      "time_window": [
        450.0,
        1784.77
      ],
      "demand": [
        2,
        1,
        3
      ]
    },
    {
      "id": "C22",
      "x": 34.61,
      "y": 34.71,
      "time_window": [
        450.0,
        1222.1
      ],
      "demand": [
        2,
        1,
        4
      ]
    },
    {
      "id": "C23",
      "x": 24.55,
      "y": 76.2,
      "time_window": [
        450.0,
        2080.87
      ],
      "demand": [
        2,
        2,
        1
      ]
    },
    {
      "id": "C24",
      "x": 76.4,
      "y": 18.03,
      "time_window": [
        450.0,
        2217.64
      ],
      "demand": [
        3,
        4,
        4
      ]
    },
    {
      "id": "C25",
      "x": 52.89,
      "y": 44.5,
      "time_window": [
        450.0,
        1126.96
      ],
      "demand": [
        3,
        3,
        1
      ]
    },
    {
      "id": "C26",
      "x": 34.48,
      "y": 30.16,
      "time_window": [
        450.0,
        1044.97
      ],
      "demand": [
        3,
        3,
        4
      ]
    },
    {
      "id": "C27",
      "x": 10.67,
      "y": 1.13,
      "time_window": [
        450.0,
        1068.68
      ],
      "demand": [
        2,
        3,
        1
      ]
    },
    {
      "id": "C28",
      "x": 80.21,
      "y": 0.83,
      "time_window": [
        450.0,
        1508.06
      ],
      "demand": [
        2,
        4,
        4
      ]
    },
    {
      "id": "C29",
      "x": 45.63,
      "y": 47.2,
      "time_window": [
        450.0,
        1488.01
      ],
      "demand": [
        3,
        2,
        3
      ]
    },
    {
      "id": "C30",
      "x": 50.15,
      "y": 55.2,
      "time_window": [
        450.0,
        1087.43
      ],
      "demand": [
        1,
        3,
        2
      ]
    },
    {
      "id": "C31",
      "x": 38.82,
      "y": 34.69,
      "time_window": [
        450.0,
        2054.16
      ],
      "demand": [
        2,
        1,
        3
      ]
    },
    {
      "id": "C32",
      "x": 80.02,
      "y": 22.21,
      "time_window": [
        450.0,
        2143.18
      ],
      "demand": [
        3,
        4,
        1
      ]
    },
    {
      "id": "C33",
      "x": 35.48,
      "y": 35.22,
      "time_window": [
        450.0,
        1167.35
      ],
      "demand": [
        2,
        2,
        4
      ]
    },
    {
      "id": "C34",
      "x": 6.44,
      "y": 1.53,
      "time_window": [
        450.0,
        1973.55
      ],
      "demand": [
        3,
        2,
        2
      ]
    },
    {
      "id": "C35",
      "x": 48.62,
      "y": 40.21,
      "time_window": [
        450.0,
        1790.75
      ],
      "demand": [
        1,
        3,
        2
      ]
    },
    {
      "id": "C36",
      "x": 23.7,
      "y": 90.16,
      "time_window": [
        450.0,
        2265.76
      ],
      "demand": [
        3,
        4,
        4
      ]
    },
    {
      "id": "C37",
      "x": 9.57,
      "y": 98.32,
      "time_window": [
        450.0,
        1539.33
      ],
      "demand": [
        1,
        2,
        2
      ]
    },
    {
      "id": "C38",
      "x": 55.88,
      "y": 25.45,
      "time_window": [
        450.0,
        1933.12
      ],
      "demand": [
        1,
        1,
        4
      ]
    },
    {
      "id": "C39",
      "x": 4.4,
      "y": 17.19,
      "time_window": [
        450.0,
        1337.34
      ],
      "demand": [
        3,
        1,
        1
      ]
    },
    {
      "id": "C40",
      "x": 62.15,
      "y": 62.81,
      "time_window": [
        450.0,
        1221.99
      ],
      "demand": [
        4,
        3,
        1
      ]
    },
    {
      "id": "C41",
      "x": 73.66,
      "y": 37.72,
      "time_window": [
        450.0,
        1163.55
      ],
      "demand": [
        3,
        2,
        1
      ]
    },
    {
      "id": "C42",
      "x": 80.47,
      "y": 91.44,
      "time_window": [
        450.0,
        1907.38
      ],
      "demand": [
        2,
        3,
        1
      ]
    },
    {
      "id": "C43",
      "x": 74.4,
      "y": 59.09,
      "time_window": [
        450.0,
        1717.94
      ],
      "demand": [
        3,
        1,
        3
      ]
    },
    {
      "id": "C44",
      "x": 79.25,
      "y": 19.18,
      "time_window": [
        450.0,
        1919.6
      ],
      "demand": [
        1,
        2,
        1
      ]
    },
    {
      "id": "C45",
      "x": 60.98,
      "y": 66.3,
      "time_window": [
        450.0,
        2330.85
      ],
      "demand": [
        1,
        1,
        3
      ]
    },
    {
      "id": "C46",
      "x": 62.81,
      "y": 52.95,
      "time_window": [
        450.0,
        2293.47
      ],
      "demand": [
        2,
        3,
        4
      ]
    },
    {
      "id": "C47",
      "x": 68.39,
      "y": 71.87,
      "time_window": [
        450.0,
        2366.04
      ],
      "demand": [
        3,
        2,
        3
      ]
    },
    {
      "id": "C48",
      "x": 59.61,
      "y": 37.15,
      "time_window": [
        450.0,
        2410.58
      ],
      "demand": [
        4,
        3,
        1
      ]
    },
    {
      "id": "C49",
      "x": 79.26,
      "y": 16.55,
      "time_window": [
        450.0,
        2434.6
      ],
      "demand": [
        4,
        1,
        3
      ]
    },
    {
      "id": "C50",
      "x": 48.61,
      "y": 64.74,
      "time_window": [
        450.0,
        1290.79
      ],
      "demand": [
        4,
        1,
        3
      ]
    },
    {
      "id": "C51",
      "x": 13.36,
      "y": 94.81,
      "time_window": [
        450.0,
        1122.4
      ],
      "demand": [
        4,
        2,
        1
      ]
    },
    {
      "id": "C52",
      "x": 70.12,
      "y": 50.95,
      "time_window": [
        450.0,
        2492.63
      ],
      "demand": [
        3,
        4,
        1
      ]
    },
    {
      "id": "C53",
      "x": 92.1,
      "y": 78.03,
      "time_window": [
        450.0,
        2096.42
      ],
      "demand": [
        4,
        4,
        4
      ]
    },
    {
      "id": "C54",
      "x": 34.25,
      "y": 56.39,
      "time_window": [
        450.0,
        1249.25
      ],
      "demand": [
        1,
        1,
        2
      ]
    },
    {
      "id": "C55",
      "x": 41.14,
      "y": 27.67,
      "time_window": [
        450.0,
        1797.08
      ],
      "demand": [
        3,
        3,
        2
      ]
    },
    {
      "id": "C56",
      "x": 34.27,
      "y": 55.82,
      "time_window": [
        450.0,
        1633.61
      ],
      "demand": [
        4,
        1,
        2
      ]
    },
    {
      "id": "C57",
      "x": 88.29,
      "y": 84.85,
      "time_window": [
        450.0,
        2179.11
      ],
      "demand": [
        1,
        2,
        3
      ]
    },
    {
      "id": "C58",
      "x": 98.22,
      "y": 4.41,
      "time_window": [
        450.0,
        1597.64
      ],
      "demand": [
        4,
        1,
        4
      ]
    },
    {
      "id": "C59",
      "x": 5.24,
      "y": 97.48,
      "time_window": [
        450.0,
        1436.73
      ],
      "demand": [
        2,
        4,
        3
      ]
    },
    {
      "id": "C60",
      "x": 47.75,
      "y": 33.67,
      "time_window": [
        450.0,
        2238.3
      ],
      "demand": [
        2,
        1,
        3
      ]
    },
    {
      "id": "C61",
      "x": 75.84,
      "y": 4.22,
      "time_window": [
        450.0,
        2140.9
      ],
      "demand": [
        1,
        2,
        3
      ]
    },
    {
      "id": "C62",
      "x": 48.4,
      "y": 41.08,
      "time_window": [
        450.0,
        1327.82
      ],
      "demand": [
        4,
        2,
        1
      ]
    },
    {
      "id": "C63",
      "x": 66.35,
      "y": 67.8,
      "time_window": [
        450.0,
        1137.5
      ],
      "demand": [
        2,
        1,
        4
      ]
    },
    {
      "id": "C64",
      "x": 87.88,
      "y": 94.93,
      "time_window": [
        450.0,
        1615.8
      ],
      "demand": [
        1,
        3,
        2
      ]
    },
    {
      "id": "C65",
      "x": 61.71,
      "y": 37.74,
      "time_window": [
        450.0,
        1114.7
      ],
      "demand": [
        3,
        1,
        1
      ]
    },
    {
      "id": "C66",
      "x": 3.62,
      "y": 7.92,
      "time_window": [
        450.0,
        1595.18
      ],
      "demand": [
        2,
        4,
        1
      ]
    },
    {
      "id": "C67",
      "x": 7.92,
      "y": 95.54,
      "time_window": [
        450.0,
        1318.79
      ],
      "demand": [
        1,
        4,
        1
      ]
    },
    {
      "id": "C68",
      "x": 67.26,
      "y": 68.45,
      "time_window": [
        450.0,
        1195.05
      ],
      "demand": [
        4,
        4,
        4
      ]
    },
    {
      "id": "C69",
      "x": 84.89,
      "y": 19.17,
      "time_window": [
        450.0,
        1281.51
      ],
      "demand": [
        1,
        3,
        4
      ]
    },
    {
      "id": "C70",
      "x": 27.52,
      "y": 33.79,
      "time_window": [
        450.0,
        1926.12
      ],
      "demand": [
        3,
        2,
        3
      ]
    },
    {
      "id": "C71",
      "x": 76.58,
      "y": 95.44,
      "time_window": [
        450.0,
        1346.03
      ],
      "demand": [
        1,
        3,
        4
      ]
    },
    {
      "id": "C72",
      "x": 62.42,
      "y": 72.82,
      "time_window": [
        450.0,
        972.83
      ],
      "demand": [
        3,
        2,
        4
      ]
    },
    {
      "id": "C73",
      "x": 43.0,
      "y": 34.71,
      "time_window": [
        450.0,
        2022.3
      ],
      "demand": [
        4,
        2,
        2
      ]
    },
    {
      "id": "C74",
      "x": 93.08,
      "y": 96.94,
      "time_window": [
        450.0,
        2436.77
      ],
      "demand": [
        4,
        4,
        1
      ]
    },
    {
      "id": "C75",
      "x": 50.63,
      "y": 58.02,
      "time_window": [
        450.0,
        1551.27
      ],
      "demand": [
        2,
        1,
        3
      ]
    },
    {
      "id": "C76",
      "x": 6.5,
      "y": 75.19,
      "time_window": [
        450.0,
        2550
      ],
      "demand": [
        3,
        1,
        1
      ]
    },
    {
      "id": "C77",
      "x": 82.04,
      "y": 81.99,
      "time_window": [
        450.0,
        1105.48
      ],
      "demand": [
        4,
        4,
        1
      ]
    },
    {
      "id": "C78",
      "x": 30.27,
      "y": 72.97,
      "time_window": [
        450.0,
        1489.99
      ],
      "demand": [
        2,
        1,
        4
      ]
    },
    {
      "id": "C79",
      "x": 36.32,
      "y": 71.29,
      "time_window": [
        450.0,
        1271.48
      ],
      "demand": [
        3,
        1,
        4
      ]
    },
    {
      "id": "C80",
      "x": 4.5,
      "y": 21.95,
      "time_window": [
        450.0,
        1498.92
      ],
      "demand": [
        3,
        2,
        4
      ]
    }
  ]
}