{
  "set_id": 2,
  "inst_id": 2,
  "vehicles": {
    "CT": {
      "count": 6,
      "capacity": 1500,
      "fixed_cost": 1500,
      "unit_cost_factor": 1.2
    },
    "UV": {
      "count": 8,
      "capacity": 500,
      "fixed_cost": 500,
      "unit_cost_factor": 1.1
    }
  },
  "P": 3,
  "item_weights": [
    15,
    5,
    15
  ],
  "inventory_ratio": 1.2,
  "FCs": [
    {
      "id": "FC1",
      "x": 25,
      "y": 25,
      "time_window": [
        0.0,
        3000.0
      ],
      "inventory": [
        36,
        25,
        38
      ]
    },
    {
      "id": "FC2",
      "x": 75,
      "y": 75,
      "time_window": [
        0.0,
        3000.0
      ],
      "inventory": [
        24,
        35,
        26
      ]
    }
  ],
  "DCs": [
    {
      "id": "DC1",
      "x": 65.45,
      "y": 67.42,
      "time_window": [
        300.0,
        2700.0
      ]
    },
    {
      "id": "DC2",
      "x": 29.73,
      "y": 10.16,
      "time_window": [
        300.0,
        2700.0
      ]
    },
    {
      "id": "DC3",
      "x": 52.39,
      "y": 74.46,
      "time_window": [
        300.0,
        2700.0
      ]
    },
    {
      "id": "DC4",
      "x": 51.44,
      "y": 6.12,
      "time_window": [
        300.0,
        2700.0
      ]
    }
  ],
  "CDPs": [
    {
      "id": "CDP1",
      "x": 4.71,
      "y": 64.71,
      "time_window": [
        0.0,
        3000.0
      ],
      "capacity": 238
    },
    {
      "id": "CDP2",
      "x": 9.9,
      "y": 50.3,
      "time_window": [
        0.0,
        3000.0
      ],
      "capacity": 286
    },
    {
      "id": "CDP3",
      "x": 39.25,
      "y": 45.28,
      "time_window": [
        0.0,
        3000.0
      ],
      "capacity": 289
    },
    {
      "id": "CDP4",
      "x": 18.0,
      "y": 22.93,
      "time_window": [
        0.0,
        3000.0
      ],
      "capacity": 282
    },
    {
      "id": "CDP5",
      "x": 48.51,
      "y": 19.25,
      "time_window": [
        0.0,
        3000.0
      ],
      "capacity": 258
    },
    {
      "id": "CDP6",
      "x": 71.83,
      "y": 2.35,
      "time_window": [
        0.0,
        3000.0
      ],
      "capacity": 123
    },
    {
      "id": "CDP7",
      "x": 32.58,
      "y": 66.89,
      "time_window": [
        0.0,
        3000.0
      ],
      "capacity": 101
    },
    {
      "id": "CDP8",
      "x": 38.18,
      "y": 23.21,
      "time_window": [
        0.0,
        3000.0
      ],
      "capacity": 285
    },
    {
      "id": "CDP9",
      "x": 56.2,
      "y": 81.33,
      "time_window": [
        0.0,
        3000.0
      ],
      "capacity": 262
    },
    {
      "id": "CDP10",
      "x": 32.15,
      "y": 67.06,
      "time_window": [
        0.0,
        3000.0
      ],
      "capacity": 280
    },
    {
      "id": "CDP11",
      "x": 98.15,
      "y": 68.3,
      "time_window": [
        0.0,
        3000.0
      ],
      "capacity": 152
    },
    {
      "id": "CDP12",
      "x": 93.5,
      "y": 53.71,
      "time_window": [
        0.0,
        3000.0
      ],
      "capacity": 108
    }
  ],
  "Customers": [
    {
      "id": "C1",
      "x": 70.35,
      "y": 61.01,
      "time_window": [
        450.0,
        2288.67
      ],
      "demand": [
        1,
        3,
        4
      ]
    },
    {
      "id": "C2",
      "x": 22.01,
      "y": 22.12,
      "time_window": [
        450.0,
        1087.52
      ],
      "demand": [
        3,
        3,
        2
      ]
    },
    {
      "id": "C3",
      "x": 25.7,
      "y": 40.82,
      "time_window": [
        450.0,
        1166.37
      ],
      "demand": [
        4,
        2,
        3
      ]
    },
    {
      "id": "C4",
      "x": 23.65,
      "y": 14.94,
      "time_window": [
        450.0,
        1233.96
      ],
      "demand": [
        2,
        1,
        2
      ]
    },
    {
      "id": "C5",
      "x": 25.86,
      "y": 34.1,
      "time_window": [
        450.0,
        1028.95
      ],
      "demand": [
        2,
        3,
        3
      ]
    },
    {
      "id": "C6",
      "x": 68.68,
      "y": 44.88,
      "time_window": [
        450.0,
        2036.07
      ],
      "demand": [
        4,
        4,
        3
      ]
    },
    {
      "id": "C7",
      "x": 90.18,
      "y": 87.97,
      "time_window": [
        450.0,
        2312.78
      ],
      "demand": [
        1,
        4,
        3
      ]
    },
    {
      "id": "C8",
      "x": 99.84,
      "y": 76.31,
      "time_window": [
        450.0,
        1191.05
      ],
      "demand": [
        4,
        1,
        3
      ]
    },
    {
      "id": "C9",
      "x": 31.69,
      "y": 28.85,
      "time_window": [
        450.0,
        1333.86
      ],
      "demand": [
        4,
        2,
        3
      ]
    },
    {
      "id": "C10",
      "x": 96.93,
      "y": 75.67,
      "time_window": [
        450.0,
        1870.0
      ],
      "demand": [
        3,
        4,
        1
      ]
    },
    {
      "id": "C11",
      "x": 59.01,
      "y": 67.03,
      "time_window": [
        450.0,
        1505.66
      ],
      "demand": [
        2,
        3,
        3
      ]
    },
    {
      "id": "C12",
      "x": 55.13,
      "y": 32.85,
      "time_window": [
        450.0,
        1395.38
      ],
      "demand": [
        3,
        3,
        3
      ]
    },
    {
      "id": "C13",
      "x": 50.99,
      "y": 54.04,
      "time_window": [
        450.0,
        1311.79
      ],
      "demand": [
        1,
        1,
        2
      ]
    },
    {
      "id": "C14",
      "x": 63.69,
      "y": 56.82,
      "time_window": [
        450.0,
        1058.29
      ],
      "demand": [
        2,
        2,
        2
      ]
    },
    {
      "id": "C15",
      "x": 12.51,
      "y": 19.44,
      "time_window": [
        450.0,
        1792.33
      ],
      "demand": [
        2,
        1,
        3
      ]
    },
    {
      "id": "C16",
      "x": 92.87,
      "y": 11.02,
      "time_window": [
        450.0,
        2288.18
      ],
      "demand": [
        3,
        4,
        1
      ]
    },
    {
      "id": "C17",
      "x": 2.81,
      "y": 24.6,
      "time_window": [
        450.0,
        1466.1
      ],
      "demand": [
        1,
        3,
        4
      ]
    },
    {
      "id": "C18",
      "x": 56.8,
      "y": 60.45,
      "time_window": [
        450.0,
        1479.27
      ],
      "demand": [
        3,
        2,
        3
      ]
    },
    {
      "id": "C19",
      "x": 69.84,
      "y": 48.69,
      "time_window": [
        450.0,
        1965.43
      ],
      "demand": [
        4,
        1,
        2
      ]
    },
    {
      "id": "C20",
      "x": 71.99,
      "y": 47.25,
      "time_window": [
        450.0,
        951.32
      ],
      "demand": [
        1,
        3,
        3
      ]
    }
  ]
}