{
  "set_id": 5,
  "inst_id": 1,
  "vehicles": {
    "CT": {
      "count": 10,
      "capacity": 1500,
      "fixed_cost": 1500,
      "unit_cost_factor": 1.2
    },
    "UV": {
      "count": 20,
      "capacity": 500,
      "fixed_cost": 500,
      "unit_cost_factor": 1.1
    }
  },
  "P": 3,
  "item_weights": [
    5,
    10,
    5
  ],
  "inventory_ratio": 1.1,
  "FCs": [
    {
      "id": "FC1",
      "x": 25,
      "y": 25,
      "time_window": [
        0.0,
        3000.0
      ],
      "inventory": [
        66,
        76,
        75
      ]
    },
    {
      "id": "FC2",
      "x": 75,
      "y": 75,
      "time_window": [
        0.0,
        3000.0
      ],
      "inventory": [
        81,
        64,
        66
      ]
    }
  ],
  "DCs": [
    {
      "id": "DC1",
      "x": 19.42,
      "y": 46.41,
      "time_window": [
        300.0,
        2700.0
      ]
    },
    {
      "id": "DC2",
      "x": 93.47,
      "y": 0.72,
      "time_window": [
        300.0,
        2700.0
      ]
    },
    {
      "id": "DC3",
      "x": 64.01,
      "y": 87.84,
      "time_window": [
        300.0,
        2700.0
      ]
    },
    {
      "id": "DC4",
      "x": 98.13,
      "y": 89.13,
      "time_window": [
        300.0,
        2700.0
      ]
    }
  ],
  "CDPs": [
    {
      "id": "CDP1",
      "x": 69.9,
      "y": 58.21,
      "time_window": [
        0.0,
        3000.0
      ],
      "capacity": 202
    },
    {
      "id": "CDP2",
      "x": 44.9,
      "y": 73.38,
      "time_window": [
        0.0,
        3000.0
      ],
      "capacity": 184
    },
    {
      "id": "CDP3",
      "x": 70.24,
      "y": 95.96,
      "time_window": [
        0.0,
        3000.0
      ],
      "capacity": 298
    },
    {
      "id": "CDP4",
      "x": 80.77,
      "y": 69.87,
      "time_window": [
        0.0,
        3000.0
      ],
      "capacity": 174
    },
    {
      "id": "CDP5",
      "x": 91.38,
      "y": 28.6,
      "time_window": [
        0.0,
        3000.0
      ],
      "capacity": 155
    },
    {
      "id": "CDP6",
      "x": 23.97,
      "y": 1.13,
      "time_window": [
        0.0,
        3000.0
      ],
      "capacity": 172
    },
    {
      "id": "CDP7",
      "x": 37.32,
      "y": 4.05,
      "time_window": [
        0.0,
        3000.0
      ],
      "capacity": 198
    },
    {
      "id": "CDP8",
      "x": 40.91,
      "y": 74.64,
      "time_window": [
        0.0,
        3000.0
      ],
      "capacity": 138
    },
    {
      "id": "CDP9",
      "x": 60.7,
      "y": 46.57,
      "time_window": [
        0.0,
        3000.0
      ],
      "capacity": 187
    },
    {
      "id": "CDP10",
      "x": 34.47,
      "y": 49.23,
      "time_window": [
        0.0,
        3000.0
      ],
      "capacity": 100
    },
    {
      "id": "CDP11",
      "x": 27.2,
      "y": 98.19,
      "time_window": [
        0.0,
        3000.0
      ],
      "capacity": 237
    },
    {
      "id": "CDP12",
      "x": 32.34,
      "y": 84.93,
      "time_window": [
        0.0,
        3000.0
      ],
      "capacity": 199
    },
    {
      "id": "CDP13",
      "x": 45.74,
      "y": 38.27,
      "time_window": [
        0.0,
        3000.0
      ],
      "capacity": 165
    },
    {
      "id": "CDP14",
      "x": 41.26,
      "y": 36.37,
      "time_window": [
        0.0,
        3000.0
      ],
      "capacity": 255
    },
    {
      "id": "CDP15",
      "x": 44.27,
      "y": 34.11,
      "time_window": [
        0.0,
        3000.0
      ],
      "capacity": 219
    },
    {
      "id": "CDP16",
      "x": 86.12,
      "y": 52.34,
      "time_window": [
        0.0,
        3000.0
      ],
      "capacity": 292
    },
    {
      "id": "CDP17",
      "x": 93.77,
      "y": 30.22,
      "time_window": [
        0.0,
        3000.0
      ],
      "capacity": 297
    },
    {
      "id": "CDP18",
      "x": 72.99,
      "y": 21.73,
      "time_window": [
        0.0,
        3000.0
      ],
      "capacity": 289
    },
    {
      "id": "CDP19",
      "x": 3.85,
      "y": 14.44,
      "time_window": [
        0.0,
        3000.0
      ],
      "capacity": 290
    },
    {
      "id": "CDP20",
      "x": 73.0,
      "y": 81.27,
      "time_window": [
        0.0,
        3000.0
      ],
      "capacity": 154
    }
  ],
  "Customers": [
    {
      "id": "C1",
      "x": 77.86,
      "y": 20.47,
      "time_window": [
        450.0,
        2389.05
      ],
      "demand": [
        4,
        4,
        3
      ]
    },
    {
      "id": "C2",
      "x": 9.98,
      "y": 75.27,
      "time_window": [
        450.0,
        1682.04
      ],
      "demand": [
        1,
        4,
        1
      ]
    },
    {
      "id": "C3",
      "x": 21.05,
      "y": 84.2,
      "time_window": [
        450.0,
        1072.76
      ],
      "demand": [
        2,
        3,
        2
      ]
    },
    {
      "id": "C4",
      "x": 33.11,
      "y": 69.06,
      "time_window": [
        450.0,
        2544.99
      ],
      "demand": [
        3,
        2,
        3
      ]
    },
    {
      "id": "C5",
      "x": 59.61,
      "y": 68.69,
      "time_window": [
        450.0,
        1320.06
      ],
      "demand": [
        1,
        3,
        3
      ]
    },
    {
      "id": "C6",
      "x": 44.53,
      "y": 26.59,
      "time_window": [
        450.0,
        2083.05
      ],
      "demand": [
        4,
        4,
        3
      ]
    },
    {
      "id": "C7",
      "x": 90.71,
      "y": 93.47,
      "time_window": [
        450.0,
        1563.92
      ],
      "demand": [
        4,
        1,
        1
      ]
    },
    {
      "id": "C8",
      "x": 53.88,
      "y": 73.1,
      "time_window": [
        450.0,
        1753.14
      ],
      "demand": [
        4,
        4,
        3
      ]
    },
    {
      "id": "C9",
      "x": 32.62,
      "y": 53.12,
      "time_window": [
        450.0,
        2550
      ],
      "demand": [
        2,
        1,
        4
      ]
    },
    {
      "id": "C10",
      "x": 51.29,
      "y": 56.16,
      "time_window": [
        450.0,
        1455.57
      ],
      "demand": [
        3,
        3,
        3
      ]
    },
    {
      "id": "C11",
      "x": 28.3,
      "y": 49.09,
      "time_window": [
        450.0,
        1437.13
      ],
      "demand": [
        1,
        1,
        2
      ]
    },
    {
      "id": "C12",
      "x": 95.19,
      "y": 96.65,
      "time_window": [
        450.0,
        2062.86
      ],
      "demand": [
        4,
        2,
        3
      ]
    },
    {
      "id": "C13",
      "x": 43.09,
      "y": 61.4,
      "time_window": [
        450.0,
        1817.36
      ],
      "demand": [
        3,
        4,
        4
      ]
    },
    {
      "id": "C14",
      "x": 57.04,
      "y": 54.21,
      "time_window": [
        450.0,
        1967.95
      ],
      "demand": [
        4,
        1,
        4
      ]
    },
    {
      "id": "C15",
      "x": 33.0,
      "y": 45.92,
      "time_window": [
        450.0,
        2360.17
      ],
      "demand": [
        2,
        1,
        1
      ]
    },
    {
      "id": "C16",
      "x": 10.05,
      "y": 12.77,
      "time_window": [
        450.0,
        1512.45
      ],
      "demand": [
        4,
        1,
        3
      ]
    },
    {
      "id": "C17",
      "x": 32.16,
      "y": 46.19,
      "time_window": [
        450.0,
        1228.48
      ],
      "demand": [
        4,
        4,
        1
      ]
    },
    {
      "id": "C18",
      "x": 51.81,
      "y": 66.93,
      "time_window": [
        450.0,
        1323.41
      ],
      "demand": [
        4,
        4,
        3
      ]
    },
    {
      "id": "C19",
      "x": 74.85,
      "y": 42.65,
      "time_window": [
        450.0,
        2084.86
      ],
      "demand": [
        1,
        1,
        4
      ]
    },
    {
      "id": "C20",
      "x": 13.53,
      "y": 86.6,
      "time_window": [
        450.0,
        1309.06
      ],
      "demand": [
        2,
        2,
        3
      ]
    },
    {
      "id": "C21",
      "x": 81.44,
      "y": 81.58,
      "time_window": [
        450.0,
        1839.34
      ],
      "demand": [
        3,
        4,
        1
      ]
    },
    {
      "id": "C22",
      "x": 93.22,
      "y": 22.37,
      "time_window": [
        450.0,
        2533.48
      ],
      "demand": [
        1,
        1,
        1
      ]
    },
    {
      "id": "C23",
      "x": 48.34,
      "y": 53.11,
      "time_window": [
        450.0,
        2105.14
      ],
      "demand": [
        1,
        3,
        4
      ]
    },
    {
      "id": "C24",
      "x": 46.88,
      "y": 26.85,
      "time_window": [
        450.0,
        1535.75
      ],
      "demand": [
        2,
        2,
        4
      ]
    },
    {
      "id": "C25",
      "x": 57.9,
      "y": 52.14,
      "time_window": [
        450.0,
        1839.22
      ],
      "demand": [
        4,
        1,
        3
      ]
    },
    {
      "id": "C26",
      "x": 9.6,
      "y": 95.67,
      "time_window": [
        450.0,
        2131.77
      ],
      "demand": [
        1,
        1,
        2
      ]
    },
    {
      "id": "C27",
      "x": 97.31,
      "y": 1.91,
      "time_window": [
        450.0,
        1887.21
      ],
      "demand": [
        4,
        1,
        3
      ]
    },
    {
      "id": "C28",
      "x": 57.02,
      "y": 49.8,
      "time_window": [
        450.0,
        1962.05
      ],
      "demand": [
        2,
        2,
        1
      ]
    },
    {
      "id": "C29",
      "x": 88.96,
      "y": 5.6,
      "time_window": [
        450.0,
        1013.3
      ],
      "demand": [
        3,
        3,
        4
      ]
    },
    {
      "id": "C30",
      "x": 35.02,
      "y": 62.77,
      "time_window": [
        450.0,
        2540.0
      ],
      "demand": [
        1,
        3,
        4
      ]
    },
    {
      "id": "C31",
      "x": 16.31,
      "y": 19.81,
      "time_window": [
        450.0,
        1728.16
      ],
      "demand": [
        2,
        4,
        2
      ]
    },
    {
      "id": "C32",
      "x": 62.03,
      "y": 45.05,
      "time_window": [
        450.0,
        2277.22
      ],
      "demand": [
        1,
        1,
        1
      ]
    },
    {
      "id": "C33",
      "x": 71.6,
      "y": 55.83,
      "time_window": [
        450.0,
        1873.91
      ],
      "demand": [
        4,
        2,
        1
      ]
    },
    {
      "id": "C34",
      "x": 38.47,
      "y": 48.78,
      "time_window": [
        450.0,
        1863.29
      ],
      "demand": [
        4,
        1,
        3
      ]
    },
    {
      "id": "C35",
      "x": 83.65,
      "y": 12.38,
      "time_window": [
        450.0,
        1448.74
      ],
      "demand": [
        3,
        3,
        2
      ]
    },
    {
      "id": "C36",
      "x": 67.92,
      "y": 68.61,
      "time_window": [
        450.0,
        1367.7
      ],
      "demand": [
        1,
        2,
        4
      ]
    },
    {
      "id": "C37",
      "x": 88.18,
      "y": 8.02,
      "time_window": [
        450.0,
        1909.38
      ],
      "demand": [
        2,
        1,
        2
      ]
    },
    {
      "id": "C38",
      "x": 1.28,
      "y": 17.81,
      "time_window": [
        450.0,
        2494.94
      ],
      "demand": [
        2,
        2,
        2
      ]
    },
    {
      "id": "C39",
      "x": 87.54,
      "y": 94.17,
      "time_window": [
        450.0,
        1608.41
      ],
      "demand": [
        1,
        4,
        2
      ]
    },
    {
      "id": "C40",
      "x": 0.25,
      "y": 78.74,
      "time_window": [
        450.0,
        1873.69
      ],
      "demand": [
        4,
        4,
        3
      ]
    },
    {
      "id": "C41",
      "x": 39.38,
      "y": 71.14,
      "time_window": [
        450.0,
        2550
      ],
      "demand": [
        1,
        3,
        2
      ]
    },
    {
      "id": "C42",
      "x": 27.31,
      "y": 74.13,
      "time_window": [
        450.0,
        1218.58
      ],
      "demand": [
        1,
        3,
        2
      ]
    },
    {
      "id": "C43",
      "x": 82.47,
      "y": 82.78,
      "time_window": [
        450.0,
        953.96
      ],
      "demand": [
        4,
        2,
        1
      ]
    },
    {
      "id": "C44",
      "x": 58.98,
      "y": 67.0,
      "time_window": [
        450.0,
        2229.35
      ],
      "demand": [
        3,
        2,
        4
      ]
    },
    {
      "id": "C45",
      "x": 52.31,
      "y": 52.13,
      "time_window": [
        450.0,
        2268.58
      ],
      "demand": [
        4,
        4,
        4
      ]
    },
    {
      "id": "C46",
      "x": 69.31,
      "y": 32.2,
      "time_window": [
        450.0,
        2217.9
      ],
      "demand": [
        4,
        2,
        3
      ]
    },
    {
      "id": "C47",
      "x": 25.47,
      "y": 67.67,
      "time_window": [
        450.0,
        1789.44
      ],
      "demand": [
        3,
        4,
        2
      ]
    },
    {
      "id": "C48",
      "x": 65.49,
      "y": 30.01,
      "time_window": [
        450.0,
        2455.86
      ],
      "demand": [
        4,
        4,
        4
      ]
    },
    {
      "id": "C49",
      "x": 38.57,
      "y": 65.33,
      "time_window": [
        450.0,
        2427.19
      ],
      "demand": [
        4,
        4,
        1
      ]
    },
    {
      "id": "C50",
      "x": 98.15,
      "y": 23.24,
      "time_window": [
        450.0,
        2224.07
      ],
      "demand": [
        2,
        4,
        2
      ]
    }
  ]
}