{
  "set_id": 4,
  "inst_id": 5,
  "vehicles": {
    "CT": {
      "count": 8,
      "capacity": 1500,
      "fixed_cost": 1500,
      "unit_cost_factor": 1.2
    },
    "UV": {
      "count": 16,
      "capacity": 500,
      "fixed_cost": 500,
      "unit_cost_factor": 1.1
    }
  },
  "P": 3,
  "item_weights": [
    5,
    10,
    15
  ],
  "inventory_ratio": 1.1,
  "FCs": [
    {
      "id": "FC1",
      "x": 25,
      "y": 25,
      "time_window": [
        0.0,
        3000.0
      ],
      "inventory": [
        56,
        47,
        51
      ]
    },
    {
      "id": "FC2",
      "x": 75,
      "y": 75,
      "time_window": [
        0.0,
        3000.0
      ],
      "inventory": [
        37,
        54,
        58
      ]
    }
  ],
  "DCs": [
    {
      "id": "DC1",
      "x": 73.5,
      "y": 7.06,
      "time_window": [
        300.0,
        2700.0
      ]
    },
    {
      "id": "DC2",
      "x": 67.0,
      "y": 8.31,
      "time_window": [
        300.0,
        2700.0
      ]
    },
    {
      "id": "DC3",
      "x": 43.32,
      "y": 62.98,
      "time_window": [
        300.0,
        2700.0
      ]
    },
    {
      "id": "DC4",
      "x": 26.61,
      "y": 49.09,
      "time_window": [
        300.0,
        2700.0
      ]
    }
  ],
  "CDPs": [
    {
      "id": "CDP1",
      "x": 66.7,
      "y": 80.46,
      "time_window": [
        0.0,
        3000.0
      ],
      "capacity": 256
    },
    {
      "id": "CDP2",
      "x": 92.41,
      "y": 8.14,
      "time_window": [
        0.0,
        3000.0
      ],
      "capacity": 214
    },
    {
      "id": "CDP3",
      "x": 98.19,
      "y": 22.29,
      "time_window": [
        0.0,
        3000.0
      ],
      "capacity": 271
    },
    {
      "id": "CDP4",
      "x": 67.47,
      "y": 83.11,
      "time_window": [
        0.0,
        3000.0
      ],
      "capacity": 146
    },
    {
      "id": "CDP5",
      "x": 22.29,
      "y": 97.43,
      "time_window": [
        0.0,
        3000.0
      ],
      "capacity": 208
    },
    {
      "id": "CDP6",
      "x": 48.38,
      "y": 96.14,
      "time_window": [
        0.0,
        3000.0
      ],
      "capacity": 217
    },
    {
      "id": "CDP7",
      "x": 56.99,
      "y": 47.91,
      "time_window": [
        0.0,
        3000.0
      ],
      "capacity": 142
    },
    {
      "id": "CDP8",
      "x": 53.98,
      "y": 35.73,
      "time_window": [
        0.0,
        3000.0
      ],
      "capacity": 299
    },
    {
      "id": "CDP9",
      "x": 5.87,
      "y": 3.65,
      "time_window": [
        0.0,
        3000.0
      ],
      "capacity": 100
    },
    {
      "id": "CDP10",
      "x": 15.4,
      "y": 93.3,
      "time_window": [
        0.0,
        3000.0
      ],
      "capacity": 256
    },
    {
      "id": "CDP11",
      "x": 66.62,
      "y": 16.21,
      "time_window": [
        0.0,
        3000.0
      ],
      "capacity": 239
    },
    {
      "id": "CDP12",
      "x": 43.72,
      "y": 1.48,
      "time_window": [
        0.0,
        3000.0
      ],
      "capacity": 258
    },
    {
      "id": "CDP13",
      "x": 80.75,
      "y": 94.69,
      "time_window": [
        0.0,
        3000.0
      ],
      "capacity": 246
    },
    {
      "id": "CDP14",
      "x": 48.16,
      "y": 46.04,
      "time_window": [
        0.0,
        3000.0
      ],
      "capacity": 233
    },
    {
      "id": "CDP15",
      "x": 60.93,
      "y": 62.97,
      "time_window": [
        0.0,
        3000.0
      ],
      "capacity": 130
    },
    {
      "id": "CDP16",
      "x": 22.99,
      "y": 22.71,
      "time_window": [
        0.0,
        3000.0
      ],
      "capacity": 184
    }
  ],
  "Customers": [
    {
      "id": "C1",
      "x": 30.5,
      "y": 41.02,
      "time_window": [
        450.0,
        1681.1
      ],
      "demand": [
        1,
        3,
        4
      ]
    },
    {
      "id": "C2",
      "x": 35.18,
      "y": 36.31,
      "time_window": [
        450.0,
        1272.6
      ],
      "demand": [
        3,
        1,
        4
      ]
    },
    {
      "id": "C3",
      "x": 34.82,
      "y": 70.6,
      "time_window": [
        450.0,
        1974.5
      ],
      "demand": [
        3,
        3,
        2
      ]
    },
    {
      "id": "C4",
      "x": 59.21,
      "y": 59.81,
      "time_window": [
        450.0,
        2042.38
      ],
      "demand": [
        3,
        3,
        2
      ]
    },
    {
      "id": "C5",
      "x": 65.97,
      "y": 68.19,
      "time_window": [
        450.0,
        2521.26
      ],
      "demand": [
        1,
        4,
        1
      ]
    },
    {
      "id": "C6",
      "x": 15.71,
      "y": 89.79,
      "time_window": [
        450.0,
        1415.27
      ],
      "demand": [
        2,
        3,
        4
      ]
    },
    {
      "id": "C7",
      "x": 6.7,
      "y": 94.89,
      "time_window": [
        450.0,
        2229.26
      ],
      "demand": [
        4,
        3,
        2
      ]
    },
    {
      "id": "C8",
      "x": 88.64,
      "y": 18.87,
      "time_window": [
        450.0,
        1952.49
      ],
      "demand": [
        1,
        3,
        1
      ]
    },
    {
      "id": "C9",
      "x": 26.47,
      "y": 30.48,
      "time_window": [
        450.0,
        1387.04
      ],
      "demand": [
        3,
        3,
        1
      ]
    },
    {
      "id": "C10",
      "x": 50.14,
      "y": 60.2,
      "time_window": [
        450.0,
        1028.54
      ],
      "demand": [
        4,
        4,
        3
      ]
    },
    {
      "id": "C11",
      "x": 73.0,
      "y": 51.07,
      "time_window": [
        450.0,
        1562.66
      ],
      "demand": [
        2,
        2,
        2
      ]
    },
    {
      "id": "C12",
      "x": 87.86,
      "y": 75.22,
      "time_window": [
        450.0,
        1267.57
      ],
      "demand": [
        2,
        3,
        3
      ]
    },
    {
      "id": "C13",
      "x": 89.33,
      "y": 90.39,
      "time_window": [
        450.0,
        1913.75
      ],
      "demand": [
        4,
        2,
        4
      ]
    },
    {
      "id": "C14",
      "x": 66.12,
      "y": 42.31,
      "time_window": [
        450.0,
        1097.8
      ],
      "demand": [
        2,
        2,
        4
      ]
    },
    {
      "id": "C15",
      "x": 23.26,
      "y": 3.73,
      "time_window": [
        450.0,
        2023.95
      ],
      "demand": [
        3,
        3,
        3
      ]
    },
    {
      "id": "C16",
      "x": 4.8,
      "y": 19.74,
      "time_window": [
        450.0,
        1352.7
      ],
      "demand": [
        3,
        3,
        1
      ]
    },
    {
      "id": "C17",
      "x": 59.84,
      "y": 63.12,
      "time_window": [
        450.0,
        1023.51
      ],
      "demand": [
        1,
        1,
        3
      ]
    },
    {
      "id": "C18",
      "x": 19.54,
      "y": 21.22,
      "time_window": [
        450.0,
        1824.32
      ],
      "demand": [
        3,
        4,
        3
      ]
    },
    {
      "id": "C19",
      "x": 57.78,
      "y": 42.55,
      "time_window": [
        450.0,
        1195.53
      ],
      "demand": [
        2,
        4,
        3
      ]
    },
    {
      "id": "C20",
      "x": 59.71,
      "y": 30.19,
      "time_window": [
        450.0,
        2550
      ],
      "demand": [
        3,
        1,
        4
      ]
    },
    {
      "id": "C21",
      "x": 83.68,
      "y": 80.3,
      "time_window": [
        450.0,
        2278.75
      ],
      "demand": [
        3,
        2,
        1
      ]
    },
    {
      "id": "C22",
      "x": 36.69,
      "y": 73.98,
      "time_window": [
        450.0,
        2148.03
      ],
      "demand": [
        1,
        1,
        4
      ]
    },
    {
      "id": "C23",
      "x": 72.47,
      "y": 35.04,
      "time_window": [
        450.0,
        1613.92
      ],
      "demand": [
        3,
        2,
        2
      ]
    },
    {
      "id": "C24",
      "x": 58.81,
      "y": 37.18,
      "time_window": [
        450.0,
        1771.03
      ],
      "demand": [
        3,
        1,
        4
      ]
    },
    {
      "id": "C25",
      "x": 32.5,
      "y": 44.98,
      "time_window": [
        450.0,
        2176.8
      ],
      "demand": [
        3,
        1,
        3
      ]
    },
    {
      "id": "C26",
      "x": 55.56,
      "y": 68.59,
      "time_window": [
        450.0,
        1819.7
      ],
      "demand": [
        1,
        4,
        3
      ]
    },
    {
      "id": "C27",
      "x": 17.51,
      "y": 89.66,
      "time_window": [
        450.0,
        1410.14
      ],
      "demand": [
        3,
        2,
        1
      ]
    },
    {
      "id": "C28",
      "x": 60.43,
      "y": 43.07,
      "time_window": [
        450.0,
        2443.77
      ],
      "demand": [
        2,
        3,
        3
      ]
    },
    {
      "id": "C29",
      "x": 69.34,
      "y": 42.85,
      "time_window": [
        450.0,
        2067.45
      ],
      "demand": [
        2,
        2,
        3
      ]
    },
    {
      "id": "C30",
      "x": 94.65,
      "y": 82.11,
      "time_window": [
        450.0,
        1635.51
      ],
      "demand": [
        3,
        2,
        1
      ]
    },
    {
      "id": "C31",
      "x": 14.94,
      "y": 12.88,
      "time_window": [
        450.0,
        1395.23
      ],
      "demand": [
        1,
        1,
        3
      ]
    },
    {
      "id": "C32",
      "x": 14.28,
      "y": 1.82,
      "time_window": [
        450.0,
        1315.36
      ],
      "demand": [
        2,
        3,
        4
      ]
    },
    {
      "id": "C33",
      "x": 48.21,
      "y": 48.01,
      "time_window": [
        450.0,
        1017.73
      ],
      "demand": [
        3,
        4,
        3
      ]
    },
    {
      "id": "C34",
      "x": 58.19,
      "y": 58.95,
      "time_window": [
        450.0,
        1179.1
      ],
      "demand": [
        2,
        3,
        3
      ]
    },
    {
      "id": "C35",
      "x": 77.97,
      "y": 89.55,
      "time_window": [
        450.0,
        2400.53
      ],
      "demand": [
        1,
        1,
        3
      ]
    },
    {
      "id": "C36",
      "x": 69.87,
      "y": 52.86,
      "time_window": [
        450.0,
        2289.45
      ],
      "demand": [
        1,
        4,
        4
      ]
    }
  ]
}