{
  "set_id": 5,
  "inst_id": 3,
  "vehicles": {
    "CT": {
      "count": 10,
      "capacity": 1500,
      "fixed_cost": 1500,
      "unit_cost_factor": 1.2
    },
    "UV": {
      "count": 20,
      "capacity": 500,
      "fixed_cost": 500,
      "unit_cost_factor": 1.1
    }
  },
  "P": 3,
  "item_weights": [
    10,
    15,
    15
  ],
  "inventory_ratio": 1.2,
  "FCs": [
    {
      "id": "FC1",
      "x": 25,
      "y": 25,
      "time_window": [
        0.0,
        3000.0
      ],
      "inventory": [
        76,
        78,
        70
      ]
    },
    {
      "id": "FC2",
      "x": 75,
      "y": 75,
      "time_window": [
        0.0,
        3000.0
      ],
      "inventory": [
        76,
        74,
        60
      ]
    }
  ],
  "DCs": [
    {
      "id": "DC1",
      "x": 85.18,
      "y": 56.16,
      "time_window": [
        300.0,
        2700.0
      ]
    },
    {
      "id": "DC2",
      "x": 4.99,
      "y": 83.37,
      "time_window": [
        300.0,
        2700.0
      ]
    },
    {
      "id": "DC3",
      "x": 94.0,
      "y": 94.17,
      "time_window": [
        300.0,
        2700.0
      ]
    },
    {
      "id": "DC4",
      "x": 59.82,
      "y": 7.25,
      "time_window": [
        300.0,
        2700.0
      ]
    }
  ],
  "CDPs": [
    {
      "id": "CDP1",
      "x": 12.92,
      "y": 7.85,
      "time_window": [
        0.0,
        3000.0
      ],
      "capacity": 114
    },
    {
      "id": "CDP2",
      "x": 9.07,
      "y": 75.99,
      "time_window": [
        0.0,
        3000.0
      ],
      "capacity": 204
    },
    {
      "id": "CDP3",
      "x": 47.88,
      "y": 53.43,
      "time_window": [
        0.0,
        3000.0
      ],
      "capacity": 232
    },
    {
      "id": "CDP4",
      "x": 1.46,
      "y": 68.03,
      "time_window": [
        0.0,
        3000.0
      ],
      "capacity": 184
    },
    {
      "id": "CDP5",
      "x": 75.93,
      "y": 40.56,
      "time_window": [
        0.0,
        3000.0
      ],
      "capacity": 180
    },
    {
      "id": "CDP6",
      "x": 43.03,
      "y": 23.77,
      "time_window": [
        0.0,
        3000.0
      ],
      "capacity": 107
    },
    {
      "id": "CDP7",
      "x": 38.02,
      "y": 72.37,
      "time_window": [
        0.0,
        3000.0
      ],
      "capacity": 234
    },
    {
      "id": "CDP8",
      "x": 77.24,
      "y": 47.19,
      "time_window": [
        0.0,
        3000.0
      ],
      "capacity": 229
    },
    {
      "id": "CDP9",
      "x": 44.42,
      "y": 89.36,
      "time_window": [
        0.0,
        3000.0
      ],
      "capacity": 232
    },
    {
      "id": "CDP10",
      "x": 57.43,
      "y": 59.13,
      "time_window": [
        0.0,
        3000.0
      ],
      "capacity": 243
    },
    {
      "id": "CDP11",
      "x": 60.03,
      "y": 64.48,
      "time_window": [
        0.0,
        3000.0
      ],
      "capacity": 108
    },
    {
      "id": "CDP12",
      "x": 84.6,
      "y": 49.23,
      "time_window": [
        0.0,
        3000.0
      ],
      "capacity": 171
    },
    {
      "id": "CDP13",
      "x": 2.77,
      "y": 15.44,
      "time_window": [
        0.0,
        3000.0
      ],
      "capacity": 158
    },
    {
      "id": "CDP14",
      "x": 37.99,
      "y": 61.88,
      "time_window": [
        0.0,
        3000.0
      ],
      "capacity": 197
    },
    {
      "id": "CDP15",
      "x": 12.7,
      "y": 54.94,
      "time_window": [
        0.0,
        3000.0
      ],
      "capacity": 202
    },
    {
      "id": "CDP16",
      "x": 70.26,
      "y": 36.32,
      "time_window": [
        0.0,
        3000.0
      ],
      "capacity": 228
    },
    {
      "id": "CDP17",
      "x": 54.97,
      "y": 46.39,
      "time_window": [
        0.0,
        3000.0
      ],
      "capacity": 101
    },
    {
      "id": "CDP18",
      "x": 36.65,
      "y": 15.25,
      "time_window": [
        0.0,
        3000.0
      ],
      "capacity": 274
    },
    {
      "id": "CDP19",
      "x": 52.93,
      "y": 35.91,
      "time_window": [
        0.0,
        3000.0
      ],
      "capacity": 162
    },
    {
      "id": "CDP20",
      "x": 42.6,
      "y": 40.38,
      "time_window": [
        0.0,
        3000.0
      ],
      "capacity": 139
    }
  ],
  "Customers": [
    {
      "id": "C1",
      "x": 68.49,
      "y": 65.25,
      "time_window": [
        450.0,
        2099.26
      ],
      "demand": [
        1,
        1,
        2
      ]
    },
    {
      "id": "C2",
      "x": 79.83,
      "y": 23.81,
      "time_window": [
        450.0,
        1128.53
      ],
      "demand": [
        1,
        1,
        1
      ]
    },
    {
      "id": "C3",
      "x": 33.24,
      "y": 68.42,
      "time_window": [
        450.0,
        1316.62
      ],
      "demand": [
        1,
        4,
        4
      ]
    },
    {
      "id": "C4",
      "x": 73.72,
      "y": 60.78,
      "time_window": [
        450.0,
        2183.83
      ],
      "demand": [
        1,
        3,
        1
      ]
    },
    {
      "id": "C5",
      "x": 46.3,
      "y": 56.68,
      "time_window": [
        450.0,
        1473.27
      ],
      "demand": [
        2,
        1,
        4
      ]
    },
    {
      "id": "C6",
      "x": 65.45,
      "y": 30.76,
      "time_window": [
        450.0,
        2045.97
      ],
      "demand": [
        3,
        2,
        1
      ]
    },
    {
      "id": "C7",
      "x": 99.57,
      "y": 4.61,
      "time_window": [
        450.0,
        1372.68
      ],
      "demand": [
        1,
        2,
        1
      ]
    },
    {
      "id": "C8",
      "x": 52.21,
      "y": 40.24,
      "time_window": [
        450.0,
        1375.68
      ],
      "demand": [
        2,
        4,
        4
      ]
    },
    {
      "id": "C9",
      "x": 0.15,
      "y": 95.57,
      "time_window": [
        450.0,
        1394.39
      ],
      "demand": [
        3,
        1,
        1
      ]
    },
    {
      "id": "C10",
      "x": 96.51,
      "y": 86.74,
      "time_window": [
        450.0,
        1432.01
      ],
      "demand": [
        1,
        2,
        1
      ]
    },
    {
      "id": "C11",
      "x": 75.16,
      "y": 6.12,
      "time_window": [
        450.0,
        2550
      ],
      "demand": [
        3,
        1,
        2
      ]
    },
    {
      "id": "C12",
      "x": 19.17,
      "y": 85.12,
      "time_window": [
        450.0,
        2427.25
      ],
      "demand": [
        3,
        4,
        3
      ]
    },
    {
      "id": "C13",
      "x": 90.77,
      "y": 99.1,
      "time_window": [
        450.0,
        2441.29
      ],
      "demand": [
        1,
        3,
        2
      ]
    },
    {
      "id": "C14",
      "x": 40.38,
      "y": 44.49,
      "time_window": [
        450.0,
        1278.96
      ],
      "demand": [
        3,
        4,
        2
      ]
    },
    {
      "id": "C15",
      "x": 34.41,
      "y": 25.85,
      "time_window": [
        450.0,
        2454.94
      ],
      "demand": [
        4,
        4,
        2
      ]
    },
    {
      "id": "C16",
      "x": 87.53,
      "y": 14.4,
      "time_window": [
        450.0,
        1838.32
      ],
      "demand": [
        3,
        3,
        3
      ]
    },
    {
      "id": "C17",
      "x": 89.39,
      "y": 14.81,
      "time_window": [
        450.0,
        1710.55
      ],
      "demand": [
        4,
        3,
        1
      ]
    },
    {
      "id": "C18",
      "x": 52.0,
      "y": 56.19,
      "time_window": [
        450.0,
        1618.54
      ],
      "demand": [
        4,
        1,
        3
      ]
    },
    {
      "id": "C19",
      "x": 23.37,
      "y": 21.86,
      "time_window": [
        450.0,
        1296.62
      ],
      "demand": [
        2,
        4,
        2
      ]
    },
    {
      "id": "C20",
      "x": 72.53,
      "y": 26.26,
      "time_window": [
        450.0,
        1715.2
      ],
      "demand": [
        4,
        3,
        3
      ]
    },
    {
      "id": "C21",
      "x": 26.87,
      "y": 45.75,
      "time_window": [
        450.0,
        1508.87
      ],
      "demand": [
        3,
        1,
        1
      ]
    },
    {
      "id": "C22",
      "x": 79.4,
      "y": 78.82,
      "time_window": [
        450.0,
        1136.09
      ],
      "demand": [
        3,
        4,
        1
      ]
    },
    {
      "id": "C23",
      "x": 10.63,
      "y": 93.93,
      "time_window": [
        450.0,
        1078.32
      ],
      "demand": [
        2,
        1,
        2
      ]
    },
    {
      "id": "C24",
      "x": 86.77,
      "y": 76.14,
      "time_window": [
        450.0,
        1688.09
      ],
      "demand": [
        4,
        3,
        3
      ]
    },
    {
      "id": "C25",
      "x": 29.99,
      "y": 28.17,
      "time_window": [
        450.0,
        1234.24
      ],
      "demand": [
        4,
        2,
        1
      ]
    },
    {
      "id": "C26",
      "x": 3.41,
      "y": 8.76,
      "time_window": [
        450.0,
        2479.73
      ],
      "demand": [
        3,
        3,
        4
      ]
    },
    {
      "id": "C27",
      "x": 13.66,
      "y": 98.96,
      "time_window": [
        450.0,
        1927.95
      ],
      "demand": [
        3,
        4,
        1
      ]
    },
    {
      "id": "C28",
      "x": 64.87,
      "y": 45.05,
      "time_window": [
        450.0,
        1438.02
      ],
      "demand": [
        3,
        2,
        1
      ]
    },
    {
      "id": "C29",
      "x": 32.9,
      "y": 48.94,
      "time_window": [
        450.0,
        1038.83
      ],
      "demand": [
        2,
        4,
        2
      ]
    },
    {
      "id": "C30",
      "x": 30.68,
      "y": 41.12,
      "time_window": [
        450.0,
        2550
      ],
      "demand": [
        2,
        3,
        3
      ]
    },
    {
      "id": "C31",
      "x": 26.09,
      "y": 25.96,
      "time_window": [
        450.0,
        1765.96
      ],
      "demand": [
        2,
        3,
        3
      ]
    },
    {
      "id": "C32",
      "x": 82.22,
      "y": 81.83,
      "time_window": [
        450.0,
        1171.2
      ],
      "demand": [
        3,
        4,
        1
      ]
    },
    {
      "id": "C33",
      "x": 52.4,
      "y": 66.71,
      "time_window": [
        450.0,
        1918.35
      ],
      "demand": [
        4,
        2,
        3
      ]
    },
    {
      "id": "C34",
      "x": 35.46,
      "y": 56.1,
      "time_window": [
        450.0,
        1131.39
      ],
      "demand": [
        2,
        2,
        1
      ]
    },
    {
      "id": "C35",
      "x": 97.9,
      "y": 21.41,
      "time_window": [
        450.0,
        2208.34
      ],
      "demand": [
        3,
        2,
        1
      ]
    },
    {
      "id": "C36",
      "x": 23.05,
      "y": 16.72,
      "time_window": [
        450.0,
        993.09
      ],
      "demand": [
        1,
        2,
        2
      ]
    },
    {
      "id": "C37",
      "x": 12.71,
      "y": 80.77,
      "time_window": [
        450.0,
        1254.09
      ],
      "demand": [
        2,
        2,
        1
      ]
    },
    {
      "id": "C38",
      "x": 60.25,
      "y": 62.88,
      "time_window": [
        450.0,
        1555.4
      ],
      "demand": [
        2,
        4,
        3
      ]
    },
    {
      "id": "C39",
      "x": 67.93,
      "y": 37.47,
      "time_window": [
        450.0,
        2255.52
      ],
      "demand": [
        1,
        3,
        2
      ]
    },
    {
      "id": "C40",
      "x": 59.81,
      "y": 40.84,
      "time_window": [
        450.0,
        1387.24
      ],
      "demand": [
        3,
        4,
        1
      ]
    },
    {
      "id": "C41",
      "x": 56.16,
      "y": 55.43,
      "time_window": [
        450.0,
        1098.14
      ],
      "demand": [
        3,
        3,
        4
      ]
    },
    {
      "id": "C42",
      "x": 46.7,
      "y": 28.87,
      "time_window": [
        450.0,
        1688.92
      ],
      "demand": [
        2,
        1,
        3
      ]
    },
    {
      "id": "C43",
      "x": 87.83,
      "y": 22.64,
      "time_window": [
        450.0,
        2519.36
      ],
      "demand": [
        4,
        1,
        4
      ]
    },
    {
      "id": "C44",
      "x": 30.57,
      "y": 49.18,
      "time_window": [
        450.0,
        2444.07
      ],
      "demand": [
        4,
        2,
        2
      ]
    },
    {
      "id": "C45",
      "x": 42.04,
      "y": 74.76,
      "time_window": [
        450.0,
        2550
      ],
      "demand": [
        4,
        3,
        3
      ]
    },
    {
      "id": "C46",
      "x": 41.99,
      "y": 45.46,
      "time_window": [
        450.0,
        1406.24
      ],
      "demand": [
        4,
        4,
        3
      ]
    },
    {
      "id": "C47",
      "x": 34.11,
      "y": 26.36,
      "time_window": [
        450.0,
        1410.72
      ],
      "demand": [
        1,
        2,
        3
      ]
    },
    {
      "id": "C48",
      "x": 51.64,
      "y": 48.41,
      "time_window": [
        450.0,
        1074.97
      ],
      "demand": [
        2,
        1,
        2
      ]
    },
    {
      "id": "C49",
      "x": 61.59,
      "y": 67.72,
      "time_window": [
        450.0,
        2098.71
      ],
      "demand": [
        1,
        2,
        1
      ]
    },
    {
      "id": "C50",
      "x": 26.32,
      "y": 70.22,
      "time_window": [
        450.0,
        1459.12
      ],
      "demand": [
        2,
        1,
        3
      ]
    }
  ]
}