{
  "set_id": 8,
  "inst_id": 6,
  "vehicles": {
    "CT": {
      "count": 20,
      "capacity": 1500,
      "fixed_cost": 1500,
      "unit_cost_factor": 1.2
    },
    "UV": {
      "count": 40,
      "capacity": 500,
      "fixed_cost": 500,
      "unit_cost_factor": 1.1
    }
  },
  "P": 3,
  "item_weights": [
    5,
    10,
    5
  ],
  "inventory_ratio": 1.4,
  "FCs": [
    {
      "id": "FC1",
      "x": 25,
      "y": 25,
      "time_window": [
        0.0,
        3000.0
      ],
      "inventory": [
        89,
        90,
        78
      ]
    },
    {
      "id": "FC2",
      "x": 25,
      "y": 75,
      "time_window": [
        0.0,
        3000.0
      ],
      "inventory": [
        94,
        80,
        79
      ]
    },
    {
      "id": "FC3",
      "x": 75,
      "y": 25,
      "time_window": [
        0.0,
        3000.0
      ],
      "inventory": [
        87,
        90,
        80
      ]
    },
    {
      "id": "FC4",
      "x": 75,
      "y": 75,
      "time_window": [
        0.0,
        3000.0
      ],
      "inventory": [
        93,
        96,
        94
      ]
    }
  ],
  "DCs": [
    {
      "id": "DC1",
      "x": 96.86,
      "y": 14.08,
      "time_window": [
        300.0,
        2700.0
      ]
    },
    {
      "id": "DC2",
      "x": 6.12,
      "y": 94.61,
      "time_window": [
        300.0,
        2700.0
      ]
    },
    {
      "id": "DC3",
      "x": 80.37,
      "y": 79.99,
      "time_window": [
        300.0,
        2700.0
      ]
    },
    {
      "id": "DC4",
      "x": 64.32,
      "y": 22.04,
      "time_window": [
        300.0,
        2700.0
      ]
    },
    {
      "id": "DC5",
      "x": 8.6,
      "y": 48.71,
      "time_window": [
        300.0,
        2700.0
      ]
    },
    {
      "id": "DC6",
      "x": 77.33,
      "y": 67.3,
      "time_window": [
        300.0,
        2700.0
      ]
    },
    {
      "id": "DC7",
      "x": 74.7,
      "y": 45.5,
      "time_window": [
        300.0,
        2700.0
      ]
    },
    {
      "id": "DC8",
      "x": 12.22,
      "y": 13.34,
      "time_window": [
        300.0,
        2700.0
      ]
    }
  ],
  "CDPs": [
    {
      "id": "CDP1",
      "x": 11.61,
      "y": 0.74,
      "time_window": [
        0.0,
        3000.0
      ],
      "capacity": 170
    },
    {
      "id": "CDP2",
      "x": 71.56,
      "y": 47.58,
      "time_window": [
        0.0,
        3000.0
      ],
      "capacity": 128
    },
    {
      "id": "CDP3",
      "x": 73.14,
      "y": 91.98,
      "time_window": [
        0.0,
        3000.0
      ],
      "capacity": 140
    },
    {
      "id": "CDP4",
      "x": 37.15,
      "y": 39.64,
      "time_window": [
        0.0,
        3000.0
      ],
      "capacity": 236
    },
    {
      "id": "CDP5",
      "x": 90.37,
      "y": 16.66,
      "time_window": [
        0.0,
        3000.0
      ],
      "capacity": 217
    },
    {
      "id": "CDP6",
      "x": 64.27,
      "y": 21.32,
      "time_window": [
        0.0,
        3000.0
      ],
      "capacity": 137
    },
    {
      "id": "CDP7",
      "x": 68.27,
      "y": 0.79,
      "time_window": [
        0.0,
        3000.0
      ],
      "capacity": 231
    },
    {
      "id": "CDP8",
      "x": 97.93,
      "y": 46.34,
      "time_window": [
        0.0,
        3000.0
      ],
      "capacity": 160
    },
    {
      "id": "CDP9",
      "x": 88.34,
      "y": 28.07,
      "time_window": [
        0.0,
        3000.0
      ],
      "capacity": 228
    },
    {
      "id": "CDP10",
      "x": 43.36,
      "y": 7.33,
      "time_window": [
        0.0,
        3000.0
      ],
      "capacity": 235
    },
    {
      "id": "CDP11",
      "x": 44.38,
      "y": 91.31,
      "time_window": [
        0.0,
        3000.0
      ],
      "capacity": 241
    },
    {
      "id": "CDP12",
      "x": 33.64,
      "y": 0.01,
      "time_window": [
        0.0,
        3000.0
      ],
      "capacity": 241
    },
    {
      "id": "CDP13",
      "x": 42.65,
      "y": 79.48,
      "time_window": [
        0.0,
        3000.0
      ],
      "capacity": 273
    },
    {
      "id": "CDP14",
      "x": 82.66,
      "y": 24.08,
      "time_window": [
        0.0,
        3000.0
      ],
      "capacity": 121
    },
    {
      "id": "CDP15",
      "x": 78.99,
      "y": 18.15,
      "time_window": [
        0.0,
        3000.0
      ],
      "capacity": 219
    },
    {
      "id": "CDP16",
      "x": 52.31,
      "y": 85.44,
      "time_window": [
        0.0,
        3000.0
      ],
      "capacity": 105
    },
    {
      "id": "CDP17",
      "x": 48.14,
      "y": 54.03,
      "time_window": [
        0.0,
        3000.0
      ],
      "capacity": 246
    },
    {
      "id": "CDP18",
      "x": 2.32,
      "y": 98.85,
      "time_window": [
        0.0,
        3000.0
      ],
      "capacity": 202
    },
    {
      "id": "CDP19",
      "x": 41.83,
      "y": 18.09,
      "time_window": [
        0.0,
        3000.0
      ],
      "capacity": 109
    },
    {
      "id": "CDP20",
      "x": 80.54,
      "y": 78.21,
      "time_window": [
        0.0,
        3000.0
      ],
      "capacity": 135
    },
    {
      "id": "CDP21",
      "x": 48.38,
      "y": 27.53,
      "time_window": [
        0.0,
        3000.0
      ],
      "capacity": 181
    },
    {
      "id": "CDP22",
      "x": 17.75,
      "y": 30.43,
      "time_window": [
        0.0,
        3000.0
      ],
      "capacity": 293
    },
    {
      "id": "CDP23",
      "x": 79.74,
      "y": 56.19,
      "time_window": [
        0.0,
        3000.0
      ],
      "capacity": 202
    },
    {
      "id": "CDP24",
      "x": 96.1,
      "y": 91.24,
      "time_window": [
        0.0,
        3000.0
      ],
      "capacity": 221
    },
    {
      "id": "CDP25",
      "x": 47.88,
      "y": 87.57,
      "time_window": [
        0.0,
        3000.0
      ],
      "capacity": 187
    },
    {
      "id": "CDP26",
      "x": 26.8,
      "y": 25.38,
      "time_window": [
        0.0,
        3000.0
      ],
      "capacity": 262
    },
    {
      "id": "CDP27",
      "x": 51.75,
      "y": 51.25,
      "time_window": [
        0.0,
        3000.0
      ],
      "capacity": 271
    },
    {
      "id": "CDP28",
      "x": 74.52,
      "y": 28.27,
      "time_window": [
        0.0,
        3000.0
      ],
      "capacity": 263
    },
    {
      "id": "CDP29",
      "x": 82.78,
      "y": 29.75,
      "time_window": [
        0.0,
        3000.0
      ],
      "capacity": 233
    },
    {
      "id": "CDP30",
      "x": 77.69,
      "y": 57.37,
      "time_window": [
        0.0,
        3000.0
      ],
      "capacity": 265
    },
    {
      "id": "CDP31",
      "x": 50.36,
      "y": 40.75,
      "time_window": [
        0.0,
        3000.0
      ],
      "capacity": 110
    },
    {
      "id": "CDP32",
      "x": 13.11,
      "y": 11.18,
      "time_window": [
        0.0,
        3000.0
      ],
      "capacity": 155
    },
    {
      "id": "CDP33",
      "x": 66.52,
      "y": 80.57,
      "time_window": [
        0.0,
        3000.0
      ],
      "capacity": 143
    },
    {
      "id": "CDP34",
      "x": 81.6,
      "y": 63.49,
      "time_window": [
        0.0,
        3000.0
      ],
      "capacity": 122
    },
    {
      "id": "CDP35",
      "x": 93.07,
      "y": 70.46,
      "time_window": [
        0.0,
        3000.0
      ],
      "capacity": 168
    },
    {
      "id": "CDP36",
      "x": 78.16,
      "y": 4.48,
      "time_window": [
        0.0,
        3000.0
      ],
      "capacity": 136
    },
    {
      "id": "CDP37",
      "x": 95.14,
      "y": 97.96,
      "time_window": [
        0.0,
        3000.0
      ],
      "capacity": 166
    },
    {
      "id": "CDP38",
      "x": 71.8,
      "y": 24.43,
      "time_window": [
        0.0,
        3000.0
      ],
      "capacity": 189
    },
    {
      "id": "CDP39",
      "x": 34.58,
      "y": 77.71,
      "time_window": [
        0.0,
        3000.0
      ],
      "capacity": 175
    },
    {
      "id": "CDP40",
      "x": 93.6,
      "y": 73.2,
      "time_window": [
        0.0,
        3000.0
      ],
      "capacity": 278
    },
    {
      "id": "CDP41",
      "x": 80.2,
      "y": 96.36,
      "time_window": [
        0.0,
        3000.0
      ],
      "capacity": 216
    },
    {
      "id": "CDP42",
      "x": 37.13,
      "y": 75.56,
      "time_window": [
        0.0,
        3000.0
      ],
      "capacity": 106
    },
    {
      "id": "CDP43",
      "x": 45.63,
      "y": 19.06,
      "time_window": [
        0.0,
        3000.0
      ],
      "capacity": 291
    },
    {
      "id": "CDP44",
      "x": 71.43,
      "y": 22.73,
      "time_window": [
        0.0,
        3000.0
      ],
      "capacity": 266
    },
    {
      "id": "CDP45",
      "x": 75.31,
      "y": 27.41,
      "time_window": [
        0.0,
        3000.0
      ],
      "capacity": 254
    },
    {
      "id": "CDP46",
      "x": 73.66,
      "y": 83.07,
      "time_window": [
        0.0,
        3000.0
      ],
      "capacity": 159
    },
    {
      "id": "CDP47",
      "x": 18.85,
      "y": 12.86,
      "time_window": [
        0.0,
        3000.0
      ],
      "capacity": 104
    },
    {
      "id": "CDP48",
      "x": 52.56,
      "y": 50.96,
      "time_window": [
        0.0,
        3000.0
      ],
      "capacity": 193
    },
    {
      "id": "CDP49",
      "x": 82.35,
      "y": 74.71,
      "time_window": [
        0.0,
        3000.0
      ],
      "capacity": 161
    },
    {
      "id": "CDP50",
      "x": 5.9,
      "y": 27.52,
      "time_window": [
        0.0,
        3000.0
      ],
      "capacity": 224
    }
  ],
  "Customers": [
    {
      "id": "C1",
      "x": 41.63,
      "y": 34.47,
      "time_window": [
        450.0,
        1558.48
      ],
      "demand": [
        1,
        1,
        3
      ]
    },
    {
      "id": "C2",
      "x": 22.14,
      "y": 17.01,
      "time_window": [
        450.0,
        1492.32
      ],
      "demand": [
        2,
        1,
        3
      ]
    },
    {
      "id": "C3",
      "x": 21.64,
      "y": 91.55,
      "time_window": [
        450.0,
        1034.75
      ],
      "demand": [
        1,
        4,
        1
      ]
    },
    {
      "id": "C4",
      "x": 59.59,
      "y": 40.52,
      "time_window": [
        450.0,
        1331.61
      ],
      "demand": [
        2,
        3,
        4
      ]
    },
    {
      "id": "C5",
      "x": 86.94,
      "y": 83.75,
      "time_window": [
        450.0,
        2307.22
      ],
      "demand": [
        2,
        2,
        1
      ]
    },
    {
      "id": "C6",
      "x": 78.44,
      "y": 90.1,
      "time_window": [
        450.0,
        2224.47
      ],
      "demand": [
        4,
        1,
        3
      ]
    },
    {
      "id": "C7",
      "x": 41.64,
      "y": 54.2,
      "time_window": [
        450.0,
        1057.94
      ],
      "demand": [
        1,
        3,
        1
      ]
    },
    {
      "id": "C8",
      "x": 57.54,
      "y": 70.08,
      "time_window": [
        450.0,
        1257.48
      ],
      "demand": [
        4,
        3,
        2
      ]
    },
    {
      "id": "C9",
      "x": 11.98,
      "y": 11.89,
      "time_window": [
        450.0,
        1600.06
      ],
      "demand": [
        1,
        2,
        2
      ]
    },
    {
      "id": "C10",
      "x": 27.17,
      "y": 25.68,
      "time_window": [
        450.0,
        1919.45
      ],
      "demand": [
        3,
        3,
        4
      ]
    },
    {
      "id": "C11",
      "x": 25.7,
      "y": 48.74,
      "time_window": [
        450.0,
        1805.35
      ],
      "demand": [
        2,
        1,
        1
      ]
    },
    {
      "id": "C12",
      "x": 95.42,
      "y": 92.99,
      "time_window": [
        450.0,
        1813.13
      ],
      "demand": [
        2,
        2,
        1
      ]
    },
    {
      "id": "C13",
      "x": 81.66,
      "y": 89.76,
      "time_window": [
        450.0,
        1648.71
      ],
      "demand": [
        3,
        3,
        3
      ]
    },
    {
      "id": "C14",
      "x": 62.46,
      "y": 52.49,
      "time_window": [
        450.0,
        1413.95
      ],
      "demand": [
        3,
        4,
        2
      ]
    },
    {
      "id": "C15",
      "x": 28.7,
      "y": 34.22,
      "time_window": [
        450.0,
        1412.7
      ],
      "demand": [
        3,
        3,
        4
      ]
    },
    {
      "id": "C16",
      "x": 29.84,
      "y": 26.23,
      "time_window": [
        450.0,
        2208.55
      ],
      "demand": [
        4,
        4,
        3
      ]
    },
    {
      "id": "C17",
      "x": 9.49,
      "y": 90.77,
      "time_window": [
        450.0,
        2550
      ],
      "demand": [
        4,
        1,
        1
      ]
    },
    {
      "id": "C18",
      "x": 70.87,
      "y": 65.67,
      "time_window": [
        450.0,
        1808.4
      ],
      "demand": [
        2,
        3,
        2
      ]
    },
    {
      "id": "C19",
      "x": 88.41,
      "y": 89.73,
      "time_window": [
        450.0,
        972.89
      ],
      "demand": [
        2,
        4,
        1
      ]
    },
    {
      "id": "C20",
      "x": 91.28,
      "y": 79.86,
      "time_window": [
        450.0,
        1811.38
      ],
      "demand": [
        3,
        4,
        1
      ]
    },
    {
      "id": "C21",
      "x": 69.89,
      "y": 25.58,
      "time_window": [
        450.0,
        1768.24
      ],
      "demand": [
        1,
        4,
        1
      ]
    },
    {
      "id": "C22",
      "x": 48.05,
      "y": 70.11,
      "time_window": [
        450.0,
        1213.77
      ],
      "demand": [
        1,
        4,
        4
      ]
    },
    {
      "id": "C23",
      "x": 67.97,
      "y": 49.25,
      "time_window": [
        450.0,
        1339.19
      ],
      "demand": [
        4,
        4,
        1
      ]
    },
    {
      "id": "C24",
      "x": 34.45,
      "y": 73.56,
      "time_window": [
        450.0,
        1940.27
      ],
      "demand": [
        1,
        3,
        1
      ]
    },
    {
      "id": "C25",
      "x": 63.42,
      "y": 64.85,
      "time_window": [
        450.0,
        1425.4
      ],
      "demand": [
        2,
        1,
        1
      ]
    },
    {
      "id": "C26",
      "x": 78.74,
      "y": 24.83,
      "time_window": [
        450.0,
        1007.69
      ],
      "demand": [
        2,
        4,
        2
      ]
    },
    {
      "id": "C27",
      "x": 48.58,
      "y": 26.84,
      "time_window": [
        450.0,
        2237.51
      ],
      "demand": [
        1,
        3,
        4
      ]
    },
    {
      "id": "C28",
      "x": 68.16,
      "y": 66.99,
      "time_window": [
        450.0,
        1802.73
      ],
      "demand": [
        4,
        1,
        2
      ]
    },
    {
      "id": "C29",
      "x": 52.93,
      "y": 36.67,
      "time_window": [
        450.0,
        2477.05
      ],
      "demand": [
        1,
        2,
        2
      ]
    },
    {
      "id": "C30",
      "x": 29.95,
      "y": 67.19,
      "time_window": [
        450.0,
        1776.93
      ],
      "demand": [
        1,
        2,
        1
      ]
    },
    {
      "id": "C31",
      "x": 73.73,
      "y": 31.88,
      "time_window": [
        450.0,
        1708.81
      ],
      "demand": [
        2,
        2,
        1
      ]
    },
    {
      "id": "C32",
      "x": 5.97,
      "y": 82.39,
      "time_window": [
        450.0,
        1852.42
      ],
      "demand": [
        4,
        4,
        4
      ]
    },
    {
      "id": "C33",
      "x": 74.25,
      "y": 46.37,
      "time_window": [
        450.0,
        1546.93
      ],
      "demand": [
        1,
        1,
        2
      ]
    },
    {
      "id": "C34",
      "x": 96.21,
      "y": 24.61,
      "time_window": [
        450.0,
        1418.97
      ],
      "demand": [
        2,
        3,
        2
      ]
    },
    {
      "id": "C35",
      "x": 5.05,
      "y": 97.0,
      "time_window": [
        450.0,
        1723.86
      ],
      "demand": [
        2,
        3,
        1
      ]
    },
    {
      "id": "C36",
      "x": 97.43,
      "y": 96.71,
      "time_window": [
        450.0,
        1180.22
      ],
      "demand": [
        4,
        4,
        1
      ]
    },
    {
      "id": "C37",
      "x": 58.92,
      "y": 73.93,
      "time_window": [
        450.0,
        1799.02
      ],
      "demand": [
        4,
        1,
        2
      ]
    },
    {
      "id": "C38",
      "x": 65.4,
      "y": 37.45,
      "time_window": [
        450.0,
        1791.58
      ],
      "demand": [
        4,
        4,
        4
      ]
    },
    {
      "id": "C39",
      "x": 69.36,
      "y": 50.27,
      "time_window": [
        450.0,
        1238.69
      ],
      "demand": [
        4,
        4,
        3
      ]
    },
    {
      "id": "C40",
      "x": 35.3,
      "y": 55.96,
      "time_window": [
        450.0,
        1836.65
      ],
      "demand": [
        3,
        2,
        4
      ]
    },
    {
      "id": "C41",
      "x": 22.96,
      "y": 76.88,
      "time_window": [
        450.0,
        2335.93
      ],
      "demand": [
        2,
        4,
        3
      ]
    },
    {
      "id": "C42",
      "x": 64.29,
      "y": 64.66,
      "time_window": [
        450.0,
        2308.95
      ],
      "demand": [
        4,
        2,
        2
      ]
    },
    {
      "id": "C43",
      "x": 33.26,
      "y": 33.72,
      "time_window": [
        450.0,
        2360.78
      ],
      "demand": [
        1,
        2,
        1
      ]
    },
    {
      "id": "C44",
      "x": 41.5,
      "y": 61.65,
      "time_window": [
        450.0,
        2246.48
      ],
      "demand": [
        4,
        4,
        4
      ]
    },
    {
      "id": "C45",
      "x": 14.7,
      "y": 11.59,
      "time_window": [
        450.0,
        1705.12
      ],
      "demand": [
        2,
        1,
        1
      ]
    },
    {
      "id": "C46",
      "x": 86.34,
      "y": 7.62,
      "time_window": [
        450.0,
        1881.44
      ],
      "demand": [
        4,
        2,
        3
      ]
    },
    {
      "id": "C47",
      "x": 78.45,
      "y": 97.03,
      "time_window": [
        450.0,
        1562.47
      ],
      "demand": [
        3,
        1,
        3
      ]
    },
    {
      "id": "C48",
      "x": 78.3,
      "y": 3.46,
      "time_window": [
        450.0,
        1271.05
      ],
      "demand": [
        1,
        3,
        4
      ]
    },
    {
      "id": "C49",
      "x": 42.51,
      "y": 55.52,
      "time_window": [
        450.0,
        2302.26
      ],
      "demand": [
        3,
        3,
        4
      ]
    },
    {
      "id": "C50",
      "x": 54.81,
      "y": 48.9,
      "time_window": [
        450.0,
        1251.72
      ],
      "demand": [
        1,
        3,
        4
      ]
    },
    {
      "id": "C51",
      "x": 3.24,
      "y": 15.23,
      "time_window": [
        450.0,
        959.18
      ],
      "demand": [
        2,
        2,
        3
      ]
    },
    {
      "id": "C52",
      "x": 49.14,
      "y": 55.81,
      "time_window": [
        450.0,
        1003.69
      ],
      "demand": [
        1,
        4,
        4
      ]
    },
    {
      "id": "C53",
      "x": 83.64,
      "y": 19.44,
      "time_window": [
        450.0,
        988.61
      ],
      "demand": [
        4,
        4,
        2
      ]
    },
    {
      "id": "C54",
      "x": 47.1,
      "y": 35.38,
      "time_window": [
        450.0,
        965.55
      ],
      "demand": [
        4,
        1,
        1
      ]
    },
    {
      "id": "C55",
      "x": 65.45,
      "y": 36.55,
      "time_window": [
        450.0,
        1770.13
      ],
      "demand": [
        1,
        3,
        3
      ]
    },
    {
      "id": "C56",
      "x": 47.61,
      "y": 35.47,
      "time_window": [
        450.0,
        2389.58
      ],
      "demand": [
        2,
        3,
        1
      ]
    },
    {
      "id": "C57",
      "x": 1.79,
      "y": 78.95,
      "time_window": [
        450.0,
        1410.95
      ],
      "demand": [
        4,
        4,
        1
      ]
    },
    {
      "id": "C58",
      "x": 65.54,
      "y": 71.9,
      "time_window": [
        450.0,
        1748.08
      ],
      "demand": [
        4,
        1,
        4
      ]
    },
    {
      "id": "C59",
      "x": 29.34,
      "y": 59.02,
      "time_window": [
        450.0,
        1518.63
      ],
      "demand": [
        3,
        4,
        3
      ]
    },
    {
      "id": "C60",
      "x": 44.35,
      "y": 28.67,
      "time_window": [
        450.0,
        2018.98
      ],
      "demand": [
        4,
        3,
        3
      ]
    },
    {
      "id": "C61",
      "x": 26.19,
      "y": 46.94,
      "time_window": [
        450.0,
        1134.21
      ],
      "demand": [
        2,
        1,
        3
      ]
    },
    {
      "id": "C62",
      "x": 70.44,
      "y": 73.63,
      "time_window": [
        450.0,
        1178.51
      ],
      "demand": [
        2,
        2,
        2
      ]
    },
    {
      "id": "C63",
      "x": 72.6,
      "y": 29.72,
      "time_window": [
        450.0,
        1065.14
      ],
      "demand": [
        3,
        3,
        4
      ]
    },
    {
      "id": "C64",
      "x": 93.82,
      "y": 23.93,
      "time_window": [
        450.0,
        1632.84
      ],
      "demand": [
        3,
        2,
        2
      ]
    },
    {
      "id": "C65",
      "x": 86.45,
      "y": 76.85,
      "time_window": [
        450.0,
        2054.08
      ],
      "demand": [
        3,
        4,
        1
      ]
    },
    {
      "id": "C66",
      "x": 39.85,
      "y": 71.2,
      "time_window": [
        450.0,
        2375.97
      ],
      "demand": [
        3,
        4,
        3
      ]
    },
    {
      "id": "C67",
      "x": 49.69,
      "y": 71.48,
      "time_window": [
        450.0,
        1596.23
      ],
      "demand": [
        1,
        1,
        3
      ]
    },
    {
      "id": "C68",
      "x": 75.47,
      "y": 3.64,
      "time_window": [
        450.0,
        2518.88
      ],
      "demand": [
        4,
        2,
        3
      ]
    },
    {
      "id": "C69",
      "x": 65.02,
      "y": 42.88,
      "time_window": [
        450.0,
        1943.02
      ],
      "demand": [
        1,
        2,
        3
      ]
    },
    {
      "id": "C70",
      "x": 84.31,
      "y": 78.93,
      "time_window": [
        450.0,
        1544.3
      ],
      "demand": [
        2,
        2,
        1
      ]
    },
    {
      "id": "C71",
      "x": 23.85,
      "y": 4.97,
      "time_window": [
        450.0,
        2179.48
      ],
      "demand": [
        3,
        2,
        2
      ]
    },
    {
      "id": "C72",
      "x": 43.89,
      "y": 35.81,
      "time_window": [
        450.0,
        971.28
      ],
      "demand": [
        4,
        2,
        1
      ]
    },
    {
      "id": "C73",
      "x": 94.3,
      "y": 76.21,
      "time_window": [
        450.0,
        1192.65
      ],
      "demand": [
        4,
        4,
        3
      ]
    },
    {
      "id": "C74",
      "x": 88.69,
      "y": 79.0,
      "time_window": [
        450.0,
        980.16
      ],
      "demand": [
        4,
        1,
        1
      ]
    },
    {
      "id": "C75",
      "x": 16.93,
      "y": 79.71,
      "time_window": [
        450.0,
        2037.05
      ],
      "demand": [
        4,
        3,
        3
      ]
    },
    {
      "id": "C76",
      "x": 62.48,
      "y": 53.3,
      "time_window": [
        450.0,
        1357.44
      ],
      "demand": [
        3,
        1,
        4
      ]
    },
    {
      "id": "C77",
      "x": 89.02,
      "y": 2.24,
      "time_window": [
        450.0,
        2286.4
      ],
      "demand": [
        1,
        3,
        2
      ]
    },
    {
      "id": "C78",
      "x": 65.94,
      "y": 42.33,
      "time_window": [
        450.0,
        1422.71
      ],
      "demand": [
        4,
        1,
        4
      ]
    },
    {
      "id": "C79",
      "x": 26.3,
      "y": 71.73,
      "time_window": [
        450.0,
        1766.28
      ],
      "demand": [
        4,
        4,
        3
      ]
    },
    {
      "id": "C80",
      "x": 2.74,
      "y": 78.26,
      "time_window": [
        450.0,
        2018.84
      ],
      "demand": [
        1,
        1,
        3
      ]
    },
    {
      "id": "C81",
      "x": 31.83,
      "y": 49.69,
      "time_window": [
        450.0,
        1507.06
      ],
      "demand": [
        1,
        4,
        2
      ]
    },
    {
      "id": "C82",
      "x": 41.4,
      "y": 41.68,
      "time_window": [
        450.0,
        964.84
      ],
      "demand": [
        1,
        3,
        1
      ]
    },
    {
      "id": "C83",
      "x": 75.76,
      "y": 83.08,
      "time_window": [
        450.0,
        1054.17
      ],
      "demand": [
        3,
        4,
        2
      ]
    },
    {
      "id": "C84",
      "x": 39.12,
      "y": 62.45,
      "time_window": [
        450.0,
        1751.21
      ],
      "demand": [
        2,
        2,
        1
      ]
    },
    {
      "id": "C85",
      "x": 80.63,
      "y": 83.81,
      "time_window": [
        450.0,
        2055.13
      ],
      "demand": [
        4,
        2,
        3
      ]
    },
    {
      "id": "C86",
      "x": 37.53,
      "y": 69.62,
      "time_window": [
        450.0,
        2420.26
      ],
      "demand": [
        4,
        1,
        1
      ]
    },
    {
      "id": "C87",
      "x": 47.72,
      "y": 51.98,
      "time_window": [
        450.0,
        2365.4
      ],
      "demand": [
        1,
        3,
        4
      ]
    },
    {
      "id": "C88",
      "x": 43.12,
      "y": 31.96,
      "time_window": [
        450.0,
        1725.57
      ],
      "demand": [
        4,
        2,
        1
      ]
    },
    {
      "id": "C89",
      "x": 87.66,
      "y": 75.23,
      "time_window": [
        450.0,
        1570.2
      ],
      "demand": [
        1,
        2,
        2
      ]
    },
    {
      "id": "C90",
      "x": 34.85,
      "y": 37.9,
      "time_window": [
        450.0,
        1053.18
      ],
      "demand": [
        4,
        2,
        2
      ]
    },
    {
      "id": "C91",
      "x": 33.08,
      "y": 73.17,
      "time_window": [
        450.0,
        1607.88
      ],
      "demand": [
        2,
        1,
        2
      ]
    },
    {
      "id": "C92",
      "x": 27.9,
      "y": 37.34,
      "time_window": [
        450.0,
        2298.05
      ],
      "demand": [
        1,
        1,
        3
      ]
    },
    {
      "id": "C93",
      "x": 10.89,
      "y": 9.45,
      "time_window": [
        450.0,
        1851.72
      ],
      "demand": [
        4,
        1,
        4
      ]
    },
    {
      "id": "C94",
      "x": 37.22,
      "y": 54.6,
      "time_window": [
        450.0,
        2128.13
      ],
      "demand": [
        3,
        3,
        1
      ]
    },
    {
      "id": "C95",
      "x": 51.27,
      "y": 25.88,
      "time_window": [
        450.0,
        2363.92
      ],
      "demand": [
        4,
        3,
        3
      ]
    },
    {
      "id": "C96",
      "x": 19.15,
      "y": 16.61,
      "time_window": [
        450.0,
        1099.58
      ],
      "demand": [
        1,
        2,
        2
      ]
    },
    {
      "id": "C97",
      "x": 16.68,
      "y": 95.41,
      "time_window": [
        450.0,
        1563.94
      ],
      "demand": [
        1,
        2,
        3
      ]
    },
    {
      "id": "C98",
      "x": 33.49,
      "y": 62.29,
      "time_window": [
        450.0,
        1403.73
      ],
      "demand": [
        4,
        2,
        2
      ]
    },
    {
      "id": "C99",
      "x": 70.03,
      "y": 62.8,
      "time_window": [
        450.0,
        1959.05
      ],
      "demand": [
        3,
        3,
        4
      ]
    },
    {
      "id": "C100",
      "x": 11.43,
      "y": 5.1,
      "time_window": [
        450.0,
        2194.95
      ],
      "demand": [
        4,
        4,
        2
      ]
    }
  ]
}