{
  "set_id": 1,
  "inst_id": 1,
  "vehicles": {
    "CT": {
      "count": 4,
      "capacity": 1500,
      "fixed_cost": 1500,
      "unit_cost_factor": 1.2
    },
    "UV": {
      "count": 8,
      "capacity": 500,
      "fixed_cost": 500,
      "unit_cost_factor": 1.1
    }
  },
  "P": 2,
  "item_weights": [
    15,
    10
  ],
  "inventory_ratio": 1.1,
  "FCs": [
    {
      "id": "FC1",
      "x": 25,
      "y": 25,
      "time_window": [
        0.0,
        3000.0
      ],
      "inventory": [
        27,
        26
      ]
    },
    {
      "id": "FC2",
      "x": 75,
      "y": 75,
      "time_window": [
        0.0,
        3000.0
      ],
      "inventory": [
        29,
        18
      ]
    }
  ],
  "DCs": [
    {
      "id": "DC1",
      "x": 30.62,
      "y": 2.31,
      "time_window": [
        300.0,
        2700.0
      ]
    },
    {
      "id": "DC2",
      "x": 26.51,
      "y": 19.58,
      "time_window": [
        300.0,
        2700.0
      ]
    },
    {
      "id": "DC3",
      "x": 19.61,
      "y": 35.28,
      "time_window": [
        300.0,
        2700.0
      ]
    },
    {
      "id": "DC4",
      "x": 43.05,
      "y": 22.32,
      "time_window": [
        300.0,
        2700.0
      ]
    }
  ],
  "CDPs": [
    {
      "id": "CDP1",
      "x": 61.35,
      "y": 98.24,
      "time_window": [
        0.0,
        3000.0
      ],
      "capacity": 286
    },
    {
      "id": "CDP2",
      "x": 58.05,
      "y": 2.03,
      "time_window": [
        0.0,
        3000.0
      ],
      "capacity": 271
    },
    {
      "id": "CDP3",
      "x": 85.36,
      "y": 70.55,
      "time_window": [
        0.0,
        3000.0
      ],
      "capacity": 292
    },
    {
      "id": "CDP4",
      "x": 4.11,
      "y": 96.55,
      "time_window": [
        0.0,
        3000.0
      ],
      "capacity": 215
    },
    {
      "id": "CDP5",
      "x": 48.82,
      "y": 35.27,
      "time_window": [
        0.0,
        3000.0
      ],
      "capacity": 114
    },
    {
      "id": "CDP6",
      "x": 92.08,
      "y": 60.59,
      "time_window": [
        0.0,
        3000.0
      ],
      "capacity": 264
    },
    {
      "id": "CDP7",
      "x": 10.91,
      "y": 21.74,
      "time_window": [
        0.0,
        3000.0
      ],
      "capacity": 132
    },
    {
      "id": "CDP8",
      "x": 41.11,
      "y": 99.2,
      "time_window": [
        0.0,
        3000.0
      ],
      "capacity": 137
    },
    {
      "id": "CDP9",
      "x": 47.01,
      "y": 66.92,
      "time_window": [
        0.0,
        3000.0
      ],
      "capacity": 131
    },
    {
      "id": "CDP10",
      "x": 12.73,
      "y": 69.3,
      "time_window": [
        0.0,
        3000.0
      ],
      "capacity": 284
    }
  ],
  "Customers": [
    {
      "id": "C1",
      "x": 70.36,
      "y": 52.48,
      "time_window": [
        450.0,
        959.34
      ],
      "demand": [
        2,
        2
      ]
    },
    {
      "id": "C2",
      "x": 37.31,
      "y": 53.43,
      "time_window": [
        450.0,
        1905.97
      ],
      "demand": [
        3,
        1
      ]
    },
    {
      "id": "C3",
      "x": 68.93,
      "y": 46.06,
      "time_window": [
        450.0,
        2214.72
      ],
      "demand": [
        1,
        1
      ]
    },
    {
      "id": "C4",
      "x": 44.71,
      "y": 39.74,
      "time_window": [
        450.0,
        1280.96
      ],
      "demand": [
        2,
        3
      ]
    },
    {
      "id": "C5",
      "x": 33.77,
      "y": 30.59,
      "time_window": [
        450.0,
        2483.38
      ],
      "demand": [
        3,
        2
      ]
    },
    {
      "id": "C6",
      "x": 92.87,
      "y": 16.39,
      "time_window": [
        450.0,
        2339.73
      ],
      "demand": [
        3,
        1
      ]
    },
    {
      "id": "C7",
      "x": 10.17,
      "y": 84.36,
      "time_window": [
        450.0,
        1838.86
      ],
      "demand": [
        2,
        2
      ]
    },
    {
      "id": "C8",
      "x": 45.89,
      "y": 48.48,
      "time_window": [
        450.0,
        2550
      ],
      "demand": [
        4,
        3
      ]
    },
    {
      "id": "C9",
      "x": 22.73,
      "y": 93.34,
      "time_window": [
        450.0,
        1309.74
      ],
      "demand": [
        3,
        3
      ]
    },
    {
      "id": "C10",
      "x": 94.53,
      "y": 4.98,
      "time_window": [
        450.0,
        1013.51
      ],
      "demand": [
        3,
        1
      ]
    },
    {
      "id": "C11",
      "x": 28.07,
      "y": 37.26,
      "time_window": [
        450.0,
        1561.03
      ],
      "demand": [
        1,
        1
      ]
    },
    {
      "id": "C12",
      "x": 19.02,
      "y": 4.95,
      "time_window": [
        450.0,
        1250.67
      ],
      "demand": [
        4,
        2
      ]
    },
    {
      "id": "C13",
      "x": 0.77,
      "y": 23.73,
      "time_window": [
        450.0,
        2511.29
      ],
      "demand": [
        2,
        2
      ]
    },
    {
      "id": "C14",
      "x": 66.52,
      "y": 46.71,
      "time_window": [
        450.0,
        1139.9
      ],
      "demand": [
        2,
        1
      ]
    },
    {
      "id": "C15",
      "x": 44.02,
      "y": 71.59,
      "time_window": [
        450.0,
        1532.33
      ],
      "demand": [
        2,
        1
      ]
    },
    {
      "id": "C16",
      "x": 0.47,
      "y": 96.94,
      "time_window": [
        450.0,
        2374.27
      ],
      "demand": [
        2,
        1
      ]
    },
    {
      "id": "C17",
      "x": 61.69,
      "y": 46.81,
      "time_window": [
        450.0,
        1018.03
      ],
      "demand": [
        4,
        4
      ]
    },
    {
      "id": "C18",
      "x": 55.21,
      "y": 25.98,
      "time_window": [
        450.0,
        1097.2
      ],
      "demand": [
        3,
        3
      ]
    },
    {
      "id": "C19",
      "x": 65.93,
      "y": 43.26,
      "time_window": [
        450.0,
        1806.17
      ],
      "demand": [
        3,
        2
      ]
    },
    {
      "id": "C20",
      "x": 13.89,
      "y": 9.43,
      "time_window": [
        450.0,
        1542.97
      ],
      "demand": [
        1,
        4
      ]
    }
  ]
}