{
  "set_id": 8,
  "inst_id": 4,
  "vehicles": {
    "CT": {
      "count": 20,
      "capacity": 1500,
      "fixed_cost": 1500,
      "unit_cost_factor": 1.2
    },
    "UV": {
      "count": 40,
      "capacity": 500,
      "fixed_cost": 500,
      "unit_cost_factor": 1.1
    }
  },
  "P": 3,
  "item_weights": [
    10,
    10,
    15
  ],
  "inventory_ratio": 1.4,
  "FCs": [
    {
      "id": "FC1",
      "x": 25,
      "y": 25,
      "time_window": [
        0.0,
        3000.0
      ],
      "inventory": [
        83,
        88,
        72
      ]
    },
    {
      "id": "FC2",
      "x": 25,
      "y": 75,
      "time_window": [
        0.0,
        3000.0
      ],
      "inventory": [
        80,
        92,
        86
      ]
    },
    {
      "id": "FC3",
      "x": 75,
      "y": 25,
      "time_window": [
        0.0,
        3000.0
      ],
      "inventory": [
        78,
        81,
        86
      ]
    },
    {
      "id": "FC4",
      "x": 75,
      "y": 75,
      "time_window": [
        0.0,
        3000.0
      ],
      "inventory": [
        88,
        91,
        83
      ]
    }
  ],
  "DCs": [
    {
      "id": "DC1",
      "x": 78.83,
      "y": 67.67,
      "time_window": [
        300.0,
        2700.0
      ]
    },
    {
      "id": "DC2",
      "x": 33.61,
      "y": 23.86,
      "time_window": [
        300.0,
        2700.0
      ]
    },
    {
      "id": "DC3",
      "x": 5.94,
      "y": 3.65,
      "time_window": [
        300.0,
        2700.0
      ]
    },
    {
      "id": "DC4",
      "x": 17.94,
      "y": 35.84,
      "time_window": [
        300.0,
        2700.0
      ]
    },
    {
      "id": "DC5",
      "x": 2.36,
      "y": 20.95,
      "time_window": [
        300.0,
        2700.0
      ]
    },
    {
      "id": "DC6",
      "x": 14.44,
      "y": 52.12,
      "time_window": [
        300.0,
        2700.0
      ]
    },
    {
      "id": "DC7",
      "x": 85.14,
      "y": 26.74,
      "time_window": [
        300.0,
        2700.0
      ]
    },
    {
      "id": "DC8",
      "x": 59.66,
      "y": 91.63,
      "time_window": [
        300.0,
        2700.0
      ]
    }
  ],
  "CDPs": [
    {
      "id": "CDP1",
      "x": 28.8,
      "y": 17.06,
      "time_window": [
        0.0,
        3000.0
      ],
      "capacity": 277
    },
    {
      "id": "CDP2",
      "x": 15.69,
      "y": 60.9,
      "time_window": [
        0.0,
        3000.0
      ],
      "capacity": 161
    },
    {
      "id": "CDP3",
      "x": 55.43,
      "y": 31.85,
      "time_window": [
        0.0,
        3000.0
      ],
      "capacity": 115
    },
    {
      "id": "CDP4",
      "x": 34.04,
      "y": 3.92,
      "time_window": [
        0.0,
        3000.0
      ],
      "capacity": 299
    },
    {
      "id": "CDP5",
      "x": 78.36,
      "y": 36.03,
      "time_window": [
        0.0,
        3000.0
      ],
      "capacity": 277
    },
    {
      "id": "CDP6",
      "x": 2.3,
      "y": 9.46,
      "time_window": [
        0.0,
        3000.0
      ],
      "capacity": 246
    },
    {
      "id": "CDP7",
      "x": 5.6,
      "y": 93.43,
      "time_window": [
        0.0,
        3000.0
      ],
      "capacity": 115
    },
    {
      "id": "CDP8",
      "x": 28.06,
      "y": 10.06,
      "time_window": [
        0.0,
        3000.0
      ],
      "capacity": 207
    },
    {
      "id": "CDP9",
      "x": 70.48,
      "y": 49.42,
      "time_window": [
        0.0,
        3000.0
      ],
      "capacity": 194
    },
    {
      "id": "CDP10",
      "x": 74.85,
      "y": 25.4,
      "time_window": [
        0.0,
        3000.0
      ],
      "capacity": 227
    },
    {
      "id": "CDP11",
      "x": 99.15,
      "y": 65.32,
      "time_window": [
        0.0,
        3000.0
      ],
      "capacity": 114
    },
    {
      "id": "CDP12",
      "x": 63.67,
      "y": 47.39,
      "time_window": [
        0.0,
        3000.0
      ],
      "capacity": 163
    },
    {
      "id": "CDP13",
      "x": 46.54,
      "y": 19.06,
      "time_window": [
        0.0,
        3000.0
      ],
      "capacity": 155
    },
    {
      "id": "CDP14",
      "x": 96.88,
      "y": 58.27,
      "time_window": [
        0.0,
        3000.0
      ],
      "capacity": 180
    },
    {
      "id": "CDP15",
      "x": 78.62,
      "y": 68.2,
      "time_window": [
        0.0,
        3000.0
      ],
      "capacity": 141
    },
    {
      "id": "CDP16",
      "x": 10.58,
      "y": 81.63,
      "time_window": [
        0.0,
        3000.0
      ],
      "capacity": 220
    },
    {
      "id": "CDP17",
      "x": 4.81,
      "y": 6.01,
      "time_window": [
        0.0,
        3000.0
      ],
      "capacity": 172
    },
    {
      "id": "CDP18",
      "x": 16.33,
      "y": 99.7,
      "time_window": [
        0.0,
        3000.0
      ],
      "capacity": 192
    },
    {
      "id": "CDP19",
      "x": 32.48,
      "y": 89.03,
      "time_window": [
        0.0,
        3000.0
      ],
      "capacity": 122
    },
    {
      "id": "CDP20",
      "x": 14.79,
      "y": 96.04,
      "time_window": [
        0.0,
        3000.0
      ],
      "capacity": 215
    },
    {
      "id": "CDP21",
      "x": 73.55,
      "y": 88.83,
      "time_window": [
        0.0,
        3000.0
      ],
      "capacity": 247
    },
    {
      "id": "CDP22",
      "x": 18.33,
      "y": 47.47,
      "time_window": [
        0.0,
        3000.0
      ],
      "capacity": 278
    },
    {
      "id": "CDP23",
      "x": 87.54,
      "y": 36.06,
      "time_window": [
        0.0,
        3000.0
      ],
      "capacity": 137
    },
    {
      "id": "CDP24",
      "x": 68.23,
      "y": 21.58,
      "time_window": [
        0.0,
        3000.0
      ],
      "capacity": 199
    },
    {
      "id": "CDP25",
      "x": 20.99,
      "y": 85.46,
      "time_window": [
        0.0,
        3000.0
      ],
      "capacity": 149
    },
    {
      "id": "CDP26",
      "x": 54.71,
      "y": 67.89,
      "time_window": [
        0.0,
        3000.0
      ],
      "capacity": 300
    },
    {
      "id": "CDP27",
      "x": 72.16,
      "y": 69.24,
      "time_window": [
        0.0,
        3000.0
      ],
      "capacity": 133
    },
    {
      "id": "CDP28",
      "x": 72.51,
      "y": 49.72,
      "time_window": [
        0.0,
        3000.0
      ],
      "capacity": 181
    },
    {
      "id": "CDP29",
      "x": 72.52,
      "y": 50.71,
      "time_window": [
        0.0,
        3000.0
      ],
      "capacity": 134
    },
    {
      "id": "CDP30",
      "x": 27.28,
      "y": 72.94,
      "time_window": [
        0.0,
        3000.0
      ],
      "capacity": 238
    },
    {
      "id": "CDP31",
      "x": 93.21,
      "y": 10.45,
      "time_window": [
        0.0,
        3000.0
      ],
      "capacity": 285
    },
    {
      "id": "CDP32",
      "x": 86.33,
      "y": 93.11,
      "time_window": [
        0.0,
        3000.0
      ],
      "capacity": 181
    },
    {
      "id": "CDP33",
      "x": 99.05,
      "y": 87.19,
      "time_window": [
        0.0,
        3000.0
      ],
      "capacity": 226
    },
    {
      "id": "CDP34",
      "x": 91.32,
      "y": 25.12,
      "time_window": [
        0.0,
        3000.0
      ],
      "capacity": 203
    },
    {
      "id": "CDP35",
      "x": 35.42,
      "y": 15.11,
      "time_window": [
        0.0,
        3000.0
      ],
      "capacity": 220
    },
    {
      "id": "CDP36",
      "x": 13.19,
      "y": 43.06,
      "time_window": [
        0.0,
        3000.0
      ],
      "capacity": 109
    },
    {
      "id": "CDP37",
      "x": 25.89,
      "y": 35.29,
      "time_window": [
        0.0,
        3000.0
      ],
      "capacity": 214
    },
    {
      "id": "CDP38",
      "x": 63.13,
      "y": 98.75,
      "time_window": [
        0.0,
        3000.0
      ],
      "capacity": 166
    },
    {
      "id": "CDP39",
      "x": 74.81,
      "y": 54.64,
      "time_window": [
        0.0,
        3000.0
      ],
      "capacity": 259
    },
    {
      "id": "CDP40",
      "x": 52.62,
      "y": 6.77,
      "time_window": [
        0.0,
        3000.0
      ],
      "capacity": 288
    },
    {
      "id": "CDP41",
      "x": 46.36,
      "y": 58.32,
      "time_window": [
        0.0,
        3000.0
      ],
      "capacity": 187
    },
    {
      "id": "CDP42",
      "x": 25.02,
      "y": 97.78,
      "time_window": [
        0.0,
        3000.0
      ],
      "capacity": 208
    },
    {
      "id": "CDP43",
      "x": 67.52,
      "y": 44.7,
      "time_window": [
        0.0,
        3000.0
      ],
      "capacity": 251
    },
    {
      "id": "CDP44",
      "x": 22.97,
      "y": 61.62,
      "time_window": [
        0.0,
        3000.0
      ],
      "capacity": 119
    },
    {
      "id": "CDP45",
      "x": 87.8,
      "y": 40.52,
      "time_window": [
        0.0,
        3000.0
      ],
      "capacity": 200
    },
    {
      "id": "CDP46",
      "x": 31.74,
      "y": 12.25,
      "time_window": [
        0.0,
        3000.0
      ],
      "capacity": 140
    },
    {
      "id": "CDP47",
      "x": 87.95,
      "y": 47.73,
      "time_window": [
        0.0,
        3000.0
      ],
      "capacity": 120
    },
    {
      "id": "CDP48",
      "x": 27.58,
      "y": 54.97,
      "time_window": [
        0.0,
        3000.0
      ],
      "capacity": 268
    },
    {
      "id": "CDP49",
      "x": 64.85,
      "y": 72.37,
      "time_window": [
        0.0,
        3000.0
      ],
      "capacity": 291
    },
    {
      "id": "CDP50",
      "x": 30.08,
      "y": 35.22,
      "time_window": [
        0.0,
        3000.0
      ],
      "capacity": 161
    }
  ],
  "Customers": [
    {
      "id": "C1",
      "x": 20.51,
      "y": 1.28,
      "time_window": [
        450.0,
        1908.19
      ],
      "demand": [
        4,
        1,
        4
      ]
    },
    {
      "id": "C2",
      "x": 1.24,
      "y": 13.49,
      "time_window": [
        450.0,
        1065.12
      ],
      "demand": [
        1,
        1,
        3
      ]
    },
    {
      "id": "C3",
      "x": 32.39,
      "y": 55.45,
      "time_window": [
        450.0,
        1359.85
      ],
      "demand": [
        4,
        1,
        3
      ]
    },
    {
      "id": "C4",
      "x": 38.08,
      "y": 66.13,
      "time_window": [
        450.0,
        1442.92
      ],
      "demand": [
        4,
        1,
        1
      ]
    },
    {
      "id": "C5",
      "x": 0.12,
      "y": 18.78,
      "time_window": [
        450.0,
        2143.83
      ],
      "demand": [
        3,
        2,
        3
      ]
    },
    {
      "id": "C6",
      "x": 33.05,
      "y": 46.23,
      "time_window": [
        450.0,
        1509.35
      ],
      "demand": [
        4,
        3,
        1
      ]
    },
    {
      "id": "C7",
      "x": 15.64,
      "y": 10.26,
      "time_window": [
        450.0,
        1317.89
      ],
      "demand": [
        2,
        4,
        1
      ]
    },
    {
      "id": "C8",
      "x": 64.2,
      "y": 64.45,
      "time_window": [
        450.0,
        1214.44
      ],
      "demand": [
        2,
        1,
        3
      ]
    },
    {
      "id": "C9",
      "x": 53.88,
      "y": 60.65,
      "time_window": [
        450.0,
        1975.62
      ],
      "demand": [
        4,
        1,
        1
      ]
    },
    {
      "id": "C10",
      "x": 76.01,
      "y": 98.12,
      "time_window": [
        450.0,
        2401.06
      ],
      "demand": [
        4,
        4,
        3
      ]
    },
    {
      "id": "C11",
      "x": 94.61,
      "y": 5.54,
      "time_window": [
        450.0,
        1949.44
      ],
      "demand": [
        3,
        3,
        3
      ]
    },
    {
      "id": "C12",
      "x": 14.56,
      "y": 84.25,
      "time_window": [
        450.0,
        2320.6
      ],
      "demand": [
        2,
        1,
        1
      ]
    },
    {
      "id": "C13",
      "x": 77.08,
      "y": 16.89,
      "time_window": [
        450.0,
        1011.52
      ],
      "demand": [
        1,
        3,
        1
      ]
    },
    {
      "id": "C14",
      "x": 64.37,
      "y": 47.2,
      "time_window": [
        450.0,
        1104.15
      ],
      "demand": [
        2,
        4,
        4
      ]
    },
    {
      "id": "C15",
      "x": 77.0,
      "y": 81.03,
      "time_window": [
        450.0,
        2332.77
      ],
      "demand": [
        1,
        4,
        2
      ]
    },
    {
      "id": "C16",
      "x": 22.24,
      "y": 85.19,
      "time_window": [
        450.0,
        2211.32
      ],
      "demand": [
        1,
        3,
        4
      ]
    },
    {
      "id": "C17",
      "x": 94.87,
      "y": 86.65,
      "time_window": [
        450.0,
        1951.06
      ],
      "demand": [
        3,
        4,
        2
      ]
    },
    {
      "id": "C18",
      "x": 51.97,
      "y": 33.0,
      "time_window": [
        450.0,
        2126.52
      ],
      "demand": [
        1,
        3,
        4
      ]
    },
    {
      "id": "C19",
      "x": 43.29,
      "y": 44.85,
      "time_window": [
        450.0,
        2112.76
      ],
      "demand": [
        2,
        1,
        3
      ]
    },
    {
      "id": "C20",
      "x": 38.18,
      "y": 32.75,
      "time_window": [
        450.0,
        1941.7
      ],
      "demand": [
        3,
        1,
        4
      ]
    },
    {
      "id": "C21",
      "x": 71.13,
      "y": 49.84,
      "time_window": [
        450.0,
        1162.42
      ],
      "demand": [
        3,
        2,
        1
      ]
    },
    {
      "id": "C22",
      "x": 28.93,
      "y": 37.05,
      "time_window": [
        450.0,
        1779.79
      ],
      "demand": [
        2,
        4,
        2
      ]
    },
    {
      "id": "C23",
      "x": 71.28,
      "y": 26.73,
      "time_window": [
        450.0,
        2175.9
      ],
      "demand": [
        4,
        1,
        1
      ]
    },
    {
      "id": "C24",
      "x": 18.19,
      "y": 10.13,
      "time_window": [
        450.0,
        2182.4
      ],
      "demand": [
        4,
        1,
        1
      ]
    },
    {
      "id": "C25",
      "x": 97.43,
      "y": 11.52,
      "time_window": [
        450.0,
        2005.22
      ],
      "demand": [
        1,
        4,
        1
      ]
    },
    {
      "id": "C26",
      "x": 7.88,
      "y": 15.18,
      "time_window": [
        450.0,
        2221.03
      ],
      "demand": [
        1,
        1,
        1
      ]
    },
    {
      "id": "C27",
      "x": 64.45,
      "y": 70.91,
      "time_window": [
        450.0,
        2550
      ],
      "demand": [
        2,
        4,
        4
      ]
    },
    {
      "id": "C28",
      "x": 60.8,
      "y": 30.32,
      "time_window": [
        450.0,
        2029.82
      ],
      "demand": [
        4,
        1,
        3
      ]
    },
    {
      "id": "C29",
      "x": 70.57,
      "y": 65.57,
      "time_window": [
        450.0,
        1765.51
      ],
      "demand": [
        1,
        4,
        1
      ]
    },
    {
      "id": "C30",
      "x": 52.1,
      "y": 59.77,
      "time_window": [
        450.0,
        2229.3
      ],
      "demand": [
        1,
        4,
        2
      ]
    },
    {
      "id": "C31",
      "x": 87.52,
      "y": 4.59,
      "time_window": [
        450.0,
        2037.4
      ],
      "demand": [
        2,
        1,
        1
      ]
    },
    {
      "id": "C32",
      "x": 20.74,
      "y": 18.25,
      "time_window": [
        450.0,
        1210.33
      ],
      "demand": [
        1,
        3,
        1
      ]
    },
    {
      "id": "C33",
      "x": 84.87,
      "y": 83.61,
      "time_window": [
        450.0,
        1907.83
      ],
      "demand": [
        1,
        2,
        4
      ]
    },
    {
      "id": "C34",
      "x": 73.63,
      "y": 48.56,
      "time_window": [
        450.0,
        2355.99
      ],
      "demand": [
        2,
        2,
        3
      ]
    },
    {
      "id": "C35",
      "x": 73.6,
      "y": 67.48,
      "time_window": [
        450.0,
        1699.95
      ],
      "demand": [
        2,
        3,
        4
      ]
    },
    {
      "id": "C36",
      "x": 46.2,
      "y": 56.67,
      "time_window": [
        450.0,
        2117.78
      ],
      "demand": [
        3,
        1,
        3
      ]
    },
    {
      "id": "C37",
      "x": 12.56,
      "y": 89.17,
      "time_window": [
        450.0,
        2228.07
      ],
      "demand": [
        2,
        4,
        4
      ]
    },
    {
      "id": "C38",
      "x": 66.87,
      "y": 67.19,
      "time_window": [
        450.0,
        1215.49
      ],
      "demand": [
        3,
        4,
        3
      ]
    },
    {
      "id": "C39",
      "x": 71.47,
      "y": 59.0,
      "time_window": [
        450.0,
        1949.97
      ],
      "demand": [
        1,
        3,
        3
      ]
    },
    {
      "id": "C40",
      "x": 23.66,
      "y": 79.62,
      "time_window": [
        450.0,
        1890.77
      ],
      "demand": [
        1,
        1,
        2
      ]
    },
    {
      "id": "C41",
      "x": 39.69,
      "y": 27.91,
      "time_window": [
        450.0,
        1716.06
      ],
      "demand": [
        4,
        3,
        4
      ]
    },
    {
      "id": "C42",
      "x": 92.79,
      "y": 10.3,
      "time_window": [
        450.0,
        1722.9
      ],
      "demand": [
        4,
        4,
        1
      ]
    },
    {
      "id": "C43",
      "x": 68.92,
      "y": 38.34,
      "time_window": [
        450.0,
        2522.37
      ],
      "demand": [
        4,
        3,
        3
      ]
    },
    {
      "id": "C44",
      "x": 12.04,
      "y": 10.58,
      "time_window": [
        450.0,
        2468.88
      ],
      "demand": [
        2,
        1,
        3
      ]
    },
    {
      "id": "C45",
      "x": 7.95,
      "y": 18.95,
      "time_window": [
        450.0,
        1217.58
      ],
      "demand": [
        2,
        1,
        2
      ]
    },
    {
      "id": "C46",
      "x": 32.3,
      "y": 43.58,
      "time_window": [
        450.0,
        1091.96
      ],
      "demand": [
        1,
        4,
        4
      ]
    },
    {
      "id": "C47",
      "x": 92.74,
      "y": 18.2,
      "time_window": [
        450.0,
        1574.56
      ],
      "demand": [
        3,
        4,
        2
      ]
    },
    {
      "id": "C48",
      "x": 25.17,
      "y": 50.31,
      "time_window": [
        450.0,
        2176.64
      ],
      "demand": [
        3,
        4,
        1
      ]
    },
    {
      "id": "C49",
      "x": 71.49,
      "y": 27.27,
      "time_window": [
        450.0,
        2550
      ],
      "demand": [
        1,
        2,
        3
      ]
    },
    {
      "id": "C50",
      "x": 59.97,
      "y": 55.93,
      "time_window": [
        450.0,
        1738.43
      ],
      "demand": [
        4,
        4,
        1
      ]
    },
    {
      "id": "C51",
      "x": 46.41,
      "y": 34.89,
      "time_window": [
        450.0,
        2252.78
      ],
      "demand": [
        1,
        4,
        4
      ]
    },
    {
      "id": "C52",
      "x": 72.99,
      "y": 69.94,
      "time_window": [
        450.0,
        1192.19
      ],
      "demand": [
        2,
        4,
        2
      ]
    },
    {
      "id": "C53",
      "x": 94.6,
      "y": 86.22,
      "time_window": [
        450.0,
        1966.98
      ],
      "demand": [
        2,
        4,
        2
      ]
    },
    {
      "id": "C54",
      "x": 75.86,
      "y": 91.9,
      "time_window": [
        450.0,
        1296.17
      ],
      "demand": [
        2,
        4,
        2
      ]
    },
    {
      "id": "C55",
      "x": 45.93,
      "y": 35.95,
      "time_window": [
        450.0,
        1852.52
      ],
      "demand": [
        4,
        1,
        2
      ]
    },
    {
      "id": "C56",
      "x": 79.06,
      "y": 3.17,
      "time_window": [
        450.0,
        2022.29
      ],
      "demand": [
        3,
        2,
        3
      ]
    },
    {
      "id": "C57",
      "x": 38.74,
      "y": 66.21,
      "time_window": [
        450.0,
        2441.82
      ],
      "demand": [
        2,
        4,
        1
      ]
    },
    {
      "id": "C58",
      "x": 74.62,
      "y": 27.72,
      "time_window": [
        450.0,
        2243.96
      ],
      "demand": [
        3,
        3,
        2
      ]
    },
    {
      "id": "C59",
      "x": 37.78,
      "y": 64.14,
      "time_window": [
        450.0,
        2227.16
      ],
      "demand": [
        1,
        4,
        2
      ]
    },
    {
      "id": "C60",
      "x": 71.93,
      "y": 44.06,
      "time_window": [
        450.0,
        1640.92
      ],
      "demand": [
        1,
        2,
        1
      ]
    },
    {
      "id": "C61",
      "x": 15.33,
      "y": 98.45,
      "time_window": [
        450.0,
        2039.4
      ],
      "demand": [
        4,
        4,
        4
      ]
    },
    {
      "id": "C62",
      "x": 14.52,
      "y": 88.74,
      "time_window": [
        450.0,
        1285.27
      ],
      "demand": [
        2,
        2,
        2
      ]
    },
    {
      "id": "C63",
      "x": 58.77,
      "y": 66.16,
      "time_window": [
        450.0,
        1671.04
      ],
      "demand": [
        4,
        3,
        2
      ]
    },
    {
      "id": "C64",
      "x": 8.4,
      "y": 17.08,
      "time_window": [
        450.0,
        977.38
      ],
      "demand": [
        3,
        4,
        1
      ]
    },
    {
      "id": "C65",
      "x": 20.71,
      "y": 92.93,
      "time_window": [
        450.0,
        1926.05
      ],
      "demand": [
        1,
        1,
        3
      ]
    },
    {
      "id": "C66",
      "x": 31.1,
      "y": 64.7,
      "time_window": [
        450.0,
        2246.36
      ],
      "demand": [
        1,
        2,
        3
      ]
    },
    {
      "id": "C67",
      "x": 41.26,
      "y": 37.33,
      "time_window": [
        450.0,
        1190.67
      ],
      "demand": [
        1,
        3,
        3
      ]
    },
    {
      "id": "C68",
      "x": 34.96,
      "y": 35.44,
      "time_window": [
        450.0,
        2360.71
      ],
      "demand": [
        4,
        1,
        4
      ]
    },
    {
      "id": "C69",
      "x": 48.91,
      "y": 59.35,
      "time_window": [
        450.0,
        1578.47
      ],
      "demand": [
        3,
        2,
        3
      ]
    },
    {
      "id": "C70",
      "x": 24.67,
      "y": 13.98,
      "time_window": [
        450.0,
        2262.79
      ],
      "demand": [
        1,
        1,
        2
      ]
    },
    {
      "id": "C71",
      "x": 15.49,
      "y": 95.2,
      "time_window": [
        450.0,
        1265.53
      ],
      "demand": [
        4,
        2,
        3
      ]
    },
    {
      "id": "C72",
      "x": 33.16,
      "y": 45.07,
      "time_window": [
        450.0,
        2203.34
      ],
      "demand": [
        4,
        1,
        4
      ]
    },
    {
      "id": "C73",
      "x": 7.43,
      "y": 16.1,
      "time_window": [
        450.0,
        2060.58
      ],
      "demand": [
        3,
        4,
        2
      ]
    },
    {
      "id": "C74",
      "x": 76.68,
      "y": 76.31,
      "time_window": [
        450.0,
        2530.83
      ],
      "demand": [
        4,
        3,
        1
      ]
    },
    {
      "id": "C75",
      "x": 66.27,
      "y": 48.32,
      "time_window": [
        450.0,
        2483.79
      ],
      "demand": [
        2,
        4,
        3
      ]
    },
    {
      "id": "C76",
      "x": 31.24,
      "y": 28.25,
      "time_window": [
        450.0,
        2044.67
      ],
      "demand": [
        3,
        1,
        1
      ]
    },
    {
      "id": "C77",
      "x": 68.25,
      "y": 74.03,
      "time_window": [
        450.0,
        2057.57
      ],
      "demand": [
        1,
        4,
        2
      ]
    },
    {
      "id": "C78",
      "x": 39.18,
      "y": 57.25,
      "time_window": [
        450.0,
        1321.16
      ],
      "demand": [
        3,
        3,
        3
      ]
    },
    {
      "id": "C79",
      "x": 16.58,
      "y": 87.11,
      "time_window": [
        450.0,
        2449.06
      ],
      "demand": [
        1,
        4,
        1
      ]
    },
    {
      "id": "C80",
      "x": 45.72,
      "y": 52.74,
      "time_window": [
        450.0,
        1154.95
      ],
      "demand": [
        2,
        1,
        4
      ]
    },
    {
      "id": "C81",
      "x": 88.63,
      "y": 80.86,
      "time_window": [
        450.0,
        1229.5
      ],
      "demand": [
        1,
        4,
        1
      ]
    },
    {
      "id": "C82",
      "x": 40.86,
      "y": 36.6,
      "time_window": [
        450.0,
        2147.74
      ],
      "demand": [
        3,
        2,
        1
      ]
    },
    {
      "id": "C83",
      "x": 56.6,
      "y": 53.06,
      "time_window": [
        450.0,
        2194.14
      ],
      "demand": [
        1,
        4,
        1
      ]
    },
    {
      "id": "C84",
      "x": 68.25,
      "y": 61.13,
      "time_window": [
        450.0,
        1174.45
      ],
      "demand": [
        4,
        2,
        1
      ]
    },
    {
      "id": "C85",
      "x": 48.55,
      "y": 25.99,
      "time_window": [
        450.0,
        1305.67
      ],
      "demand": [
        4,
        3,
        1
      ]
    },
    {
      "id": "C86",
      "x": 84.19,
      "y": 9.36,
      "time_window": [
        450.0,
        1981.66
      ],
      "demand": [
        4,
        2,
        2
      ]
    },
    {
      "id": "C87",
      "x": 74.88,
      "y": 40.96,
      "time_window": [
        450.0,
        2402.34
      ],
      "demand": [
        2,
        2,
        1
      ]
    },
    {
      "id": "C88",
      "x": 69.11,
      "y": 52.94,
      "time_window": [
        450.0,
        956.1
      ],
      "demand": [
        1,
        3,
        3
      ]
    },
    {
      "id": "C89",
      "x": 67.78,
      "y": 34.3,
      "time_window": [
        450.0,
        2475.08
      ],
      "demand": [
        1,
        4,
        1
      ]
    },
    {
      "id": "C90",
      "x": 71.2,
      "y": 52.75,
      "time_window": [
        450.0,
        2285.39
      ],
      "demand": [
        4,
        2,
        1
      ]
    },
    {
      "id": "C91",
      "x": 24.49,
      "y": 7.99,
      "time_window": [
        450.0,
        1554.19
      ],
      "demand": [
        2,
        2,
        3
      ]
    },
    {
      "id": "C92",
      "x": 54.91,
      "y": 64.99,
      "time_window": [
        450.0,
        2170.18
      ],
      "demand": [
        1,
        1,
        2
      ]
    },
    {
      "id": "C93",
      "x": 48.12,
      "y": 67.23,
      "time_window": [
        450.0,
        1139.92
      ],
      "demand": [
        1,
        2,
        4
      ]
    },
    {
      "id": "C94",
      "x": 54.67,
      "y": 59.41,
      "time_window": [
        450.0,
        2383.02
      ],
      "demand": [
        2,
        3,
        2
      ]
    },
    {
      "id": "C95",
      "x": 42.8,
      "y": 31.56,
      "time_window": [
        450.0,
        2022.53
      ],
      "demand": [
        3,
        1,
        2
      ]
    },
    {
      "id": "C96",
      "x": 79.5,
      "y": 12.83,
      "time_window": [
        450.0,
        1678.62
      ],
      "demand": [
        2,
        2,
        3
      ]
    },
    {
      "id": "C97",
      "x": 41.92,
      "y": 38.81,
      "time_window": [
        450.0,
        1964.19
      ],
      "demand": [
        1,
        1,
        2
      ]
    },
    {
      "id": "C98",
      "x": 57.82,
      "y": 41.93,
      "time_window": [
        450.0,
        2281.66
      ],
      "demand": [
        4,
        1,
        4
      ]
    },
    {
      "id": "C99",
      "x": 5.26,
      "y": 13.89,
      "time_window": [
        450.0,
        1530.98
      ],
      "demand": [
        1,
        1,
        2
      ]
    },
    {
      "id": "C100",
      "x": 54.71,
      "y": 67.92,
      "time_window": [
        450.0,
        2550
      ],
      "demand": [
        1,
        1,
        4
      ]
    }
  ]
}