{
  "set_id": 3,
  "inst_id": 3,
  "vehicles": {
    "CT": {
      "count": 8,
      "capacity": 1500,
      "fixed_cost": 1500,
      "unit_cost_factor": 1.2
    },
    "UV": {
      "count": 12,
      "capacity": 500,
      "fixed_cost": 500,
      "unit_cost_factor": 1.1
    }
  },
  "P": 4,
  "item_weights": [
    10,
    15,
    10,
    15
  ],
  "inventory_ratio": 1.2,
  "FCs": [
    {
      "id": "FC1",
      "x": 25,
      "y": 25,
      "time_window": [
        0.0,
        3000.0
      ],
      "inventory": [
        21,
        29,
        34,
        31
      ]
    },
    {
      "id": "FC2",
      "x": 75,
      "y": 75,
      "time_window": [
        0.0,
        3000.0
      ],
      "inventory": [
        24,
        35,
        37,
        32
      ]
    }
  ],
  "DCs": [
    {
      "id": "DC1",
      "x": 33.9,
      "y": 53.94,
      "time_window": [
        300.0,
        2700.0
      ]
    },
    {
      "id": "DC2",
      "x": 70.53,
      "y": 74.7,
      "time_window": [
        300.0,
        2700.0
      ]
    },
    {
      "id": "DC3",
      "x": 11.21,
      "y": 39.62,
      "time_window": [
        300.0,
        2700.0
      ]
    },
    {
      "id": "DC4",
      "x": 17.41,
      "y": 35.98,
      "time_window": [
        300.0,
        2700.0
      ]
    }
  ],
  "CDPs": [
    {
      "id": "CDP1",
      "x": 41.37,
      "y": 29.65,
      "time_window": [
        0.0,
        3000.0
      ],
      "capacity": 108
    },
    {
      "id": "CDP2",
      "x": 16.35,
      "y": 6.78,
      "time_window": [
        0.0,
        3000.0
      ],
      "capacity": 286
    },
    {
      "id": "CDP3",
      "x": 21.14,
      "y": 78.66,
      "time_window": [
        0.0,
        3000.0
      ],
      "capacity": 230
    },
    {
      "id": "CDP4",
      "x": 25.7,
      "y": 82.4,
      "time_window": [
        0.0,
        3000.0
      ],
      "capacity": 279
    },
    {
      "id": "CDP5",
      "x": 75.05,
      "y": 45.96,
      "time_window": [
        0.0,
        3000.0
      ],
      "capacity": 299
    },
    {
      "id": "CDP6",
      "x": 56.93,
      "y": 68.95,
      "time_window": [
        0.0,
        3000.0
      ],
      "capacity": 136
    },
    {
      "id": "CDP7",
      "x": 50.53,
      "y": 3.12,
      "time_window": [
        0.0,
        3000.0
      ],
      "capacity": 229
    },
    {
      "id": "CDP8",
      "x": 73.51,
      "y": 17.02,
      "time_window": [
        0.0,
        3000.0
      ],
      "capacity": 261
    },
    {
      "id": "CDP9",
      "x": 21.97,
      "y": 14.12,
      "time_window": [
        0.0,
        3000.0
      ],
      "capacity": 160
    },
    {
      "id": "CDP10",
      "x": 59.4,
      "y": 46.39,
      "time_window": [
        0.0,
        3000.0
      ],
      "capacity": 194
    },
    {
      "id": "CDP11",
      "x": 69.2,
      "y": 17.64,
      "time_window": [
        0.0,
        3000.0
      ],
      "capacity": 212
    },
    {
      "id": "CDP12",
      "x": 84.61,
      "y": 52.15,
      "time_window": [
        0.0,
        3000.0
      ],
      "capacity": 266
    },
    {
      "id": "CDP13",
      "x": 31.97,
      "y": 40.51,
      "time_window": [
        0.0,
        3000.0
      ],
      "capacity": 112
    },
    {
      "id": "CDP14",
      "x": 46.12,
      "y": 52.26,
      "time_window": [
        0.0,
        3000.0
      ],
      "capacity": 275
    },
    {
      "id": "CDP15",
      "x": 49.5,
      "y": 19.67,
      "time_window": [
        0.0,
        3000.0
      ],
      "capacity": 250
    },
    {
      "id": "CDP16",
      "x": 72.74,
      "y": 10.05,
      "time_window": [
        0.0,
        3000.0
      ],
      "capacity": 197
    }
  ],
  "Customers": [
    {
      "id": "C1",
      "x": 36.23,
      "y": 42.8,
      "time_window": [
        450.0,
        1144.27
      ],
      "demand": [
        1,
        4,
        2,
        2
      ]
    },
    {
      "id": "C2",
      "x": 43.71,
      "y": 41.76,
      "time_window": [
        450.0,
        2022.54
      ],
      "demand": [
        1,
        4,
        3,
        4
      ]
    },
    {
      "id": "C3",
      "x": 73.33,
      "y": 44.33,
      "time_window": [
        450.0,
        2096.21
      ],
      "demand": [
        2,
        1,
        3,
        2
      ]
    },
    {
      "id": "C4",
      "x": 20.26,
      "y": 9.68,
      "time_window": [
        450.0,
        1992.66
      ],
      "demand": [
        1,
        2,
        4,
        4
      ]
    },
    {
      "id": "C5",
      "x": 22.26,
      "y": 22.67,
      "time_window": [
        450.0,
        2371.22
      ],
      "demand": [
        1,
        2,
        4,
        3
      ]
    },
    {
      "id": "C6",
      "x": 1.49,
      "y": 97.01,
      "time_window": [
        450.0,
        1692.96
      ],
      "demand": [
        3,
        3,
        4,
        3
      ]
    },
    {
      "id": "C7",
      "x": 38.91,
      "y": 73.98,
      "time_window": [
        450.0,
        1143.92
      ],
      "demand": [
        1,
        3,
        4,
        2
      ]
    },
    {
      "id": "C8",
      "x": 62.06,
      "y": 50.81,
      "time_window": [
        450.0,
        1187.2
      ],
      "demand": [
        1,
        1,
        4,
        1
      ]
    },
    {
      "id": "C9",
      "x": 73.43,
      "y": 30.55,
      "time_window": [
        450.0,
        1488.26
      ],
      "demand": [
        1,
        4,
        4,
        4
      ]
    },
    {
      "id": "C10",
      "x": 93.22,
      "y": 16.77,
      "time_window": [
        450.0,
        2399.4
      ],
      "demand": [
        2,
        3,
        4,
        2
      ]
    },
    {
      "id": "C11",
      "x": 0.24,
      "y": 94.13,
      "time_window": [
        450.0,
        991.97
      ],
      "demand": [
        3,
        2,
        3,
        3
      ]
    },
    {
      "id": "C12",
      "x": 40.29,
      "y": 48.63,
      "time_window": [
        450.0,
        2211.39
      ],
      "demand": [
        1,
        2,
        2,
        3
      ]
    },
    {
      "id": "C13",
      "x": 99.3,
      "y": 96.76,
      "time_window": [
        450.0,
        969.83
      ],
      "demand": [
        1,
        1,
        1,
        3
      ]
    },
    {
      "id": "C14",
      "x": 8.74,
      "y": 8.88,
      "time_window": [
        450.0,
        1921.62
      ],
      "demand": [
        2,
        4,
        4,
        3
      ]
    },
    {
      "id": "C15",
      "x": 56.54,
      "y": 46.57,
      "time_window": [
        450.0,
        1761.21
      ],
      "demand": [
        3,
        3,
        4,
        1
      ]
    },
    {
      "id": "C16",
      "x": 42.2,
      "y": 53.28,
      "time_window": [
        450.0,
        1167.67
      ],
      "demand": [
        1,
        1,
        3,
        3
      ]
    },
    {
      "id": "C17",
      "x": 6.18,
      "y": 13.31,
      "time_window": [
        450.0,
        2053.39
      ],
      "demand": [
        2,
        2,
        1,
        1
      ]
    },
    {
      "id": "C18",
      "x": 58.97,
      "y": 42.74,
      "time_window": [
        450.0,
        1569.99
      ],
      "demand": [
        4,
        3,
        3,
        2
      ]
    },
    {
      "id": "C19",
      "x": 35.63,
      "y": 44.8,
      "time_window": [
        450.0,
        1725.16
      ],
      "demand": [
        2,
        4,
        1,
        3
      ]
    },
    {
      "id": "C20",
      "x": 63.11,
      "y": 64.83,
      "time_window": [
        450.0,
        2547.06
      ],
      "demand": [
        4,
        4,
        1,
        3
      ]
    }
  ]
}