{
  "set_id": 6,
  "inst_id": 1,
  "vehicles": {
    "CT": {
      "count": 10,
      "capacity": 1500,
      "fixed_cost": 1500,
      "unit_cost_factor": 1.2
    },
    "UV": {
      "count": 20,
      "capacity": 500,
      "fixed_cost": 500,
      "unit_cost_factor": 1.1
    }
  },
  "P": 3,
  "item_weights": [
    10,
    5,
    15
  ],
  "inventory_ratio": 1.2,
  "FCs": [
    {
      "id": "FC1",
      "x": 25,
      "y": 25,
      "time_window": [
        0.0,
        3000.0
      ],
      "inventory": [
        65,
        83,
        85
      ]
    },
    {
      "id": "FC2",
      "x": 75,
      "y": 75,
      "time_window": [
        0.0,
        3000.0
      ],
      "inventory": [
        88,
        67,
        71
      ]
    }
  ],
  "DCs": [
    {
      "id": "DC1",
      "x": 58.81,
      "y": 58.87,
      "time_window": [
        300.0,
        2700.0
      ]
    },
    {
      "id": "DC2",
      "x": 4.3,
      "y": 35.96,
      "time_window": [
        300.0,
        2700.0
      ]
    },
    {
      "id": "DC3",
      "x": 37.12,
      "y": 2.86,
      "time_window": [
        300.0,
        2700.0
      ]
    },
    {
      "id": "DC4",
      "x": 22.99,
      "y": 36.55,
      "time_window": [
        300.0,
        2700.0
      ]
    }
  ],
  "CDPs": [
    {
      "id": "CDP1",
      "x": 46.49,
      "y": 30.48,
      "time_window": [
        0.0,
        3000.0
      ],
      "capacity": 223
    },
    {
      "id": "CDP2",
      "x": 87.89,
      "y": 75.68,
      "time_window": [
        0.0,
        3000.0
      ],
      "capacity": 236
    },
    {
      "id": "CDP3",
      "x": 99.55,
      "y": 30.87,
      "time_window": [
        0.0,
        3000.0
      ],
      "capacity": 264
    },
    {
      "id": "CDP4",
      "x": 90.85,
      "y": 51.76,
      "time_window": [
        0.0,
        3000.0
      ],
      "capacity": 218
    },
    {
      "id": "CDP5",
      "x": 99.68,
      "y": 97.29,
      "time_window": [
        0.0,
        3000.0
      ],
      "capacity": 110
    },
    {
      "id": "CDP6",
      "x": 19.99,
      "y": 34.93,
      "time_window": [
        0.0,
        3000.0
      ],
      "capacity": 238
    },
    {
      "id": "CDP7",
      "x": 69.97,
      "y": 57.74,
      "time_window": [
        0.0,
        3000.0
      ],
      "capacity": 271
    },
    {
      "id": "CDP8",
      "x": 9.59,
      "y": 23.81,
      "time_window": [
        0.0,
        3000.0
      ],
      "capacity": 286
    },
    {
      "id": "CDP9",
      "x": 33.69,
      "y": 37.35,
      "time_window": [
        0.0,
        3000.0
      ],
      "capacity": 179
    },
    {
      "id": "CDP10",
      "x": 60.71,
      "y": 67.03,
      "time_window": [
        0.0,
        3000.0
      ],
      "capacity": 225
    },
    {
      "id": "CDP11",
      "x": 59.14,
      "y": 3.1,
      "time_window": [
        0.0,
        3000.0
      ],
      "capacity": 154
    },
    {
      "id": "CDP12",
      "x": 39.68,
      "y": 7.53,
      "time_window": [
        0.0,
        3000.0
      ],
      "capacity": 153
    },
    {
      "id": "CDP13",
      "x": 93.84,
      "y": 68.31,
      "time_window": [
        0.0,
        3000.0
      ],
      "capacity": 269
    },
    {
      "id": "CDP14",
      "x": 42.93,
      "y": 50.34,
      "time_window": [
        0.0,
        3000.0
      ],
      "capacity": 171
    },
    {
      "id": "CDP15",
      "x": 37.37,
      "y": 96.84,
      "time_window": [
        0.0,
        3000.0
      ],
      "capacity": 104
    },
    {
      "id": "CDP16",
      "x": 85.43,
      "y": 40.75,
      "time_window": [
        0.0,
        3000.0
      ],
      "capacity": 257
    },
    {
      "id": "CDP17",
      "x": 71.92,
      "y": 95.2,
      "time_window": [
        0.0,
        3000.0
      ],
      "capacity": 238
    },
    {
      "id": "CDP18",
      "x": 14.26,
      "y": 95.38,
      "time_window": [
        0.0,
        3000.0
      ],
      "capacity": 190
    },
    {
      "id": "CDP19",
      "x": 39.11,
      "y": 87.99,
      "time_window": [
        0.0,
        3000.0
      ],
      "capacity": 288
    },
    {
      "id": "CDP20",
      "x": 30.51,
      "y": 89.06,
      "time_window": [
        0.0,
        3000.0
      ],
      "capacity": 247
    },
    {
      "id": "CDP21",
      "x": 91.18,
      "y": 37.22,
      "time_window": [
        0.0,
        3000.0
      ],
      "capacity": 258
    },
    {
      "id": "CDP22",
      "x": 92.28,
      "y": 80.83,
      "time_window": [
        0.0,
        3000.0
      ],
      "capacity": 281
    },
    {
      "id": "CDP23",
      "x": 69.82,
      "y": 3.01,
      "time_window": [
        0.0,
        3000.0
      ],
      "capacity": 122
    },
    {
      "id": "CDP24",
      "x": 61.24,
      "y": 29.66,
      "time_window": [
        0.0,
        3000.0
      ],
      "capacity": 208
    },
    {
      "id": "CDP25",
      "x": 91.05,
      "y": 31.02,
      "time_window": [
        0.0,
        3000.0
      ],
      "capacity": 232
    },
    {
      "id": "CDP26",
      "x": 53.53,
      "y": 64.92,
      "time_window": [
        0.0,
        3000.0
      ],
      "capacity": 295
    },
    {
      "id": "CDP27",
      "x": 94.16,
      "y": 15.97,
      "time_window": [
        0.0,
        3000.0
      ],
      "capacity": 289
    },
    {
      "id": "CDP28",
      "x": 65.09,
      "y": 16.92,
      "time_window": [
        0.0,
        3000.0
      ],
      "capacity": 100
    },
    {
      "id": "CDP29",
      "x": 86.3,
      "y": 19.23,
      "time_window": [
        0.0,
        3000.0
      ],
      "capacity": 156
    },
    {
      "id": "CDP30",
      "x": 21.62,
      "y": 42.79,
      "time_window": [
        0.0,
        3000.0
      ],
      "capacity": 159
    }
  ],
  "Customers": [
    {
      "id": "C1",
      "x": 6.17,
      "y": 99.63,
      "time_window": [
        450.0,
        2063.76
      ],
      "demand": [
        3,
        2,
        1
      ]
    },
    {
      "id": "C2",
      "x": 33.83,
      "y": 49.98,
      "time_window": [
        450.0,
        2443.78
      ],
      "demand": [
        4,
        1,
        4
      ]
    },
    {
      "id": "C3",
      "x": 90.15,
      "y": 0.32,
      "time_window": [
        450.0,
        1621.17
      ],
      "demand": [
        1,
        2,
        3
      ]
    },
    {
      "id": "C4",
      "x": 68.22,
      "y": 33.76,
      "time_window": [
        450.0,
        1062.86
      ],
      "demand": [
        1,
        3,
        4
      ]
    },
    {
      "id": "C5",
      "x": 88.42,
      "y": 91.53,
      "time_window": [
        450.0,
        1495.59
      ],
      "demand": [
        1,
        1,
        4
      ]
    },
    {
      "id": "C6",
      "x": 90.34,
      "y": 85.31,
      "time_window": [
        450.0,
        1608.03
      ],
      "demand": [
        3,
        2,
        4
      ]
    },
    {
      "id": "C7",
      "x": 34.61,
      "y": 31.68,
      "time_window": [
        450.0,
        1919.78
      ],
      "demand": [
        3,
        2,
        1
      ]
    },
    {
      "id": "C8",
      "x": 82.95,
      "y": 5.51,
      "time_window": [
        450.0,
        2344.88
      ],
      "demand": [
        3,
        1,
        4
      ]
    },
    {
      "id": "C9",
      "x": 71.78,
      "y": 63.11,
      "time_window": [
        450.0,
        1362.68
      ],
      "demand": [
        3,
        3,
        2
      ]
    },
    {
      "id": "C10",
      "x": 15.68,
      "y": 11.41,
      "time_window": [
        450.0,
        1684.23
      ],
      "demand": [
        2,
        1,
        3
      ]
    },
    {
      "id": "C11",
      "x": 58.06,
      "y": 62.05,
      "time_window": [
        450.0,
        1108.39
      ],
      "demand": [
        1,
        2,
        4
      ]
    },
    {
      "id": "C12",
      "x": 33.6,
      "y": 49.53,
      "time_window": [
        450.0,
        1739.74
      ],
      "demand": [
        3,
        2,
        3
      ]
    },
    {
      "id": "C13",
      "x": 11.03,
      "y": 89.33,
      "time_window": [
        450.0,
        1908.57
      ],
      "demand": [
        3,
        1,
        1
      ]
    },
    {
      "id": "C14",
      "x": 13.85,
      "y": 8.25,
      "time_window": [
        450.0,
        1089.95
      ],
      "demand": [
        2,
        4,
        2
      ]
    },
    {
      "id": "C15",
      "x": 0.82,
      "y": 4.2,
      "time_window": [
        450.0,
        1026.87
      ],
      "demand": [
        3,
        2,
        2
      ]
    },
    {
      "id": "C16",
      "x": 87.29,
      "y": 7.25,
      "time_window": [
        450.0,
        2430.29
      ],
      "demand": [
        2,
        2,
        4
      ]
    },
    {
      "id": "C17",
      "x": 27.17,
      "y": 30.56,
      "time_window": [
        450.0,
        1477.14
      ],
      "demand": [
        3,
        3,
        4
      ]
    },
    {
      "id": "C18",
      "x": 29.88,
      "y": 47.98,
      "time_window": [
        450.0,
        1358.61
      ],
      "demand": [
        3,
        3,
        4
      ]
    },
    {
      "id": "C19",
      "x": 74.16,
      "y": 66.95,
      "time_window": [
        450.0,
        2536.29
      ],
      "demand": [
        2,
        2,
        2
      ]
    },
    {
      "id": "C20",
      "x": 9.93,
      "y": 93.88,
      "time_window": [
        450.0,
        1100.18
      ],
      "demand": [
        4,
        1,
        2
      ]
    },
    {
      "id": "C21",
      "x": 70.97,
      "y": 70.19,
      "time_window": [
        450.0,
        2361.68
      ],
      "demand": [
        4,
        3,
        2
      ]
    },
    {
      "id": "C22",
      "x": 54.87,
      "y": 73.23,
      "time_window": [
        450.0,
        1767.55
      ],
      "demand": [
        4,
        4,
        2
      ]
    },
    {
      "id": "C23",
      "x": 65.45,
      "y": 36.27,
      "time_window": [
        450.0,
        2430.02
      ],
      "demand": [
        1,
        2,
        4
      ]
    },
    {
      "id": "C24",
      "x": 99.37,
      "y": 4.55,
      "time_window": [
        450.0,
        1863.23
      ],
      "demand": [
        4,
        3,
        1
      ]
    },
    {
      "id": "C25",
      "x": 37.75,
      "y": 62.02,
      "time_window": [
        450.0,
        2145.13
      ],
      "demand": [
        4,
        1,
        4
      ]
    },
    {
      "id": "C26",
      "x": 64.09,
      "y": 39.13,
      "time_window": [
        450.0,
        1391.75
      ],
      "demand": [
        4,
        3,
        1
      ]
    },
    {
      "id": "C27",
      "x": 90.54,
      "y": 12.03,
      "time_window": [
        450.0,
        1067.87
      ],
      "demand": [
        2,
        4,
        2
      ]
    },
    {
      "id": "C28",
      "x": 70.97,
      "y": 53.17,
      "time_window": [
        450.0,
        1947.82
      ],
      "demand": [
        4,
        3,
        1
      ]
    },
    {
      "id": "C29",
      "x": 73.6,
      "y": 44.39,
      "time_window": [
        450.0,
        1907.73
      ],
      "demand": [
        3,
        4,
        2
      ]
    },
    {
      "id": "C30",
      "x": 59.27,
      "y": 50.73,
      "time_window": [
        450.0,
        1600.45
      ],
      "demand": [
        1,
        3,
        3
      ]
    },
    {
      "id": "C31",
      "x": 67.03,
      "y": 48.79,
      "time_window": [
        450.0,
        1829.67
      ],
      "demand": [
        4,
        1,
        4
      ]
    },
    {
      "id": "C32",
      "x": 93.53,
      "y": 97.59,
      "time_window": [
        450.0,
        1151.86
      ],
      "demand": [
        4,
        4,
        3
      ]
    },
    {
      "id": "C33",
      "x": 87.98,
      "y": 75.55,
      "time_window": [
        450.0,
        1860.95
      ],
      "demand": [
        3,
        1,
        3
      ]
    },
    {
      "id": "C34",
      "x": 28.35,
      "y": 74.79,
      "time_window": [
        450.0,
        2129.65
      ],
      "demand": [
        1,
        4,
        2
      ]
    },
    {
      "id": "C35",
      "x": 2.54,
      "y": 11.65,
      "time_window": [
        450.0,
        1834.05
      ],
      "demand": [
        1,
        3,
        3
      ]
    },
    {
      "id": "C36",
      "x": 31.57,
      "y": 66.97,
      "time_window": [
        450.0,
        1267.95
      ],
      "demand": [
        2,
        3,
        3
      ]
    },
    {
      "id": "C37",
      "x": 67.48,
      "y": 56.5,
      "time_window": [
        450.0,
        2329.94
      ],
      "demand": [
        2,
        2,
        2
      ]
    },
    {
      "id": "C38",
      "x": 0.21,
      "y": 97.16,
      "time_window": [
        450.0,
        1728.84
      ],
      "demand": [
        3,
        3,
        3
      ]
    },
    {
      "id": "C39",
      "x": 43.19,
      "y": 25.49,
      "time_window": [
        450.0,
        1649.78
      ],
      "demand": [
        4,
        3,
        1
      ]
    },
    {
      "id": "C40",
      "x": 83.5,
      "y": 80.43,
      "time_window": [
        450.0,
        1051.88
      ],
      "demand": [
        1,
        2,
        3
      ]
    },
    {
      "id": "C41",
      "x": 60.23,
      "y": 46.54,
      "time_window": [
        450.0,
        1539.75
      ],
      "demand": [
        1,
        1,
        2
      ]
    },
    {
      "id": "C42",
      "x": 53.69,
      "y": 33.09,
      "time_window": [
        450.0,
        2436.59
      ],
      "demand": [
        1,
        4,
        1
      ]
    },
    {
      "id": "C43",
      "x": 29.45,
      "y": 48.76,
      "time_window": [
        450.0,
        1653.68
      ],
      "demand": [
        1,
        1,
        3
      ]
    },
    {
      "id": "C44",
      "x": 69.55,
      "y": 67.71,
      "time_window": [
        450.0,
        1455.88
      ],
      "demand": [
        2,
        4,
        3
      ]
    },
    {
      "id": "C45",
      "x": 63.4,
      "y": 54.5,
      "time_window": [
        450.0,
        1862.66
      ],
      "demand": [
        4,
        2,
        2
      ]
    },
    {
      "id": "C46",
      "x": 68.91,
      "y": 38.18,
      "time_window": [
        450.0,
        2017.3
      ],
      "demand": [
        1,
        3,
        2
      ]
    },
    {
      "id": "C47",
      "x": 44.62,
      "y": 45.12,
      "time_window": [
        450.0,
        2503.18
      ],
      "demand": [
        2,
        4,
        2
      ]
    },
    {
      "id": "C48",
      "x": 27.9,
      "y": 45.81,
      "time_window": [
        450.0,
        2273.07
      ],
      "demand": [
        4,
        2,
        4
      ]
    },
    {
      "id": "C49",
      "x": 20.09,
      "y": 17.15,
      "time_window": [
        450.0,
        2454.4
      ],
      "demand": [
        1,
        4,
        1
      ]
    },
    {
      "id": "C50",
      "x": 81.29,
      "y": 15.48,
      "time_window": [
        450.0,
        2447.2
      ],
      "demand": [
        4,
        4,
        3
      ]
    }
  ]
}