{
  "set_id": 3,
  "inst_id": 5,
  "vehicles": {
    "CT": {
      "count": 8,
      "capacity": 1500,
      "fixed_cost": 1500,
      "unit_cost_factor": 1.2
    },
    "UV": {
      "count": 12,
      "capacity": 500,
      "fixed_cost": 500,
      "unit_cost_factor": 1.1
    }
  },
  "P": 4,
  "item_weights": [
    15,
    15,
    5,
    15
  ],
  "inventory_ratio": 1.4,
  "FCs": [
    {
      "id": "FC1",
      "x": 25,
      "y": 25,
      "time_window": [
        0.0,
        3000.0
      ],
      "inventory": [
        35,
        34,
        39,
        36
      ]
    },
    {
      "id": "FC2",
      "x": 75,
      "y": 75,
      "time_window": [
        0.0,
        3000.0
      ],
      "inventory": [
        34,
        38,
        30,
        33
      ]
    }
  ],
  "DCs": [
    {
      "id": "DC1",
      "x": 7.36,
      "y": 16.65,
      "time_window": [
        300.0,
        2700.0
      ]
    },
    {
      "id": "DC2",
      "x": 97.34,
      "y": 82.14,
      "time_window": [
        300.0,
        2700.0
      ]
    },
    {
      "id": "DC3",
      "x": 66.19,
      "y": 20.59,
      "time_window": [
        300.0,
        2700.0
      ]
    },
    {
      "id": "DC4",
      "x": 44.51,
      "y": 30.76,
      "time_window": [
        300.0,
        2700.0
      ]
    }
  ],
  "CDPs": [
    {
      "id": "CDP1",
      "x": 50.69,
      "y": 4.01,
      "time_window": [
        0.0,
        3000.0
      ],
      "capacity": 199
    },
    {
      "id": "CDP2",
      "x": 61.94,
      "y": 11.46,
      "time_window": [
        0.0,
        3000.0
      ],
      "capacity": 212
    },
    {
      "id": "CDP3",
      "x": 53.19,
      "y": 80.49,
      "time_window": [
        0.0,
        3000.0
      ],
      "capacity": 188
    },
    {
      "id": "CDP4",
      "x": 32.66,
      "y": 11.14,
      "time_window": [
        0.0,
        3000.0
      ],
      "capacity": 156
    },
    {
      "id": "CDP5",
      "x": 41.52,
      "y": 35.68,
      "time_window": [
        0.0,
        3000.0
      ],
      "capacity": 170
    },
    {
      "id": "CDP6",
      "x": 76.68,
      "y": 69.59,
      "time_window": [
        0.0,
        3000.0
      ],
      "capacity": 281
    },
    {
      "id": "CDP7",
      "x": 30.95,
      "y": 59.98,
      "time_window": [
        0.0,
        3000.0
      ],
      "capacity": 126
    },
    {
      "id": "CDP8",
      "x": 17.77,
      "y": 70.46,
      "time_window": [
        0.0,
        3000.0
      ],
      "capacity": 153
    },
    {
      "id": "CDP9",
      "x": 26.28,
      "y": 50.46,
      "time_window": [
        0.0,
        3000.0
      ],
      "capacity": 124
    },
    {
      "id": "CDP10",
      "x": 62.95,
      "y": 23.21,
      "time_window": [
        0.0,
        3000.0
      ],
      "capacity": 139
    },
    {
      "id": "CDP11",
      "x": 16.49,
      "y": 53.48,
      "time_window": [
        0.0,
        3000.0
      ],
      "capacity": 203
    },
    {
      "id": "CDP12",
      "x": 42.66,
      "y": 96.67,
      "time_window": [
        0.0,
        3000.0
      ],
      "capacity": 178
    },
    {
      "id": "CDP13",
      "x": 39.19,
      "y": 34.58,
      "time_window": [
        0.0,
        3000.0
      ],
      "capacity": 131
    },
    {
      "id": "CDP14",
      "x": 16.72,
      "y": 25.85,
      "time_window": [
        0.0,
        3000.0
      ],
      "capacity": 160
    },
    {
      "id": "CDP15",
      "x": 52.45,
      "y": 33.29,
      "time_window": [
        0.0,
        3000.0
      ],
      "capacity": 227
    },
    {
      "id": "CDP16",
      "x": 59.22,
      "y": 89.77,
      "time_window": [
        0.0,
        3000.0
      ],
      "capacity": 295
    }
  ],
  "Customers": [
    {
      "id": "C1",
      "x": 56.93,
      "y": 37.62,
      "time_window": [
        450.0,
        2150.37
      ],
      "demand": [
        1,
        3,
        3,
        3
      ]
    },
    {
      "id": "C2",
      "x": 18.12,
      "y": 11.11,
      "time_window": [
        450.0,
        2550
      ],
      "demand": [
        1,
        4,
        3,
        2
      ]
    },
    {
      "id": "C3",
      "x": 65.71,
      "y": 57.22,
      "time_window": [
        450.0,
        1698.35
      ],
      "demand": [
        4,
        2,
        2,
        4
      ]
    },
    {
      "id": "C4",
      "x": 48.15,
      "y": 39.48,
      "time_window": [
        450.0,
        1585.61
      ],
      "demand": [
        3,
        2,
        1,
        4
      ]
    },
    {
      "id": "C5",
      "x": 50.18,
      "y": 40.27,
      "time_window": [
        450.0,
        2156.31
      ],
      "demand": [
        2,
        2,
        2,
        1
      ]
    },
    {
      "id": "C6",
      "x": 1.97,
      "y": 82.84,
      "time_window": [
        450.0,
        2550
      ],
      "demand": [
        4,
        4,
        3,
        3
      ]
    },
    {
      "id": "C7",
      "x": 45.26,
      "y": 57.29,
      "time_window": [
        450.0,
        2179.81
      ],
      "demand": [
        2,
        4,
        4,
        1
      ]
    },
    {
      "id": "C8",
      "x": 48.39,
      "y": 40.4,
      "time_window": [
        450.0,
        1155.86
      ],
      "demand": [
        4,
        4,
        1,
        1
      ]
    },
    {
      "id": "C9",
      "x": 64.31,
      "y": 25.32,
      "time_window": [
        450.0,
        2314.15
      ],
      "demand": [
        3,
        1,
        1,
        2
      ]
    },
    {
      "id": "C10",
      "x": 62.78,
      "y": 26.19,
      "time_window": [
        450.0,
        2423.39
      ],
      "demand": [
        4,
        1,
        4,
        2
      ]
    },
    {
      "id": "C11",
      "x": 1.95,
      "y": 97.79,
      "time_window": [
        450.0,
        1246.96
      ],
      "demand": [
        3,
        3,
        1,
        4
      ]
    },
    {
      "id": "C12",
      "x": 20.33,
      "y": 8.37,
      "time_window": [
        450.0,
        1984.1
      ],
      "demand": [
        1,
        4,
        4,
        1
      ]
    },
    {
      "id": "C13",
      "x": 58.69,
      "y": 43.28,
      "time_window": [
        450.0,
        1234.16
      ],
      "demand": [
        3,
        4,
        4,
        2
      ]
    },
    {
      "id": "C14",
      "x": 30.79,
      "y": 42.72,
      "time_window": [
        450.0,
        1979.09
      ],
      "demand": [
        1,
        2,
        2,
        1
      ]
    },
    {
      "id": "C15",
      "x": 43.67,
      "y": 65.19,
      "time_window": [
        450.0,
        1062.58
      ],
      "demand": [
        1,
        1,
        4,
        3
      ]
    },
    {
      "id": "C16",
      "x": 27.52,
      "y": 66.99,
      "time_window": [
        450.0,
        2322.56
      ],
      "demand": [
        2,
        2,
        2,
        2
      ]
    },
    {
      "id": "C17",
      "x": 8.06,
      "y": 81.36,
      "time_window": [
        450.0,
        1691.12
      ],
      "demand": [
        1,
        3,
        2,
        3
      ]
    },
    {
      "id": "C18",
      "x": 79.83,
      "y": 16.05,
      "time_window": [
        450.0,
        2164.42
      ],
      "demand": [
        4,
        3,
        1,
        4
      ]
    },
    {
      "id": "C19",
      "x": 22.45,
      "y": 11.29,
      "time_window": [
        450.0,
        2550
      ],
      "demand": [
        2,
        1,
        4,
        2
      ]
    },
    {
      "id": "C20",
      "x": 17.66,
      "y": 8.79,
      "time_window": [
        450.0,
        2125.26
      ],
      "demand": [
        3,
        1,
        1,
        4
      ]
    }
  ]
}