{
  "set_id": 6,
  "inst_id": 8,
  "vehicles": {
    "CT": {
      "count": 10,
      "capacity": 1500,
      "fixed_cost": 1500,
      "unit_cost_factor": 1.2
    },
    "UV": {
      "count": 20,
      "capacity": 500,
      "fixed_cost": 500,
      "unit_cost_factor": 1.1
    }
  },
  "P": 3,
  "item_weights": [
    15,
    15,
    10
  ],
  "inventory_ratio": 1.2,
  "FCs": [
    {
      "id": "FC1",
      "x": 25,
      "y": 25,
      "time_window": [
        0.0,
        3000.0
      ],
      "inventory": [
        82,
        89,
        78
      ]
    },
    {
      "id": "FC2",
      "x": 75,
      "y": 75,
      "time_window": [
        0.0,
        3000.0
      ],
      "inventory": [
        68,
        66,
        80
      ]
    }
  ],
  "DCs": [
    {
      "id": "DC1",
      "x": 21.39,
      "y": 46.28,
      "time_window": [
        300.0,
        2700.0
      ]
    },
    {
      "id": "DC2",
      "x": 74.79,
      "y": 54.22,
      "time_window": [
        300.0,
        2700.0
      ]
    },
    {
      "id": "DC3",
      "x": 75.84,
      "y": 25.46,
      "time_window": [
        300.0,
        2700.0
      ]
    },
    {
      "id": "DC4",
      "x": 44.94,
      "y": 24.51,
      "time_window": [
        300.0,
        2700.0
      ]
    }
  ],
  "CDPs": [
    {
      "id": "CDP1",
      "x": 28.25,
      "y": 17.75,
      "time_window": [
        0.0,
        3000.0
      ],
      "capacity": 204
    },
    {
      "id": "CDP2",
      "x": 21.96,
      "y": 65.53,
      "time_window": [
        0.0,
        3000.0
      ],
      "capacity": 189
    },
    {
      "id": "CDP3",
      "x": 23.59,
      "y": 64.35,
      "time_window": [
        0.0,
        3000.0
      ],
      "capacity": 293
    },
    {
      "id": "CDP4",
      "x": 17.01,
      "y": 84.36,
      "time_window": [
        0.0,
        3000.0
      ],
      "capacity": 197
    },
    {
      "id": "CDP5",
      "x": 76.18,
      "y": 19.84,
      "time_window": [
        0.0,
        3000.0
      ],
      "capacity": 217
    },
    {
      "id": "CDP6",
      "x": 29.74,
      "y": 44.16,
      "time_window": [
        0.0,
        3000.0
      ],
      "capacity": 101
    },
    {
      "id": "CDP7",
      "x": 21.67,
      "y": 51.79,
      "time_window": [
        0.0,
        3000.0
      ],
      "capacity": 220
    },
    {
      "id": "CDP8",
      "x": 49.74,
      "y": 79.74,
      "time_window": [
        0.0,
        3000.0
      ],
      "capacity": 104
    },
    {
      "id": "CDP9",
      "x": 32.64,
      "y": 39.08,
      "time_window": [
        0.0,
        3000.0
      ],
      "capacity": 274
    },
    {
      "id": "CDP10",
      "x": 65.9,
      "y": 31.43,
      "time_window": [
        0.0,
        3000.0
      ],
      "capacity": 191
    },
    {
      "id": "CDP11",
      "x": 79.93,
      "y": 67.26,
      "time_window": [
        0.0,
        3000.0
      ],
      "capacity": 194
    },
    {
      "id": "CDP12",
      "x": 46.57,
      "y": 72.8,
      "time_window": [
        0.0,
        3000.0
      ],
      "capacity": 203
    },
    {
      "id": "CDP13",
      "x": 88.99,
      "y": 10.6,
      "time_window": [
        0.0,
        3000.0
      ],
      "capacity": 183
    },
    {
      "id": "CDP14",
      "x": 37.25,
      "y": 37.25,
      "time_window": [
        0.0,
        3000.0
      ],
      "capacity": 169
    },
    {
      "id": "CDP15",
      "x": 77.64,
      "y": 96.53,
      "time_window": [
        0.0,
        3000.0
      ],
      "capacity": 242
    },
    {
      "id": "CDP16",
      "x": 25.66,
      "y": 96.68,
      "time_window": [
        0.0,
        3000.0
      ],
      "capacity": 204
    },
    {
      "id": "CDP17",
      "x": 5.47,
      "y": 46.84,
      "time_window": [
        0.0,
        3000.0
      ],
      "capacity": 166
    },
    {
      "id": "CDP18",
      "x": 79.34,
      "y": 52.53,
      "time_window": [
        0.0,
        3000.0
      ],
      "capacity": 216
    },
    {
      "id": "CDP19",
      "x": 18.84,
      "y": 14.5,
      "time_window": [
        0.0,
        3000.0
      ],
      "capacity": 137
    },
    {
      "id": "CDP20",
      "x": 3.91,
      "y": 88.96,
      "time_window": [
        0.0,
        3000.0
      ],
      "capacity": 157
    },
    {
      "id": "CDP21",
      "x": 51.38,
      "y": 17.77,
      "time_window": [
        0.0,
        3000.0
      ],
      "capacity": 136
    },
    {
      "id": "CDP22",
      "x": 26.24,
      "y": 97.77,
      "time_window": [
        0.0,
        3000.0
      ],
      "capacity": 260
    },
    {
      "id": "CDP23",
      "x": 22.54,
      "y": 42.44,
      "time_window": [
        0.0,
        3000.0
      ],
      "capacity": 108
    },
    {
      "id": "CDP24",
      "x": 60.02,
      "y": 75.68,
      "time_window": [
        0.0,
        3000.0
      ],
      "capacity": 291
    },
    {
      "id": "CDP25",
      "x": 34.29,
      "y": 28.74,
      "time_window": [
        0.0,
        3000.0
      ],
      "capacity": 102
    },
    {
      "id": "CDP26",
      "x": 94.17,
      "y": 55.93,
      "time_window": [
        0.0,
        3000.0
      ],
      "capacity": 135
    },
    {
      "id": "CDP27",
      "x": 64.27,
      "y": 41.21,
      "time_window": [
        0.0,
        3000.0
      ],
      "capacity": 126
    },
    {
      "id": "CDP28",
      "x": 38.5,
      "y": 83.49,
      "time_window": [
        0.0,
        3000.0
      ],
      "capacity": 135
    },
    {
      "id": "CDP29",
      "x": 57.82,
      "y": 75.38,
      "time_window": [
        0.0,
        3000.0
      ],
      "capacity": 262
    },
    {
      "id": "CDP30",
      "x": 64.91,
      "y": 66.71,
      "time_window": [
        0.0,
        3000.0
      ],
      "capacity": 189
    }
  ],
  "Customers": [
    {
      "id": "C1",
      "x": 26.34,
      "y": 50.11,
      "time_window": [
        450.0,
        1242.08
      ],
      "demand": [
        1,
        1,
        2
      ]
    },
    {
      "id": "C2",
      "x": 47.25,
      "y": 48.07,
      "time_window": [
        450.0,
        952.15
      ],
      "demand": [
        3,
        2,
        2
      ]
    },
    {
      "id": "C3",
      "x": 49.94,
      "y": 61.12,
      "time_window": [
        450.0,
        2220.27
      ],
      "demand": [
        2,
        3,
        1
      ]
    },
    {
      "id": "C4",
      "x": 45.0,
      "y": 66.16,
      "time_window": [
        450.0,
        1080.17
      ],
      "demand": [
        3,
        3,
        4
      ]
    },
    {
      "id": "C5",
      "x": 73.51,
      "y": 65.94,
      "time_window": [
        450.0,
        1762.08
      ],
      "demand": [
        4,
        1,
        4
      ]
    },
    {
      "id": "C6",
      "x": 66.52,
      "y": 62.41,
      "time_window": [
        450.0,
        1608.94
      ],
      "demand": [
        3,
        3,
        4
      ]
    },
    {
      "id": "C7",
      "x": 96.13,
      "y": 88.57,
      "time_window": [
        450.0,
        1316.59
      ],
      "demand": [
        2,
        3,
        3
      ]
    },
    {
      "id": "C8",
      "x": 56.02,
      "y": 69.27,
      "time_window": [
        450.0,
        1599.17
      ],
      "demand": [
        2,
        3,
        3
      ]
    },
    {
      "id": "C9",
      "x": 97.7,
      "y": 20.32,
      "time_window": [
        450.0,
        1293.71
      ],
      "demand": [
        3,
        3,
        2
      ]
    },
    {
      "id": "C10",
      "x": 56.75,
      "y": 45.75,
      "time_window": [
        450.0,
        2387.46
      ],
      "demand": [
        2,
        3,
        4
      ]
    },
    {
      "id": "C11",
      "x": 47.71,
      "y": 34.64,
      "time_window": [
        450.0,
        2550
      ],
      "demand": [
        1,
        2,
        3
      ]
    },
    {
      "id": "C12",
      "x": 32.64,
      "y": 68.97,
      "time_window": [
        450.0,
        2498.66
      ],
      "demand": [
        3,
        4,
        1
      ]
    },
    {
      "id": "C13",
      "x": 12.13,
      "y": 83.62,
      "time_window": [
        450.0,
        1633.0
      ],
      "demand": [
        2,
        1,
        3
      ]
    },
    {
      "id": "C14",
      "x": 54.17,
      "y": 57.15,
      "time_window": [
        450.0,
        1744.08
      ],
      "demand": [
        2,
        2,
        4
      ]
    },
    {
      "id": "C15",
      "x": 93.72,
      "y": 17.95,
      "time_window": [
        450.0,
        1064.24
      ],
      "demand": [
        2,
        3,
        3
      ]
    },
    {
      "id": "C16",
      "x": 48.51,
      "y": 61.78,
      "time_window": [
        450.0,
        2550
      ],
      "demand": [
        3,
        4,
        1
      ]
    },
    {
      "id": "C17",
      "x": 42.31,
      "y": 50.98,
      "time_window": [
        450.0,
        1193.54
      ],
      "demand": [
        4,
        4,
        4
      ]
    },
    {
      "id": "C18",
      "x": 96.76,
      "y": 14.33,
      "time_window": [
        450.0,
        1265.68
      ],
      "demand": [
        3,
        2,
        4
      ]
    },
    {
      "id": "C19",
      "x": 84.58,
      "y": 79.33,
      "time_window": [
        450.0,
        2459.99
      ],
      "demand": [
        4,
        1,
        1
      ]
    },
    {
      "id": "C20",
      "x": 7.64,
      "y": 79.88,
      "time_window": [
        450.0,
        1331.99
      ],
      "demand": [
        2,
        1,
        2
      ]
    },
    {
      "id": "C21",
      "x": 85.64,
      "y": 24.43,
      "time_window": [
        450.0,
        1513.41
      ],
      "demand": [
        3,
        4,
        2
      ]
    },
    {
      "id": "C22",
      "x": 79.58,
      "y": 15.71,
      "time_window": [
        450.0,
        2303.15
      ],
      "demand": [
        3,
        4,
        2
      ]
    },
    {
      "id": "C23",
      "x": 38.9,
      "y": 74.03,
      "time_window": [
        450.0,
        1230.09
      ],
      "demand": [
        1,
        2,
        3
      ]
    },
    {
      "id": "C24",
      "x": 29.62,
      "y": 59.25,
      "time_window": [
        450.0,
        2041.81
      ],
      "demand": [
        1,
        2,
        3
      ]
    },
    {
      "id": "C25",
      "x": 56.04,
      "y": 40.11,
      "time_window": [
        450.0,
        1263.06
      ],
      "demand": [
        4,
        3,
        3
      ]
    },
    {
      "id": "C26",
      "x": 31.23,
      "y": 53.79,
      "time_window": [
        450.0,
        2031.23
      ],
      "demand": [
        4,
        2,
        2
      ]
    },
    {
      "id": "C27",
      "x": 88.76,
      "y": 16.04,
      "time_window": [
        450.0,
        1202.65
      ],
      "demand": [
        1,
        1,
        4
      ]
    },
    {
      "id": "C28",
      "x": 89.17,
      "y": 89.3,
      "time_window": [
        450.0,
        1184.89
      ],
      "demand": [
        1,
        4,
        1
      ]
    },
    {
      "id": "C29",
      "x": 35.9,
      "y": 51.27,
      "time_window": [
        450.0,
        2442.76
      ],
      "demand": [
        3,
        2,
        4
      ]
    },
    {
      "id": "C30",
      "x": 57.07,
      "y": 49.5,
      "time_window": [
        450.0,
        1431.33
      ],
      "demand": [
        1,
        4,
        2
      ]
    },
    {
      "id": "C31",
      "x": 75.31,
      "y": 7.7,
      "time_window": [
        450.0,
        1192.48
      ],
      "demand": [
        4,
        4,
        4
      ]
    },
    {
      "id": "C32",
      "x": 89.24,
      "y": 85.47,
      "time_window": [
        450.0,
        1361.8
      ],
      "demand": [
        1,
        3,
        1
      ]
    },
    {
      "id": "C33",
      "x": 19.92,
      "y": 16.7,
      "time_window": [
        450.0,
        1476.26
      ],
      "demand": [
        1,
        3,
        2
      ]
    },
    {
      "id": "C34",
      "x": 44.84,
      "y": 49.11,
      "time_window": [
        450.0,
        2550
      ],
      "demand": [
        2,
        4,
        2
      ]
    },
    {
      "id": "C35",
      "x": 67.95,
      "y": 46.34,
      "time_window": [
        450.0,
        1016.16
      ],
      "demand": [
        4,
        3,
        1
      ]
    },
    {
      "id": "C36",
      "x": 17.26,
      "y": 10.56,
      "time_window": [
        450.0,
        1110.22
      ],
      "demand": [
        4,
        1,
        3
      ]
    },
    {
      "id": "C37",
      "x": 95.85,
      "y": 20.21,
      "time_window": [
        450.0,
        1478.68
      ],
      "demand": [
        4,
        2,
        3
      ]
    },
    {
      "id": "C38",
      "x": 43.05,
      "y": 30.36,
      "time_window": [
        450.0,
        1578.55
      ],
      "demand": [
        4,
        4,
        4
      ]
    },
    {
      "id": "C39",
      "x": 14.95,
      "y": 80.33,
      "time_window": [
        450.0,
        1416.53
      ],
      "demand": [
        2,
        3,
        1
      ]
    },
    {
      "id": "C40",
      "x": 18.17,
      "y": 93.5,
      "time_window": [
        450.0,
        2328.26
      ],
      "demand": [
        1,
        3,
        4
      ]
    },
    {
      "id": "C41",
      "x": 46.46,
      "y": 29.94,
      "time_window": [
        450.0,
        2223.71
      ],
      "demand": [
        1,
        4,
        4
      ]
    },
    {
      "id": "C42",
      "x": 51.86,
      "y": 51.19,
      "time_window": [
        450.0,
        2078.78
      ],
      "demand": [
        1,
        2,
        4
      ]
    },
    {
      "id": "C43",
      "x": 67.42,
      "y": 58.41,
      "time_window": [
        450.0,
        1950.98
      ],
      "demand": [
        3,
        1,
        4
      ]
    },
    {
      "id": "C44",
      "x": 33.88,
      "y": 66.57,
      "time_window": [
        450.0,
        1989.47
      ],
      "demand": [
        4,
        1,
        3
      ]
    },
    {
      "id": "C45",
      "x": 6.31,
      "y": 95.96,
      "time_window": [
        450.0,
        1017.73
      ],
      "demand": [
        1,
        1,
        1
      ]
    },
    {
      "id": "C46",
      "x": 33.97,
      "y": 45.31,
      "time_window": [
        450.0,
        1737.64
      ],
      "demand": [
        2,
        2,
        3
      ]
    },
    {
      "id": "C47",
      "x": 26.82,
      "y": 42.8,
      "time_window": [
        450.0,
        2326.0
      ],
      "demand": [
        4,
        1,
        2
      ]
    },
    {
      "id": "C48",
      "x": 12.22,
      "y": 2.48,
      "time_window": [
        450.0,
        1755.96
      ],
      "demand": [
        4,
        2,
        1
      ]
    },
    {
      "id": "C49",
      "x": 62.35,
      "y": 54.38,
      "time_window": [
        450.0,
        1747.03
      ],
      "demand": [
        2,
        4,
        1
      ]
    },
    {
      "id": "C50",
      "x": 26.06,
      "y": 52.16,
      "time_window": [
        450.0,
        1996.31
      ],
      "demand": [
        3,
        4,
        2
      ]
    }
  ]
}