{
  "set_id": 7,
  "inst_id": 3,
  "vehicles": {
    "CT": {
      "count": 16,
      "capacity": 1500,
      "fixed_cost": 1500,
      "unit_cost_factor": 1.2
    },
    "UV": {
      "count": 32,
      "capacity": 500,
      "fixed_cost": 500,
      "unit_cost_factor": 1.1
    }
  },
  "P": 3,
  "item_weights": [
    10,
    10,
    15
  ],
  "inventory_ratio": 1.3,
  "FCs": [
    {
      "id": "FC1",
      "x": 25,
      "y": 25,
      "time_window": [
        0.0,
        3000.0
      ],
      "inventory": [
        75,
        63,
        62
      ]
    },
    {
      "id": "FC2",
      "x": 25,
      "y": 75,
      "time_window": [
        0.0,
        3000.0
      ],
      "inventory": [
        66,
        69,
        64
      ]
    },
    {
      "id": "FC3",
      "x": 75,
      "y": 25,
      "time_window": [
        0.0,
        3000.0
      ],
      "inventory": [
        65,
        55,
        78
      ]
    },
    {
      "id": "FC4",
      "x": 75,
      "y": 75,
      "time_window": [
        0.0,
        3000.0
      ],
      "inventory": [
        64,
        62,
        73
      ]
    }
  ],
  "DCs": [
    {
      "id": "DC1",
      "x": 25.86,
      "y": 12.16,
      "time_window": [
        300.0,
        2700.0
      ]
    },
    {
      "id": "DC2",
      "x": 40.08,
      "y": 19.47,
      "time_window": [
        300.0,
        2700.0
      ]
    },
    {
      "id": "DC3",
      "x": 33.68,
      "y": 37.23,
      "time_window": [
        300.0,
        2700.0
      ]
    },
    {
      "id": "DC4",
      "x": 12.47,
      "y": 34.76,
      "time_window": [
        300.0,
        2700.0
      ]
    },
    {
      "id": "DC5",
      "x": 48.7,
      "y": 80.08,
      "time_window": [
        300.0,
        2700.0
      ]
    },
    {
      "id": "DC6",
      "x": 4.29,
      "y": 5.37,
      "time_window": [
        300.0,
        2700.0
      ]
    },
    {
      "id": "DC7",
      "x": 83.17,
      "y": 52.44,
      "time_window": [
        300.0,
        2700.0
      ]
    },
    {
      "id": "DC8",
      "x": 34.13,
      "y": 7.18,
      "time_window": [
        300.0,
        2700.0
      ]
    }
  ],
  "CDPs": [
    {
      "id": "CDP1",
      "x": 36.61,
      "y": 74.52,
      "time_window": [
        0.0,
        3000.0
      ],
      "capacity": 183
    },
    {
      "id": "CDP2",
      "x": 31.56,
      "y": 11.99,
      "time_window": [
        0.0,
        3000.0
      ],
      "capacity": 115
    },
    {
      "id": "CDP3",
      "x": 42.02,
      "y": 42.18,
      "time_window": [
        0.0,
        3000.0
      ],
      "capacity": 153
    },
    {
      "id": "CDP4",
      "x": 64.23,
      "y": 23.06,
      "time_window": [
        0.0,
        3000.0
      ],
      "capacity": 223
    },
    {
      "id": "CDP5",
      "x": 25.07,
      "y": 88.35,
      "time_window": [
        0.0,
        3000.0
      ],
      "capacity": 225
    },
    {
      "id": "CDP6",
      "x": 88.78,
      "y": 71.15,
      "time_window": [
        0.0,
        3000.0
      ],
      "capacity": 296
    },
    {
      "id": "CDP7",
      "x": 83.03,
      "y": 22.07,
      "time_window": [
        0.0,
        3000.0
      ],
      "capacity": 233
    },
    {
      "id": "CDP8",
      "x": 57.13,
      "y": 56.93,
      "time_window": [
        0.0,
        3000.0
      ],
      "capacity": 106
    },
    {
      "id": "CDP9",
      "x": 18.18,
      "y": 37.71,
      "time_window": [
        0.0,
        3000.0
      ],
      "capacity": 261
    },
    {
      "id": "CDP10",
      "x": 70.34,
      "y": 11.58,
      "time_window": [
        0.0,
        3000.0
      ],
      "capacity": 107
    },
    {
      "id": "CDP11",
      "x": 61.29,
      "y": 28.04,
      "time_window": [
        0.0,
        3000.0
      ],
      "capacity": 194
    },
    {
      "id": "CDP12",
      "x": 18.19,
      "y": 53.69,
      "time_window": [
        0.0,
        3000.0
      ],
      "capacity": 125
    },
    {
      "id": "CDP13",
      "x": 0.85,
      "y": 45.9,
      "time_window": [
        0.0,
        3000.0
      ],
      "capacity": 257
    },
    {
      "id": "CDP14",
      "x": 42.96,
      "y": 60.43,
      "time_window": [
        0.0,
        3000.0
      ],
      "capacity": 234
    },
    {
      "id": "CDP15",
      "x": 75.75,
      "y": 81.62,
      "time_window": [
        0.0,
        3000.0
      ],
      "capacity": 165
    },
    {
      "id": "CDP16",
      "x": 35.86,
      "y": 55.94,
      "time_window": [
        0.0,
        3000.0
      ],
      "capacity": 226
    },
    {
      "id": "CDP17",
      "x": 34.4,
      "y": 1.92,
      "time_window": [
        0.0,
        3000.0
      ],
      "capacity": 233
    },
    {
      "id": "CDP18",
      "x": 9.51,
      "y": 69.87,
      "time_window": [
        0.0,
        3000.0
      ],
      "capacity": 274
    },
    {
      "id": "CDP19",
      "x": 63.71,
      "y": 31.49,
      "time_window": [
        0.0,
        3000.0
      ],
      "capacity": 170
    },
    {
      "id": "CDP20",
      "x": 93.71,
      "y": 23.84,
      "time_window": [
        0.0,
        3000.0
      ],
      "capacity": 136
    },
    {
      "id": "CDP21",
      "x": 12.65,
      "y": 3.64,
      "time_window": [
        0.0,
        3000.0
      ],
      "capacity": 181
    },
    {
      "id": "CDP22",
      "x": 40.51,
      "y": 25.3,
      "time_window": [
        0.0,
        3000.0
      ],
      "capacity": 187
    },
    {
      "id": "CDP23",
      "x": 91.84,
      "y": 79.31,
      "time_window": [
        0.0,
        3000.0
      ],
      "capacity": 106
    },
    {
      "id": "CDP24",
      "x": 47.07,
      "y": 99.55,
      "time_window": [
        0.0,
        3000.0
      ],
      "capacity": 131
    },
    {
      "id": "CDP25",
      "x": 61.2,
      "y": 42.69,
      "time_window": [
        0.0,
        3000.0
      ],
      "capacity": 259
    },
    {
      "id": "CDP26",
      "x": 83.73,
      "y": 61.96,
      "time_window": [
        0.0,
        3000.0
      ],
      "capacity": 261
    },
    {
      "id": "CDP27",
      "x": 90.59,
      "y": 19.3,
      "time_window": [
        0.0,
        3000.0
      ],
      "capacity": 162
    },
    {
      "id": "CDP28",
      "x": 49.75,
      "y": 16.55,
      "time_window": [
        0.0,
        3000.0
      ],
      "capacity": 280
    },
    {
      "id": "CDP29",
      "x": 52.11,
      "y": 23.53,
      "time_window": [
        0.0,
        3000.0
      ],
      "capacity": 160
    },
    {
      "id": "CDP30",
      "x": 20.69,
      "y": 91.81,
      "time_window": [
        0.0,
        3000.0
      ],
      "capacity": 300
    },
    {
      "id": "CDP31",
      "x": 52.53,
      "y": 2.51,
      "time_window": [
        0.0,
        3000.0
      ],
      "capacity": 105
    },
    {
      "id": "CDP32",
      "x": 35.36,
      "y": 83.37,
      "time_window": [
        0.0,
        3000.0
      ],
      "capacity": 181
    },
    {
      "id": "CDP33",
      "x": 57.1,
      "y": 37.94,
      "time_window": [
        0.0,
        3000.0
      ],
      "capacity": 138
    },
    {
      "id": "CDP34",
      "x": 22.94,
      "y": 92.3,
      "time_window": [
        0.0,
        3000.0
      ],
      "capacity": 208
    },
    {
      "id": "CDP35",
      "x": 48.26,
      "y": 59.84,
      "time_window": [
        0.0,
        3000.0
      ],
      "capacity": 261
    },
    {
      "id": "CDP36",
      "x": 38.96,
      "y": 72.32,
      "time_window": [
        0.0,
        3000.0
      ],
      "capacity": 114
    },
    {
      "id": "CDP37",
      "x": 84.37,
      "y": 40.82,
      "time_window": [
        0.0,
        3000.0
      ],
      "capacity": 212
    },
    {
      "id": "CDP38",
      "x": 27.21,
      "y": 14.65,
      "time_window": [
        0.0,
        3000.0
      ],
      "capacity": 221
    },
    {
      "id": "CDP39",
      "x": 52.48,
      "y": 90.75,
      "time_window": [
        0.0,
        3000.0
      ],
      "capacity": 160
    },
    {
      "id": "CDP40",
      "x": 59.38,
      "y": 81.37,
      "time_window": [
        0.0,
        3000.0
      ],
      "capacity": 178
    }
  ],
  "Customers": [
    {
      "id": "C1",
      "x": 94.43,
      "y": 86.41,
      "time_window": [
        450.0,
        2550
      ],
      "demand": [
        4,
        4,
        1
      ]
    },
    {
      "id": "C2",
      "x": 45.05,
      "y": 32.69,
      "time_window": [
        450.0,
        2098.49
      ],
      "demand": [
        3,
        1,
        4
      ]
    },
    {
      "id": "C3",
      "x": 64.36,
      "y": 65.58,
      "time_window": [
        450.0,
        1728.2
      ],
      "demand": [
        4,
        3,
        1
      ]
    },
    {
      "id": "C4",
      "x": 55.51,
      "y": 52.73,
      "time_window": [
        450.0,
        2134.89
      ],
      "demand": [
        1,
        1,
        3
      ]
    },
    {
      "id": "C5",
      "x": 57.09,
      "y": 33.8,
      "time_window": [
        450.0,
        2260.99
      ],
      "demand": [
        3,
        1,
        2
      ]
    },
    {
      "id": "C6",
      "x": 94.64,
      "y": 95.24,
      "time_window": [
        450.0,
        1906.76
      ],
      "demand": [
        2,
        1,
        4
      ]
    },
    {
      "id": "C7",
      "x": 65.35,
      "y": 62.7,
      "time_window": [
        450.0,
        1825.93
      ],
      "demand": [
        3,
        4,
        4
      ]
    },
    {
      "id": "C8",
      "x": 4.71,
      "y": 8.35,
      "time_window": [
        450.0,
        2443.21
      ],
      "demand": [
        2,
        4,
        1
      ]
    },
    {
      "id": "C9",
      "x": 10.85,
      "y": 4.49,
      "time_window": [
        450.0,
        2102.96
      ],
      "demand": [
        3,
        4,
        1
      ]
    },
    {
      "id": "C10",
      "x": 97.66,
      "y": 8.65,
      "time_window": [
        450.0,
        1608.6
      ],
      "demand": [
        3,
        2,
        3
      ]
    },
    {
      "id": "C11",
      "x": 88.98,
      "y": 79.26,
      "time_window": [
        450.0,
        2034.75
      ],
      "demand": [
        1,
        3,
        2
      ]
    },
    {
      "id": "C12",
      "x": 36.09,
      "y": 64.84,
      "time_window": [
        450.0,
        2550
      ],
      "demand": [
        1,
        4,
        2
      ]
    },
    {
      "id": "C13",
      "x": 15.45,
      "y": 19.07,
      "time_window": [
        450.0,
        1756.01
      ],
      "demand": [
        2,
        1,
        3
      ]
    },
    {
      "id": "C14",
      "x": 72.66,
      "y": 40.71,
      "time_window": [
        450.0,
        1931.4
      ],
      "demand": [
        4,
        1,
        2
      ]
    },
    {
      "id": "C15",
      "x": 4.91,
      "y": 8.19,
      "time_window": [
        450.0,
        1018.76
      ],
      "demand": [
        3,
        1,
        2
      ]
    },
    {
      "id": "C16",
      "x": 46.17,
      "y": 53.29,
      "time_window": [
        450.0,
        2506.12
      ],
      "demand": [
        1,
        1,
        4
      ]
    },
    {
      "id": "C17",
      "x": 76.67,
      "y": 77.74,
      "time_window": [
        450.0,
        1683.31
      ],
      "demand": [
        4,
        4,
        2
      ]
    },
    {
      "id": "C18",
      "x": 36.15,
      "y": 44.24,
      "time_window": [
        450.0,
        1323.95
      ],
      "demand": [
        1,
        1,
        3
      ]
    },
    {
      "id": "C19",
      "x": 30.0,
      "y": 32.08,
      "time_window": [
        450.0,
        2550
      ],
      "demand": [
        3,
        3,
        1
      ]
    },
    {
      "id": "C20",
      "x": 64.53,
      "y": 36.8,
      "time_window": [
        450.0,
        1489.94
      ],
      "demand": [
        2,
        1,
        3
      ]
    },
    {
      "id": "C21",
      "x": 16.0,
      "y": 2.6,
      "time_window": [
        450.0,
        2548.51
      ],
      "demand": [
        1,
        4,
        4
      ]
    },
    {
      "id": "C22",
      "x": 25.13,
      "y": 70.58,
      "time_window": [
        450.0,
        1739.92
      ],
      "demand": [
        2,
        3,
        4
      ]
    },
    {
      "id": "C23",
      "x": 68.4,
      "y": 38.46,
      "time_window": [
        450.0,
        1611.14
      ],
      "demand": [
        4,
        3,
        4
      ]
    },
    {
      "id": "C24",
      "x": 24.22,
      "y": 98.09,
      "time_window": [
        450.0,
        1324.27
      ],
      "demand": [
        3,
        4,
        3
      ]
    },
    {
      "id": "C25",
      "x": 92.57,
      "y": 9.02,
      "time_window": [
        450.0,
        1796.36
      ],
      "demand": [
        3,
        1,
        3
      ]
    },
    {
      "id": "C26",
      "x": 38.13,
      "y": 71.11,
      "time_window": [
        450.0,
        2512.67
      ],
      "demand": [
        1,
        1,
        3
      ]
    },
    {
      "id": "C27",
      "x": 53.08,
      "y": 66.83,
      "time_window": [
        450.0,
        1525.64
      ],
      "demand": [
        3,
        3,
        3
      ]
    },
    {
      "id": "C28",
      "x": 31.52,
      "y": 41.79,
      "time_window": [
        450.0,
        2417.5
      ],
      "demand": [
        4,
        4,
        1
      ]
    },
    {
      "id": "C29",
      "x": 64.06,
      "y": 29.05,
      "time_window": [
        450.0,
        2049.46
      ],
      "demand": [
        4,
        4,
        3
      ]
    },
    {
      "id": "C30",
      "x": 11.39,
      "y": 15.56,
      "time_window": [
        450.0,
        1249.99
      ],
      "demand": [
        1,
        3,
        4
      ]
    },
    {
      "id": "C31",
      "x": 13.79,
      "y": 12.41,
      "time_window": [
        450.0,
        1589.91
      ],
      "demand": [
        1,
        1,
        2
      ]
    },
    {
      "id": "C32",
      "x": 34.95,
      "y": 69.26,
      "time_window": [
        450.0,
        1762.04
      ],
      "demand": [
        2,
        1,
        3
      ]
    },
    {
      "id": "C33",
      "x": 54.02,
      "y": 51.38,
      "time_window": [
        450.0,
        2181.25
      ],
      "demand": [
        1,
        1,
        2
      ]
    },
    {
      "id": "C34",
      "x": 59.26,
      "y": 65.15,
      "time_window": [
        450.0,
        1458.95
      ],
      "demand": [
        3,
        2,
        4
      ]
    },
    {
      "id": "C35",
      "x": 58.46,
      "y": 65.68,
      "time_window": [
        450.0,
        1954.19
      ],
      "demand": [
        4,
        1,
        3
      ]
    },
    {
      "id": "C36",
      "x": 34.47,
      "y": 30.54,
      "time_window": [
        450.0,
        1063.27
      ],
      "demand": [
        3,
        1,
        1
      ]
    },
    {
      "id": "C37",
      "x": 60.01,
      "y": 61.69,
      "time_window": [
        450.0,
        2014.43
      ],
      "demand": [
        1,
        2,
        2
      ]
    },
    {
      "id": "C38",
      "x": 28.04,
      "y": 36.92,
      "time_window": [
        450.0,
        1471.12
      ],
      "demand": [
        1,
        2,
        1
      ]
    },
    {
      "id": "C39",
      "x": 8.49,
      "y": 77.39,
      "time_window": [
        450.0,
        1454.14
      ],
      "demand": [
        4,
        1,
        4
      ]
    },
    {
      "id": "C40",
      "x": 23.5,
      "y": 96.01,
      "time_window": [
        450.0,
        1368.28
      ],
      "demand": [
        4,
        1,
        2
      ]
    },
    {
      "id": "C41",
      "x": 68.05,
      "y": 41.74,
      "time_window": [
        450.0,
        1415.69
      ],
      "demand": [
        4,
        1,
        3
      ]
    },
    {
      "id": "C42",
      "x": 15.69,
      "y": 82.63,
      "time_window": [
        450.0,
        1494.66
      ],
      "demand": [
        3,
        4,
        4
      ]
    },
    {
      "id": "C43",
      "x": 73.38,
      "y": 44.21,
      "time_window": [
        450.0,
        1972.84
      ],
      "demand": [
        1,
        2,
        1
      ]
    },
    {
      "id": "C44",
      "x": 13.07,
      "y": 8.31,
      "time_window": [
        450.0,
        1381.55
      ],
      "demand": [
        1,
        1,
        4
      ]
    },
    {
      "id": "C45",
      "x": 97.74,
      "y": 95.82,
      "time_window": [
        450.0,
        2487.0
      ],
      "demand": [
        1,
        2,
        4
      ]
    },
    {
      "id": "C46",
      "x": 26.44,
      "y": 46.87,
      "time_window": [
        450.0,
        2375.59
      ],
      "demand": [
        2,
        1,
        1
      ]
    },
    {
      "id": "C47",
      "x": 53.96,
      "y": 52.2,
      "time_window": [
        450.0,
        1580.31
      ],
      "demand": [
        2,
        4,
        2
      ]
    },
    {
      "id": "C48",
      "x": 50.3,
      "y": 27.72,
      "time_window": [
        450.0,
        1845.81
      ],
      "demand": [
        1,
        4,
        4
      ]
    },
    {
      "id": "C49",
      "x": 65.47,
      "y": 27.52,
      "time_window": [
        450.0,
        2316.56
      ],
      "demand": [
        4,
        2,
        4
      ]
    },
    {
      "id": "C50",
      "x": 95.0,
      "y": 7.03,
      "time_window": [
        450.0,
        1366.38
      ],
      "demand": [
        3,
        4,
        4
      ]
    },
    {
      "id": "C51",
      "x": 13.92,
      "y": 0.08,
      "time_window": [
        450.0,
        2546.68
      ],
      "demand": [
        3,
        4,
        1
      ]
    },
    {
      "id": "C52",
      "x": 89.72,
      "y": 79.36,
      "time_window": [
        450.0,
        1165.22
      ],
      "demand": [
        1,
        3,
        3
      ]
    },
    {
      "id": "C53",
      "x": 39.23,
      "y": 31.08,
      "time_window": [
        450.0,
        1980.19
      ],
      "demand": [
        4,
        3,
        3
      ]
    },
    {
      "id": "C54",
      "x": 74.89,
      "y": 33.83,
      "time_window": [
        450.0,
        1076.47
      ],
      "demand": [
        3,
        1,
        1
      ]
    },
    {
      "id": "C55",
      "x": 72.77,
      "y": 27.32,
      "time_window": [
        450.0,
        2063.9
      ],
      "demand": [
        3,
        2,
        3
      ]
    },
    {
      "id": "C56",
      "x": 34.94,
      "y": 44.53,
      "time_window": [
        450.0,
        1071.53
      ],
      "demand": [
        3,
        3,
        4
      ]
    },
    {
      "id": "C57",
      "x": 70.05,
      "y": 62.8,
      "time_window": [
        450.0,
        970.47
      ],
      "demand": [
        4,
        3,
        3
      ]
    },
    {
      "id": "C58",
      "x": 8.54,
      "y": 82.82,
      "time_window": [
        450.0,
        1602.92
      ],
      "demand": [
        2,
        2,
        4
      ]
    },
    {
      "id": "C59",
      "x": 23.22,
      "y": 2.73,
      "time_window": [
        450.0,
        1094.25
      ],
      "demand": [
        4,
        1,
        3
      ]
    },
    {
      "id": "C60",
      "x": 67.81,
      "y": 60.35,
      "time_window": [
        450.0,
        2378.13
      ],
      "demand": [
        4,
        4,
        1
      ]
    },
    {
      "id": "C61",
      "x": 47.53,
      "y": 57.78,
      "time_window": [
        450.0,
        2216.96
      ],
      "demand": [
        3,
        4,
        3
      ]
    },
    {
      "id": "C62",
      "x": 22.09,
      "y": 86.73,
      "time_window": [
        450.0,
        1121.06
      ],
      "demand": [
        3,
        3,
        4
      ]
    },
    {
      "id": "C63",
      "x": 74.8,
      "y": 63.8,
      "time_window": [
        450.0,
        1973.59
      ],
      "demand": [
        4,
        3,
        4
      ]
    },
    {
      "id": "C64",
      "x": 42.38,
      "y": 66.41,
      "time_window": [
        450.0,
        1038.23
      ],
      "demand": [
        1,
        1,
        4
      ]
    },
    {
      "id": "C65",
      "x": 51.01,
      "y": 55.73,
      "time_window": [
        450.0,
        1858.28
      ],
      "demand": [
        1,
        4,
        1
      ]
    },
    {
      "id": "C66",
      "x": 71.29,
      "y": 70.93,
      "time_window": [
        450.0,
        1095.13
      ],
      "demand": [
        3,
        2,
        4
      ]
    },
    {
      "id": "C67",
      "x": 84.69,
      "y": 96.52,
      "time_window": [
        450.0,
        1063.31
      ],
      "demand": [
        4,
        1,
        1
      ]
    },
    {
      "id": "C68",
      "x": 2.28,
      "y": 82.9,
      "time_window": [
        450.0,
        2550
      ],
      "demand": [
        4,
        3,
        4
      ]
    },
    {
      "id": "C69",
      "x": 81.11,
      "y": 79.54,
      "time_window": [
        450.0,
        1575.51
      ],
      "demand": [
        3,
        3,
        2
      ]
    },
    {
      "id": "C70",
      "x": 0.24,
      "y": 88.16,
      "time_window": [
        450.0,
        1819.61
      ],
      "demand": [
        2,
        2,
        2
      ]
    },
    {
      "id": "C71",
      "x": 80.9,
      "y": 0.61,
      "time_window": [
        450.0,
        1710.14
      ],
      "demand": [
        1,
        2,
        1
      ]
    },
    {
      "id": "C72",
      "x": 56.43,
      "y": 69.29,
      "time_window": [
        450.0,
        1142.28
      ],
      "demand": [
        4,
        1,
        4
      ]
    },
    {
      "id": "C73",
      "x": 25.37,
      "y": 73.32,
      "time_window": [
        450.0,
        2154.03
      ],
      "demand": [
        2,
        3,
        3
      ]
    },
    {
      "id": "C74",
      "x": 17.32,
      "y": 12.49,
      "time_window": [
        450.0,
        1393.07
      ],
      "demand": [
        1,
        2,
        3
      ]
    },
    {
      "id": "C75",
      "x": 33.72,
      "y": 38.37,
      "time_window": [
        450.0,
        1065.57
      ],
      "demand": [
        3,
        1,
        2
      ]
    },
    {
      "id": "C76",
      "x": 74.68,
      "y": 63.32,
      "time_window": [
        450.0,
        2337.74
      ],
      "demand": [
        4,
        4,
        3
      ]
    },
    {
      "id": "C77",
      "x": 62.73,
      "y": 30.39,
      "time_window": [
        450.0,
        2550
      ],
      "demand": [
        1,
        4,
        3
      ]
    },
    {
      "id": "C78",
      "x": 50.73,
      "y": 58.17,
      "time_window": [
        450.0,
        1339.19
      ],
      "demand": [
        3,
        3,
        1
      ]
    },
    {
      "id": "C79",
      "x": 34.64,
      "y": 63.53,
      "time_window": [
        450.0,
        1907.52
      ],
      "demand": [
        3,
        3,
        2
      ]
    },
    {
      "id": "C80",
      "x": 10.41,
      "y": 76.08,
      "time_window": [
        450.0,
        1691.29
      ],
      "demand": [
        4,
        3,
        1
      ]
    }
  ]
}