{
  "set_id": 9,
  "inst_id": 4,
  "vehicles": {
    "CT": {
      "count": 32,
      "capacity": 1500,
      "fixed_cost": 1500,
      "unit_cost_factor": 1.2
    },
    "UV": {
      "count": 64,
      "capacity": 500,
      "fixed_cost": 500,
      "unit_cost_factor": 1.1
    }
  },
  "P": 3,
  "item_weights": [
    10,
    15,
    10
  ],
  "inventory_ratio": 1.2,
  "FCs": [
    {
      "id": "FC1",
      "x": 25,
      "y": 25,
      "time_window": [
        0.0,
        3000.0
      ],
      "inventory": [
        139,
        170,
        155
      ]
    },
    {
      "id": "FC2",
      "x": 25,
      "y": 75,
      "time_window": [
        0.0,
        3000.0
      ],
      "inventory": [
        144,
        149,
        148
      ]
    },
    {
      "id": "FC3",
      "x": 75,
      "y": 25,
      "time_window": [
        0.0,
        3000.0
      ],
      "inventory": [
        161,
        136,
        149
      ]
    },
    {
      "id": "FC4",
      "x": 75,
      "y": 75,
      "time_window": [
        0.0,
        3000.0
      ],
      "inventory": [
        156,
        149,
        141
      ]
    }
  ],
  "DCs": [
    {
      "id": "DC1",
      "x": 93.42,
      "y": 96.94,
      "time_window": [
        300.0,
        2700.0
      ]
    },
    {
      "id": "DC2",
      "x": 38.18,
      "y": 24.81,
      "time_window": [
        300.0,
        2700.0
      ]
    },
    {
      "id": "DC3",
      "x": 43.99,
      "y": 80.39,
      "time_window": [
        300.0,
        2700.0
      ]
    },
    {
      "id": "DC4",
      "x": 5.72,
      "y": 71.83,
      "time_window": [
        300.0,
        2700.0
      ]
    },
    {
      "id": "DC5",
      "x": 96.17,
      "y": 27.54,
      "time_window": [
        300.0,
        2700.0
      ]
    },
    {
      "id": "DC6",
      "x": 87.0,
      "y": 82.75,
      "time_window": [
        300.0,
        2700.0
      ]
    },
    {
      "id": "DC7",
      "x": 22.98,
      "y": 63.66,
      "time_window": [
        300.0,
        2700.0
      ]
    },
    {
      "id": "DC8",
      "x": 44.82,
      "y": 73.87,
      "time_window": [
        300.0,
        2700.0
      ]
    }
  ],
  "CDPs": [
    {
      "id": "CDP1",
      "x": 39.61,
      "y": 14.41,
      "time_window": [
        0.0,
        3000.0
      ],
      "capacity": 188
    },
    {
      "id": "CDP2",
      "x": 8.89,
      "y": 94.0,
      "time_window": [
        0.0,
        3000.0
      ],
      "capacity": 153
    },
    {
      "id": "CDP3",
      "x": 64.83,
      "y": 32.96,
      "time_window": [
        0.0,
        3000.0
      ],
      "capacity": 244
    },
    {
      "id": "CDP4",
      "x": 23.52,
      "y": 92.47,
      "time_window": [
        0.0,
        3000.0
      ],
      "capacity": 189
    },
    {
      "id": "CDP5",
      "x": 0.0,
      "y": 75.95,
      "time_window": [
        0.0,
        3000.0
      ],
      "capacity": 115
    },
    {
      "id": "CDP6",
      "x": 70.18,
      "y": 83.95,
      "time_window": [
        0.0,
        3000.0
      ],
      "capacity": 133
    },
    {
      "id": "CDP7",
      "x": 84.44,
      "y": 45.72,
      "time_window": [
        0.0,
        3000.0
      ],
      "capacity": 146
    },
    {
      "id": "CDP8",
      "x": 53.6,
      "y": 14.64,
      "time_window": [
        0.0,
        3000.0
      ],
      "capacity": 124
    },
    {
      "id": "CDP9",
      "x": 25.66,
      "y": 77.54,
      "time_window": [
        0.0,
        3000.0
      ],
      "capacity": 163
    },
    {
      "id": "CDP10",
      "x": 64.51,
      "y": 60.01,
      "time_window": [
        0.0,
        3000.0
      ],
      "capacity": 200
    },
    {
      "id": "CDP11",
      "x": 44.87,
      "y": 15.43,
      "time_window": [
        0.0,
        3000.0
      ],
      "capacity": 252
    },
    {
      "id": "CDP12",
      "x": 31.65,
      "y": 13.63,
      "time_window": [
        0.0,
        3000.0
      ],
      "capacity": 282
    },
    {
      "id": "CDP13",
      "x": 12.49,
      "y": 19.55,
      "time_window": [
        0.0,
        3000.0
      ],
      "capacity": 137
    },
    {
      "id": "CDP14",
      "x": 75.14,
      "y": 69.66,
      "time_window": [
        0.0,
        3000.0
      ],
      "capacity": 230
    },
    {
      "id": "CDP15",
      "x": 83.36,
      "y": 14.44,
      "time_window": [
        0.0,
        3000.0
      ],
      "capacity": 116
    },
    {
      "id": "CDP16",
      "x": 14.32,
      "y": 46.41,
      "time_window": [
        0.0,
        3000.0
      ],
      "capacity": 141
    },
    {
      "id": "CDP17",
      "x": 2.4,
      "y": 62.78,
      "time_window": [
        0.0,
        3000.0
      ],
      "capacity": 176
    },
    {
      "id": "CDP18",
      "x": 62.35,
      "y": 0.16,
      "time_window": [
        0.0,
        3000.0
      ],
      "capacity": 104
    },
    {
      "id": "CDP19",
      "x": 74.9,
      "y": 33.03,
      "time_window": [
        0.0,
        3000.0
      ],
      "capacity": 154
    },
    {
      "id": "CDP20",
      "x": 35.07,
      "y": 45.72,
      "time_window": [
        0.0,
        3000.0
      ],
      "capacity": 169
    },
    {
      "id": "CDP21",
      "x": 53.27,
      "y": 68.26,
      "time_window": [
        0.0,
        3000.0
      ],
      "capacity": 194
    },
    {
      "id": "CDP22",
      "x": 21.23,
      "y": 54.98,
      "time_window": [
        0.0,
        3000.0
      ],
      "capacity": 156
    },
    {
      "id": "CDP23",
      "x": 0.04,
      "y": 68.95,
      "time_window": [
        0.0,
        3000.0
      ],
      "capacity": 138
    },
    {
      "id": "CDP24",
      "x": 38.39,
      "y": 49.13,
      "time_window": [
        0.0,
        3000.0
      ],
      "capacity": 137
    },
    {
      "id": "CDP25",
      "x": 3.35,
      "y": 6.06,
      "time_window": [
        0.0,
        3000.0
      ],
      "capacity": 281
    },
    {
      "id": "CDP26",
      "x": 56.85,
      "y": 12.24,
      "time_window": [
        0.0,
        3000.0
      ],
      "capacity": 126
    },
    {
      "id": "CDP27",
      "x": 53.03,
      "y": 33.36,
      "time_window": [
        0.0,
        3000.0
      ],
      "capacity": 281
    },
    {
      "id": "CDP28",
      "x": 37.67,
      "y": 22.74,
      "time_window": [
        0.0,
        3000.0
      ],
      "capacity": 215
    },
    {
      "id": "CDP29",
      "x": 52.67,
      "y": 2.03,
      "time_window": [
        0.0,
        3000.0
      ],
      "capacity": 237
    },
    {
      "id": "CDP30",
      "x": 68.18,
      "y": 77.29,
      "time_window": [
        0.0,
        3000.0
      ],
      "capacity": 299
    },
    {
      "id": "CDP31",
      "x": 45.02,
      "y": 26.03,
      "time_window": [
        0.0,
        3000.0
      ],
      "capacity": 154
    },
    {
      "id": "CDP32",
      "x": 93.53,
      "y": 77.1,
      "time_window": [
        0.0,
        3000.0
      ],
      "capacity": 234
    },
    {
      "id": "CDP33",
      "x": 35.35,
      "y": 79.03,
      "time_window": [
        0.0,
        3000.0
      ],
      "capacity": 261
    },
    {
      "id": "CDP34",
      "x": 12.75,
      "y": 9.19,
      "time_window": [
        0.0,
        3000.0
      ],
      "capacity": 197
    },
    {
      "id": "CDP35",
      "x": 34.52,
      "y": 25.98,
      "time_window": [
        0.0,
        3000.0
      ],
      "capacity": 225
    },
    {
      "id": "CDP36",
      "x": 44.37,
      "y": 91.24,
      "time_window": [
        0.0,
        3000.0
      ],
      "capacity": 190
    },
    {
      "id": "CDP37",
      "x": 7.15,
      "y": 6.13,
      "time_window": [
        0.0,
        3000.0
      ],
      "capacity": 106
    },
    {
      "id": "CDP38",
      "x": 71.1,
      "y": 87.11,
      "time_window": [
        0.0,
        3000.0
      ],
      "capacity": 126
    },
    {
      "id": "CDP39",
      "x": 55.55,
      "y": 66.05,
      "time_window": [
        0.0,
        3000.0
      ],
      "capacity": 133
    },
    {
      "id": "CDP40",
      "x": 88.49,
      "y": 66.55,
      "time_window": [
        0.0,
        3000.0
      ],
      "capacity": 177
    },
    {
      "id": "CDP41",
      "x": 46.16,
      "y": 80.49,
      "time_window": [
        0.0,
        3000.0
      ],
      "capacity": 112
    },
    {
      "id": "CDP42",
      "x": 74.8,
      "y": 87.53,
      "time_window": [
        0.0,
        3000.0
      ],
      "capacity": 115
    },
    {
      "id": "CDP43",
      "x": 24.32,
      "y": 60.44,
      "time_window": [
        0.0,
        3000.0
      ],
      "capacity": 122
    },
    {
      "id": "CDP44",
      "x": 56.01,
      "y": 60.11,
      "time_window": [
        0.0,
        3000.0
      ],
      "capacity": 220
    },
    {
      "id": "CDP45",
      "x": 56.39,
      "y": 32.81,
      "time_window": [
        0.0,
        3000.0
      ],
      "capacity": 219
    },
    {
      "id": "CDP46",
      "x": 11.67,
      "y": 70.59,
      "time_window": [
        0.0,
        3000.0
      ],
      "capacity": 166
    },
    {
      "id": "CDP47",
      "x": 51.75,
      "y": 95.74,
      "time_window": [
        0.0,
        3000.0
      ],
      "capacity": 269
    },
    {
      "id": "CDP48",
      "x": 20.19,
      "y": 27.78,
      "time_window": [
        0.0,
        3000.0
      ],
      "capacity": 265
    },
    {
      "id": "CDP49",
      "x": 69.24,
      "y": 98.42,
      "time_window": [
        0.0,
        3000.0
      ],
      "capacity": 254
    },
    {
      "id": "CDP50",
      "x": 78.92,
      "y": 22.63,
      "time_window": [
        0.0,
        3000.0
      ],
      "capacity": 172
    },
    {
      "id": "CDP51",
      "x": 49.01,
      "y": 50.68,
      "time_window": [
        0.0,
        3000.0
      ],
      "capacity": 173
    },
    {
      "id": "CDP52",
      "x": 6.3,
      "y": 54.31,
      "time_window": [
        0.0,
        3000.0
      ],
      "capacity": 148
    },
    {
      "id": "CDP53",
      "x": 22.58,
      "y": 22.33,
      "time_window": [
        0.0,
        3000.0
      ],
      "capacity": 241
    },
    {
      "id": "CDP54",
      "x": 93.8,
      "y": 44.22,
      "time_window": [
        0.0,
        3000.0
      ],
      "capacity": 276
    },
    {
      "id": "CDP55",
      "x": 55.06,
      "y": 13.59,
      "time_window": [
        0.0,
        3000.0
      ],
      "capacity": 267
    },
    {
      "id": "CDP56",
      "x": 91.52,
      "y": 3.33,
      "time_window": [
        0.0,
        3000.0
      ],
      "capacity": 150
    },
    {
      "id": "CDP57",
      "x": 96.81,
      "y": 96.66,
      "time_window": [
        0.0,
        3000.0
      ],
      "capacity": 212
    },
    {
      "id": "CDP58",
      "x": 30.36,
      "y": 2.53,
      "time_window": [
        0.0,
        3000.0
      ],
      "capacity": 141
    },
    {
      "id": "CDP59",
      "x": 70.79,
      "y": 90.92,
      "time_window": [
        0.0,
        3000.0
      ],
      "capacity": 114
    },
    {
      "id": "CDP60",
      "x": 16.8,
      "y": 30.52,
      "time_window": [
        0.0,
        3000.0
      ],
      "capacity": 113
    },
    {
      "id": "CDP61",
      "x": 27.42,
      "y": 43.12,
      "time_window": [
        0.0,
        3000.0
      ],
      "capacity": 197
    },
    {
      "id": "CDP62",
      "x": 91.47,
      "y": 74.24,
      "time_window": [
        0.0,
        3000.0
      ],
      "capacity": 283
    },
    {
      "id": "CDP63",
      "x": 91.55,
      "y": 39.53,
      "time_window": [
        0.0,
        3000.0
      ],
      "capacity": 235
    },
    {
      "id": "CDP64",
      "x": 40.81,
      "y": 76.98,
      "time_window": [
        0.0,
        3000.0
      ],
      "capacity": 252
    },
    {
      "id": "CDP65",
      "x": 15.42,
      "y": 25.69,
      "time_window": [
        0.0,
        3000.0
      ],
      "capacity": 210
    },
    {
      "id": "CDP66",
      "x": 30.13,
      "y": 49.26,
      "time_window": [
        0.0,
        3000.0
      ],
      "capacity": 270
    },
    {
      "id": "CDP67",
      "x": 36.66,
      "y": 79.62,
      "time_window": [
        0.0,
        3000.0
      ],
      "capacity": 281
    },
    {
      "id": "CDP68",
      "x": 69.25,
      "y": 13.95,
      "time_window": [
        0.0,
        3000.0
      ],
      "capacity": 168
    },
    {
      "id": "CDP69",
      "x": 9.45,
      "y": 46.41,
      "time_window": [
        0.0,
        3000.0
      ],
      "capacity": 237
    },
    {
      "id": "CDP70",
      "x": 93.02,
      "y": 39.94,
      "time_window": [
        0.0,
        3000.0
      ],
      "capacity": 273
    },
    {
      "id": "CDP71",
      "x": 53.45,
      "y": 28.17,
      "time_window": [
        0.0,
        3000.0
      ],
      "capacity": 134
    },
    {
      "id": "CDP72",
      "x": 76.04,
      "y": 31.57,
      "time_window": [
        0.0,
        3000.0
      ],
      "capacity": 267
    },
    {
      "id": "CDP73",
      "x": 49.97,
      "y": 43.94,
      "time_window": [
        0.0,
        3000.0
      ],
      "capacity": 149
    },
    {
      "id": "CDP74",
      "x": 13.95,
      "y": 11.52,
      "time_window": [
        0.0,
        3000.0
      ],
      "capacity": 298
    },
    {
      "id": "CDP75",
      "x": 59.77,
      "y": 21.77,
      "time_window": [
        0.0,
        3000.0
      ],
      "capacity": 231
    },
    {
      "id": "CDP76",
      "x": 44.48,
      "y": 73.87,
      "time_window": [
        0.0,
        3000.0
      ],
      "capacity": 183
    },
    {
      "id": "CDP77",
      "x": 76.18,
      "y": 14.86,
      "time_window": [
        0.0,
        3000.0
      ],
      "capacity": 222
    },
    {
      "id": "CDP78",
      "x": 23.36,
      "y": 13.96,
      "time_window": [
        0.0,
        3000.0
      ],
      "capacity": 166
    },
    {
      "id": "CDP79",
      "x": 13.57,
      "y": 78.21,
      "time_window": [
        0.0,
        3000.0
      ],
      "capacity": 273
    },
    {
      "id": "CDP80",
      "x": 61.86,
      "y": 5.12,
      "time_window": [
        0.0,
        3000.0
      ],
      "capacity": 265
    },
    {
      "id": "CDP81",
      "x": 45.33,
      "y": 34.21,
      "time_window": [
        0.0,
        3000.0
      ],
      "capacity": 294
    },
    {
      "id": "CDP82",
      "x": 23.46,
      "y": 96.73,
      "time_window": [
        0.0,
        3000.0
      ],
      "capacity": 244
    },
    {
      "id": "CDP83",
      "x": 80.79,
      "y": 83.42,
      "time_window": [
        0.0,
        3000.0
      ],
      "capacity": 264
    },
    {
      "id": "CDP84",
      "x": 63.56,
      "y": 25.11,
      "time_window": [
        0.0,
        3000.0
      ],
      "capacity": 254
    },
    {
      "id": "CDP85",
      "x": 13.67,
      "y": 65.77,
      "time_window": [
        0.0,
        3000.0
      ],
      "capacity": 108
    },
    {
      "id": "CDP86",
      "x": 4.19,
      "y": 78.3,
      "time_window": [
        0.0,
        3000.0
      ],
      "capacity": 196
    },
    {
      "id": "CDP87",
      "x": 3.52,
      "y": 11.6,
      "time_window": [
        0.0,
        3000.0
      ],
      "capacity": 222
    },
    {
      "id": "CDP88",
      "x": 92.89,
      "y": 72.77,
      "time_window": [
        0.0,
        3000.0
      ],
      "capacity": 295
    },
    {
      "id": "CDP89",
      "x": 93.32,
      "y": 92.96,
      "time_window": [
        0.0,
        3000.0
      ],
      "capacity": 134
    },
    {
      "id": "CDP90",
      "x": 36.77,
      "y": 45.54,
      "time_window": [
        0.0,
        3000.0
      ],
      "capacity": 224
    },
    {
      "id": "CDP91",
      "x": 68.85,
      "y": 29.68,
      "time_window": [
        0.0,
        3000.0
      ],
      "capacity": 165
    },
    {
      "id": "CDP92",
      "x": 21.17,
      "y": 37.88,
      "time_window": [
        0.0,
        3000.0
      ],
      "capacity": 180
    },
    {
      "id": "CDP93",
      "x": 29.1,
      "y": 50.0,
      "time_window": [
        0.0,
        3000.0
      ],
      "capacity": 143
    },
    {
      "id": "CDP94",
      "x": 25.76,
      "y": 89.06,
      "time_window": [
        0.0,
        3000.0
      ],
      "capacity": 277
    },
    {
      "id": "CDP95",
      "x": 65.11,
      "y": 58.62,
      "time_window": [
        0.0,
        3000.0
      ],
      "capacity": 281
    },
    {
      "id": "CDP96",
      "x": 95.49,
      "y": 77.85,
      "time_window": [
        0.0,
        3000.0
      ],
      "capacity": 178
    },
    {
      "id": "CDP97",
      "x": 0.53,
      "y": 88.64,
      "time_window": [
        0.0,
        3000.0
      ],
      "capacity": 242
    },
    {
      "id": "CDP98",
      "x": 84.52,
      "y": 8.56,
      "time_window": [
        0.0,
        3000.0
      ],
      "capacity": 113
    },
    {
      "id": "CDP99",
      "x": 33.46,
      "y": 60.27,
      "time_window": [
        0.0,
        3000.0
      ],
      "capacity": 131
    },
    {
      "id": "CDP100",
      "x": 19.25,
      "y": 33.05,
      "time_window": [
        0.0,
        3000.0
      ],
      "capacity": 193
    }
  ],
  "Customers": [
    {
      "id": "C1",
      "x": 90.64,
      "y": 11.19,
      "time_window": [
        450.0,
        1787.42
      ],
      "demand": [
        1,
        3,
        4
      ]
    },
    {
      "id": "C2",
      "x": 34.33,
      "y": 61.82,
      "time_window": [
        450.0,
        1365.11
      ],
      "demand": [
        2,
        3,
        3
      ]
    },
    {
      "id": "C3",
      "x": 62.96,
      "y": 64.01,
      "time_window": [
        450.0,
        1128.99
      ],
      "demand": [
        2,
        4,
        4
      ]
    },
    {
      "id": "C4",
      "x": 57.66,
      "y": 36.85,
      "time_window": [
        450.0,
        1357.17
      ],
      "demand": [
        4,
        1,
        4
      ]
    },
    {
      "id": "C5",
      "x": 63.64,
      "y": 65.13,
      "time_window": [
        450.0,
        1223.69
      ],
      "demand": [
        3,
        2,
        4
      ]
    },
    {
      "id": "C6",
      "x": 52.55,
      "y": 37.39,
      "time_window": [
        450.0,
        2550
      ],
      "demand": [
        4,
        2,
        1
      ]
    },
    {
      "id": "C7",
      "x": 18.66,
      "y": 24.26,
      "time_window": [
        450.0,
        1187.14
      ],
      "demand": [
        1,
        2,
        2
      ]
    },
    {
      "id": "C8",
      "x": 57.12,
      "y": 55.54,
      "time_window": [
        450.0,
        960.94
      ],
      "demand": [
        3,
        1,
        4
      ]
    },
    {
      "id": "C9",
      "x": 78.71,
      "y": 22.51,
      "time_window": [
        450.0,
        1787.46
      ],
      "demand": [
        2,
        3,
        4
      ]
    },
    {
      "id": "C10",
      "x": 57.99,
      "y": 57.73,
      "time_window": [
        450.0,
        2119.16
      ],
      "demand": [
        1,
        4,
        4
      ]
    },
    {
      "id": "C11",
      "x": 16.18,
      "y": 89.32,
      "time_window": [
        450.0,
        2364.25
      ],
      "demand": [
        1,
        2,
        2
      ]
    },
    {
      "id": "C12",
      "x": 86.56,
      "y": 95.89,
      "time_window": [
        450.0,
        1737.77
      ],
      "demand": [
        1,
        1,
        4
      ]
    },
    {
      "id": "C13",
      "x": 82.27,
      "y": 21.38,
      "time_window": [
        450.0,
        1630.74
      ],
      "demand": [
        1,
        2,
        4
      ]
    },
    {
      "id": "C14",
      "x": 5.75,
      "y": 98.29,
      "time_window": [
        450.0,
        1704.51
      ],
      "demand": [
        4,
        2,
        3
      ]
    },
    {
      "id": "C15",
      "x": 81.69,
      "y": 24.73,
      "time_window": [
        450.0,
        1124.14
      ],
      "demand": [
        2,
        1,
        1
      ]
    },
    {
      "id": "C16",
      "x": 75.46,
      "y": 16.69,
      "time_window": [
        450.0,
        1513.99
      ],
      "demand": [
        1,
        3,
        3
      ]
    },
    {
      "id": "C17",
      "x": 51.42,
      "y": 63.85,
      "time_window": [
        450.0,
        1246.63
      ],
      "demand": [
        1,
        3,
        2
      ]
    },
    {
      "id": "C18",
      "x": 77.91,
      "y": 19.81,
      "time_window": [
        450.0,
        2014.92
      ],
      "demand": [
        1,
        4,
        3
      ]
    },
    {
      "id": "C19",
      "x": 27.76,
      "y": 63.55,
      "time_window": [
        450.0,
        2160.49
      ],
      "demand": [
        4,
        3,
        4
      ]
    },
    {
      "id": "C20",
      "x": 46.97,
      "y": 70.54,
      "time_window": [
        450.0,
        2478.76
      ],
      "demand": [
        1,
        1,
        4
      ]
    },
    {
      "id": "C21",
      "x": 29.17,
      "y": 48.76,
      "time_window": [
        450.0,
        1693.28
      ],
      "demand": [
        4,
        4,
        3
      ]
    },
    {
      "id": "C22",
      "x": 42.64,
      "y": 37.05,
      "time_window": [
        450.0,
        1170.75
      ],
      "demand": [
        4,
        3,
        2
      ]
    },
    {
      "id": "C23",
      "x": 95.59,
      "y": 13.02,
      "time_window": [
        450.0,
        1347.49
      ],
      "demand": [
        1,
        1,
        3
      ]
    },
    {
      "id": "C24",
      "x": 90.22,
      "y": 1.93,
      "time_window": [
        450.0,
        2373.37
      ],
      "demand": [
        1,
        1,
        4
      ]
    },
    {
      "id": "C25",
      "x": 26.8,
      "y": 72.72,
      "time_window": [
        450.0,
        2135.16
      ],
      "demand": [
        2,
        1,
        1
      ]
    },
    {
      "id": "C26",
      "x": 72.23,
      "y": 73.7,
      "time_window": [
        450.0,
        2263.77
      ],
      "demand": [
        4,
        3,
        1
      ]
    },
    {
      "id": "C27",
      "x": 20.11,
      "y": 81.99,
      "time_window": [
        450.0,
        2423.95
      ],
      "demand": [
        2,
        4,
        2
      ]
    },
    {
      "id": "C28",
      "x": 59.98,
      "y": 56.34,
      "time_window": [
        450.0,
        1544.81
      ],
      "demand": [
        3,
        2,
        4
      ]
    },
    {
      "id": "C29",
      "x": 68.93,
      "y": 67.23,
      "time_window": [
        450.0,
        1694.7
      ],
      "demand": [
        3,
        3,
        4
      ]
    },
    {
      "id": "C30",
      "x": 20.78,
      "y": 90.82,
      "time_window": [
        450.0,
        1947.99
      ],
      "demand": [
        4,
        4,
        4
      ]
    },
    {
      "id": "C31",
      "x": 79.94,
      "y": 75.71,
      "time_window": [
        450.0,
        1593.4
      ],
      "demand": [
        1,
        3,
        4
      ]
    },
    {
      "id": "C32",
      "x": 67.82,
      "y": 36.96,
      "time_window": [
        450.0,
        1071.55
      ],
      "demand": [
        3,
        3,
        3
      ]
    },
    {
      "id": "C33",
      "x": 92.2,
      "y": 91.72,
      "time_window": [
        450.0,
        2302.89
      ],
      "demand": [
        4,
        4,
        1
      ]
    },
    {
      "id": "C34",
      "x": 95.61,
      "y": 87.1,
      "time_window": [
        450.0,
        1462.95
      ],
      "demand": [
        3,
        3,
        3
      ]
    },
    {
      "id": "C35",
      "x": 41.43,
      "y": 67.69,
      "time_window": [
        450.0,
        2028.35
      ],
      "demand": [
        1,
        4,
        2
      ]
    },
    {
      "id": "C36",
      "x": 44.94,
      "y": 37.82,
      "time_window": [
        450.0,
        2018.39
      ],
      "demand": [
        3,
        3,
        1
      ]
    },
    {
      "id": "C37",
      "x": 32.77,
      "y": 39.74,
      "time_window": [
        450.0,
        2110.95
      ],
      "demand": [
        1,
        1,
        2
      ]
    },
    {
      "id": "C38",
      "x": 47.77,
      "y": 52.14,
      "time_window": [
        450.0,
        2397.22
      ],
      "demand": [
        4,
        2,
        1
      ]
    },
    {
      "id": "C39",
      "x": 45.21,
      "y": 72.3,
      "time_window": [
        450.0,
        2168.05
      ],
      "demand": [
        4,
        1,
        3
      ]
    },
    {
      "id": "C40",
      "x": 62.03,
      "y": 54.47,
      "time_window": [
        450.0,
        1894.58
      ],
      "demand": [
        2,
        1,
        3
      ]
    },
    {
      "id": "C41",
      "x": 11.28,
      "y": 10.07,
      "time_window": [
        450.0,
        2401.31
      ],
      "demand": [
        1,
        3,
        1
      ]
    },
    {
      "id": "C42",
      "x": 10.74,
      "y": 91.69,
      "time_window": [
        450.0,
        1221.12
      ],
      "demand": [
        4,
        1,
        3
      ]
    },
    {
      "id": "C43",
      "x": 81.45,
      "y": 15.96,
      "time_window": [
        450.0,
        1292.32
      ],
      "demand": [
        2,
        3,
        1
      ]
    },
    {
      "id": "C44",
      "x": 40.85,
      "y": 46.06,
      "time_window": [
        450.0,
        2143.01
      ],
      "demand": [
        2,
        4,
        1
      ]
    },
    {
      "id": "C45",
      "x": 39.05,
      "y": 64.15,
      "time_window": [
        450.0,
        1753.61
      ],
      "demand": [
        3,
        1,
        2
      ]
    },
    {
      "id": "C46",
      "x": 37.69,
      "y": 28.14,
      "time_window": [
        450.0,
        1638.6
      ],
      "demand": [
        1,
        3,
        2
      ]
    },
    {
      "id": "C47",
      "x": 60.8,
      "y": 67.0,
      "time_window": [
        450.0,
        1484.71
      ],
      "demand": [
        2,
        1,
        4
      ]
    },
    {
      "id": "C48",
      "x": 52.2,
      "y": 50.7,
      "time_window": [
        450.0,
        1528.52
      ],
      "demand": [
        3,
        1,
        2
      ]
    },
    {
      "id": "C49",
      "x": 47.08,
      "y": 47.36,
      "time_window": [
        450.0,
        2466.32
      ],
      "demand": [
        2,
        4,
        4
      ]
    },
    {
      "id": "C50",
      "x": 34.73,
      "y": 29.73,
      "time_window": [
        450.0,
        995.93
      ],
      "demand": [
        3,
        1,
        2
      ]
    },
    {
      "id": "C51",
      "x": 71.67,
      "y": 70.3,
      "time_window": [
        450.0,
        995.5
      ],
      "demand": [
        3,
        1,
        1
      ]
    },
    {
      "id": "C52",
      "x": 10.52,
      "y": 5.71,
      "time_window": [
        450.0,
        974.98
      ],
      "demand": [
        4,
        2,
        4
      ]
    },
    {
      "id": "C53",
      "x": 62.44,
      "y": 59.36,
      "time_window": [
        450.0,
        2327.71
      ],
      "demand": [
        3,
        2,
        1
      ]
    },
    {
      "id": "C54",
      "x": 50.79,
      "y": 74.65,
      "time_window": [
        450.0,
        2148.96
      ],
      "demand": [
        2,
        4,
        1
      ]
    },
    {
      "id": "C55",
      "x": 48.04,
      "y": 73.98,
      "time_window": [
        450.0,
        1600.83
      ],
      "demand": [
        3,
        4,
        4
      ]
    },
    {
      "id": "C56",
      "x": 32.11,
      "y": 50.85,
      "time_window": [
        450.0,
        1637.13
      ],
      "demand": [
        2,
        2,
        3
      ]
    },
    {
      "id": "C57",
      "x": 69.04,
      "y": 33.74,
      "time_window": [
        450.0,
        2304.22
      ],
      "demand": [
        3,
        3,
        1
      ]
    },
    {
      "id": "C58",
      "x": 91.81,
      "y": 97.27,
      "time_window": [
        450.0,
        2154.66
      ],
      "demand": [
        3,
        4,
        1
      ]
    },
    {
      "id": "C59",
      "x": 31.05,
      "y": 36.26,
      "time_window": [
        450.0,
        1114.07
      ],
      "demand": [
        1,
        3,
        4
      ]
    },
    {
      "id": "C60",
      "x": 24.96,
      "y": 94.77,
      "time_window": [
        450.0,
        2033.82
      ],
      "demand": [
        1,
        4,
        4
      ]
    },
    {
      "id": "C61",
      "x": 0.36,
      "y": 16.39,
      "time_window": [
        450.0,
        1611.51
      ],
      "demand": [
        4,
        4,
        1
      ]
    },
    {
      "id": "C62",
      "x": 23.24,
      "y": 12.15,
      "time_window": [
        450.0,
        2236.25
      ],
      "demand": [
        2,
        3,
        3
      ]
    },
    {
      "id": "C63",
      "x": 34.41,
      "y": 50.65,
      "time_window": [
        450.0,
        1304.3
      ],
      "demand": [
        4,
        2,
        3
      ]
    },
    {
      "id": "C64",
      "x": 11.52,
      "y": 23.82,
      "time_window": [
        450.0,
        1493.47
      ],
      "demand": [
        2,
        2,
        1
      ]
    },
    {
      "id": "C65",
      "x": 75.79,
      "y": 88.8,
      "time_window": [
        450.0,
        2128.71
      ],
      "demand": [
        4,
        2,
        4
      ]
    },
    {
      "id": "C66",
      "x": 51.93,
      "y": 37.13,
      "time_window": [
        450.0,
        1485.33
      ],
      "demand": [
        4,
        4,
        4
      ]
    },
    {
      "id": "C67",
      "x": 43.73,
      "y": 57.79,
      "time_window": [
        450.0,
        1099.74
      ],
      "demand": [
        2,
        4,
        2
      ]
    },
    {
      "id": "C68",
      "x": 33.86,
      "y": 53.15,
      "time_window": [
        450.0,
        1911.97
      ],
      "demand": [
        1,
        1,
        3
      ]
    },
    {
      "id": "C69",
      "x": 9.88,
      "y": 1.29,
      "time_window": [
        450.0,
        2465.02
      ],
      "demand": [
        4,
        3,
        2
      ]
    },
    {
      "id": "C70",
      "x": 76.09,
      "y": 98.58,
      "time_window": [
        450.0,
        969.51
      ],
      "demand": [
        4,
        3,
        1
      ]
    },
    {
      "id": "C71",
      "x": 60.35,
      "y": 71.54,
      "time_window": [
        450.0,
        2488.08
      ],
      "demand": [
        3,
        2,
        1
      ]
    },
    {
      "id": "C72",
      "x": 53.48,
      "y": 31.31,
      "time_window": [
        450.0,
        1106.84
      ],
      "demand": [
        1,
        2,
        1
      ]
    },
    {
      "id": "C73",
      "x": 65.74,
      "y": 49.27,
      "time_window": [
        450.0,
        2450.68
      ],
      "demand": [
        4,
        2,
        1
      ]
    },
    {
      "id": "C74",
      "x": 63.49,
      "y": 54.32,
      "time_window": [
        450.0,
        2115.41
      ],
      "demand": [
        4,
        3,
        3
      ]
    },
    {
      "id": "C75",
      "x": 21.66,
      "y": 10.56,
      "time_window": [
        450.0,
        2547.93
      ],
      "demand": [
        2,
        4,
        4
      ]
    },
    {
      "id": "C76",
      "x": 62.25,
      "y": 27.04,
      "time_window": [
        450.0,
        1090.17
      ],
      "demand": [
        2,
        1,
        4
      ]
    },
    {
      "id": "C77",
      "x": 89.54,
      "y": 3.61,
      "time_window": [
        450.0,
        1407.53
      ],
      "demand": [
        1,
        1,
        3
      ]
    },
    {
      "id": "C78",
      "x": 69.6,
      "y": 63.59,
      "time_window": [
        450.0,
        1395.78
      ],
      "demand": [
        1,
        1,
        1
      ]
    },
    {
      "id": "C79",
      "x": 62.31,
      "y": 57.43,
      "time_window": [
        450.0,
        1249.5
      ],
      "demand": [
        2,
        1,
        1
      ]
    },
    {
      "id": "C80",
      "x": 71.34,
      "y": 62.6,
      "time_window": [
        450.0,
        2019.09
      ],
      "demand": [
        4,
        3,
        3
      ]
    },
    {
      "id": "C81",
      "x": 40.68,
      "y": 59.11,
      "time_window": [
        450.0,
        1103.47
      ],
      "demand": [
        2,
        3,
        1
      ]
    },
    {
      "id": "C82",
      "x": 36.18,
      "y": 39.34,
      "time_window": [
        450.0,
        1812.06
      ],
      "demand": [
        3,
        2,
        4
      ]
    },
    {
      "id": "C83",
      "x": 69.71,
      "y": 48.21,
      "time_window": [
        450.0,
        1731.17
      ],
      "demand": [
        3,
        1,
        1
      ]
    },
    {
      "id": "C84",
      "x": 87.26,
      "y": 77.01,
      "time_window": [
        450.0,
        1861.52
      ],
      "demand": [
        1,
        3,
        2
      ]
    },
    {
      "id": "C85",
      "x": 72.09,
      "y": 73.78,
      "time_window": [
        450.0,
        2277.87
      ],
      "demand": [
        2,
        2,
        1
      ]
    },
    {
      "id": "C86",
      "x": 52.32,
      "y": 68.39,
      "time_window": [
        450.0,
        1754.09
      ],
      "demand": [
        4,
        2,
        3
      ]
    },
    {
      "id": "C87",
      "x": 34.57,
      "y": 64.1,
      "time_window": [
        450.0,
        1861.3
      ],
      "demand": [
        4,
        4,
        4
      ]
    },
    {
      "id": "C88",
      "x": 47.62,
      "y": 53.56,
      "time_window": [
        450.0,
        2375.87
      ],
      "demand": [
        1,
        1,
        3
      ]
    },
    {
      "id": "C89",
      "x": 59.96,
      "y": 25.88,
      "time_window": [
        450.0,
        2390.37
      ],
      "demand": [
        1,
        1,
        1
      ]
    },
    {
      "id": "C90",
      "x": 65.79,
      "y": 49.44,
      "time_window": [
        450.0,
        1499.87
      ],
      "demand": [
        1,
        4,
        1
      ]
    },
    {
      "id": "C91",
      "x": 52.34,
      "y": 38.17,
      "time_window": [
        450.0,
        2338.04
      ],
      "demand": [
        2,
        3,
        3
      ]
    },
    {
      "id": "C92",
      "x": 97.38,
      "y": 95.38,
      "time_window": [
        450.0,
        1004.45
      ],
      "demand": [
        3,
        1,
        4
      ]
    },
    {
      "id": "C93",
      "x": 46.66,
      "y": 37.41,
      "time_window": [
        450.0,
        1853.83
      ],
      "demand": [
        4,
        3,
        3
      ]
    },
    {
      "id": "C94",
      "x": 79.19,
      "y": 86.55,
      "time_window": [
        450.0,
        2232.86
      ],
      "demand": [
        1,
        3,
        2
      ]
    },
    {
      "id": "C95",
      "x": 80.84,
      "y": 0.53,
      "time_window": [
        450.0,
        2166.38
      ],
      "demand": [
        3,
        2,
        2
      ]
    },
    {
      "id": "C96",
      "x": 20.39,
      "y": 0.59,
      "time_window": [
        450.0,
        1648.77
      ],
      "demand": [
        2,
        4,
        3
      ]
    },
    {
      "id": "C97",
      "x": 22.49,
      "y": 16.56,
      "time_window": [
        450.0,
        1163.93
      ],
      "demand": [
        2,
        1,
        4
      ]
    },
    {
      "id": "C98",
      "x": 77.0,
      "y": 7.33,
      "time_window": [
        450.0,
        1710.91
      ],
      "demand": [
        1,
        4,
        1
      ]
    },
    {
      "id": "C99",
      "x": 65.97,
      "y": 61.53,
      "time_window": [
        450.0,
        2287.28
      ],
      "demand": [
        4,
        3,
        4
      ]
    },
    {
      "id": "C100",
      "x": 14.81,
      "y": 22.49,
      "time_window": [
        450.0,
        2081.31
      ],
      "demand": [
        3,
        4,
        3
      ]
    },
    {
      "id": "C101",
      "x": 83.06,
      "y": 85.31,
      "time_window": [
        450.0,
        1024.27
      ],
      "demand": [
        2,
        3,
        3
      ]
    },
    {
      "id": "C102",
      "x": 33.55,
      "y": 51.35,
      "time_window": [
        450.0,
        1851.51
      ],
      "demand": [
        1,
        2,
        4
      ]
    },
    {
      "id": "C103",
      "x": 25.84,
      "y": 44.44,
      "time_window": [
        450.0,
        1466.5
      ],
      "demand": [
        2,
        1,
        4
      ]
    },
    {
      "id": "C104",
      "x": 21.11,
      "y": 97.61,
      "time_window": [
        450.0,
        1637.64
      ],
      "demand": [
        3,
        3,
        2
      ]
    },
    {
      "id": "C105",
      "x": 63.53,
      "y": 55.65,
      "time_window": [
        450.0,
        2116.65
      ],
      "demand": [
        1,
        4,
        2
      ]
    },
    {
      "id": "C106",
      "x": 85.12,
      "y": 24.65,
      "time_window": [
        450.0,
        1361.1
      ],
      "demand": [
        4,
        4,
        2
      ]
    },
    {
      "id": "C107",
      "x": 88.91,
      "y": 11.09,
      "time_window": [
        450.0,
        2081.79
      ],
      "demand": [
        3,
        1,
        2
      ]
    },
    {
      "id": "C108",
      "x": 39.79,
      "y": 61.18,
      "time_window": [
        450.0,
        1251.26
      ],
      "demand": [
        1,
        3,
        2
      ]
    },
    {
      "id": "C109",
      "x": 62.1,
      "y": 58.53,
      "time_window": [
        450.0,
        1675.99
      ],
      "demand": [
        4,
        4,
        3
      ]
    },
    {
      "id": "C110",
      "x": 74.44,
      "y": 64.94,
      "time_window": [
        450.0,
        1257.76
      ],
      "demand": [
        2,
        3,
        3
      ]
    },
    {
      "id": "C111",
      "x": 60.13,
      "y": 41.91,
      "time_window": [
        450.0,
        1978.59
      ],
      "demand": [
        1,
        1,
        4
      ]
    },
    {
      "id": "C112",
      "x": 68.4,
      "y": 48.91,
      "time_window": [
        450.0,
        1163.13
      ],
      "demand": [
        1,
        2,
        4
      ]
    },
    {
      "id": "C113",
      "x": 17.32,
      "y": 97.87,
      "time_window": [
        450.0,
        1715.98
      ],
      "demand": [
        4,
        4,
        1
      ]
    },
    {
      "id": "C114",
      "x": 48.42,
      "y": 35.25,
      "time_window": [
        450.0,
        1840.3
      ],
      "demand": [
        4,
        4,
        1
      ]
    },
    {
      "id": "C115",
      "x": 92.35,
      "y": 94.55,
      "time_window": [
        450.0,
        1161.37
      ],
      "demand": [
        3,
        3,
        1
      ]
    },
    {
      "id": "C116",
      "x": 57.33,
      "y": 41.48,
      "time_window": [
        450.0,
        2550
      ],
      "demand": [
        1,
        4,
        2
      ]
    },
    {
      "id": "C117",
      "x": 74.7,
      "y": 34.13,
      "time_window": [
        450.0,
        1968.8
      ],
      "demand": [
        4,
        2,
        1
      ]
    },
    {
      "id": "C118",
      "x": 30.01,
      "y": 30.63,
      "time_window": [
        450.0,
        2495.45
      ],
      "demand": [
        1,
        4,
        4
      ]
    },
    {
      "id": "C119",
      "x": 58.57,
      "y": 42.07,
      "time_window": [
        450.0,
        1966.26
      ],
      "demand": [
        4,
        3,
        1
      ]
    },
    {
      "id": "C120",
      "x": 15.35,
      "y": 16.73,
      "time_window": [
        450.0,
        1621.62
      ],
      "demand": [
        3,
        1,
        1
      ]
    },
    {
      "id": "C121",
      "x": 26.25,
      "y": 29.47,
      "time_window": [
        450.0,
        1579.58
      ],
      "demand": [
        2,
        4,
        2
      ]
    },
    {
      "id": "C122",
      "x": 5.24,
      "y": 3.96,
      "time_window": [
        450.0,
        1358.98
      ],
      "demand": [
        3,
        3,
        1
      ]
    },
    {
      "id": "C123",
      "x": 37.38,
      "y": 51.64,
      "time_window": [
        450.0,
        1376.2
      ],
      "demand": [
        1,
        3,
        2
      ]
    },
    {
      "id": "C124",
      "x": 47.73,
      "y": 62.95,
      "time_window": [
        450.0,
        1025.92
      ],
      "demand": [
        3,
        2,
        3
      ]
    },
    {
      "id": "C125",
      "x": 50.32,
      "y": 37.94,
      "time_window": [
        450.0,
        1502.51
      ],
      "demand": [
        4,
        1,
        4
      ]
    },
    {
      "id": "C126",
      "x": 57.21,
      "y": 33.21,
      "time_window": [
        450.0,
        2549.66
      ],
      "demand": [
        4,
        4,
        1
      ]
    },
    {
      "id": "C127",
      "x": 68.22,
      "y": 62.53,
      "time_window": [
        450.0,
        2380.25
      ],
      "demand": [
        1,
        1,
        1
      ]
    },
    {
      "id": "C128",
      "x": 30.51,
      "y": 48.46,
      "time_window": [
        450.0,
        2313.97
      ],
      "demand": [
        2,
        3,
        1
      ]
    },
    {
      "id": "C129",
      "x": 78.21,
      "y": 91.63,
      "time_window": [
        450.0,
        2550
      ],
      "demand": [
        4,
        1,
        1
      ]
    },
    {
      "id": "C130",
      "x": 77.6,
      "y": 10.78,
      "time_window": [
        450.0,
        1840.6
      ],
      "demand": [
        1,
        3,
        4
      ]
    },
    {
      "id": "C131",
      "x": 16.15,
      "y": 99.17,
      "time_window": [
        450.0,
        1723.11
      ],
      "demand": [
        2,
        4,
        1
      ]
    },
    {
      "id": "C132",
      "x": 81.73,
      "y": 97.64,
      "time_window": [
        450.0,
        1386.88
      ],
      "demand": [
        3,
        3,
        4
      ]
    },
    {
      "id": "C133",
      "x": 81.05,
      "y": 24.98,
      "time_window": [
        450.0,
        2263.89
      ],
      "demand": [
        2,
        2,
        1
      ]
    },
    {
      "id": "C134",
      "x": 45.5,
      "y": 63.03,
      "time_window": [
        450.0,
        974.06
      ],
      "demand": [
        1,
        4,
        2
      ]
    },
    {
      "id": "C135",
      "x": 49.5,
      "y": 71.44,
      "time_window": [
        450.0,
        2550
      ],
      "demand": [
        3,
        1,
        3
      ]
    },
    {
      "id": "C136",
      "x": 86.76,
      "y": 21.03,
      "time_window": [
        450.0,
        1300.12
      ],
      "demand": [
        3,
        1,
        3
      ]
    },
    {
      "id": "C137",
      "x": 44.3,
      "y": 63.97,
      "time_window": [
        450.0,
        1286.67
      ],
      "demand": [
        4,
        2,
        1
      ]
    },
    {
      "id": "C138",
      "x": 90.56,
      "y": 95.98,
      "time_window": [
        450.0,
        2234.29
      ],
      "demand": [
        4,
        2,
        4
      ]
    },
    {
      "id": "C139",
      "x": 46.75,
      "y": 66.34,
      "time_window": [
        450.0,
        2156.28
      ],
      "demand": [
        2,
        4,
        4
      ]
    },
    {
      "id": "C140",
      "x": 47.68,
      "y": 73.43,
      "time_window": [
        450.0,
        1287.07
      ],
      "demand": [
        2,
        4,
        1
      ]
    },
    {
      "id": "C141",
      "x": 87.49,
      "y": 96.05,
      "time_window": [
        450.0,
        1778.24
      ],
      "demand": [
        1,
        3,
        3
      ]
    },
    {
      "id": "C142",
      "x": 11.96,
      "y": 20.68,
      "time_window": [
        450.0,
        1173.07
      ],
      "demand": [
        2,
        3,
        1
      ]
    },
    {
      "id": "C143",
      "x": 33.14,
      "y": 43.61,
      "time_window": [
        450.0,
        1860.44
      ],
      "demand": [
        4,
        3,
        1
      ]
    },
    {
      "id": "C144",
      "x": 77.76,
      "y": 85.37,
      "time_window": [
        450.0,
        1525.3
      ],
      "demand": [
        3,
        1,
        2
      ]
    },
    {
      "id": "C145",
      "x": 36.7,
      "y": 36.84,
      "time_window": [
        450.0,
        2144.58
      ],
      "demand": [
        3,
        2,
        1
      ]
    },
    {
      "id": "C146",
      "x": 88.89,
      "y": 77.27,
      "time_window": [
        450.0,
        1586.34
      ],
      "demand": [
        2,
        1,
        1
      ]
    },
    {
      "id": "C147",
      "x": 64.65,
      "y": 74.01,
      "time_window": [
        450.0,
        1864.01
      ],
      "demand": [
        4,
        2,
        4
      ]
    },
    {
      "id": "C148",
      "x": 72.85,
      "y": 66.47,
      "time_window": [
        450.0,
        1121.31
      ],
      "demand": [
        4,
        2,
        2
      ]
    },
    {
      "id": "C149",
      "x": 58.54,
      "y": 61.86,
      "time_window": [
        450.0,
        1364.74
      ],
      "demand": [
        4,
        2,
        3
      ]
    },
    {
      "id": "C150",
      "x": 63.56,
      "y": 74.93,
      "time_window": [
        450.0,
        2318.0
      ],
      "demand": [
        3,
        3,
        3
      ]
    },
    {
      "id": "C151",
      "x": 97.4,
      "y": 81.82,
      "time_window": [
        450.0,
        1807.44
      ],
      "demand": [
        4,
        4,
        4
      ]
    },
    {
      "id": "C152",
      "x": 42.26,
      "y": 29.57,
      "time_window": [
        450.0,
        2336.03
      ],
      "demand": [
        4,
        4,
        1
      ]
    },
    {
      "id": "C153",
      "x": 67.51,
      "y": 45.68,
      "time_window": [
        450.0,
        2280.8
      ],
      "demand": [
        3,
        3,
        1
      ]
    },
    {
      "id": "C154",
      "x": 98.22,
      "y": 84.95,
      "time_window": [
        450.0,
        1090.63
      ],
      "demand": [
        2,
        2,
        4
      ]
    },
    {
      "id": "C155",
      "x": 34.23,
      "y": 69.7,
      "time_window": [
        450.0,
        2178.3
      ],
      "demand": [
        4,
        1,
        1
      ]
    },
    {
      "id": "C156",
      "x": 41.43,
      "y": 25.34,
      "time_window": [
        450.0,
        2550
      ],
      "demand": [
        4,
        3,
        1
      ]
    },
    {
      "id": "C157",
      "x": 26.24,
      "y": 57.19,
      "time_window": [
        450.0,
        2310.93
      ],
      "demand": [
        1,
        3,
        3
      ]
    },
    {
      "id": "C158",
      "x": 5.04,
      "y": 99.56,
      "time_window": [
        450.0,
        1318.29
      ],
      "demand": [
        2,
        2,
        3
      ]
    },
    {
      "id": "C159",
      "x": 99.43,
      "y": 10.95,
      "time_window": [
        450.0,
        2332.95
      ],
      "demand": [
        3,
        3,
        1
      ]
    },
    {
      "id": "C160",
      "x": 18.49,
      "y": 99.55,
      "time_window": [
        450.0,
        2014.34
      ],
      "demand": [
        2,
        4,
        3
      ]
    },
    {
      "id": "C161",
      "x": 51.82,
      "y": 28.3,
      "time_window": [
        450.0,
        2406.97
      ],
      "demand": [
        1,
        1,
        2
      ]
    },
    {
      "id": "C162",
      "x": 13.08,
      "y": 84.12,
      "time_window": [
        450.0,
        1991.9
      ],
      "demand": [
        3,
        3,
        2
      ]
    },
    {
      "id": "C163",
      "x": 39.97,
      "y": 25.99,
      "time_window": [
        450.0,
        2011.24
      ],
      "demand": [
        1,
        3,
        4
      ]
    },
    {
      "id": "C164",
      "x": 49.59,
      "y": 35.99,
      "time_window": [
        450.0,
        1788.4
      ],
      "demand": [
        3,
        2,
        1
      ]
    },
    {
      "id": "C165",
      "x": 96.06,
      "y": 75.93,
      "time_window": [
        450.0,
        2152.52
      ],
      "demand": [
        3,
        4,
        4
      ]
    },
    {
      "id": "C166",
      "x": 45.33,
      "y": 36.73,
      "time_window": [
        450.0,
        1134.24
      ],
      "demand": [
        2,
        1,
        3
      ]
    },
    {
      "id": "C167",
      "x": 82.56,
      "y": 93.27,
      "time_window": [
        450.0,
        2302.02
      ],
      "demand": [
        2,
        2,
        3
      ]
    },
    {
      "id": "C168",
      "x": 70.5,
      "y": 41.98,
      "time_window": [
        450.0,
        2340.69
      ],
      "demand": [
        2,
        2,
        2
      ]
    },
    {
      "id": "C169",
      "x": 3.45,
      "y": 96.48,
      "time_window": [
        450.0,
        1069.41
      ],
      "demand": [
        3,
        2,
        1
      ]
    },
    {
      "id": "C170",
      "x": 55.44,
      "y": 70.31,
      "time_window": [
        450.0,
        1224.61
      ],
      "demand": [
        2,
        4,
        3
      ]
    },
    {
      "id": "C171",
      "x": 5.43,
      "y": 17.64,
      "time_window": [
        450.0,
        1009.04
      ],
      "demand": [
        1,
        2,
        1
      ]
    },
    {
      "id": "C172",
      "x": 31.54,
      "y": 67.24,
      "time_window": [
        450.0,
        1914.04
      ],
      "demand": [
        2,
        1,
        1
      ]
    },
    {
      "id": "C173",
      "x": 86.73,
      "y": 82.12,
      "time_window": [
        450.0,
        1782.29
      ],
      "demand": [
        4,
        3,
        2
      ]
    },
    {
      "id": "C174",
      "x": 99.48,
      "y": 81.93,
      "time_window": [
        450.0,
        2550
      ],
      "demand": [
        4,
        1,
        1
      ]
    },
    {
      "id": "C175",
      "x": 77.5,
      "y": 81.54,
      "time_window": [
        450.0,
        1627.74
      ],
      "demand": [
        2,
        4,
        4
      ]
    },
    {
      "id": "C176",
      "x": 10.83,
      "y": 90.39,
      "time_window": [
        450.0,
        2522.11
      ],
      "demand": [
        2,
        1,
        3
      ]
    },
    {
      "id": "C177",
      "x": 66.37,
      "y": 51.23,
      "time_window": [
        450.0,
        1437.0
      ],
      "demand": [
        3,
        4,
        4
      ]
    },
    {
      "id": "C178",
      "x": 1.23,
      "y": 80.4,
      "time_window": [
        450.0,
        2424.16
      ],
      "demand": [
        4,
        4,
        1
      ]
    },
    {
      "id": "C179",
      "x": 30.47,
      "y": 30.34,
      "time_window": [
        450.0,
        955.31
      ],
      "demand": [
        4,
        3,
        4
      ]
    },
    {
      "id": "C180",
      "x": 54.84,
      "y": 47.46,
      "time_window": [
        450.0,
        1072.99
      ],
      "demand": [
        2,
        4,
        3
      ]
    },
    {
      "id": "C181",
      "x": 75.97,
      "y": 89.21,
      "time_window": [
        450.0,
        2550
      ],
      "demand": [
        1,
        1,
        2
      ]
    },
    {
      "id": "C182",
      "x": 61.89,
      "y": 29.75,
      "time_window": [
        450.0,
        2179.55
      ],
      "demand": [
        1,
        4,
        1
      ]
    },
    {
      "id": "C183",
      "x": 83.42,
      "y": 79.67,
      "time_window": [
        450.0,
        989.84
      ],
      "demand": [
        3,
        2,
        2
      ]
    },
    {
      "id": "C184",
      "x": 15.04,
      "y": 2.19,
      "time_window": [
        450.0,
        1626.85
      ],
      "demand": [
        1,
        3,
        4
      ]
    },
    {
      "id": "C185",
      "x": 19.36,
      "y": 17.82,
      "time_window": [
        450.0,
        1231.23
      ],
      "demand": [
        2,
        1,
        3
      ]
    },
    {
      "id": "C186",
      "x": 31.88,
      "y": 54.11,
      "time_window": [
        450.0,
        1543.54
      ],
      "demand": [
        1,
        2,
        4
      ]
    },
    {
      "id": "C187",
      "x": 7.04,
      "y": 93.92,
      "time_window": [
        450.0,
        1733.91
      ],
      "demand": [
        4,
        2,
        2
      ]
    },
    {
      "id": "C188",
      "x": 40.09,
      "y": 30.64,
      "time_window": [
        450.0,
        1592.53
      ],
      "demand": [
        2,
        3,
        2
      ]
    },
    {
      "id": "C189",
      "x": 41.04,
      "y": 55.05,
      "time_window": [
        450.0,
        1114.09
      ],
      "demand": [
        3,
        1,
        4
      ]
    },
    {
      "id": "C190",
      "x": 31.31,
      "y": 57.16,
      "time_window": [
        450.0,
        1689.88
      ],
      "demand": [
        4,
        3,
        4
      ]
    },
    {
      "id": "C191",
      "x": 43.66,
      "y": 52.01,
      "time_window": [
        450.0,
        2015.63
      ],
      "demand": [
        2,
        4,
        1
      ]
    },
    {
      "id": "C192",
      "x": 63.0,
      "y": 30.53,
      "time_window": [
        450.0,
        2006.3
      ],
      "demand": [
        1,
        1,
        1
      ]
    },
    {
      "id": "C193",
      "x": 60.84,
      "y": 63.55,
      "time_window": [
        450.0,
        2396.08
      ],
      "demand": [
        3,
        3,
        4
      ]
    },
    {
      "id": "C194",
      "x": 26.51,
      "y": 34.32,
      "time_window": [
        450.0,
        1413.9
      ],
      "demand": [
        2,
        4,
        3
      ]
    },
    {
      "id": "C195",
      "x": 90.88,
      "y": 86.79,
      "time_window": [
        450.0,
        2245.77
      ],
      "demand": [
        2,
        2,
        3
      ]
    },
    {
      "id": "C196",
      "x": 41.08,
      "y": 42.16,
      "time_window": [
        450.0,
        2230.93
      ],
      "demand": [
        1,
        2,
        3
      ]
    },
    {
      "id": "C197",
      "x": 47.33,
      "y": 70.08,
      "time_window": [
        450.0,
        1706.62
      ],
      "demand": [
        3,
        2,
        3
      ]
    },
    {
      "id": "C198",
      "x": 66.92,
      "y": 41.85,
      "time_window": [
        450.0,
        1023.65
      ],
      "demand": [
        4,
        2,
        2
      ]
    },
    {
      "id": "C199",
      "x": 84.61,
      "y": 9.94,
      "time_window": [
        450.0,
        1483.71
      ],
      "demand": [
        3,
        1,
        4
      ]
    },
    {
      "id": "C200",
      "x": 54.87,
      "y": 35.13,
      "time_window": [
        450.0,
        2350.0
      ],
      "demand": [
        4,
        2,
        2
      ]
    }
  ]
}