{
  "set_id": 7,
  "inst_id": 4,
  "vehicles": {
    "CT": {
      "count": 16,
      "capacity": 1500,
      "fixed_cost": 1500,
      "unit_cost_factor": 1.2
    },
    "UV": {
      "count": 32,
      "capacity": 500,
      "fixed_cost": 500,
      "unit_cost_factor": 1.1
    }
  },
  "P": 3,
  "item_weights": [
    15,
    5,
    10
  ],
  "inventory_ratio": 1.4,
  "FCs": [
    {
      "id": "FC1",
      "x": 25,
      "y": 25,
      "time_window": [
        0.0,
        3000.0
      ],
      "inventory": [
        72,
        82,
        82
      ]
    },
    {
      "id": "FC2",
      "x": 25,
      "y": 75,
      "time_window": [
        0.0,
        3000.0
      ],
      "inventory": [
        83,
        82,
        70
      ]
    },
    {
      "id": "FC3",
      "x": 75,
      "y": 25,
      "time_window": [
        0.0,
        3000.0
      ],
      "inventory": [
        72,
        67,
        61
      ]
    },
    {
      "id": "FC4",
      "x": 75,
      "y": 75,
      "time_window": [
        0.0,
        3000.0
      ],
      "inventory": [
        79,
        63,
        83
      ]
    }
  ],
  "DCs": [
    {
      "id": "DC1",
      "x": 78.64,
      "y": 21.48,
      "time_window": [
        300.0,
        2700.0
      ]
    },
    {
      "id": "DC2",
      "x": 86.9,
      "y": 36.97,
      "time_window": [
        300.0,
        2700.0
      ]
    },
    {
      "id": "DC3",
      "x": 14.79,
      "y": 79.53,
      "time_window": [
        300.0,
        2700.0
      ]
    },
    {
      "id": "DC4",
      "x": 59.11,
      "y": 11.9,
      "time_window": [
        300.0,
        2700.0
      ]
    },
    {
      "id": "DC5",
      "x": 61.87,
      "y": 8.62,
      "time_window": [
        300.0,
        2700.0
      ]
    },
    {
      "id": "DC6",
      "x": 73.8,
      "y": 31.72,
      "time_window": [
        300.0,
        2700.0
      ]
    },
    {
      "id": "DC7",
      "x": 6.19,
      "y": 37.11,
      "time_window": [
        300.0,
        2700.0
      ]
    },
    {
      "id": "DC8",
      "x": 99.34,
      "y": 21.66,
      "time_window": [
        300.0,
        2700.0
      ]
    }
  ],
  "CDPs": [
    {
      "id": "CDP1",
      "x": 14.26,
      "y": 61.92,
      "time_window": [
        0.0,
        3000.0
      ],
      "capacity": 244
    },
    {
      "id": "CDP2",
      "x": 76.63,
      "y": 26.55,
      "time_window": [
        0.0,
        3000.0
      ],
      "capacity": 226
    },
    {
      "id": "CDP3",
      "x": 43.72,
      "y": 68.63,
      "time_window": [
        0.0,
        3000.0
      ],
      "capacity": 197
    },
    {
      "id": "CDP4",
      "x": 24.1,
      "y": 8.13,
      "time_window": [
        0.0,
        3000.0
      ],
      "capacity": 162
    },
    {
      "id": "CDP5",
      "x": 92.54,
      "y": 24.16,
      "time_window": [
        0.0,
        3000.0
      ],
      "capacity": 140
    },
    {
      "id": "CDP6",
      "x": 23.09,
      "y": 21.67,
      "time_window": [
        0.0,
        3000.0
      ],
      "capacity": 100
    },
    {
      "id": "CDP7",
      "x": 64.26,
      "y": 86.26,
      "time_window": [
        0.0,
        3000.0
      ],
      "capacity": 291
    },
    {
      "id": "CDP8",
      "x": 11.97,
      "y": 40.79,
      "time_window": [
        0.0,
        3000.0
      ],
      "capacity": 122
    },
    {
      "id": "CDP9",
      "x": 31.53,
      "y": 3.96,
      "time_window": [
        0.0,
        3000.0
      ],
      "capacity": 267
    },
    {
      "id": "CDP10",
      "x": 33.08,
      "y": 12.48,
      "time_window": [
        0.0,
        3000.0
      ],
      "capacity": 253
    },
    {
      "id": "CDP11",
      "x": 34.51,
      "y": 79.19,
      "time_window": [
        0.0,
        3000.0
      ],
      "capacity": 195
    },
    {
      "id": "CDP12",
      "x": 61.46,
      "y": 46.84,
      "time_window": [
        0.0,
        3000.0
      ],
      "capacity": 228
    },
    {
      "id": "CDP13",
      "x": 82.76,
      "y": 27.61,
      "time_window": [
        0.0,
        3000.0
      ],
      "capacity": 212
    },
    {
      "id": "CDP14",
      "x": 78.06,
      "y": 58.18,
      "time_window": [
        0.0,
        3000.0
      ],
      "capacity": 264
    },
    {
      "id": "CDP15",
      "x": 56.64,
      "y": 41.52,
      "time_window": [
        0.0,
        3000.0
      ],
      "capacity": 228
    },
    {
      "id": "CDP16",
      "x": 81.62,
      "y": 6.78,
      "time_window": [
        0.0,
        3000.0
      ],
      "capacity": 288
    },
    {
      "id": "CDP17",
      "x": 21.73,
      "y": 48.7,
      "time_window": [
        0.0,
        3000.0
      ],
      "capacity": 185
    },
    {
      "id": "CDP18",
      "x": 99.8,
      "y": 34.51,
      "time_window": [
        0.0,
        3000.0
      ],
      "capacity": 159
    },
    {
      "id": "CDP19",
      "x": 52.46,
      "y": 71.26,
      "time_window": [
        0.0,
        3000.0
      ],
      "capacity": 180
    },
    {
      "id": "CDP20",
      "x": 79.23,
      "y": 56.61,
      "time_window": [
        0.0,
        3000.0
      ],
      "capacity": 219
    },
    {
      "id": "CDP21",
      "x": 55.11,
      "y": 51.5,
      "time_window": [
        0.0,
        3000.0
      ],
      "capacity": 143
    },
    {
      "id": "CDP22",
      "x": 92.32,
      "y": 91.21,
      "time_window": [
        0.0,
        3000.0
      ],
      "capacity": 210
    },
    {
      "id": "CDP23",
      "x": 58.04,
      "y": 92.14,
      "time_window": [
        0.0,
        3000.0
      ],
      "capacity": 184
    },
    {
      "id": "CDP24",
      "x": 21.56,
      "y": 0.12,
      "time_window": [
        0.0,
        3000.0
      ],
      "capacity": 299
    },
    {
      "id": "CDP25",
      "x": 58.04,
      "y": 97.9,
      "time_window": [
        0.0,
        3000.0
      ],
      "capacity": 100
    },
    {
      "id": "CDP26",
      "x": 30.93,
      "y": 50.14,
      "time_window": [
        0.0,
        3000.0
      ],
      "capacity": 266
    },
    {
      "id": "CDP27",
      "x": 6.94,
      "y": 41.26,
      "time_window": [
        0.0,
        3000.0
      ],
      "capacity": 137
    },
    {
      "id": "CDP28",
      "x": 74.09,
      "y": 47.97,
      "time_window": [
        0.0,
        3000.0
      ],
      "capacity": 150
    },
    {
      "id": "CDP29",
      "x": 78.55,
      "y": 55.85,
      "time_window": [
        0.0,
        3000.0
      ],
      "capacity": 154
    },
    {
      "id": "CDP30",
      "x": 0.7,
      "y": 47.43,
      "time_window": [
        0.0,
        3000.0
      ],
      "capacity": 232
    },
    {
      "id": "CDP31",
      "x": 84.43,
      "y": 33.68,
      "time_window": [
        0.0,
        3000.0
      ],
      "capacity": 190
    },
    {
      "id": "CDP32",
      "x": 75.15,
      "y": 12.5,
      "time_window": [
        0.0,
        3000.0
      ],
      "capacity": 200
    },
    {
      "id": "CDP33",
      "x": 61.76,
      "y": 10.21,
      "time_window": [
        0.0,
        3000.0
      ],
      "capacity": 286
    },
    {
      "id": "CDP34",
      "x": 0.51,
      "y": 60.98,
      "time_window": [
        0.0,
        3000.0
      ],
      "capacity": 212
    },
    {
      "id": "CDP35",
      "x": 80.72,
      "y": 80.09,
      "time_window": [
        0.0,
        3000.0
      ],
      "capacity": 116
    },
    {
      "id": "CDP36",
      "x": 60.44,
      "y": 89.69,
      "time_window": [
        0.0,
        3000.0
      ],
      "capacity": 201
    },
    {
      "id": "CDP37",
      "x": 91.3,
      "y": 41.34,
      "time_window": [
        0.0,
        3000.0
      ],
      "capacity": 200
    },
    {
      "id": "CDP38",
      "x": 7.33,
      "y": 52.67,
      "time_window": [
        0.0,
        3000.0
      ],
      "capacity": 287
    },
    {
      "id": "CDP39",
      "x": 61.86,
      "y": 75.27,
      "time_window": [
        0.0,
        3000.0
      ],
      "capacity": 268
    },
    {
      "id": "CDP40",
      "x": 72.62,
      "y": 87.72,
      "time_window": [
        0.0,
        3000.0
      ],
      "capacity": 102
    }
  ],
  "Customers": [
    {
      "id": "C1",
      "x": 47.56,
      "y": 32.6,
      "time_window": [
        450.0,
        1697.64
      ],
      "demand": [
        2,
        1,
        2
      ]
    },
    {
      "id": "C2",
      "x": 5.34,
      "y": 95.2,
      "time_window": [
        450.0,
        2215.88
      ],
      "demand": [
        4,
        3,
        1
      ]
    },
    {
      "id": "C3",
      "x": 11.03,
      "y": 87.2,
      "time_window": [
        450.0,
        1346.7
      ],
      "demand": [
        3,
        4,
        2
      ]
    },
    {
      "id": "C4",
      "x": 16.56,
      "y": 1.69,
      "time_window": [
        450.0,
        2305.6
      ],
      "demand": [
        4,
        4,
        2
      ]
    },
    {
      "id": "C5",
      "x": 42.51,
      "y": 38.44,
      "time_window": [
        450.0,
        1113.53
      ],
      "demand": [
        2,
        2,
        4
      ]
    },
    {
      "id": "C6",
      "x": 27.98,
      "y": 45.16,
      "time_window": [
        450.0,
        1373.83
      ],
      "demand": [
        3,
        4,
        3
      ]
    },
    {
      "id": "C7",
      "x": 17.91,
      "y": 24.94,
      "time_window": [
        450.0,
        1048.02
      ],
      "demand": [
        1,
        3,
        1
      ]
    },
    {
      "id": "C8",
      "x": 42.29,
      "y": 33.81,
      "time_window": [
        450.0,
        1388.09
      ],
      "demand": [
        4,
        2,
        2
      ]
    },
    {
      "id": "C9",
      "x": 10.5,
      "y": 81.12,
      "time_window": [
        450.0,
        2327.49
      ],
      "demand": [
        1,
        3,
        1
      ]
    },
    {
      "id": "C10",
      "x": 51.57,
      "y": 73.64,
      "time_window": [
        450.0,
        2412.01
      ],
      "demand": [
        3,
        4,
        4
      ]
    },
    {
      "id": "C11",
      "x": 46.88,
      "y": 70.62,
      "time_window": [
        450.0,
        2130.86
      ],
      "demand": [
        4,
        4,
        2
      ]
    },
    {
      "id": "C12",
      "x": 50.27,
      "y": 70.86,
      "time_window": [
        450.0,
        2520.48
      ],
      "demand": [
        2,
        4,
        2
      ]
    },
    {
      "id": "C13",
      "x": 12.2,
      "y": 97.25,
      "time_window": [
        450.0,
        1530.45
      ],
      "demand": [
        3,
        1,
        4
      ]
    },
    {
      "id": "C14",
      "x": 97.55,
      "y": 16.63,
      "time_window": [
        450.0,
        998.34
      ],
      "demand": [
        3,
        1,
        1
      ]
    },
    {
      "id": "C15",
      "x": 99.1,
      "y": 78.33,
      "time_window": [
        450.0,
        1397.0
      ],
      "demand": [
        2,
        2,
        3
      ]
    },
    {
      "id": "C16",
      "x": 67.36,
      "y": 72.24,
      "time_window": [
        450.0,
        1459.53
      ],
      "demand": [
        4,
        2,
        2
      ]
    },
    {
      "id": "C17",
      "x": 67.96,
      "y": 28.08,
      "time_window": [
        450.0,
        2358.94
      ],
      "demand": [
        4,
        4,
        1
      ]
    },
    {
      "id": "C18",
      "x": 85.99,
      "y": 16.79,
      "time_window": [
        450.0,
        985.83
      ],
      "demand": [
        3,
        2,
        1
      ]
    },
    {
      "id": "C19",
      "x": 59.89,
      "y": 57.97,
      "time_window": [
        450.0,
        1198.74
      ],
      "demand": [
        3,
        3,
        4
      ]
    },
    {
      "id": "C20",
      "x": 31.88,
      "y": 43.06,
      "time_window": [
        450.0,
        1408.52
      ],
      "demand": [
        3,
        2,
        1
      ]
    },
    {
      "id": "C21",
      "x": 80.13,
      "y": 13.69,
      "time_window": [
        450.0,
        1845.51
      ],
      "demand": [
        4,
        3,
        4
      ]
    },
    {
      "id": "C22",
      "x": 59.39,
      "y": 51.04,
      "time_window": [
        450.0,
        2167.27
      ],
      "demand": [
        4,
        4,
        4
      ]
    },
    {
      "id": "C23",
      "x": 71.92,
      "y": 28.19,
      "time_window": [
        450.0,
        1259.29
      ],
      "demand": [
        1,
        4,
        3
      ]
    },
    {
      "id": "C24",
      "x": 71.54,
      "y": 34.1,
      "time_window": [
        450.0,
        2220.66
      ],
      "demand": [
        1,
        3,
        1
      ]
    },
    {
      "id": "C25",
      "x": 25.8,
      "y": 35.27,
      "time_window": [
        450.0,
        1765.72
      ],
      "demand": [
        4,
        4,
        4
      ]
    },
    {
      "id": "C26",
      "x": 48.93,
      "y": 53.45,
      "time_window": [
        450.0,
        2255.79
      ],
      "demand": [
        4,
        4,
        2
      ]
    },
    {
      "id": "C27",
      "x": 59.36,
      "y": 65.25,
      "time_window": [
        450.0,
        2159.68
      ],
      "demand": [
        1,
        3,
        4
      ]
    },
    {
      "id": "C28",
      "x": 31.17,
      "y": 40.23,
      "time_window": [
        450.0,
        1019.42
      ],
      "demand": [
        1,
        4,
        4
      ]
    },
    {
      "id": "C29",
      "x": 59.16,
      "y": 66.9,
      "time_window": [
        450.0,
        1429.5
      ],
      "demand": [
        4,
        1,
        3
      ]
    },
    {
      "id": "C30",
      "x": 2.67,
      "y": 88.95,
      "time_window": [
        450.0,
        2165.19
      ],
      "demand": [
        1,
        1,
        3
      ]
    },
    {
      "id": "C31",
      "x": 47.9,
      "y": 68.1,
      "time_window": [
        450.0,
        1412.13
      ],
      "demand": [
        2,
        3,
        3
      ]
    },
    {
      "id": "C32",
      "x": 58.99,
      "y": 34.3,
      "time_window": [
        450.0,
        2550
      ],
      "demand": [
        3,
        2,
        1
      ]
    },
    {
      "id": "C33",
      "x": 32.77,
      "y": 25.04,
      "time_window": [
        450.0,
        1954.0
      ],
      "demand": [
        2,
        4,
        2
      ]
    },
    {
      "id": "C34",
      "x": 69.22,
      "y": 53.28,
      "time_window": [
        450.0,
        1400.03
      ],
      "demand": [
        4,
        4,
        4
      ]
    },
    {
      "id": "C35",
      "x": 96.92,
      "y": 16.69,
      "time_window": [
        450.0,
        1034.67
      ],
      "demand": [
        2,
        4,
        2
      ]
    },
    {
      "id": "C36",
      "x": 78.69,
      "y": 3.32,
      "time_window": [
        450.0,
        2537.7
      ],
      "demand": [
        3,
        4,
        1
      ]
    },
    {
      "id": "C37",
      "x": 50.74,
      "y": 36.16,
      "time_window": [
        450.0,
        1375.65
      ],
      "demand": [
        3,
        2,
        4
      ]
    },
    {
      "id": "C38",
      "x": 46.32,
      "y": 44.51,
      "time_window": [
        450.0,
        2342.93
      ],
      "demand": [
        1,
        1,
        4
      ]
    },
    {
      "id": "C39",
      "x": 60.09,
      "y": 61.87,
      "time_window": [
        450.0,
        1873.84
      ],
      "demand": [
        3,
        4,
        1
      ]
    },
    {
      "id": "C40",
      "x": 16.67,
      "y": 4.33,
      "time_window": [
        450.0,
        1159.5
      ],
      "demand": [
        2,
        1,
        4
      ]
    },
    {
      "id": "C41",
      "x": 64.58,
      "y": 50.71,
      "time_window": [
        450.0,
        2147.91
      ],
      "demand": [
        4,
        1,
        4
      ]
    },
    {
      "id": "C42",
      "x": 78.87,
      "y": 93.58,
      "time_window": [
        450.0,
        1404.54
      ],
      "demand": [
        2,
        1,
        4
      ]
    },
    {
      "id": "C43",
      "x": 28.82,
      "y": 43.75,
      "time_window": [
        450.0,
        1948.68
      ],
      "demand": [
        4,
        4,
        4
      ]
    },
    {
      "id": "C44",
      "x": 57.98,
      "y": 73.44,
      "time_window": [
        450.0,
        2301.15
      ],
      "demand": [
        4,
        3,
        4
      ]
    },
    {
      "id": "C45",
      "x": 28.05,
      "y": 26.83,
      "time_window": [
        450.0,
        2550
      ],
      "demand": [
        4,
        1,
        4
      ]
    },
    {
      "id": "C46",
      "x": 68.2,
      "y": 53.74,
      "time_window": [
        450.0,
        2009.82
      ],
      "demand": [
        4,
        2,
        1
      ]
    },
    {
      "id": "C47",
      "x": 82.22,
      "y": 1.3,
      "time_window": [
        450.0,
        1920.16
      ],
      "demand": [
        1,
        3,
        3
      ]
    },
    {
      "id": "C48",
      "x": 54.77,
      "y": 42.37,
      "time_window": [
        450.0,
        2161.06
      ],
      "demand": [
        4,
        4,
        2
      ]
    },
    {
      "id": "C49",
      "x": 16.25,
      "y": 11.9,
      "time_window": [
        450.0,
        1607.22
      ],
      "demand": [
        4,
        3,
        4
      ]
    },
    {
      "id": "C50",
      "x": 38.71,
      "y": 55.89,
      "time_window": [
        450.0,
        2151.25
      ],
      "demand": [
        3,
        2,
        4
      ]
    },
    {
      "id": "C51",
      "x": 68.83,
      "y": 38.71,
      "time_window": [
        450.0,
        2230.89
      ],
      "demand": [
        1,
        4,
        4
      ]
    },
    {
      "id": "C52",
      "x": 21.27,
      "y": 22.81,
      "time_window": [
        450.0,
        2426.67
      ],
      "demand": [
        2,
        3,
        1
      ]
    },
    {
      "id": "C53",
      "x": 14.95,
      "y": 80.92,
      "time_window": [
        450.0,
        1046.52
      ],
      "demand": [
        2,
        3,
        3
      ]
    },
    {
      "id": "C54",
      "x": 22.01,
      "y": 24.8,
      "time_window": [
        450.0,
        1799.75
      ],
      "demand": [
        1,
        2,
        2
      ]
    },
    {
      "id": "C55",
      "x": 29.23,
      "y": 48.82,
      "time_window": [
        450.0,
        1355.08
      ],
      "demand": [
        2,
        1,
        3
      ]
    },
    {
      "id": "C56",
      "x": 87.71,
      "y": 75.67,
      "time_window": [
        450.0,
        2543.08
      ],
      "demand": [
        3,
        4,
        4
      ]
    },
    {
      "id": "C57",
      "x": 97.7,
      "y": 75.71,
      "time_window": [
        450.0,
        1997.69
      ],
      "demand": [
        3,
        3,
        2
      ]
    },
    {
      "id": "C58",
      "x": 44.02,
      "y": 48.59,
      "time_window": [
        450.0,
        1606.75
      ],
      "demand": [
        1,
        1,
        3
      ]
    },
    {
      "id": "C59",
      "x": 64.48,
      "y": 58.87,
      "time_window": [
        450.0,
        2005.64
      ],
      "demand": [
        3,
        1,
        2
      ]
    },
    {
      "id": "C60",
      "x": 86.92,
      "y": 79.39,
      "time_window": [
        450.0,
        1478.46
      ],
      "demand": [
        2,
        1,
        4
      ]
    },
    {
      "id": "C61",
      "x": 23.96,
      "y": 17.15,
      "time_window": [
        450.0,
        1688.57
      ],
      "demand": [
        4,
        4,
        4
      ]
    },
    {
      "id": "C62",
      "x": 53.85,
      "y": 27.4,
      "time_window": [
        450.0,
        2445.66
      ],
      "demand": [
        3,
        3,
        4
      ]
    },
    {
      "id": "C63",
      "x": 76.15,
      "y": 90.32,
      "time_window": [
        450.0,
        1565.65
      ],
      "demand": [
        4,
        4,
        4
      ]
    },
    {
      "id": "C64",
      "x": 23.66,
      "y": 80.66,
      "time_window": [
        450.0,
        1675.54
      ],
      "demand": [
        2,
        2,
        1
      ]
    },
    {
      "id": "C65",
      "x": 47.19,
      "y": 61.03,
      "time_window": [
        450.0,
        2128.6
      ],
      "demand": [
        1,
        1,
        1
      ]
    },
    {
      "id": "C66",
      "x": 29.09,
      "y": 52.73,
      "time_window": [
        450.0,
        2550
      ],
      "demand": [
        2,
        4,
        2
      ]
    },
    {
      "id": "C67",
      "x": 52.35,
      "y": 43.41,
      "time_window": [
        450.0,
        2325.03
      ],
      "demand": [
        3,
        1,
        4
      ]
    },
    {
      "id": "C68",
      "x": 20.26,
      "y": 4.84,
      "time_window": [
        450.0,
        1170.54
      ],
      "demand": [
        1,
        2,
        1
      ]
    },
    {
      "id": "C69",
      "x": 35.31,
      "y": 36.61,
      "time_window": [
        450.0,
        1967.97
      ],
      "demand": [
        4,
        3,
        1
      ]
    },
    {
      "id": "C70",
      "x": 59.33,
      "y": 38.32,
      "time_window": [
        450.0,
        1592.57
      ],
      "demand": [
        1,
        4,
        2
      ]
    },
    {
      "id": "C71",
      "x": 2.63,
      "y": 85.17,
      "time_window": [
        450.0,
        2174.42
      ],
      "demand": [
        4,
        2,
        2
      ]
    },
    {
      "id": "C72",
      "x": 65.21,
      "y": 47.24,
      "time_window": [
        450.0,
        1465.35
      ],
      "demand": [
        2,
        2,
        3
      ]
    },
    {
      "id": "C73",
      "x": 52.42,
      "y": 61.81,
      "time_window": [
        450.0,
        1344.86
      ],
      "demand": [
        4,
        3,
        3
      ]
    },
    {
      "id": "C74",
      "x": 89.33,
      "y": 20.91,
      "time_window": [
        450.0,
        1928.02
      ],
      "demand": [
        3,
        1,
        2
      ]
    },
    {
      "id": "C75",
      "x": 10.61,
      "y": 3.45,
      "time_window": [
        450.0,
        2219.89
      ],
      "demand": [
        3,
        1,
        4
      ]
    },
    {
      "id": "C76",
      "x": 53.32,
      "y": 44.5,
      "time_window": [
        450.0,
        2115.51
      ],
      "demand": [
        3,
        2,
        1
      ]
    },
    {
      "id": "C77",
      "x": 54.31,
      "y": 54.48,
      "time_window": [
        450.0,
        2138.58
      ],
      "demand": [
        2,
        2,
        2
      ]
    },
    {
      "id": "C78",
      "x": 76.49,
      "y": 2.4,
      "time_window": [
        450.0,
        1387.69
      ],
      "demand": [
        2,
        2,
        2
      ]
    },
    {
      "id": "C79",
      "x": 68.52,
      "y": 33.27,
      "time_window": [
        450.0,
        1453.44
      ],
      "demand": [
        4,
        1,
        4
      ]
    },
    {
      "id": "C80",
      "x": 19.9,
      "y": 13.89,
      "time_window": [
        450.0,
        2255.59
      ],
      "demand": [
        4,
        4,
        1
      ]
    }
  ]
}