{
  "set_id": 9,
  "inst_id": 10,
  "vehicles": {
    "CT": {
      "count": 32,
      "capacity": 1500,
      "fixed_cost": 1500,
      "unit_cost_factor": 1.2
    },
    "UV": {
      "count": 64,
      "capacity": 500,
      "fixed_cost": 500,
      "unit_cost_factor": 1.1
    }
  },
  "P": 3,
  "item_weights": [
    10,
    5,
    10
  ],
  "inventory_ratio": 1.3,
  "FCs": [
    {
      "id": "FC1",
      "x": 25,
      "y": 25,
      "time_window": [
        0.0,
        3000.0
      ],
      "inventory": [
        148,
        180,
        165
      ]
    },
    {
      "id": "FC2",
      "x": 25,
      "y": 75,
      "time_window": [
        0.0,
        3000.0
      ],
      "inventory": [
        175,
        168,
        173
      ]
    },
    {
      "id": "FC3",
      "x": 75,
      "y": 25,
      "time_window": [
        0.0,
        3000.0
      ],
      "inventory": [
        159,
        178,
        164
      ]
    },
    {
      "id": "FC4",
      "x": 75,
      "y": 75,
      "time_window": [
        0.0,
        3000.0
      ],
      "inventory": [
        128,
        169,
        165
      ]
    }
  ],
  "DCs": [
    {
      "id": "DC1",
      "x": 44.16,
      "y": 27.98,
      "time_window": [
        300.0,
        2700.0
      ]
    },
    {
      "id": "DC2",
      "x": 38.61,
      "y": 39.93,
      "time_window": [
        300.0,
        2700.0
      ]
    },
    {
      "id": "DC3",
      "x": 30.65,
      "y": 83.94,
      "time_window": [
        300.0,
        2700.0
      ]
    },
    {
      "id": "DC4",
      "x": 49.57,
      "y": 72.35,
      "time_window": [
        300.0,
        2700.0
      ]
    },
    {
      "id": "DC5",
      "x": 77.28,
      "y": 30.68,
      "time_window": [
        300.0,
        2700.0
      ]
    },
    {
      "id": "DC6",
      "x": 60.54,
      "y": 59.43,
      "time_window": [
        300.0,
        2700.0
      ]
    },
    {
      "id": "DC7",
      "x": 28.87,
      "y": 44.65,
      "time_window": [
        300.0,
        2700.0
      ]
    },
    {
      "id": "DC8",
      "x": 33.01,
      "y": 99.32,
      "time_window": [
        300.0,
        2700.0
      ]
    }
  ],
  "CDPs": [
    {
      "id": "CDP1",
      "x": 88.91,
      "y": 13.54,
      "time_window": [
        0.0,
        3000.0
      ],
      "capacity": 270
    },
    {
      "id": "CDP2",
      "x": 6.11,
      "y": 83.56,
      "time_window": [
        0.0,
        3000.0
      ],
      "capacity": 204
    },
    {
      "id": "CDP3",
      "x": 61.25,
      "y": 56.32,
      "time_window": [
        0.0,
        3000.0
      ],
      "capacity": 255
    },
    {
      "id": "CDP4",
      "x": 61.16,
      "y": 67.73,
      "time_window": [
        0.0,
        3000.0
      ],
      "capacity": 155
    },
    {
      "id": "CDP5",
      "x": 37.32,
      "y": 52.49,
      "time_window": [
        0.0,
        3000.0
      ],
      "capacity": 203
    },
    {
      "id": "CDP6",
      "x": 90.6,
      "y": 67.21,
      "time_window": [
        0.0,
        3000.0
      ],
      "capacity": 222
    },
    {
      "id": "CDP7",
      "x": 80.41,
      "y": 33.36,
      "time_window": [
        0.0,
        3000.0
      ],
      "capacity": 299
    },
    {
      "id": "CDP8",
      "x": 83.99,
      "y": 52.16,
      "time_window": [
        0.0,
        3000.0
      ],
      "capacity": 171
    },
    {
      "id": "CDP9",
      "x": 89.42,
      "y": 68.61,
      "time_window": [
        0.0,
        3000.0
      ],
      "capacity": 192
    },
    {
      "id": "CDP10",
      "x": 17.77,
      "y": 80.59,
      "time_window": [
        0.0,
        3000.0
      ],
      "capacity": 208
    },
    {
      "id": "CDP11",
      "x": 89.07,
      "y": 98.12,
      "time_window": [
        0.0,
        3000.0
      ],
      "capacity": 283
    },
    {
      "id": "CDP12",
      "x": 62.64,
      "y": 46.7,
      "time_window": [
        0.0,
        3000.0
      ],
      "capacity": 188
    },
    {
      "id": "CDP13",
      "x": 9.34,
      "y": 57.52,
      "time_window": [
        0.0,
        3000.0
      ],
      "capacity": 207
    },
    {
      "id": "CDP14",
      "x": 38.71,
      "y": 26.96,
      "time_window": [
        0.0,
        3000.0
      ],
      "capacity": 131
    },
    {
      "id": "CDP15",
      "x": 23.19,
      "y": 93.75,
      "time_window": [
        0.0,
        3000.0
      ],
      "capacity": 280
    },
    {
      "id": "CDP16",
      "x": 23.52,
      "y": 70.47,
      "time_window": [
        0.0,
        3000.0
      ],
      "capacity": 202
    },
    {
      "id": "CDP17",
      "x": 11.77,
      "y": 55.28,
      "time_window": [
        0.0,
        3000.0
      ],
      "capacity": 177
    },
    {
      "id": "CDP18",
      "x": 8.27,
      "y": 50.53,
      "time_window": [
        0.0,
        3000.0
      ],
      "capacity": 187
    },
    {
      "id": "CDP19",
      "x": 89.37,
      "y": 60.83,
      "time_window": [
        0.0,
        3000.0
      ],
      "capacity": 187
    },
    {
      "id": "CDP20",
      "x": 19.93,
      "y": 20.66,
      "time_window": [
        0.0,
        3000.0
      ],
      "capacity": 205
    },
    {
      "id": "CDP21",
      "x": 99.39,
      "y": 87.3,
      "time_window": [
        0.0,
        3000.0
      ],
      "capacity": 105
    },
    {
      "id": "CDP22",
      "x": 60.17,
      "y": 34.05,
      "time_window": [
        0.0,
        3000.0
      ],
      "capacity": 208
    },
    {
      "id": "CDP23",
      "x": 98.06,
      "y": 10.12,
      "time_window": [
        0.0,
        3000.0
      ],
      "capacity": 287
    },
    {
      "id": "CDP24",
      "x": 83.99,
      "y": 52.18,
      "time_window": [
        0.0,
        3000.0
      ],
      "capacity": 180
    },
    {
      "id": "CDP25",
      "x": 4.94,
      "y": 13.19,
      "time_window": [
        0.0,
        3000.0
      ],
      "capacity": 122
    },
    {
      "id": "CDP26",
      "x": 26.24,
      "y": 51.6,
      "time_window": [
        0.0,
        3000.0
      ],
      "capacity": 173
    },
    {
      "id": "CDP27",
      "x": 24.17,
      "y": 45.99,
      "time_window": [
        0.0,
        3000.0
      ],
      "capacity": 270
    },
    {
      "id": "CDP28",
      "x": 99.2,
      "y": 3.23,
      "time_window": [
        0.0,
        3000.0
      ],
      "capacity": 169
    },
    {
      "id": "CDP29",
      "x": 4.38,
      "y": 61.05,
      "time_window": [
        0.0,
        3000.0
      ],
      "capacity": 218
    },
    {
      "id": "CDP30",
      "x": 29.46,
      "y": 10.23,
      "time_window": [
        0.0,
        3000.0
      ],
      "capacity": 261
    },
    {
      "id": "CDP31",
      "x": 78.78,
      "y": 59.75,
      "time_window": [
        0.0,
        3000.0
      ],
      "capacity": 237
    },
    {
      "id": "CDP32",
      "x": 59.8,
      "y": 68.58,
      "time_window": [
        0.0,
        3000.0
      ],
      "capacity": 264
    },
    {
      "id": "CDP33",
      "x": 4.27,
      "y": 38.09,
      "time_window": [
        0.0,
        3000.0
      ],
      "capacity": 115
    },
    {
      "id": "CDP34",
      "x": 91.59,
      "y": 73.69,
      "time_window": [
        0.0,
        3000.0
      ],
      "capacity": 113
    },
    {
      "id": "CDP35",
      "x": 3.16,
      "y": 38.97,
      "time_window": [
        0.0,
        3000.0
      ],
      "capacity": 157
    },
    {
      "id": "CDP36",
      "x": 71.06,
      "y": 36.2,
      "time_window": [
        0.0,
        3000.0
      ],
      "capacity": 146
    },
    {
      "id": "CDP37",
      "x": 20.02,
      "y": 42.13,
      "time_window": [
        0.0,
        3000.0
      ],
      "capacity": 252
    },
    {
      "id": "CDP38",
      "x": 51.5,
      "y": 13.49,
      "time_window": [
        0.0,
        3000.0
      ],
      "capacity": 151
    },
    {
      "id": "CDP39",
      "x": 42.42,
      "y": 73.81,
      "time_window": [
        0.0,
        3000.0
      ],
      "capacity": 188
    },
    {
      "id": "CDP40",
      "x": 50.26,
      "y": 36.33,
      "time_window": [
        0.0,
        3000.0
      ],
      "capacity": 241
    },
    {
      "id": "CDP41",
      "x": 56.66,
      "y": 51.56,
      "time_window": [
        0.0,
        3000.0
      ],
      "capacity": 189
    },
    {
      "id": "CDP42",
      "x": 54.88,
      "y": 2.25,
      "time_window": [
        0.0,
        3000.0
      ],
      "capacity": 135
    },
    {
      "id": "CDP43",
      "x": 36.3,
      "y": 57.2,
      "time_window": [
        0.0,
        3000.0
      ],
      "capacity": 144
    },
    {
      "id": "CDP44",
      "x": 74.49,
      "y": 55.2,
      "time_window": [
        0.0,
        3000.0
      ],
      "capacity": 153
    },
    {
      "id": "CDP45",
      "x": 63.48,
      "y": 74.37,
      "time_window": [
        0.0,
        3000.0
      ],
      "capacity": 225
    },
    {
      "id": "CDP46",
      "x": 92.21,
      "y": 89.58,
      "time_window": [
        0.0,
        3000.0
      ],
      "capacity": 152
    },
    {
      "id": "CDP47",
      "x": 72.88,
      "y": 63.56,
      "time_window": [
        0.0,
        3000.0
      ],
      "capacity": 262
    },
    {
      "id": "CDP48",
      "x": 60.18,
      "y": 75.18,
      "time_window": [
        0.0,
        3000.0
      ],
      "capacity": 217
    },
    {
      "id": "CDP49",
      "x": 41.59,
      "y": 7.53,
      "time_window": [
        0.0,
        3000.0
      ],
      "capacity": 273
    },
    {
      "id": "CDP50",
      "x": 88.43,
      "y": 86.06,
      "time_window": [
        0.0,
        3000.0
      ],
      "capacity": 199
    },
    {
      "id": "CDP51",
      "x": 63.91,
      "y": 78.42,
      "time_window": [
        0.0,
        3000.0
      ],
      "capacity": 195
    },
    {
      "id": "CDP52",
      "x": 48.9,
      "y": 33.92,
      "time_window": [
        0.0,
        3000.0
      ],
      "capacity": 198
    },
    {
      "id": "CDP53",
      "x": 8.83,
      "y": 72.89,
      "time_window": [
        0.0,
        3000.0
      ],
      "capacity": 261
    },
    {
      "id": "CDP54",
      "x": 69.77,
      "y": 56.69,
      "time_window": [
        0.0,
        3000.0
      ],
      "capacity": 224
    },
    {
      "id": "CDP55",
      "x": 3.58,
      "y": 95.89,
      "time_window": [
        0.0,
        3000.0
      ],
      "capacity": 297
    },
    {
      "id": "CDP56",
      "x": 53.07,
      "y": 82.72,
      "time_window": [
        0.0,
        3000.0
      ],
      "capacity": 147
    },
    {
      "id": "CDP57",
      "x": 12.35,
      "y": 23.4,
      "time_window": [
        0.0,
        3000.0
      ],
      "capacity": 100
    },
    {
      "id": "CDP58",
      "x": 4.73,
      "y": 13.5,
      "time_window": [
        0.0,
        3000.0
      ],
      "capacity": 208
    },
    {
      "id": "CDP59",
      "x": 79.96,
      "y": 26.54,
      "time_window": [
        0.0,
        3000.0
      ],
      "capacity": 164
    },
    {
      "id": "CDP60",
      "x": 2.91,
      "y": 29.65,
      "time_window": [
        0.0,
        3000.0
      ],
      "capacity": 206
    },
    {
      "id": "CDP61",
      "x": 7.15,
      "y": 45.07,
      "time_window": [
        0.0,
        3000.0
      ],
      "capacity": 180
    },
    {
      "id": "CDP62",
      "x": 35.61,
      "y": 24.0,
      "time_window": [
        0.0,
        3000.0
      ],
      "capacity": 228
    },
    {
      "id": "CDP63",
      "x": 26.5,
      "y": 55.73,
      "time_window": [
        0.0,
        3000.0
      ],
      "capacity": 101
    },
    {
      "id": "CDP64",
      "x": 58.36,
      "y": 8.14,
      "time_window": [
        0.0,
        3000.0
      ],
      "capacity": 244
    },
    {
      "id": "CDP65",
      "x": 10.01,
      "y": 70.59,
      "time_window": [
        0.0,
        3000.0
      ],
      "capacity": 209
    },
    {
      "id": "CDP66",
      "x": 9.22,
      "y": 36.98,
      "time_window": [
        0.0,
        3000.0
      ],
      "capacity": 132
    },
    {
      "id": "CDP67",
      "x": 9.14,
      "y": 93.37,
      "time_window": [
        0.0,
        3000.0
      ],
      "capacity": 116
    },
    {
      "id": "CDP68",
      "x": 90.93,
      "y": 68.74,
      "time_window": [
        0.0,
        3000.0
      ],
      "capacity": 191
    },
    {
      "id": "CDP69",
      "x": 26.33,
      "y": 72.48,
      "time_window": [
        0.0,
        3000.0
      ],
      "capacity": 276
    },
    {
      "id": "CDP70",
      "x": 95.06,
      "y": 38.39,
      "time_window": [
        0.0,
        3000.0
      ],
      "capacity": 205
    },
    {
      "id": "CDP71",
      "x": 60.81,
      "y": 10.49,
      "time_window": [
        0.0,
        3000.0
      ],
      "capacity": 183
    },
    {
      "id": "CDP72",
      "x": 95.28,
      "y": 99.36,
      "time_window": [
        0.0,
        3000.0
      ],
      "capacity": 152
    },
    {
      "id": "CDP73",
      "x": 59.22,
      "y": 21.36,
      "time_window": [
        0.0,
        3000.0
      ],
      "capacity": 282
    },
    {
      "id": "CDP74",
      "x": 70.48,
      "y": 90.64,
      "time_window": [
        0.0,
        3000.0
      ],
      "capacity": 276
    },
    {
      "id": "CDP75",
      "x": 36.71,
      "y": 83.19,
      "time_window": [
        0.0,
        3000.0
      ],
      "capacity": 197
    },
    {
      "id": "CDP76",
      "x": 14.34,
      "y": 50.54,
      "time_window": [
        0.0,
        3000.0
      ],
      "capacity": 243
    },
    {
      "id": "CDP77",
      "x": 3.76,
      "y": 53.4,
      "time_window": [
        0.0,
        3000.0
      ],
      "capacity": 216
    },
    {
      "id": "CDP78",
      "x": 76.6,
      "y": 54.93,
      "time_window": [
        0.0,
        3000.0
      ],
      "capacity": 239
    },
    {
      "id": "CDP79",
      "x": 66.64,
      "y": 84.04,
      "time_window": [
        0.0,
        3000.0
      ],
      "capacity": 167
    },
    {
      "id": "CDP80",
      "x": 97.79,
      "y": 63.88,
      "time_window": [
        0.0,
        3000.0
      ],
      "capacity": 188
    },
    {
      "id": "CDP81",
      "x": 27.48,
      "y": 35.07,
      "time_window": [
        0.0,
        3000.0
      ],
      "capacity": 150
    },
    {
      "id": "CDP82",
      "x": 4.38,
      "y": 99.89,
      "time_window": [
        0.0,
        3000.0
      ],
      "capacity": 170
    },
    {
      "id": "CDP83",
      "x": 60.88,
      "y": 8.15,
      "time_window": [
        0.0,
        3000.0
      ],
      "capacity": 252
    },
    {
      "id": "CDP84",
      "x": 95.14,
      "y": 92.64,
      "time_window": [
        0.0,
        3000.0
      ],
      "capacity": 198
    },
    {
      "id": "CDP85",
      "x": 30.01,
      "y": 25.96,
      "time_window": [
        0.0,
        3000.0
      ],
      "capacity": 139
    },
    {
      "id": "CDP86",
      "x": 7.58,
      "y": 70.2,
      "time_window": [
        0.0,
        3000.0
      ],
      "capacity": 292
    },
    {
      "id": "CDP87",
      "x": 53.08,
      "y": 29.5,
      "time_window": [
        0.0,
        3000.0
      ],
      "capacity": 232
    },
    {
      "id": "CDP88",
      "x": 23.76,
      "y": 17.0,
      "time_window": [
        0.0,
        3000.0
      ],
      "capacity": 243
    },
    {
      "id": "CDP89",
      "x": 80.65,
      "y": 44.5,
      "time_window": [
        0.0,
        3000.0
      ],
      "capacity": 177
    },
    {
      "id": "CDP90",
      "x": 45.18,
      "y": 50.94,
      "time_window": [
        0.0,
        3000.0
      ],
      "capacity": 156
    },
    {
      "id": "CDP91",
      "x": 20.25,
      "y": 56.63,
      "time_window": [
        0.0,
        3000.0
      ],
      "capacity": 290
    },
    {
      "id": "CDP92",
      "x": 92.0,
      "y": 98.77,
      "time_window": [
        0.0,
        3000.0
      ],
      "capacity": 147
    },
    {
      "id": "CDP93",
      "x": 82.91,
      "y": 15.85,
      "time_window": [
        0.0,
        3000.0
      ],
      "capacity": 274
    },
    {
      "id": "CDP94",
      "x": 45.69,
      "y": 39.18,
      "time_window": [
        0.0,
        3000.0
      ],
      "capacity": 189
    },
    {
      "id": "CDP95",
      "x": 24.92,
      "y": 75.7,
      "time_window": [
        0.0,
        3000.0
      ],
      "capacity": 193
    },
    {
      "id": "CDP96",
      "x": 97.98,
      "y": 40.12,
      "time_window": [
        0.0,
        3000.0
      ],
      "capacity": 271
    },
    {
      "id": "CDP97",
      "x": 36.82,
      "y": 8.59,
      "time_window": [
        0.0,
        3000.0
      ],
      "capacity": 191
    },
    {
      "id": "CDP98",
      "x": 21.55,
      "y": 12.84,
      "time_window": [
        0.0,
        3000.0
      ],
      "capacity": 226
    },
    {
      "id": "CDP99",
      "x": 57.58,
      "y": 58.49,
      "time_window": [
        0.0,
        3000.0
      ],
      "capacity": 232
    },
    {
      "id": "CDP100",
      "x": 7.32,
      "y": 5.73,
      "time_window": [
        0.0,
        3000.0
      ],
      "capacity": 139
    }
  ],
  "Customers": [
    {
      "id": "C1",
      "x": 37.95,
      "y": 27.92,
      "time_window": [
        450.0,
        2035.77
      ],
      "demand": [
        4,
        3,
        2
      ]
    },
    {
      "id": "C2",
      "x": 45.82,
      "y": 67.57,
      "time_window": [
        450.0,
        2016.46
      ],
      "demand": [
        4,
        4,
        1
      ]
    },
    {
      "id": "C3",
      "x": 51.82,
      "y": 47.67,
      "time_window": [
        450.0,
        1431.33
      ],
      "demand": [
        1,
        1,
        2
      ]
    },
    {
      "id": "C4",
      "x": 21.06,
      "y": 80.38,
      "time_window": [
        450.0,
        1736.45
      ],
      "demand": [
        3,
        2,
        3
      ]
    },
    {
      "id": "C5",
      "x": 25.76,
      "y": 37.44,
      "time_window": [
        450.0,
        2263.07
      ],
      "demand": [
        1,
        4,
        3
      ]
    },
    {
      "id": "C6",
      "x": 94.8,
      "y": 91.33,
      "time_window": [
        450.0,
        1113.14
      ],
      "demand": [
        2,
        4,
        1
      ]
    },
    {
      "id": "C7",
      "x": 58.51,
      "y": 25.91,
      "time_window": [
        450.0,
        2524.15
      ],
      "demand": [
        1,
        2,
        2
      ]
    },
    {
      "id": "C8",
      "x": 74.93,
      "y": 61.69,
      "time_window": [
        450.0,
        2378.25
      ],
      "demand": [
        2,
        2,
        2
      ]
    },
    {
      "id": "C9",
      "x": 84.58,
      "y": 19.1,
      "time_window": [
        450.0,
        1865.43
      ],
      "demand": [
        4,
        2,
        3
      ]
    },
    {
      "id": "C10",
      "x": 53.8,
      "y": 65.31,
      "time_window": [
        450.0,
        1283.02
      ],
      "demand": [
        1,
        1,
        3
      ]
    },
    {
      "id": "C11",
      "x": 59.74,
      "y": 26.58,
      "time_window": [
        450.0,
        1179.27
      ],
      "demand": [
        1,
        2,
        2
      ]
    },
    {
      "id": "C12",
      "x": 13.31,
      "y": 10.25,
      "time_window": [
        450.0,
        1123.5
      ],
      "demand": [
        2,
        3,
        2
      ]
    },
    {
      "id": "C13",
      "x": 54.05,
      "y": 74.01,
      "time_window": [
        450.0,
        2550
      ],
      "demand": [
        2,
        4,
        4
      ]
    },
    {
      "id": "C14",
      "x": 67.42,
      "y": 55.22,
      "time_window": [
        450.0,
        1059.23
      ],
      "demand": [
        4,
        4,
        4
      ]
    },
    {
      "id": "C15",
      "x": 88.2,
      "y": 95.12,
      "time_window": [
        450.0,
        1225.23
      ],
      "demand": [
        3,
        1,
        3
      ]
    },
    {
      "id": "C16",
      "x": 49.27,
      "y": 51.07,
      "time_window": [
        450.0,
        1288.52
      ],
      "demand": [
        1,
        4,
        2
      ]
    },
    {
      "id": "C17",
      "x": 19.41,
      "y": 5.61,
      "time_window": [
        450.0,
        2468.4
      ],
      "demand": [
        3,
        3,
        2
      ]
    },
    {
      "id": "C18",
      "x": 66.07,
      "y": 60.13,
      "time_window": [
        450.0,
        2194.48
      ],
      "demand": [
        2,
        1,
        4
      ]
    },
    {
      "id": "C19",
      "x": 63.99,
      "y": 41.46,
      "time_window": [
        450.0,
        1046.11
      ],
      "demand": [
        1,
        2,
        1
      ]
    },
    {
      "id": "C20",
      "x": 99.13,
      "y": 96.7,
      "time_window": [
        450.0,
        2550
      ],
      "demand": [
        4,
        1,
        1
      ]
    },
    {
      "id": "C21",
      "x": 56.8,
      "y": 32.71,
      "time_window": [
        450.0,
        1503.44
      ],
      "demand": [
        1,
        4,
        4
      ]
    },
    {
      "id": "C22",
      "x": 54.0,
      "y": 29.51,
      "time_window": [
        450.0,
        987.26
      ],
      "demand": [
        2,
        4,
        4
      ]
    },
    {
      "id": "C23",
      "x": 66.62,
      "y": 34.16,
      "time_window": [
        450.0,
        1812.07
      ],
      "demand": [
        2,
        3,
        2
      ]
    },
    {
      "id": "C24",
      "x": 88.66,
      "y": 8.69,
      "time_window": [
        450.0,
        2444.18
      ],
      "demand": [
        2,
        4,
        3
      ]
    },
    {
      "id": "C25",
      "x": 97.66,
      "y": 20.44,
      "time_window": [
        450.0,
        1875.71
      ],
      "demand": [
        4,
        3,
        1
      ]
    },
    {
      "id": "C26",
      "x": 46.37,
      "y": 58.1,
      "time_window": [
        450.0,
        1503.08
      ],
      "demand": [
        1,
        4,
        4
      ]
    },
    {
      "id": "C27",
      "x": 41.14,
      "y": 38.88,
      "time_window": [
        450.0,
        1156.62
      ],
      "demand": [
        3,
        2,
        1
      ]
    },
    {
      "id": "C28",
      "x": 45.92,
      "y": 74.85,
      "time_window": [
        450.0,
        1434.66
      ],
      "demand": [
        1,
        3,
        3
      ]
    },
    {
      "id": "C29",
      "x": 24.27,
      "y": 77.91,
      "time_window": [
        450.0,
        2309.99
      ],
      "demand": [
        4,
        2,
        1
      ]
    },
    {
      "id": "C30",
      "x": 89.96,
      "y": 93.87,
      "time_window": [
        450.0,
        1082.94
      ],
      "demand": [
        2,
        4,
        4
      ]
    },
    {
      "id": "C31",
      "x": 54.64,
      "y": 36.4,
      "time_window": [
        450.0,
        1481.0
      ],
      "demand": [
        4,
        2,
        4
      ]
    },
    {
      "id": "C32",
      "x": 81.69,
      "y": 95.29,
      "time_window": [
        450.0,
        1493.68
      ],
      "demand": [
        2,
        3,
        2
      ]
    },
    {
      "id": "C33",
      "x": 9.69,
      "y": 7.04,
      "time_window": [
        450.0,
        1877.34
      ],
      "demand": [
        3,
        2,
        1
      ]
    },
    {
      "id": "C34",
      "x": 9.7,
      "y": 95.03,
      "time_window": [
        450.0,
        1715.89
      ],
      "demand": [
        1,
        4,
        3
      ]
    },
    {
      "id": "C35",
      "x": 39.64,
      "y": 67.25,
      "time_window": [
        450.0,
        1079.53
      ],
      "demand": [
        3,
        4,
        4
      ]
    },
    {
      "id": "C36",
      "x": 38.33,
      "y": 52.07,
      "time_window": [
        450.0,
        1532.82
      ],
      "demand": [
        2,
        3,
        4
      ]
    },
    {
      "id": "C37",
      "x": 70.47,
      "y": 25.23,
      "time_window": [
        450.0,
        959.95
      ],
      "demand": [
        4,
        3,
        1
      ]
    },
    {
      "id": "C38",
      "x": 22.85,
      "y": 17.51,
      "time_window": [
        450.0,
        1045.54
      ],
      "demand": [
        1,
        3,
        2
      ]
    },
    {
      "id": "C39",
      "x": 64.11,
      "y": 37.66,
      "time_window": [
        450.0,
        1807.78
      ],
      "demand": [
        3,
        4,
        3
      ]
    },
    {
      "id": "C40",
      "x": 10.65,
      "y": 96.41,
      "time_window": [
        450.0,
        1429.9
      ],
      "demand": [
        4,
        3,
        4
      ]
    },
    {
      "id": "C41",
      "x": 99.26,
      "y": 8.16,
      "time_window": [
        450.0,
        2184.5
      ],
      "demand": [
        4,
        1,
        3
      ]
    },
    {
      "id": "C42",
      "x": 34.78,
      "y": 32.35,
      "time_window": [
        450.0,
        2149.17
      ],
      "demand": [
        3,
        2,
        1
      ]
    },
    {
      "id": "C43",
      "x": 38.27,
      "y": 54.98,
      "time_window": [
        450.0,
        1554.72
      ],
      "demand": [
        3,
        3,
        1
      ]
    },
    {
      "id": "C44",
      "x": 36.94,
      "y": 51.41,
      "time_window": [
        450.0,
        2066.75
      ],
      "demand": [
        4,
        1,
        1
      ]
    },
    {
      "id": "C45",
      "x": 71.11,
      "y": 70.78,
      "time_window": [
        450.0,
        2535.49
      ],
      "demand": [
        4,
        1,
        2
      ]
    },
    {
      "id": "C46",
      "x": 23.61,
      "y": 15.78,
      "time_window": [
        450.0,
        1189.5
      ],
      "demand": [
        1,
        2,
        4
      ]
    },
    {
      "id": "C47",
      "x": 71.49,
      "y": 68.94,
      "time_window": [
        450.0,
        2166.04
      ],
      "demand": [
        1,
        4,
        4
      ]
    },
    {
      "id": "C48",
      "x": 69.34,
      "y": 60.6,
      "time_window": [
        450.0,
        1500.89
      ],
      "demand": [
        2,
        1,
        4
      ]
    },
    {
      "id": "C49",
      "x": 12.39,
      "y": 78.93,
      "time_window": [
        450.0,
        1169.53
      ],
      "demand": [
        3,
        4,
        2
      ]
    },
    {
      "id": "C50",
      "x": 28.87,
      "y": 47.94,
      "time_window": [
        450.0,
        1589.98
      ],
      "demand": [
        2,
        1,
        3
      ]
    },
    {
      "id": "C51",
      "x": 62.19,
      "y": 38.77,
      "time_window": [
        450.0,
        2473.07
      ],
      "demand": [
        3,
        2,
        2
      ]
    },
    {
      "id": "C52",
      "x": 23.82,
      "y": 14.74,
      "time_window": [
        450.0,
        1809.77
      ],
      "demand": [
        3,
        2,
        4
      ]
    },
    {
      "id": "C53",
      "x": 58.75,
      "y": 47.8,
      "time_window": [
        450.0,
        1106.89
      ],
      "demand": [
        4,
        4,
        1
      ]
    },
    {
      "id": "C54",
      "x": 76.93,
      "y": 87.78,
      "time_window": [
        450.0,
        957.34
      ],
      "demand": [
        1,
        3,
        3
      ]
    },
    {
      "id": "C55",
      "x": 79.06,
      "y": 16.82,
      "time_window": [
        450.0,
        1518.74
      ],
      "demand": [
        1,
        2,
        3
      ]
    },
    {
      "id": "C56",
      "x": 6.65,
      "y": 4.37,
      "time_window": [
        450.0,
        1091.14
      ],
      "demand": [
        1,
        2,
        2
      ]
    },
    {
      "id": "C57",
      "x": 67.26,
      "y": 56.31,
      "time_window": [
        450.0,
        1184.14
      ],
      "demand": [
        1,
        2,
        2
      ]
    },
    {
      "id": "C58",
      "x": 52.24,
      "y": 26.66,
      "time_window": [
        450.0,
        1576.42
      ],
      "demand": [
        2,
        2,
        1
      ]
    },
    {
      "id": "C59",
      "x": 20.23,
      "y": 97.55,
      "time_window": [
        450.0,
        1567.83
      ],
      "demand": [
        2,
        4,
        1
      ]
    },
    {
      "id": "C60",
      "x": 66.5,
      "y": 36.4,
      "time_window": [
        450.0,
        1014.17
      ],
      "demand": [
        1,
        1,
        2
      ]
    },
    {
      "id": "C61",
      "x": 47.72,
      "y": 49.0,
      "time_window": [
        450.0,
        2083.64
      ],
      "demand": [
        1,
        1,
        4
      ]
    },
    {
      "id": "C62",
      "x": 84.08,
      "y": 93.66,
      "time_window": [
        450.0,
        1077.62
      ],
      "demand": [
        3,
        2,
        2
      ]
    },
    {
      "id": "C63",
      "x": 87.49,
      "y": 94.53,
      "time_window": [
        450.0,
        1197.66
      ],
      "demand": [
        4,
        3,
        3
      ]
    },
    {
      "id": "C64",
      "x": 58.78,
      "y": 45.7,
      "time_window": [
        450.0,
        2099.6
      ],
      "demand": [
        1,
        2,
        4
      ]
    },
    {
      "id": "C65",
      "x": 41.67,
      "y": 35.76,
      "time_window": [
        450.0,
        1911.94
      ],
      "demand": [
        3,
        2,
        4
      ]
    },
    {
      "id": "C66",
      "x": 71.96,
      "y": 60.0,
      "time_window": [
        450.0,
        2333.46
      ],
      "demand": [
        3,
        1,
        3
      ]
    },
    {
      "id": "C67",
      "x": 83.56,
      "y": 77.93,
      "time_window": [
        450.0,
        2546.26
      ],
      "demand": [
        2,
        4,
        2
      ]
    },
    {
      "id": "C68",
      "x": 15.92,
      "y": 86.58,
      "time_window": [
        450.0,
        2472.75
      ],
      "demand": [
        3,
        3,
        4
      ]
    },
    {
      "id": "C69",
      "x": 68.33,
      "y": 51.22,
      "time_window": [
        450.0,
        1157.73
      ],
      "demand": [
        4,
        1,
        3
      ]
    },
    {
      "id": "C70",
      "x": 50.62,
      "y": 57.61,
      "time_window": [
        450.0,
        1661.07
      ],
      "demand": [
        1,
        4,
        2
      ]
    },
    {
      "id": "C71",
      "x": 77.43,
      "y": 99.15,
      "time_window": [
        450.0,
        1653.04
      ],
      "demand": [
        1,
        3,
        1
      ]
    },
    {
      "id": "C72",
      "x": 42.32,
      "y": 36.47,
      "time_window": [
        450.0,
        2550
      ],
      "demand": [
        1,
        3,
        3
      ]
    },
    {
      "id": "C73",
      "x": 20.43,
      "y": 10.94,
      "time_window": [
        450.0,
        1407.64
      ],
      "demand": [
        4,
        2,
        4
      ]
    },
    {
      "id": "C74",
      "x": 31.79,
      "y": 51.08,
      "time_window": [
        450.0,
        1898.78
      ],
      "demand": [
        4,
        4,
        2
      ]
    },
    {
      "id": "C75",
      "x": 62.33,
      "y": 68.6,
      "time_window": [
        450.0,
        1665.75
      ],
      "demand": [
        3,
        1,
        3
      ]
    },
    {
      "id": "C76",
      "x": 39.14,
      "y": 39.85,
      "time_window": [
        450.0,
        976.94
      ],
      "demand": [
        2,
        4,
        1
      ]
    },
    {
      "id": "C77",
      "x": 86.52,
      "y": 22.42,
      "time_window": [
        450.0,
        1178.61
      ],
      "demand": [
        3,
        2,
        3
      ]
    },
    {
      "id": "C78",
      "x": 17.67,
      "y": 99.17,
      "time_window": [
        450.0,
        1428.47
      ],
      "demand": [
        4,
        4,
        3
      ]
    },
    {
      "id": "C79",
      "x": 3.6,
      "y": 76.19,
      "time_window": [
        450.0,
        2372.17
      ],
      "demand": [
        2,
        1,
        3
      ]
    },
    {
      "id": "C80",
      "x": 71.4,
      "y": 26.64,
      "time_window": [
        450.0,
        2014.67
      ],
      "demand": [
        3,
        1,
        2
      ]
    },
    {
      "id": "C81",
      "x": 7.87,
      "y": 88.75,
      "time_window": [
        450.0,
        2550
      ],
      "demand": [
        1,
        4,
        2
      ]
    },
    {
      "id": "C82",
      "x": 14.58,
      "y": 8.93,
      "time_window": [
        450.0,
        2335.15
      ],
      "demand": [
        1,
        1,
        3
      ]
    },
    {
      "id": "C83",
      "x": 86.39,
      "y": 0.55,
      "time_window": [
        450.0,
        1730.74
      ],
      "demand": [
        1,
        3,
        4
      ]
    },
    {
      "id": "C84",
      "x": 32.97,
      "y": 54.09,
      "time_window": [
        450.0,
        1652.04
      ],
      "demand": [
        2,
        4,
        2
      ]
    },
    {
      "id": "C85",
      "x": 24.24,
      "y": 20.41,
      "time_window": [
        450.0,
        1836.23
      ],
      "demand": [
        4,
        2,
        3
      ]
    },
    {
      "id": "C86",
      "x": 56.91,
      "y": 63.44,
      "time_window": [
        450.0,
        2308.07
      ],
      "demand": [
        2,
        4,
        2
      ]
    },
    {
      "id": "C87",
      "x": 36.11,
      "y": 41.93,
      "time_window": [
        450.0,
        2385.92
      ],
      "demand": [
        3,
        4,
        4
      ]
    },
    {
      "id": "C88",
      "x": 50.14,
      "y": 29.56,
      "time_window": [
        450.0,
        1956.18
      ],
      "demand": [
        1,
        1,
        2
      ]
    },
    {
      "id": "C89",
      "x": 60.45,
      "y": 47.07,
      "time_window": [
        450.0,
        1261.4
      ],
      "demand": [
        4,
        3,
        3
      ]
    },
    {
      "id": "C90",
      "x": 8.48,
      "y": 96.64,
      "time_window": [
        450.0,
        1279.41
      ],
      "demand": [
        1,
        3,
        3
      ]
    },
    {
      "id": "C91",
      "x": 58.94,
      "y": 29.65,
      "time_window": [
        450.0,
        1538.62
      ],
      "demand": [
        4,
        2,
        1
      ]
    },
    {
      "id": "C92",
      "x": 15.98,
      "y": 17.97,
      "time_window": [
        450.0,
        1891.15
      ],
      "demand": [
        2,
        4,
        1
      ]
    },
    {
      "id": "C93",
      "x": 6.96,
      "y": 23.33,
      "time_window": [
        450.0,
        2332.59
      ],
      "demand": [
        2,
        4,
        2
      ]
    },
    {
      "id": "C94",
      "x": 41.5,
      "y": 53.53,
      "time_window": [
        450.0,
        1812.02
      ],
      "demand": [
        1,
        1,
        1
      ]
    },
    {
      "id": "C95",
      "x": 27.01,
      "y": 29.31,
      "time_window": [
        450.0,
        1770.69
      ],
      "demand": [
        1,
        3,
        3
      ]
    },
    {
      "id": "C96",
      "x": 80.74,
      "y": 8.85,
      "time_window": [
        450.0,
        1158.28
      ],
      "demand": [
        4,
        4,
        1
      ]
    },
    {
      "id": "C97",
      "x": 98.27,
      "y": 77.03,
      "time_window": [
        450.0,
        2035.14
      ],
      "demand": [
        2,
        3,
        1
      ]
    },
    {
      "id": "C98",
      "x": 94.04,
      "y": 16.52,
      "time_window": [
        450.0,
        1210.67
      ],
      "demand": [
        2,
        4,
        2
      ]
    },
    {
      "id": "C99",
      "x": 58.68,
      "y": 57.47,
      "time_window": [
        450.0,
        2095.99
      ],
      "demand": [
        1,
        4,
        2
      ]
    },
    {
      "id": "C100",
      "x": 99.67,
      "y": 16.26,
      "time_window": [
        450.0,
        2518.22
      ],
      "demand": [
        2,
        1,
        2
      ]
    },
    {
      "id": "C101",
      "x": 10.4,
      "y": 76.65,
      "time_window": [
        450.0,
        2262.94
      ],
      "demand": [
        2,
        4,
        4
      ]
    },
    {
      "id": "C102",
      "x": 72.11,
      "y": 38.8,
      "time_window": [
        450.0,
        1039.49
      ],
      "demand": [
        2,
        4,
        3
      ]
    },
    {
      "id": "C103",
      "x": 42.19,
      "y": 65.17,
      "time_window": [
        450.0,
        1127.96
      ],
      "demand": [
        4,
        2,
        4
      ]
    },
    {
      "id": "C104",
      "x": 48.67,
      "y": 28.62,
      "time_window": [
        450.0,
        1631.37
      ],
      "demand": [
        1,
        2,
        3
      ]
    },
    {
      "id": "C105",
      "x": 13.09,
      "y": 97.94,
      "time_window": [
        450.0,
        2438.83
      ],
      "demand": [
        3,
        4,
        2
      ]
    },
    {
      "id": "C106",
      "x": 32.25,
      "y": 56.86,
      "time_window": [
        450.0,
        2089.72
      ],
      "demand": [
        3,
        2,
        1
      ]
    },
    {
      "id": "C107",
      "x": 28.33,
      "y": 41.72,
      "time_window": [
        450.0,
        1754.49
      ],
      "demand": [
        1,
        3,
        1
      ]
    },
    {
      "id": "C108",
      "x": 38.43,
      "y": 36.17,
      "time_window": [
        450.0,
        1714.52
      ],
      "demand": [
        2,
        4,
        3
      ]
    },
    {
      "id": "C109",
      "x": 8.02,
      "y": 81.11,
      "time_window": [
        450.0,
        1891.48
      ],
      "demand": [
        1,
        4,
        3
      ]
    },
    {
      "id": "C110",
      "x": 10.14,
      "y": 93.85,
      "time_window": [
        450.0,
        1118.22
      ],
      "demand": [
        2,
        2,
        1
      ]
    },
    {
      "id": "C111",
      "x": 24.82,
      "y": 19.7,
      "time_window": [
        450.0,
        2522.02
      ],
      "demand": [
        2,
        3,
        3
      ]
    },
    {
      "id": "C112",
      "x": 83.68,
      "y": 82.57,
      "time_window": [
        450.0,
        2361.27
      ],
      "demand": [
        3,
        3,
        4
      ]
    },
    {
      "id": "C113",
      "x": 27.79,
      "y": 33.1,
      "time_window": [
        450.0,
        2370.36
      ],
      "demand": [
        3,
        4,
        2
      ]
    },
    {
      "id": "C114",
      "x": 69.66,
      "y": 60.7,
      "time_window": [
        450.0,
        1359.12
      ],
      "demand": [
        3,
        3,
        4
      ]
    },
    {
      "id": "C115",
      "x": 72.54,
      "y": 26.96,
      "time_window": [
        450.0,
        1199.67
      ],
      "demand": [
        4,
        3,
        4
      ]
    },
    {
      "id": "C116",
      "x": 54.61,
      "y": 71.45,
      "time_window": [
        450.0,
        2392.2
      ],
      "demand": [
        3,
        2,
        4
      ]
    },
    {
      "id": "C117",
      "x": 32.37,
      "y": 67.97,
      "time_window": [
        450.0,
        1831.47
      ],
      "demand": [
        1,
        4,
        1
      ]
    },
    {
      "id": "C118",
      "x": 30.72,
      "y": 28.93,
      "time_window": [
        450.0,
        1789.89
      ],
      "demand": [
        2,
        1,
        1
      ]
    },
    {
      "id": "C119",
      "x": 64.24,
      "y": 45.74,
      "time_window": [
        450.0,
        2196.23
      ],
      "demand": [
        3,
        2,
        4
      ]
    },
    {
      "id": "C120",
      "x": 98.64,
      "y": 79.51,
      "time_window": [
        450.0,
        1933.11
      ],
      "demand": [
        2,
        4,
        3
      ]
    },
    {
      "id": "C121",
      "x": 77.6,
      "y": 90.11,
      "time_window": [
        450.0,
        1642.07
      ],
      "demand": [
        3,
        1,
        3
      ]
    },
    {
      "id": "C122",
      "x": 40.3,
      "y": 38.16,
      "time_window": [
        450.0,
        1137.13
      ],
      "demand": [
        1,
        2,
        1
      ]
    },
    {
      "id": "C123",
      "x": 39.88,
      "y": 54.06,
      "time_window": [
        450.0,
        1672.45
      ],
      "demand": [
        3,
        4,
        4
      ]
    },
    {
      "id": "C124",
      "x": 86.62,
      "y": 1.48,
      "time_window": [
        450.0,
        2041.02
      ],
      "demand": [
        2,
        4,
        2
      ]
    },
    {
      "id": "C125",
      "x": 16.98,
      "y": 99.87,
      "time_window": [
        450.0,
        2078.85
      ],
      "demand": [
        4,
        2,
        3
      ]
    },
    {
      "id": "C126",
      "x": 52.61,
      "y": 63.68,
      "time_window": [
        450.0,
        1378.99
      ],
      "demand": [
        4,
        3,
        4
      ]
    },
    {
      "id": "C127",
      "x": 68.65,
      "y": 71.18,
      "time_window": [
        450.0,
        1107.55
      ],
      "demand": [
        3,
        2,
        4
      ]
    },
    {
      "id": "C128",
      "x": 93.55,
      "y": 2.34,
      "time_window": [
        450.0,
        2240.26
      ],
      "demand": [
        1,
        4,
        2
      ]
    },
    {
      "id": "C129",
      "x": 44.48,
      "y": 43.23,
      "time_window": [
        450.0,
        2356.72
      ],
      "demand": [
        1,
        2,
        4
      ]
    },
    {
      "id": "C130",
      "x": 32.65,
      "y": 42.21,
      "time_window": [
        450.0,
        2366.96
      ],
      "demand": [
        4,
        4,
        3
      ]
    },
    {
      "id": "C131",
      "x": 34.29,
      "y": 50.72,
      "time_window": [
        450.0,
        1627.74
      ],
      "demand": [
        1,
        1,
        1
      ]
    },
    {
      "id": "C132",
      "x": 50.48,
      "y": 28.65,
      "time_window": [
        450.0,
        1309.22
      ],
      "demand": [
        3,
        1,
        1
      ]
    },
    {
      "id": "C133",
      "x": 76.94,
      "y": 0.67,
      "time_window": [
        450.0,
        1077.53
      ],
      "demand": [
        1,
        2,
        2
      ]
    },
    {
      "id": "C134",
      "x": 72.18,
      "y": 51.01,
      "time_window": [
        450.0,
        1160.11
      ],
      "demand": [
        1,
        1,
        4
      ]
    },
    {
      "id": "C135",
      "x": 12.0,
      "y": 80.29,
      "time_window": [
        450.0,
        1958.94
      ],
      "demand": [
        4,
        1,
        1
      ]
    },
    {
      "id": "C136",
      "x": 46.8,
      "y": 42.77,
      "time_window": [
        450.0,
        1753.56
      ],
      "demand": [
        3,
        3,
        3
      ]
    },
    {
      "id": "C137",
      "x": 48.62,
      "y": 71.49,
      "time_window": [
        450.0,
        1960.97
      ],
      "demand": [
        1,
        4,
        4
      ]
    },
    {
      "id": "C138",
      "x": 60.61,
      "y": 36.57,
      "time_window": [
        450.0,
        2449.95
      ],
      "demand": [
        1,
        3,
        3
      ]
    },
    {
      "id": "C139",
      "x": 85.96,
      "y": 13.34,
      "time_window": [
        450.0,
        1402.41
      ],
      "demand": [
        1,
        3,
        4
      ]
    },
    {
      "id": "C140",
      "x": 33.08,
      "y": 31.51,
      "time_window": [
        450.0,
        2537.35
      ],
      "demand": [
        3,
        1,
        3
      ]
    },
    {
      "id": "C141",
      "x": 55.61,
      "y": 50.61,
      "time_window": [
        450.0,
        1887.35
      ],
      "demand": [
        3,
        3,
        2
      ]
    },
    {
      "id": "C142",
      "x": 48.28,
      "y": 32.73,
      "time_window": [
        450.0,
        1981.28
      ],
      "demand": [
        2,
        2,
        3
      ]
    },
    {
      "id": "C143",
      "x": 54.02,
      "y": 44.63,
      "time_window": [
        450.0,
        2335.54
      ],
      "demand": [
        1,
        3,
        3
      ]
    },
    {
      "id": "C144",
      "x": 30.02,
      "y": 31.99,
      "time_window": [
        450.0,
        2466.36
      ],
      "demand": [
        4,
        2,
        1
      ]
    },
    {
      "id": "C145",
      "x": 66.19,
      "y": 59.03,
      "time_window": [
        450.0,
        2550
      ],
      "demand": [
        2,
        2,
        4
      ]
    },
    {
      "id": "C146",
      "x": 93.04,
      "y": 77.02,
      "time_window": [
        450.0,
        1549.14
      ],
      "demand": [
        3,
        1,
        3
      ]
    },
    {
      "id": "C147",
      "x": 83.79,
      "y": 9.36,
      "time_window": [
        450.0,
        1977.14
      ],
      "demand": [
        1,
        3,
        2
      ]
    },
    {
      "id": "C148",
      "x": 17.57,
      "y": 96.85,
      "time_window": [
        450.0,
        2479.53
      ],
      "demand": [
        4,
        4,
        4
      ]
    },
    {
      "id": "C149",
      "x": 59.1,
      "y": 28.74,
      "time_window": [
        450.0,
        2173.43
      ],
      "demand": [
        3,
        1,
        2
      ]
    },
    {
      "id": "C150",
      "x": 79.47,
      "y": 7.54,
      "time_window": [
        450.0,
        1413.76
      ],
      "demand": [
        2,
        1,
        1
      ]
    },
    {
      "id": "C151",
      "x": 49.21,
      "y": 31.32,
      "time_window": [
        450.0,
        2207.09
      ],
      "demand": [
        1,
        2,
        3
      ]
    },
    {
      "id": "C152",
      "x": 71.2,
      "y": 66.87,
      "time_window": [
        450.0,
        1350.02
      ],
      "demand": [
        1,
        4,
        1
      ]
    },
    {
      "id": "C153",
      "x": 44.22,
      "y": 74.44,
      "time_window": [
        450.0,
        1875.21
      ],
      "demand": [
        1,
        4,
        3
      ]
    },
    {
      "id": "C154",
      "x": 26.02,
      "y": 48.97,
      "time_window": [
        450.0,
        2268.22
      ],
      "demand": [
        2,
        3,
        3
      ]
    },
    {
      "id": "C155",
      "x": 35.32,
      "y": 44.28,
      "time_window": [
        450.0,
        2235.46
      ],
      "demand": [
        1,
        1,
        2
      ]
    },
    {
      "id": "C156",
      "x": 81.45,
      "y": 95.82,
      "time_window": [
        450.0,
        1397.09
      ],
      "demand": [
        4,
        3,
        1
      ]
    },
    {
      "id": "C157",
      "x": 6.21,
      "y": 94.46,
      "time_window": [
        450.0,
        2550
      ],
      "demand": [
        4,
        3,
        2
      ]
    },
    {
      "id": "C158",
      "x": 16.24,
      "y": 82.02,
      "time_window": [
        450.0,
        1447.51
      ],
      "demand": [
        3,
        2,
        4
      ]
    },
    {
      "id": "C159",
      "x": 51.46,
      "y": 47.64,
      "time_window": [
        450.0,
        2369.96
      ],
      "demand": [
        1,
        2,
        4
      ]
    },
    {
      "id": "C160",
      "x": 9.95,
      "y": 92.79,
      "time_window": [
        450.0,
        1560.69
      ],
      "demand": [
        3,
        4,
        1
      ]
    },
    {
      "id": "C161",
      "x": 15.24,
      "y": 15.09,
      "time_window": [
        450.0,
        2426.01
      ],
      "demand": [
        4,
        3,
        2
      ]
    },
    {
      "id": "C162",
      "x": 57.41,
      "y": 36.41,
      "time_window": [
        450.0,
        2218.72
      ],
      "demand": [
        2,
        2,
        4
      ]
    },
    {
      "id": "C163",
      "x": 24.61,
      "y": 1.47,
      "time_window": [
        450.0,
        1748.39
      ],
      "demand": [
        3,
        1,
        3
      ]
    },
    {
      "id": "C164",
      "x": 27.04,
      "y": 45.01,
      "time_window": [
        450.0,
        2352.83
      ],
      "demand": [
        4,
        4,
        4
      ]
    },
    {
      "id": "C165",
      "x": 41.02,
      "y": 60.32,
      "time_window": [
        450.0,
        1717.62
      ],
      "demand": [
        4,
        2,
        2
      ]
    },
    {
      "id": "C166",
      "x": 5.3,
      "y": 87.06,
      "time_window": [
        450.0,
        1925.72
      ],
      "demand": [
        1,
        2,
        3
      ]
    },
    {
      "id": "C167",
      "x": 38.98,
      "y": 66.67,
      "time_window": [
        450.0,
        1623.27
      ],
      "demand": [
        4,
        4,
        3
      ]
    },
    {
      "id": "C168",
      "x": 82.41,
      "y": 0.44,
      "time_window": [
        450.0,
        1009.63
      ],
      "demand": [
        2,
        2,
        4
      ]
    },
    {
      "id": "C169",
      "x": 61.94,
      "y": 27.02,
      "time_window": [
        450.0,
        1991.03
      ],
      "demand": [
        1,
        1,
        4
      ]
    },
    {
      "id": "C170",
      "x": 94.25,
      "y": 4.69,
      "time_window": [
        450.0,
        1193.04
      ],
      "demand": [
        2,
        3,
        1
      ]
    },
    {
      "id": "C171",
      "x": 32.39,
      "y": 61.91,
      "time_window": [
        450.0,
        2175.11
      ],
      "demand": [
        1,
        1,
        2
      ]
    },
    {
      "id": "C172",
      "x": 7.15,
      "y": 76.95,
      "time_window": [
        450.0,
        2463.65
      ],
      "demand": [
        2,
        4,
        2
      ]
    },
    {
      "id": "C173",
      "x": 93.84,
      "y": 90.24,
      "time_window": [
        450.0,
        1455.73
      ],
      "demand": [
        1,
        3,
        1
      ]
    },
    {
      "id": "C174",
      "x": 27.39,
      "y": 29.76,
      "time_window": [
        450.0,
        1703.84
      ],
      "demand": [
        2,
        4,
        4
      ]
    },
    {
      "id": "C175",
      "x": 7.15,
      "y": 0.3,
      "time_window": [
        450.0,
        2349.96
      ],
      "demand": [
        2,
        4,
        3
      ]
    },
    {
      "id": "C176",
      "x": 82.44,
      "y": 2.09,
      "time_window": [
        450.0,
        1027.32
      ],
      "demand": [
        4,
        4,
        4
      ]
    },
    {
      "id": "C177",
      "x": 35.71,
      "y": 36.39,
      "time_window": [
        450.0,
        1583.14
      ],
      "demand": [
        2,
        2,
        2
      ]
    },
    {
      "id": "C178",
      "x": 84.33,
      "y": 17.8,
      "time_window": [
        450.0,
        2343.28
      ],
      "demand": [
        1,
        2,
        2
      ]
    },
    {
      "id": "C179",
      "x": 45.09,
      "y": 63.06,
      "time_window": [
        450.0,
        1820.18
      ],
      "demand": [
        4,
        4,
        2
      ]
    },
    {
      "id": "C180",
      "x": 55.52,
      "y": 35.12,
      "time_window": [
        450.0,
        1442.61
      ],
      "demand": [
        2,
        3,
        2
      ]
    },
    {
      "id": "C181",
      "x": 32.58,
      "y": 55.92,
      "time_window": [
        450.0,
        1100.78
      ],
      "demand": [
        4,
        3,
        1
      ]
    },
    {
      "id": "C182",
      "x": 46.68,
      "y": 71.61,
      "time_window": [
        450.0,
        1152.35
      ],
      "demand": [
        2,
        2,
        1
      ]
    },
    {
      "id": "C183",
      "x": 36.07,
      "y": 60.97,
      "time_window": [
        450.0,
        1734.32
      ],
      "demand": [
        2,
        4,
        4
      ]
    },
    {
      "id": "C184",
      "x": 94.72,
      "y": 13.38,
      "time_window": [
        450.0,
        1632.12
      ],
      "demand": [
        3,
        4,
        2
      ]
    },
    {
      "id": "C185",
      "x": 27.77,
      "y": 32.44,
      "time_window": [
        450.0,
        960.02
      ],
      "demand": [
        1,
        4,
        4
      ]
    },
    {
      "id": "C186",
      "x": 96.77,
      "y": 89.29,
      "time_window": [
        450.0,
        1078.09
      ],
      "demand": [
        3,
        1,
        1
      ]
    },
    {
      "id": "C187",
      "x": 66.46,
      "y": 58.04,
      "time_window": [
        450.0,
        1704.8
      ],
      "demand": [
        1,
        3,
        4
      ]
    },
    {
      "id": "C188",
      "x": 68.42,
      "y": 71.99,
      "time_window": [
        450.0,
        2136.04
      ],
      "demand": [
        2,
        4,
        3
      ]
    },
    {
      "id": "C189",
      "x": 14.24,
      "y": 20.1,
      "time_window": [
        450.0,
        1805.97
      ],
      "demand": [
        1,
        2,
        1
      ]
    },
    {
      "id": "C190",
      "x": 43.68,
      "y": 65.02,
      "time_window": [
        450.0,
        2022.32
      ],
      "demand": [
        1,
        4,
        1
      ]
    },
    {
      "id": "C191",
      "x": 71.55,
      "y": 48.64,
      "time_window": [
        450.0,
        2162.73
      ],
      "demand": [
        3,
        1,
        3
      ]
    },
    {
      "id": "C192",
      "x": 35.02,
      "y": 40.1,
      "time_window": [
        450.0,
        964.15
      ],
      "demand": [
        3,
        1,
        1
      ]
    },
    {
      "id": "C193",
      "x": 55.13,
      "y": 54.96,
      "time_window": [
        450.0,
        2227.84
      ],
      "demand": [
        3,
        3,
        4
      ]
    },
    {
      "id": "C194",
      "x": 43.28,
      "y": 33.5,
      "time_window": [
        450.0,
        2464.53
      ],
      "demand": [
        4,
        3,
        4
      ]
    },
    {
      "id": "C195",
      "x": 51.95,
      "y": 38.78,
      "time_window": [
        450.0,
        1257.55
      ],
      "demand": [
        4,
        3,
        1
      ]
    },
    {
      "id": "C196",
      "x": 46.09,
      "y": 72.2,
      "time_window": [
        450.0,
        1611.09
      ],
      "demand": [
        1,
        2,
        1
      ]
    },
    {
      "id": "C197",
      "x": 37.13,
      "y": 60.39,
      "time_window": [
        450.0,
        1642.67
      ],
      "demand": [
        2,
        4,
        4
      ]
    },
    {
      "id": "C198",
      "x": 43.02,
      "y": 56.42,
      "time_window": [
        450.0,
        1373.35
      ],
      "demand": [
        4,
        1,
        4
      ]
    },
    {
      "id": "C199",
      "x": 83.11,
      "y": 12.24,
      "time_window": [
        450.0,
        1417.87
      ],
      "demand": [
        1,
        4,
        3
      ]
    },
    {
      "id": "C200",
      "x": 26.19,
      "y": 29.16,
      "time_window": [
        450.0,
        1750.85
      ],
      "demand": [
        4,
        3,
        4
      ]
    }
  ]
}