{
  "set_id": 6,
  "inst_id": 4,
  "vehicles": {
    "CT": {
      "count": 10,
      "capacity": 1500,
      "fixed_cost": 1500,
      "unit_cost_factor": 1.2
    },
    "UV": {
      "count": 20,
      "capacity": 500,
      "fixed_cost": 500,
      "unit_cost_factor": 1.1
    }
  },
  "P": 3,
  "item_weights": [
    10,
    15,
    15
  ],
  "inventory_ratio": 1.4,
  "FCs": [
    {
      "id": "FC1",
      "x": 25,
      "y": 25,
      "time_window": [
        0.0,
        3000.0
      ],
      "inventory": [
        81,
        99,
        87
      ]
    },
    {
      "id": "FC2",
      "x": 75,
      "y": 75,
      "time_window": [
        0.0,
        3000.0
      ],
      "inventory": [
        90,
        74,
        79
      ]
    }
  ],
  "DCs": [
    {
      "id": "DC1",
      "x": 54.92,
      "y": 96.02,
      "time_window": [
        300.0,
        2700.0
      ]
    },
    {
      "id": "DC2",
      "x": 12.29,
      "y": 50.0,
      "time_window": [
        300.0,
        2700.0
      ]
    },
    {
      "id": "DC3",
      "x": 83.46,
      "y": 60.23,
      "time_window": [
        300.0,
        2700.0
      ]
    },
    {
      "id": "DC4",
      "x": 53.76,
      "y": 92.37,
      "time_window": [
        300.0,
        2700.0
      ]
    }
  ],
  "CDPs": [
    {
      "id": "CDP1",
      "x": 74.99,
      "y": 19.89,
      "time_window": [
        0.0,
        3000.0
      ],
      "capacity": 191
    },
    {
      "id": "CDP2",
      "x": 58.3,
      "y": 51.94,
      "time_window": [
        0.0,
        3000.0
      ],
      "capacity": 169
    },
    {
      "id": "CDP3",
      "x": 44.82,
      "y": 39.41,
      "time_window": [
        0.0,
        3000.0
      ],
      "capacity": 238
    },
    {
      "id": "CDP4",
      "x": 0.71,
      "y": 26.12,
      "time_window": [
        0.0,
        3000.0
      ],
      "capacity": 158
    },
    {
      "id": "CDP5",
      "x": 61.75,
      "y": 23.63,
      "time_window": [
        0.0,
        3000.0
      ],
      "capacity": 151
    },
    {
      "id": "CDP6",
      "x": 27.69,
      "y": 76.84,
      "time_window": [
        0.0,
        3000.0
      ],
      "capacity": 179
    },
    {
      "id": "CDP7",
      "x": 80.29,
      "y": 6.68,
      "time_window": [
        0.0,
        3000.0
      ],
      "capacity": 201
    },
    {
      "id": "CDP8",
      "x": 0.98,
      "y": 74.76,
      "time_window": [
        0.0,
        3000.0
      ],
      "capacity": 251
    },
    {
      "id": "CDP9",
      "x": 87.61,
      "y": 33.49,
      "time_window": [
        0.0,
        3000.0
      ],
      "capacity": 221
    },
    {
      "id": "CDP10",
      "x": 46.61,
      "y": 5.76,
      "time_window": [
        0.0,
        3000.0
      ],
      "capacity": 126
    },
    {
      "id": "CDP11",
      "x": 24.75,
      "y": 50.68,
      "time_window": [
        0.0,
        3000.0
      ],
      "capacity": 189
    },
    {
      "id": "CDP12",
      "x": 78.3,
      "y": 73.51,
      "time_window": [
        0.0,
        3000.0
      ],
      "capacity": 148
    },
    {
      "id": "CDP13",
      "x": 62.72,
      "y": 63.65,
      "time_window": [
        0.0,
        3000.0
      ],
      "capacity": 278
    },
    {
      "id": "CDP14",
      "x": 62.89,
      "y": 64.37,
      "time_window": [
        0.0,
        3000.0
      ],
      "capacity": 213
    },
    {
      "id": "CDP15",
      "x": 9.77,
      "y": 62.37,
      "time_window": [
        0.0,
        3000.0
      ],
      "capacity": 127
    },
    {
      "id": "CDP16",
      "x": 19.42,
      "y": 66.38,
      "time_window": [
        0.0,
        3000.0
      ],
      "capacity": 132
    },
    {
      "id": "CDP17",
      "x": 36.79,
      "y": 93.79,
      "time_window": [
        0.0,
        3000.0
      ],
      "capacity": 104
    },
    {
      "id": "CDP18",
      "x": 64.43,
      "y": 98.67,
      "time_window": [
        0.0,
        3000.0
      ],
      "capacity": 110
    },
    {
      "id": "CDP19",
      "x": 98.6,
      "y": 67.85,
      "time_window": [
        0.0,
        3000.0
      ],
      "capacity": 136
    },
    {
      "id": "CDP20",
      "x": 53.17,
      "y": 91.67,
      "time_window": [
        0.0,
        3000.0
      ],
      "capacity": 235
    },
    {
      "id": "CDP21",
      "x": 79.25,
      "y": 94.73,
      "time_window": [
        0.0,
        3000.0
      ],
      "capacity": 149
    },
    {
      "id": "CDP22",
      "x": 50.83,
      "y": 2.89,
      "time_window": [
        0.0,
        3000.0
      ],
      "capacity": 270
    },
    {
      "id": "CDP23",
      "x": 84.38,
      "y": 82.72,
      "time_window": [
        0.0,
        3000.0
      ],
      "capacity": 108
    },
    {
      "id": "CDP24",
      "x": 9.25,
      "y": 14.99,
      "time_window": [
        0.0,
        3000.0
      ],
      "capacity": 181
    },
    {
      "id": "CDP25",
      "x": 50.87,
      "y": 28.45,
      "time_window": [
        0.0,
        3000.0
      ],
      "capacity": 194
    },
    {
      "id": "CDP26",
      "x": 33.15,
      "y": 95.88,
      "time_window": [
        0.0,
        3000.0
      ],
      "capacity": 299
    },
    {
      "id": "CDP27",
      "x": 64.37,
      "y": 6.86,
      "time_window": [
        0.0,
        3000.0
      ],
      "capacity": 163
    },
    {
      "id": "CDP28",
      "x": 91.87,
      "y": 43.53,
      "time_window": [
        0.0,
        3000.0
      ],
      "capacity": 220
    },
    {
      "id": "CDP29",
      "x": 99.8,
      "y": 72.75,
      "time_window": [
        0.0,
        3000.0
      ],
      "capacity": 160
    },
    {
      "id": "CDP30",
      "x": 95.1,
      "y": 46.95,
      "time_window": [
        0.0,
        3000.0
      ],
      "capacity": 216
    }
  ],
  "Customers": [
    {
      "id": "C1",
      "x": 86.37,
      "y": 3.12,
      "time_window": [
        450.0,
        2404.82
      ],
      "demand": [
        3,
        3,
        2
      ]
    },
    {
      "id": "C2",
      "x": 90.87,
      "y": 24.07,
      "time_window": [
        450.0,
        1065.24
      ],
      "demand": [
        2,
        3,
        3
      ]
    },
    {
      "id": "C3",
      "x": 64.34,
      "y": 33.82,
      "time_window": [
        450.0,
        1526.25
      ],
      "demand": [
        2,
        3,
        3
      ]
    },
    {
      "id": "C4",
      "x": 61.35,
      "y": 56.04,
      "time_window": [
        450.0,
        2043.99
      ],
      "demand": [
        2,
        3,
        1
      ]
    },
    {
      "id": "C5",
      "x": 69.32,
      "y": 44.82,
      "time_window": [
        450.0,
        1802.46
      ],
      "demand": [
        1,
        3,
        1
      ]
    },
    {
      "id": "C6",
      "x": 59.96,
      "y": 49.01,
      "time_window": [
        450.0,
        1190.61
      ],
      "demand": [
        4,
        4,
        3
      ]
    },
    {
      "id": "C7",
      "x": 13.89,
      "y": 1.35,
      "time_window": [
        450.0,
        2274.02
      ],
      "demand": [
        3,
        1,
        4
      ]
    },
    {
      "id": "C8",
      "x": 94.87,
      "y": 18.46,
      "time_window": [
        450.0,
        1712.32
      ],
      "demand": [
        2,
        2,
        3
      ]
    },
    {
      "id": "C9",
      "x": 40.09,
      "y": 30.33,
      "time_window": [
        450.0,
        1651.08
      ],
      "demand": [
        3,
        4,
        2
      ]
    },
    {
      "id": "C10",
      "x": 70.32,
      "y": 58.62,
      "time_window": [
        450.0,
        1677.18
      ],
      "demand": [
        1,
        2,
        4
      ]
    },
    {
      "id": "C11",
      "x": 50.86,
      "y": 68.49,
      "time_window": [
        450.0,
        1731.17
      ],
      "demand": [
        1,
        2,
        3
      ]
    },
    {
      "id": "C12",
      "x": 98.94,
      "y": 85.38,
      "time_window": [
        450.0,
        2364.75
      ],
      "demand": [
        2,
        3,
        3
      ]
    },
    {
      "id": "C13",
      "x": 52.41,
      "y": 64.35,
      "time_window": [
        450.0,
        1047.14
      ],
      "demand": [
        4,
        3,
        3
      ]
    },
    {
      "id": "C14",
      "x": 46.63,
      "y": 46.57,
      "time_window": [
        450.0,
        1095.23
      ],
      "demand": [
        1,
        4,
        4
      ]
    },
    {
      "id": "C15",
      "x": 86.91,
      "y": 11.63,
      "time_window": [
        450.0,
        1071.26
      ],
      "demand": [
        3,
        4,
        4
      ]
    },
    {
      "id": "C16",
      "x": 90.38,
      "y": 16.77,
      "time_window": [
        450.0,
        1723.08
      ],
      "demand": [
        2,
        2,
        1
      ]
    },
    {
      "id": "C17",
      "x": 4.57,
      "y": 88.37,
      "time_window": [
        450.0,
        2103.35
      ],
      "demand": [
        4,
        1,
        2
      ]
    },
    {
      "id": "C18",
      "x": 51.0,
      "y": 46.15,
      "time_window": [
        450.0,
        1403.41
      ],
      "demand": [
        1,
        3,
        3
      ]
    },
    {
      "id": "C19",
      "x": 36.51,
      "y": 63.73,
      "time_window": [
        450.0,
        1950.41
      ],
      "demand": [
        2,
        1,
        2
      ]
    },
    {
      "id": "C20",
      "x": 94.84,
      "y": 92.24,
      "time_window": [
        450.0,
        1117.97
      ],
      "demand": [
        1,
        3,
        3
      ]
    },
    {
      "id": "C21",
      "x": 43.84,
      "y": 40.7,
      "time_window": [
        450.0,
        1306.76
      ],
      "demand": [
        3,
        4,
        2
      ]
    },
    {
      "id": "C22",
      "x": 52.65,
      "y": 65.9,
      "time_window": [
        450.0,
        1420.11
      ],
      "demand": [
        4,
        1,
        3
      ]
    },
    {
      "id": "C23",
      "x": 86.38,
      "y": 89.49,
      "time_window": [
        450.0,
        1400.26
      ],
      "demand": [
        4,
        4,
        1
      ]
    },
    {
      "id": "C24",
      "x": 6.28,
      "y": 19.94,
      "time_window": [
        450.0,
        2239.6
      ],
      "demand": [
        4,
        4,
        2
      ]
    },
    {
      "id": "C25",
      "x": 97.84,
      "y": 82.18,
      "time_window": [
        450.0,
        2170.41
      ],
      "demand": [
        1,
        2,
        2
      ]
    },
    {
      "id": "C26",
      "x": 22.05,
      "y": 85.55,
      "time_window": [
        450.0,
        2054.39
      ],
      "demand": [
        3,
        1,
        1
      ]
    },
    {
      "id": "C27",
      "x": 42.88,
      "y": 38.46,
      "time_window": [
        450.0,
        2487.26
      ],
      "demand": [
        1,
        2,
        1
      ]
    },
    {
      "id": "C28",
      "x": 56.14,
      "y": 48.63,
      "time_window": [
        450.0,
        2541.41
      ],
      "demand": [
        1,
        4,
        1
      ]
    },
    {
      "id": "C29",
      "x": 63.29,
      "y": 45.14,
      "time_window": [
        450.0,
        1468.83
      ],
      "demand": [
        1,
        2,
        1
      ]
    },
    {
      "id": "C30",
      "x": 4.2,
      "y": 87.0,
      "time_window": [
        450.0,
        1572.18
      ],
      "demand": [
        3,
        2,
        2
      ]
    },
    {
      "id": "C31",
      "x": 60.11,
      "y": 36.05,
      "time_window": [
        450.0,
        1365.96
      ],
      "demand": [
        3,
        1,
        1
      ]
    },
    {
      "id": "C32",
      "x": 61.35,
      "y": 64.75,
      "time_window": [
        450.0,
        1642.19
      ],
      "demand": [
        1,
        1,
        1
      ]
    },
    {
      "id": "C33",
      "x": 49.07,
      "y": 41.87,
      "time_window": [
        450.0,
        1749.67
      ],
      "demand": [
        4,
        2,
        3
      ]
    },
    {
      "id": "C34",
      "x": 32.58,
      "y": 30.03,
      "time_window": [
        450.0,
        1355.39
      ],
      "demand": [
        2,
        4,
        1
      ]
    },
    {
      "id": "C35",
      "x": 20.0,
      "y": 2.91,
      "time_window": [
        450.0,
        1232.08
      ],
      "demand": [
        1,
        3,
        2
      ]
    },
    {
      "id": "C36",
      "x": 8.03,
      "y": 77.41,
      "time_window": [
        450.0,
        2421.83
      ],
      "demand": [
        4,
        4,
        1
      ]
    },
    {
      "id": "C37",
      "x": 48.19,
      "y": 39.76,
      "time_window": [
        450.0,
        2067.85
      ],
      "demand": [
        1,
        3,
        3
      ]
    },
    {
      "id": "C38",
      "x": 22.8,
      "y": 79.07,
      "time_window": [
        450.0,
        1823.61
      ],
      "demand": [
        4,
        1,
        2
      ]
    },
    {
      "id": "C39",
      "x": 53.06,
      "y": 28.06,
      "time_window": [
        450.0,
        1695.63
      ],
      "demand": [
        1,
        2,
        2
      ]
    },
    {
      "id": "C40",
      "x": 52.75,
      "y": 33.11,
      "time_window": [
        450.0,
        1790.05
      ],
      "demand": [
        2,
        1,
        4
      ]
    },
    {
      "id": "C41",
      "x": 97.54,
      "y": 99.34,
      "time_window": [
        450.0,
        1224.19
      ],
      "demand": [
        2,
        2,
        4
      ]
    },
    {
      "id": "C42",
      "x": 68.68,
      "y": 48.3,
      "time_window": [
        450.0,
        1917.86
      ],
      "demand": [
        4,
        2,
        3
      ]
    },
    {
      "id": "C43",
      "x": 35.52,
      "y": 39.7,
      "time_window": [
        450.0,
        1354.07
      ],
      "demand": [
        2,
        4,
        1
      ]
    },
    {
      "id": "C44",
      "x": 16.99,
      "y": 76.0,
      "time_window": [
        450.0,
        2162.8
      ],
      "demand": [
        2,
        1,
        4
      ]
    },
    {
      "id": "C45",
      "x": 38.67,
      "y": 60.55,
      "time_window": [
        450.0,
        1676.5
      ],
      "demand": [
        2,
        4,
        3
      ]
    },
    {
      "id": "C46",
      "x": 54.15,
      "y": 48.04,
      "time_window": [
        450.0,
        1385.36
      ],
      "demand": [
        3,
        1,
        4
      ]
    },
    {
      "id": "C47",
      "x": 95.99,
      "y": 8.27,
      "time_window": [
        450.0,
        2509.08
      ],
      "demand": [
        3,
        2,
        3
      ]
    },
    {
      "id": "C48",
      "x": 74.37,
      "y": 33.1,
      "time_window": [
        450.0,
        1680.06
      ],
      "demand": [
        4,
        1,
        2
      ]
    },
    {
      "id": "C49",
      "x": 28.63,
      "y": 40.81,
      "time_window": [
        450.0,
        2514.23
      ],
      "demand": [
        4,
        3,
        2
      ]
    },
    {
      "id": "C50",
      "x": 34.24,
      "y": 64.07,
      "time_window": [
        450.0,
        2195.99
      ],
      "demand": [
        4,
        1,
        2
      ]
    }
  ]
}