{
  "set_id": 7,
  "inst_id": 5,
  "vehicles": {
    "CT": {
      "count": 16,
      "capacity": 1500,
      "fixed_cost": 1500,
      "unit_cost_factor": 1.2
    },
    "UV": {
      "count": 32,
      "capacity": 500,
      "fixed_cost": 500,
      "unit_cost_factor": 1.1
    }
  },
  "P": 3,
  "item_weights": [
    5,
    15,
    15
  ],
  "inventory_ratio": 1.1,
  "FCs": [
    {
      "id": "FC1",
      "x": 25,
      "y": 25,
      "time_window": [
        0.0,
        3000.0
      ],
      "inventory": [
        47,
        52,
        51
      ]
    },
    {
      "id": "FC2",
      "x": 25,
      "y": 75,
      "time_window": [
        0.0,
        3000.0
      ],
      "inventory": [
        44,
        58,
        63
      ]
    },
    {
      "id": "FC3",
      "x": 75,
      "y": 25,
      "time_window": [
        0.0,
        3000.0
      ],
      "inventory": [
        53,
        52,
        57
      ]
    },
    {
      "id": "FC4",
      "x": 75,
      "y": 75,
      "time_window": [
        0.0,
        3000.0
      ],
      "inventory": [
        57,
        54,
        66
      ]
    }
  ],
  "DCs": [
    {
      "id": "DC1",
      "x": 70.62,
      "y": 44.21,
      "time_window": [
        300.0,
        2700.0
      ]
    },
    {
      "id": "DC2",
      "x": 65.93,
      "y": 62.43,
      "time_window": [
        300.0,
        2700.0
      ]
    },
    {
      "id": "DC3",
      "x": 52.41,
      "y": 4.18,
      "time_window": [
        300.0,
        2700.0
      ]
    },
    {
      "id": "DC4",
      "x": 12.07,
      "y": 96.09,
      "time_window": [
        300.0,
        2700.0
      ]
    },
    {
      "id": "DC5",
      "x": 85.33,
      "y": 55.92,
      "time_window": [
        300.0,
        2700.0
      ]
    },
    {
      "id": "DC6",
      "x": 27.27,
      "y": 65.59,
      "time_window": [
        300.0,
        2700.0
      ]
    },
    {
      "id": "DC7",
      "x": 35.03,
      "y": 57.95,
      "time_window": [
        300.0,
        2700.0
      ]
    },
    {
      "id": "DC8",
      "x": 87.6,
      "y": 1.99,
      "time_window": [
        300.0,
        2700.0
      ]
    }
  ],
  "CDPs": [
    {
      "id": "CDP1",
      "x": 83.9,
      "y": 33.92,
      "time_window": [
        0.0,
        3000.0
      ],
      "capacity": 107
    },
    {
      "id": "CDP2",
      "x": 29.19,
      "y": 89.85,
      "time_window": [
        0.0,
        3000.0
      ],
      "capacity": 290
    },
    {
      "id": "CDP3",
      "x": 69.58,
      "y": 60.86,
      "time_window": [
        0.0,
        3000.0
      ],
      "capacity": 170
    },
    {
      "id": "CDP4",
      "x": 32.33,
      "y": 10.01,
      "time_window": [
        0.0,
        3000.0
      ],
      "capacity": 101
    },
    {
      "id": "CDP5",
      "x": 20.83,
      "y": 60.9,
      "time_window": [
        0.0,
        3000.0
      ],
      "capacity": 270
    },
    {
      "id": "CDP6",
      "x": 46.35,
      "y": 62.11,
      "time_window": [
        0.0,
        3000.0
      ],
      "capacity": 293
    },
    {
      "id": "CDP7",
      "x": 66.28,
      "y": 83.55,
      "time_window": [
        0.0,
        3000.0
      ],
      "capacity": 248
    },
    {
      "id": "CDP8",
      "x": 92.04,
      "y": 21.11,
      "time_window": [
        0.0,
        3000.0
      ],
      "capacity": 171
    },
    {
      "id": "CDP9",
      "x": 51.98,
      "y": 72.07,
      "time_window": [
        0.0,
        3000.0
      ],
      "capacity": 266
    },
    {
      "id": "CDP10",
      "x": 47.95,
      "y": 92.33,
      "time_window": [
        0.0,
        3000.0
      ],
      "capacity": 215
    },
    {
      "id": "CDP11",
      "x": 99.29,
      "y": 29.02,
      "time_window": [
        0.0,
        3000.0
      ],
      "capacity": 133
    },
    {
      "id": "CDP12",
      "x": 98.71,
      "y": 47.05,
      "time_window": [
        0.0,
        3000.0
      ],
      "capacity": 115
    },
    {
      "id": "CDP13",
      "x": 76.94,
      "y": 37.38,
      "time_window": [
        0.0,
        3000.0
      ],
      "capacity": 251
    },
    {
      "id": "CDP14",
      "x": 89.5,
      "y": 22.54,
      "time_window": [
        0.0,
        3000.0
      ],
      "capacity": 105
    },
    {
      "id": "CDP15",
      "x": 14.59,
      "y": 89.18,
      "time_window": [
        0.0,
        3000.0
      ],
      "capacity": 183
    },
    {
      "id": "CDP16",
      "x": 51.21,
      "y": 52.38,
      "time_window": [
        0.0,
        3000.0
      ],
      "capacity": 214
    },
    {
      "id": "CDP17",
      "x": 55.12,
      "y": 32.16,
      "time_window": [
        0.0,
        3000.0
      ],
      "capacity": 152
    },
    {
      "id": "CDP18",
      "x": 56.29,
      "y": 6.75,
      "time_window": [
        0.0,
        3000.0
      ],
      "capacity": 230
    },
    {
      "id": "CDP19",
      "x": 51.09,
      "y": 39.77,
      "time_window": [
        0.0,
        3000.0
      ],
      "capacity": 176
    },
    {
      "id": "CDP20",
      "x": 47.67,
      "y": 29.34,
      "time_window": [
        0.0,
        3000.0
      ],
      "capacity": 266
    },
    {
      "id": "CDP21",
      "x": 64.41,
      "y": 73.57,
      "time_window": [
        0.0,
        3000.0
      ],
      "capacity": 123
    },
    {
      "id": "CDP22",
      "x": 93.43,
      "y": 98.15,
      "time_window": [
        0.0,
        3000.0
      ],
      "capacity": 153
    },
    {
      "id": "CDP23",
      "x": 26.81,
      "y": 16.71,
      "time_window": [
        0.0,
        3000.0
      ],
      "capacity": 283
    },
    {
      "id": "CDP24",
      "x": 32.13,
      "y": 40.18,
      "time_window": [
        0.0,
        3000.0
      ],
      "capacity": 153
    },
    {
      "id": "CDP25",
      "x": 99.31,
      "y": 81.85,
      "time_window": [
        0.0,
        3000.0
      ],
      "capacity": 168
    },
    {
      "id": "CDP26",
      "x": 71.5,
      "y": 62.27,
      "time_window": [
        0.0,
        3000.0
      ],
      "capacity": 151
    },
    {
      "id": "CDP27",
      "x": 1.48,
      "y": 45.48,
      "time_window": [
        0.0,
        3000.0
      ],
      "capacity": 230
    },
    {
      "id": "CDP28",
      "x": 63.03,
      "y": 67.06,
      "time_window": [
        0.0,
        3000.0
      ],
      "capacity": 107
    },
    {
      "id": "CDP29",
      "x": 64.14,
      "y": 19.57,
      "time_window": [
        0.0,
        3000.0
      ],
      "capacity": 189
    },
    {
      "id": "CDP30",
      "x": 10.04,
      "y": 37.78,
      "time_window": [
        0.0,
        3000.0
      ],
      "capacity": 156
    },
    {
      "id": "CDP31",
      "x": 43.98,
      "y": 82.38,
      "time_window": [
        0.0,
        3000.0
      ],
      "capacity": 114
    },
    {
      "id": "CDP32",
      "x": 22.53,
      "y": 44.01,
      "time_window": [
        0.0,
        3000.0
      ],
      "capacity": 143
    },
    {
      "id": "CDP33",
      "x": 83.8,
      "y": 10.46,
      "time_window": [
        0.0,
        3000.0
      ],
      "capacity": 136
    },
    {
      "id": "CDP34",
      "x": 10.23,
      "y": 45.35,
      "time_window": [
        0.0,
        3000.0
      ],
      "capacity": 164
    },
    {
      "id": "CDP35",
      "x": 0.3,
      "y": 73.19,
      "time_window": [
        0.0,
        3000.0
      ],
      "capacity": 152
    },
    {
      "id": "CDP36",
      "x": 59.99,
      "y": 2.08,
      "time_window": [
        0.0,
        3000.0
      ],
      "capacity": 182
    },
    {
      "id": "CDP37",
      "x": 87.51,
      "y": 71.92,
      "time_window": [
        0.0,
        3000.0
      ],
      "capacity": 175
    },
    {
      "id": "CDP38",
      "x": 66.08,
      "y": 90.32,
      "time_window": [
        0.0,
        3000.0
      ],
      "capacity": 267
    },
    {
      "id": "CDP39",
      "x": 76.83,
      "y": 15.5,
      "time_window": [
        0.0,
        3000.0
      ],
      "capacity": 211
    },
    {
      "id": "CDP40",
      "x": 19.66,
      "y": 41.58,
      "time_window": [
        0.0,
        3000.0
      ],
      "capacity": 251
    }
  ],
  "Customers": [
    {
      "id": "C1",
      "x": 70.65,
      "y": 25.05,
      "time_window": [
        450.0,
        2439.59
      ],
      "demand": [
        3,
        1,
        2
      ]
    },
    {
      "id": "C2",
      "x": 29.18,
      "y": 27.32,
      "time_window": [
        450.0,
        2509.4
      ],
      "demand": [
        1,
        3,
        3
      ]
    },
    {
      "id": "C3",
      "x": 61.45,
      "y": 49.02,
      "time_window": [
        450.0,
        1884.73
      ],
      "demand": [
        4,
        3,
        4
      ]
    },
    {
      "id": "C4",
      "x": 0.75,
      "y": 95.27,
      "time_window": [
        450.0,
        1447.68
      ],
      "demand": [
        4,
        4,
        2
      ]
    },
    {
      "id": "C5",
      "x": 5.99,
      "y": 88.63,
      "time_window": [
        450.0,
        1812.52
      ],
      "demand": [
        1,
        2,
        3
      ]
    },
    {
      "id": "C6",
      "x": 53.91,
      "y": 61.66,
      "time_window": [
        450.0,
        1845.51
      ],
      "demand": [
        4,
        1,
        2
      ]
    },
    {
      "id": "C7",
      "x": 1.27,
      "y": 75.63,
      "time_window": [
        450.0,
        2175.84
      ],
      "demand": [
        3,
        2,
        3
      ]
    },
    {
      "id": "C8",
      "x": 94.47,
      "y": 9.9,
      "time_window": [
        450.0,
        1556.02
      ],
      "demand": [
        1,
        1,
        4
      ]
    },
    {
      "id": "C9",
      "x": 98.41,
      "y": 0.8,
      "time_window": [
        450.0,
        2060.37
      ],
      "demand": [
        4,
        2,
        4
      ]
    },
    {
      "id": "C10",
      "x": 87.11,
      "y": 75.36,
      "time_window": [
        450.0,
        2264.11
      ],
      "demand": [
        3,
        2,
        3
      ]
    },
    {
      "id": "C11",
      "x": 70.13,
      "y": 47.62,
      "time_window": [
        450.0,
        2184.58
      ],
      "demand": [
        3,
        3,
        2
      ]
    },
    {
      "id": "C12",
      "x": 62.59,
      "y": 50.14,
      "time_window": [
        450.0,
        1643.38
      ],
      "demand": [
        2,
        4,
        1
      ]
    },
    {
      "id": "C13",
      "x": 40.27,
      "y": 50.36,
      "time_window": [
        450.0,
        1866.9
      ],
      "demand": [
        2,
        3,
        3
      ]
    },
    {
      "id": "C14",
      "x": 65.54,
      "y": 61.77,
      "time_window": [
        450.0,
        2162.3
      ],
      "demand": [
        1,
        2,
        4
      ]
    },
    {
      "id": "C15",
      "x": 3.36,
      "y": 85.09,
      "time_window": [
        450.0,
        2446.0
      ],
      "demand": [
        1,
        4,
        1
      ]
    },
    {
      "id": "C16",
      "x": 13.13,
      "y": 94.89,
      "time_window": [
        450.0,
        960.02
      ],
      "demand": [
        3,
        2,
        2
      ]
    },
    {
      "id": "C17",
      "x": 30.7,
      "y": 68.19,
      "time_window": [
        450.0,
        1957.47
      ],
      "demand": [
        1,
        3,
        1
      ]
    },
    {
      "id": "C18",
      "x": 66.58,
      "y": 32.28,
      "time_window": [
        450.0,
        2398.89
      ],
      "demand": [
        3,
        1,
        3
      ]
    },
    {
      "id": "C19",
      "x": 43.57,
      "y": 34.42,
      "time_window": [
        450.0,
        1999.19
      ],
      "demand": [
        4,
        1,
        4
      ]
    },
    {
      "id": "C20",
      "x": 5.73,
      "y": 2.51,
      "time_window": [
        450.0,
        2405.35
      ],
      "demand": [
        4,
        4,
        1
      ]
    },
    {
      "id": "C21",
      "x": 20.53,
      "y": 96.95,
      "time_window": [
        450.0,
        1060.45
      ],
      "demand": [
        2,
        3,
        1
      ]
    },
    {
      "id": "C22",
      "x": 98.7,
      "y": 78.23,
      "time_window": [
        450.0,
        1365.45
      ],
      "demand": [
        2,
        2,
        4
      ]
    },
    {
      "id": "C23",
      "x": 32.9,
      "y": 34.36,
      "time_window": [
        450.0,
        2051.95
      ],
      "demand": [
        4,
        3,
        4
      ]
    },
    {
      "id": "C24",
      "x": 27.2,
      "y": 44.87,
      "time_window": [
        450.0,
        1900.78
      ],
      "demand": [
        1,
        1,
        1
      ]
    },
    {
      "id": "C25",
      "x": 39.87,
      "y": 49.23,
      "time_window": [
        450.0,
        1956.68
      ],
      "demand": [
        2,
        2,
        2
      ]
    },
    {
      "id": "C26",
      "x": 50.02,
      "y": 45.62,
      "time_window": [
        450.0,
        1413.47
      ],
      "demand": [
        1,
        1,
        3
      ]
    },
    {
      "id": "C27",
      "x": 88.13,
      "y": 12.98,
      "time_window": [
        450.0,
        1697.21
      ],
      "demand": [
        2,
        1,
        1
      ]
    },
    {
      "id": "C28",
      "x": 68.62,
      "y": 46.18,
      "time_window": [
        450.0,
        1189.33
      ],
      "demand": [
        1,
        2,
        4
      ]
    },
    {
      "id": "C29",
      "x": 13.75,
      "y": 81.05,
      "time_window": [
        450.0,
        1396.19
      ],
      "demand": [
        2,
        2,
        3
      ]
    },
    {
      "id": "C30",
      "x": 27.3,
      "y": 67.49,
      "time_window": [
        450.0,
        1089.61
      ],
      "demand": [
        1,
        4,
        3
      ]
    },
    {
      "id": "C31",
      "x": 23.48,
      "y": 12.15,
      "time_window": [
        450.0,
        1939.97
      ],
      "demand": [
        1,
        3,
        2
      ]
    },
    {
      "id": "C32",
      "x": 27.93,
      "y": 59.54,
      "time_window": [
        450.0,
        1820.54
      ],
      "demand": [
        3,
        1,
        3
      ]
    },
    {
      "id": "C33",
      "x": 77.63,
      "y": 6.07,
      "time_window": [
        450.0,
        2487.18
      ],
      "demand": [
        1,
        3,
        1
      ]
    },
    {
      "id": "C34",
      "x": 61.92,
      "y": 45.55,
      "time_window": [
        450.0,
        2453.82
      ],
      "demand": [
        2,
        4,
        4
      ]
    },
    {
      "id": "C35",
      "x": 38.2,
      "y": 57.66,
      "time_window": [
        450.0,
        2486.39
      ],
      "demand": [
        3,
        3,
        3
      ]
    },
    {
      "id": "C36",
      "x": 33.1,
      "y": 52.2,
      "time_window": [
        450.0,
        1999.68
      ],
      "demand": [
        2,
        3,
        3
      ]
    },
    {
      "id": "C37",
      "x": 44.72,
      "y": 69.12,
      "time_window": [
        450.0,
        1589.75
      ],
      "demand": [
        4,
        4,
        1
      ]
    },
    {
      "id": "C38",
      "x": 40.35,
      "y": 61.09,
      "time_window": [
        450.0,
        1557.93
      ],
      "demand": [
        1,
        4,
        2
      ]
    },
    {
      "id": "C39",
      "x": 15.66,
      "y": 95.92,
      "time_window": [
        450.0,
        2501.21
      ],
      "demand": [
        3,
        3,
        3
      ]
    },
    {
      "id": "C40",
      "x": 94.27,
      "y": 15.4,
      "time_window": [
        450.0,
        1870.77
      ],
      "demand": [
        3,
        4,
        3
      ]
    },
    {
      "id": "C41",
      "x": 66.27,
      "y": 74.61,
      "time_window": [
        450.0,
        1160.08
      ],
      "demand": [
        4,
        1,
        2
      ]
    },
    {
      "id": "C42",
      "x": 98.87,
      "y": 86.64,
      "time_window": [
        450.0,
        1553.31
      ],
      "demand": [
        1,
        3,
        2
      ]
    },
    {
      "id": "C43",
      "x": 96.3,
      "y": 0.0,
      "time_window": [
        450.0,
        1123.63
      ],
      "demand": [
        1,
        1,
        4
      ]
    },
    {
      "id": "C44",
      "x": 73.39,
      "y": 73.19,
      "time_window": [
        450.0,
        2305.3
      ],
      "demand": [
        4,
        1,
        2
      ]
    },
    {
      "id": "C45",
      "x": 54.64,
      "y": 62.57,
      "time_window": [
        450.0,
        1071.65
      ],
      "demand": [
        1,
        2,
        3
      ]
    },
    {
      "id": "C46",
      "x": 48.08,
      "y": 39.23,
      "time_window": [
        450.0,
        2494.92
      ],
      "demand": [
        3,
        3,
        3
      ]
    },
    {
      "id": "C47",
      "x": 12.29,
      "y": 95.23,
      "time_window": [
        450.0,
        1996.23
      ],
      "demand": [
        3,
        4,
        4
      ]
    },
    {
      "id": "C48",
      "x": 65.2,
      "y": 70.75,
      "time_window": [
        450.0,
        2511.35
      ],
      "demand": [
        3,
        3,
        4
      ]
    },
    {
      "id": "C49",
      "x": 6.16,
      "y": 13.15,
      "time_window": [
        450.0,
        1716.26
      ],
      "demand": [
        2,
        4,
        3
      ]
    },
    {
      "id": "C50",
      "x": 88.43,
      "y": 81.72,
      "time_window": [
        450.0,
        1443.48
      ],
      "demand": [
        3,
        1,
        2
      ]
    },
    {
      "id": "C51",
      "x": 65.44,
      "y": 64.35,
      "time_window": [
        450.0,
        1615.15
      ],
      "demand": [
        2,
        3,
        3
      ]
    },
    {
      "id": "C52",
      "x": 45.54,
      "y": 62.27,
      "time_window": [
        450.0,
        1726.1
      ],
      "demand": [
        3,
        3,
        3
      ]
    },
    {
      "id": "C53",
      "x": 63.11,
      "y": 37.95,
      "time_window": [
        450.0,
        1412.01
      ],
      "demand": [
        1,
        3,
        4
      ]
    },
    {
      "id": "C54",
      "x": 33.12,
      "y": 68.0,
      "time_window": [
        450.0,
        2374.39
      ],
      "demand": [
        1,
        4,
        3
      ]
    },
    {
      "id": "C55",
      "x": 22.48,
      "y": 10.36,
      "time_window": [
        450.0,
        1753.28
      ],
      "demand": [
        1,
        2,
        2
      ]
    },
    {
      "id": "C56",
      "x": 10.52,
      "y": 85.39,
      "time_window": [
        450.0,
        2102.51
      ],
      "demand": [
        1,
        4,
        3
      ]
    },
    {
      "id": "C57",
      "x": 62.6,
      "y": 71.11,
      "time_window": [
        450.0,
        1039.92
      ],
      "demand": [
        3,
        3,
        3
      ]
    },
    {
      "id": "C58",
      "x": 33.83,
      "y": 46.24,
      "time_window": [
        450.0,
        1812.13
      ],
      "demand": [
        3,
        2,
        1
      ]
    },
    {
      "id": "C59",
      "x": 48.24,
      "y": 59.52,
      "time_window": [
        450.0,
        2394.24
      ],
      "demand": [
        3,
        1,
        1
      ]
    },
    {
      "id": "C60",
      "x": 62.08,
      "y": 73.66,
      "time_window": [
        450.0,
        1078.85
      ],
      "demand": [
        2,
        1,
        3
      ]
    },
    {
      "id": "C61",
      "x": 18.98,
      "y": 9.68,
      "time_window": [
        450.0,
        1263.27
      ],
      "demand": [
        1,
        3,
        4
      ]
    },
    {
      "id": "C62",
      "x": 61.17,
      "y": 36.74,
      "time_window": [
        450.0,
        1059.22
      ],
      "demand": [
        1,
        4,
        2
      ]
    },
    {
      "id": "C63",
      "x": 65.79,
      "y": 44.24,
      "time_window": [
        450.0,
        2550
      ],
      "demand": [
        2,
        2,
        2
      ]
    },
    {
      "id": "C64",
      "x": 19.33,
      "y": 84.34,
      "time_window": [
        450.0,
        2085.83
      ],
      "demand": [
        2,
        3,
        2
      ]
    },
    {
      "id": "C65",
      "x": 73.91,
      "y": 37.45,
      "time_window": [
        450.0,
        1852.67
      ],
      "demand": [
        2,
        3,
        3
      ]
    },
    {
      "id": "C66",
      "x": 73.05,
      "y": 58.84,
      "time_window": [
        450.0,
        2026.26
      ],
      "demand": [
        2,
        3,
        4
      ]
    },
    {
      "id": "C67",
      "x": 70.51,
      "y": 68.97,
      "time_window": [
        450.0,
        1423.27
      ],
      "demand": [
        4,
        1,
        4
      ]
    },
    {
      "id": "C68",
      "x": 66.4,
      "y": 52.47,
      "time_window": [
        450.0,
        1286.83
      ],
      "demand": [
        1,
        2,
        4
      ]
    },
    {
      "id": "C69",
      "x": 59.88,
      "y": 53.12,
      "time_window": [
        450.0,
        2329.23
      ],
      "demand": [
        2,
        1,
        1
      ]
    },
    {
      "id": "C70",
      "x": 8.27,
      "y": 86.67,
      "time_window": [
        450.0,
        979.86
      ],
      "demand": [
        2,
        1,
        4
      ]
    },
    {
      "id": "C71",
      "x": 84.16,
      "y": 3.74,
      "time_window": [
        450.0,
        2048.6
      ],
      "demand": [
        2,
        2,
        4
      ]
    },
    {
      "id": "C72",
      "x": 9.87,
      "y": 77.25,
      "time_window": [
        450.0,
        997.77
      ],
      "demand": [
        3,
        1,
        3
      ]
    },
    {
      "id": "C73",
      "x": 73.79,
      "y": 64.94,
      "time_window": [
        450.0,
        1186.19
      ],
      "demand": [
        2,
        2,
        4
      ]
    },
    {
      "id": "C74",
      "x": 83.24,
      "y": 91.55,
      "time_window": [
        450.0,
        2494.25
      ],
      "demand": [
        2,
        1,
        1
      ]
    },
    {
      "id": "C75",
      "x": 72.19,
      "y": 65.41,
      "time_window": [
        450.0,
        2055.91
      ],
      "demand": [
        4,
        4,
        2
      ]
    },
    {
      "id": "C76",
      "x": 33.87,
      "y": 73.27,
      "time_window": [
        450.0,
        2267.6
      ],
      "demand": [
        3,
        2,
        2
      ]
    },
    {
      "id": "C77",
      "x": 58.03,
      "y": 29.23,
      "time_window": [
        450.0,
        1571.89
      ],
      "demand": [
        1,
        4,
        3
      ]
    },
    {
      "id": "C78",
      "x": 27.18,
      "y": 46.23,
      "time_window": [
        450.0,
        2037.42
      ],
      "demand": [
        3,
        3,
        3
      ]
    },
    {
      "id": "C79",
      "x": 18.09,
      "y": 24.23,
      "time_window": [
        450.0,
        1696.58
      ],
      "demand": [
        1,
        1,
        4
      ]
    },
    {
      "id": "C80",
      "x": 94.94,
      "y": 91.0,
      "time_window": [
        450.0,
        2273.05
      ],
      "demand": [
        4,
        3,
        1
      ]
    }
  ]
}