{
  "set_id": 2,
  "inst_id": 6,
  "vehicles": {
    "CT": {
      "count": 6,
      "capacity": 1500,
      "fixed_cost": 1500,
      "unit_cost_factor": 1.2
    },
    "UV": {
      "count": 8,
      "capacity": 500,
      "fixed_cost": 500,
      "unit_cost_factor": 1.1
    }
  },
  "P": 3,
  "item_weights": [
    5,
    10,
    15
  ],
  "inventory_ratio": 1.1,
  "FCs": [
    {
      "id": "FC1",
      "x": 25,
      "y": 25,
      "time_window": [
        0.0,
        3000.0
      ],
      "inventory": [
        35,
        31,
        33
      ]
    },
    {
      "id": "FC2",
      "x": 75,
      "y": 75,
      "time_window": [
        0.0,
        3000.0
      ],
      "inventory": [
        33,
        23,
        25
      ]
    }
  ],
  "DCs": [
    {
      "id": "DC1",
      "x": 24.16,
      "y": 73.89,
      "time_window": [
        300.0,
        2700.0
      ]
    },
    {
      "id": "DC2",
      "x": 97.18,
      "y": 72.47,
      "time_window": [
        300.0,
        2700.0
      ]
    },
    {
      "id": "DC3",
      "x": 63.43,
      "y": 76.58,
      "time_window": [
        300.0,
        2700.0
      ]
    },
    {
      "id": "DC4",
      "x": 26.54,
      "y": 29.49,
      "time_window": [
        300.0,
        2700.0
      ]
    }
  ],
  "CDPs": [
    {
      "id": "CDP1",
      "x": 75.66,
      "y": 34.98,
      "time_window": [
        0.0,
        3000.0
      ],
      "capacity": 278
    },
    {
      "id": "CDP2",
      "x": 78.92,
      "y": 47.32,
      "time_window": [
        0.0,
        3000.0
      ],
      "capacity": 133
    },
    {
      "id": "CDP3",
      "x": 33.19,
      "y": 54.28,
      "time_window": [
        0.0,
        3000.0
      ],
      "capacity": 113
    },
    {
      "id": "CDP4",
      "x": 18.89,
      "y": 27.05,
      "time_window": [
        0.0,
        3000.0
      ],
      "capacity": 131
    },
    {
      "id": "CDP5",
      "x": 10.25,
      "y": 28.36,
      "time_window": [
        0.0,
        3000.0
      ],
      "capacity": 126
    },
    {
      "id": "CDP6",
      "x": 66.97,
      "y": 97.27,
      "time_window": [
        0.0,
        3000.0
      ],
      "capacity": 230
    },
    {
      "id": "CDP7",
      "x": 59.38,
      "y": 4.85,
      "time_window": [
        0.0,
        3000.0
      ],
      "capacity": 254
    },
    {
      "id": "CDP8",
      "x": 39.0,
      "y": 90.52,
      "time_window": [
        0.0,
        3000.0
      ],
      "capacity": 257
    },
    {
      "id": "CDP9",
      "x": 89.74,
      "y": 59.61,
      "time_window": [
        0.0,
        3000.0
      ],
      "capacity": 191
    },
    {
      "id": "CDP10",
      "x": 24.14,
      "y": 85.03,
      "time_window": [
        0.0,
        3000.0
      ],
      "capacity": 220
    },
    {
      "id": "CDP11",
      "x": 74.73,
      "y": 53.41,
      "time_window": [
        0.0,
        3000.0
      ],
      "capacity": 290
    },
    {
      "id": "CDP12",
      "x": 71.07,
      "y": 65.04,
      "time_window": [
        0.0,
        3000.0
      ],
      "capacity": 122
    }
  ],
  "Customers": [
    {
      "id": "C1",
      "x": 31.48,
      "y": 72.36,
      "time_window": [
        450.0,
        1284.63
      ],
      "demand": [
        4,
        1,
        4
      ]
    },
    {
      "id": "C2",
      "x": 44.29,
      "y": 32.72,
      "time_window": [
        450.0,
        2550
      ],
      "demand": [
        4,
        4,
        4
      ]
    },
    {
      "id": "C3",
      "x": 5.35,
      "y": 82.28,
      "time_window": [
        450.0,
        1712.08
      ],
      "demand": [
        4,
        2,
        1
      ]
    },
    {
      "id": "C4",
      "x": 30.35,
      "y": 55.35,
      "time_window": [
        450.0,
        1653.79
      ],
      "demand": [
        3,
        4,
        1
      ]
    },
    {
      "id": "C5",
      "x": 20.22,
      "y": 76.76,
      "time_window": [
        450.0,
        2550
      ],
      "demand": [
        3,
        3,
        4
      ]
    },
    {
      "id": "C6",
      "x": 47.46,
      "y": 49.94,
      "time_window": [
        450.0,
        964.43
      ],
      "demand": [
        3,
        2,
        3
      ]
    },
    {
      "id": "C7",
      "x": 37.83,
      "y": 36.83,
      "time_window": [
        450.0,
        2442.25
      ],
      "demand": [
        2,
        3,
        2
      ]
    },
    {
      "id": "C8",
      "x": 73.55,
      "y": 39.36,
      "time_window": [
        450.0,
        2119.27
      ],
      "demand": [
        4,
        3,
        1
      ]
    },
    {
      "id": "C9",
      "x": 20.05,
      "y": 79.33,
      "time_window": [
        450.0,
        1241.85
      ],
      "demand": [
        2,
        3,
        1
      ]
    },
    {
      "id": "C10",
      "x": 72.47,
      "y": 48.57,
      "time_window": [
        450.0,
        1354.06
      ],
      "demand": [
        4,
        3,
        3
      ]
    },
    {
      "id": "C11",
      "x": 51.56,
      "y": 34.42,
      "time_window": [
        450.0,
        2176.05
      ],
      "demand": [
        2,
        1,
        4
      ]
    },
    {
      "id": "C12",
      "x": 75.71,
      "y": 82.56,
      "time_window": [
        450.0,
        1268.13
      ],
      "demand": [
        3,
        3,
        4
      ]
    },
    {
      "id": "C13",
      "x": 76.78,
      "y": 22.78,
      "time_window": [
        450.0,
        1190.73
      ],
      "demand": [
        2,
        1,
        3
      ]
    },
    {
      "id": "C14",
      "x": 66.97,
      "y": 57.78,
      "time_window": [
        450.0,
        1504.33
      ],
      "demand": [
        4,
        4,
        3
      ]
    },
    {
      "id": "C15",
      "x": 46.37,
      "y": 61.2,
      "time_window": [
        450.0,
        1869.02
      ],
      "demand": [
        1,
        1,
        2
      ]
    },
    {
      "id": "C16",
      "x": 14.03,
      "y": 94.44,
      "time_window": [
        450.0,
        1700.7
      ],
      "demand": [
        4,
        1,
        1
      ]
    },
    {
      "id": "C17",
      "x": 82.94,
      "y": 9.14,
      "time_window": [
        450.0,
        1878.03
      ],
      "demand": [
        2,
        4,
        2
      ]
    },
    {
      "id": "C18",
      "x": 27.27,
      "y": 55.41,
      "time_window": [
        450.0,
        1796.24
      ],
      "demand": [
        3,
        1,
        4
      ]
    },
    {
      "id": "C19",
      "x": 46.34,
      "y": 45.16,
      "time_window": [
        450.0,
        1271.48
      ],
      "demand": [
        3,
        1,
        1
      ]
    },
    {
      "id": "C20",
      "x": 91.32,
      "y": 91.28,
      "time_window": [
        450.0,
        2012.18
      ],
      "demand": [
        4,
        4,
        4
      ]
    }
  ]
}