{
  "set_id": 1,
  "inst_id": 2,
  "vehicles": {
    "CT": {
      "count": 4,
      "capacity": 1500,
      "fixed_cost": 1500,
      "unit_cost_factor": 1.2
    },
    "UV": {
      "count": 8,
      "capacity": 500,
      "fixed_cost": 500,
      "unit_cost_factor": 1.1
    }
  },
  "P": 2,
  "item_weights": [
    10,
    15
  ],
  "inventory_ratio": 1.3,
  "FCs": [
    {
      "id": "FC1",
      "x": 25,
      "y": 25,
      "time_window": [
        0.0,
        3000.0
      ],
      "inventory": [
        38,
        29
      ]
    },
    {
      "id": "FC2",
      "x": 75,
      "y": 75,
      "time_window": [
        0.0,
        3000.0
      ],
      "inventory": [
        38,
        35
      ]
    }
  ],
  "DCs": [
    {
      "id": "DC1",
      "x": 12.9,
      "y": 18.31,
      "time_window": [
        300.0,
        2700.0
      ]
    },
    {
      "id": "DC2",
      "x": 46.12,
      "y": 41.79,
      "time_window": [
        300.0,
        2700.0
      ]
    },
    {
      "id": "DC3",
      "x": 41.62,
      "y": 13.41,
      "time_window": [
        300.0,
        2700.0
      ]
    },
    {
      "id": "DC4",
      "x": 60.27,
      "y": 65.66,
      "time_window": [
        300.0,
        2700.0
      ]
    }
  ],
  "CDPs": [
    {
      "id": "CDP1",
      "x": 80.67,
      "y": 33.83,
      "time_window": [
        0.0,
        3000.0
      ],
      "capacity": 262
    },
    {
      "id": "CDP2",
      "x": 13.81,
      "y": 16.33,
      "time_window": [
        0.0,
        3000.0
      ],
      "capacity": 201
    },
    {
      "id": "CDP3",
      "x": 35.04,
      "y": 76.1,
      "time_window": [
        0.0,
        3000.0
      ],
      "capacity": 220
    },
    {
      "id": "CDP4",
      "x": 61.45,
      "y": 34.66,
      "time_window": [
        0.0,
        3000.0
      ],
      "capacity": 300
    },
    {
      "id": "CDP5",
      "x": 55.13,
      "y": 26.2,
      "time_window": [
        0.0,
        3000.0
      ],
      "capacity": 140
    },
    {
      "id": "CDP6",
      "x": 69.25,
      "y": 18.57,
      "time_window": [
        0.0,
        3000.0
      ],
      "capacity": 172
    },
    {
      "id": "CDP7",
      "x": 4.53,
      "y": 90.4,
      "time_window": [
        0.0,
        3000.0
      ],
      "capacity": 150
    },
    {
      "id": "CDP8",
      "x": 35.26,
      "y": 20.75,
      "time_window": [
        0.0,
        3000.0
      ],
      "capacity": 200
    },
    {
      "id": "CDP9",
      "x": 4.19,
      "y": 34.63,
      "time_window": [
        0.0,
        3000.0
      ],
      "capacity": 236
    },
    {
      "id": "CDP10",
      "x": 15.05,
      "y": 38.26,
      "time_window": [
        0.0,
        3000.0
      ],
      "capacity": 106
    }
  ],
  "Customers": [
    {
      "id": "C1",
      "x": 6.05,
      "y": 24.91,
      "time_window": [
        450.0,
        1090.45
      ],
      "demand": [
        3,
        2
      ]
    },
    {
      "id": "C2",
      "x": 48.26,
      "y": 47.7,
      "time_window": [
        450.0,
        2286.84
      ],
      "demand": [
        2,
        3
      ]
    },
    {
      "id": "C3",
      "x": 27.56,
      "y": 44.7,
      "time_window": [
        450.0,
        1855.93
      ],
      "demand": [
        4,
        3
      ]
    },
    {
      "id": "C4",
      "x": 67.73,
      "y": 42.4,
      "time_window": [
        450.0,
        2265.76
      ],
      "demand": [
        4,
        4
      ]
    },
    {
      "id": "C5",
      "x": 77.0,
      "y": 96.43,
      "time_window": [
        450.0,
        2470.07
      ],
      "demand": [
        3,
        2
      ]
    },
    {
      "id": "C6",
      "x": 25.55,
      "y": 66.94,
      "time_window": [
        450.0,
        1088.62
      ],
      "demand": [
        4,
        4
      ]
    },
    {
      "id": "C7",
      "x": 36.95,
      "y": 47.46,
      "time_window": [
        450.0,
        1654.73
      ],
      "demand": [
        1,
        4
      ]
    },
    {
      "id": "C8",
      "x": 65.05,
      "y": 39.22,
      "time_window": [
        450.0,
        1746.46
      ],
      "demand": [
        4,
        1
      ]
    },
    {
      "id": "C9",
      "x": 87.1,
      "y": 90.65,
      "time_window": [
        450.0,
        1762.83
      ],
      "demand": [
        2,
        4
      ]
    },
    {
      "id": "C10",
      "x": 97.48,
      "y": 3.6,
      "time_window": [
        450.0,
        2332.9
      ],
      "demand": [
        4,
        2
      ]
    },
    {
      "id": "C11",
      "x": 27.09,
      "y": 29.61,
      "time_window": [
        450.0,
        1051.78
      ],
      "demand": [
        4,
        4
      ]
    },
    {
      "id": "C12",
      "x": 18.92,
      "y": 79.06,
      "time_window": [
        450.0,
        1247.06
      ],
      "demand": [
        3,
        1
      ]
    },
    {
      "id": "C13",
      "x": 54.04,
      "y": 62.57,
      "time_window": [
        450.0,
        2189.48
      ],
      "demand": [
        2,
        1
      ]
    },
    {
      "id": "C14",
      "x": 44.28,
      "y": 55.49,
      "time_window": [
        450.0,
        2303.38
      ],
      "demand": [
        1,
        1
      ]
    },
    {
      "id": "C15",
      "x": 68.54,
      "y": 70.58,
      "time_window": [
        450.0,
        2514.57
      ],
      "demand": [
        2,
        1
      ]
    },
    {
      "id": "C16",
      "x": 58.02,
      "y": 33.63,
      "time_window": [
        450.0,
        1101.64
      ],
      "demand": [
        1,
        4
      ]
    },
    {
      "id": "C17",
      "x": 40.01,
      "y": 35.12,
      "time_window": [
        450.0,
        2315.41
      ],
      "demand": [
        4,
        1
      ]
    },
    {
      "id": "C18",
      "x": 17.68,
      "y": 10.88,
      "time_window": [
        450.0,
        966.87
      ],
      "demand": [
        3,
        2
      ]
    },
    {
      "id": "C19",
      "x": 93.83,
      "y": 19.55,
      "time_window": [
        450.0,
        2256.0
      ],
      "demand": [
        4,
        3
      ]
    },
    {
      "id": "C20",
      "x": 10.53,
      "y": 14.13,
      "time_window": [
        450.0,
        1330.94
      ],
      "demand": [
        3,
        2
      ]
    }
  ]
}