{
  "set_id": 9,
  "inst_id": 3,
  "vehicles": {
    "CT": {
      "count": 32,
      "capacity": 1500,
      "fixed_cost": 1500,
      "unit_cost_factor": 1.2
    },
    "UV": {
      "count": 64,
      "capacity": 500,
      "fixed_cost": 500,
      "unit_cost_factor": 1.1
    }
  },
  "P": 3,
  "item_weights": [
    5,
    5,
    10
  ],
  "inventory_ratio": 1.1,
  "FCs": [
    {
      "id": "FC1",
      "x": 25,
      "y": 25,
      "time_window": [
        0.0,
        3000.0
      ],
      "inventory": [
        146,
        145,
        139
      ]
    },
    {
      "id": "FC2",
      "x": 25,
      "y": 75,
      "time_window": [
        0.0,
        3000.0
      ],
      "inventory": [
        143,
        129,
        141
      ]
    },
    {
      "id": "FC3",
      "x": 75,
      "y": 25,
      "time_window": [
        0.0,
        3000.0
      ],
      "inventory": [
        121,
        136,
        131
      ]
    },
    {
      "id": "FC4",
      "x": 75,
      "y": 75,
      "time_window": [
        0.0,
        3000.0
      ],
      "inventory": [
        136,
        133,
        154
      ]
    }
  ],
  "DCs": [
    {
      "id": "DC1",
      "x": 23.18,
      "y": 5.72,
      "time_window": [
        300.0,
        2700.0
      ]
    },
    {
      "id": "DC2",
      "x": 85.54,
      "y": 83.99,
      "time_window": [
        300.0,
        2700.0
      ]
    },
    {
      "id": "DC3",
      "x": 44.51,
      "y": 28.12,
      "time_window": [
        300.0,
        2700.0
      ]
    },
    {
      "id": "DC4",
      "x": 41.49,
      "y": 61.46,
      "time_window": [
        300.0,
        2700.0
      ]
    },
    {
      "id": "DC5",
      "x": 30.93,
      "y": 27.27,
      "time_window": [
        300.0,
        2700.0
      ]
    },
    {
      "id": "DC6",
      "x": 48.39,
      "y": 60.62,
      "time_window": [
        300.0,
        2700.0
      ]
    },
    {
      "id": "DC7",
      "x": 29.29,
      "y": 36.8,
      "time_window": [
        300.0,
        2700.0
      ]
    },
    {
      "id": "DC8",
      "x": 15.67,
      "y": 42.7,
      "time_window": [
        300.0,
        2700.0
      ]
    }
  ],
  "CDPs": [
    {
      "id": "CDP1",
      "x": 54.29,
      "y": 38.38,
      "time_window": [
        0.0,
        3000.0
      ],
      "capacity": 197
    },
    {
      "id": "CDP2",
      "x": 77.0,
      "y": 36.95,
      "time_window": [
        0.0,
        3000.0
      ],
      "capacity": 202
    },
    {
      "id": "CDP3",
      "x": 25.07,
      "y": 20.86,
      "time_window": [
        0.0,
        3000.0
      ],
      "capacity": 111
    },
    {
      "id": "CDP4",
      "x": 83.38,
      "y": 49.69,
      "time_window": [
        0.0,
        3000.0
      ],
      "capacity": 154
    },
    {
      "id": "CDP5",
      "x": 6.56,
      "y": 67.89,
      "time_window": [
        0.0,
        3000.0
      ],
      "capacity": 135
    },
    {
      "id": "CDP6",
      "x": 94.99,
      "y": 58.8,
      "time_window": [
        0.0,
        3000.0
      ],
      "capacity": 289
    },
    {
      "id": "CDP7",
      "x": 76.67,
      "y": 39.56,
      "time_window": [
        0.0,
        3000.0
      ],
      "capacity": 225
    },
    {
      "id": "CDP8",
      "x": 52.04,
      "y": 62.1,
      "time_window": [
        0.0,
        3000.0
      ],
      "capacity": 121
    },
    {
      "id": "CDP9",
      "x": 92.15,
      "y": 73.21,
      "time_window": [
        0.0,
        3000.0
      ],
      "capacity": 249
    },
    {
      "id": "CDP10",
      "x": 75.32,
      "y": 81.99,
      "time_window": [
        0.0,
        3000.0
      ],
      "capacity": 131
    },
    {
      "id": "CDP11",
      "x": 62.25,
      "y": 86.43,
      "time_window": [
        0.0,
        3000.0
      ],
      "capacity": 187
    },
    {
      "id": "CDP12",
      "x": 43.36,
      "y": 8.12,
      "time_window": [
        0.0,
        3000.0
      ],
      "capacity": 121
    },
    {
      "id": "CDP13",
      "x": 10.22,
      "y": 71.51,
      "time_window": [
        0.0,
        3000.0
      ],
      "capacity": 147
    },
    {
      "id": "CDP14",
      "x": 48.7,
      "y": 0.9,
      "time_window": [
        0.0,
        3000.0
      ],
      "capacity": 208
    },
    {
      "id": "CDP15",
      "x": 82.47,
      "y": 20.27,
      "time_window": [
        0.0,
        3000.0
      ],
      "capacity": 186
    },
    {
      "id": "CDP16",
      "x": 0.12,
      "y": 72.43,
      "time_window": [
        0.0,
        3000.0
      ],
      "capacity": 293
    },
    {
      "id": "CDP17",
      "x": 84.11,
      "y": 88.05,
      "time_window": [
        0.0,
        3000.0
      ],
      "capacity": 252
    },
    {
      "id": "CDP18",
      "x": 7.13,
      "y": 62.03,
      "time_window": [
        0.0,
        3000.0
      ],
      "capacity": 274
    },
    {
      "id": "CDP19",
      "x": 87.69,
      "y": 78.97,
      "time_window": [
        0.0,
        3000.0
      ],
      "capacity": 238
    },
    {
      "id": "CDP20",
      "x": 36.54,
      "y": 66.45,
      "time_window": [
        0.0,
        3000.0
      ],
      "capacity": 228
    },
    {
      "id": "CDP21",
      "x": 17.04,
      "y": 47.62,
      "time_window": [
        0.0,
        3000.0
      ],
      "capacity": 229
    },
    {
      "id": "CDP22",
      "x": 79.68,
      "y": 10.61,
      "time_window": [
        0.0,
        3000.0
      ],
      "capacity": 220
    },
    {
      "id": "CDP23",
      "x": 51.55,
      "y": 94.44,
      "time_window": [
        0.0,
        3000.0
      ],
      "capacity": 182
    },
    {
      "id": "CDP24",
      "x": 17.31,
      "y": 99.72,
      "time_window": [
        0.0,
        3000.0
      ],
      "capacity": 110
    },
    {
      "id": "CDP25",
      "x": 28.17,
      "y": 26.49,
      "time_window": [
        0.0,
        3000.0
      ],
      "capacity": 223
    },
    {
      "id": "CDP26",
      "x": 32.24,
      "y": 36.11,
      "time_window": [
        0.0,
        3000.0
      ],
      "capacity": 154
    },
    {
      "id": "CDP27",
      "x": 61.88,
      "y": 98.56,
      "time_window": [
        0.0,
        3000.0
      ],
      "capacity": 205
    },
    {
      "id": "CDP28",
      "x": 5.9,
      "y": 70.3,
      "time_window": [
        0.0,
        3000.0
      ],
      "capacity": 275
    },
    {
      "id": "CDP29",
      "x": 87.58,
      "y": 79.16,
      "time_window": [
        0.0,
        3000.0
      ],
      "capacity": 240
    },
    {
      "id": "CDP30",
      "x": 16.43,
      "y": 29.11,
      "time_window": [
        0.0,
        3000.0
      ],
      "capacity": 278
    },
    {
      "id": "CDP31",
      "x": 60.15,
      "y": 57.59,
      "time_window": [
        0.0,
        3000.0
      ],
      "capacity": 198
    },
    {
      "id": "CDP32",
      "x": 62.71,
      "y": 63.56,
      "time_window": [
        0.0,
        3000.0
      ],
      "capacity": 202
    },
    {
      "id": "CDP33",
      "x": 79.45,
      "y": 54.88,
      "time_window": [
        0.0,
        3000.0
      ],
      "capacity": 258
    },
    {
      "id": "CDP34",
      "x": 39.38,
      "y": 58.77,
      "time_window": [
        0.0,
        3000.0
      ],
      "capacity": 134
    },
    {
      "id": "CDP35",
      "x": 78.65,
      "y": 88.43,
      "time_window": [
        0.0,
        3000.0
      ],
      "capacity": 282
    },
    {
      "id": "CDP36",
      "x": 33.79,
      "y": 21.73,
      "time_window": [
        0.0,
        3000.0
      ],
      "capacity": 253
    },
    {
      "id": "CDP37",
      "x": 92.64,
      "y": 67.42,
      "time_window": [
        0.0,
        3000.0
      ],
      "capacity": 173
    },
    {
      "id": "CDP38",
      "x": 59.78,
      "y": 70.66,
      "time_window": [
        0.0,
        3000.0
      ],
      "capacity": 142
    },
    {
      "id": "CDP39",
      "x": 59.1,
      "y": 4.33,
      "time_window": [
        0.0,
        3000.0
      ],
      "capacity": 161
    },
    {
      "id": "CDP40",
      "x": 63.54,
      "y": 26.49,
      "time_window": [
        0.0,
        3000.0
      ],
      "capacity": 108
    },
    {
      "id": "CDP41",
      "x": 22.63,
      "y": 77.6,
      "time_window": [
        0.0,
        3000.0
      ],
      "capacity": 181
    },
    {
      "id": "CDP42",
      "x": 48.51,
      "y": 45.34,
      "time_window": [
        0.0,
        3000.0
      ],
      "capacity": 212
    },
    {
      "id": "CDP43",
      "x": 83.07,
      "y": 79.71,
      "time_window": [
        0.0,
        3000.0
      ],
      "capacity": 212
    },
    {
      "id": "CDP44",
      "x": 19.21,
      "y": 26.33,
      "time_window": [
        0.0,
        3000.0
      ],
      "capacity": 243
    },
    {
      "id": "CDP45",
      "x": 53.85,
      "y": 11.78,
      "time_window": [
        0.0,
        3000.0
      ],
      "capacity": 192
    },
    {
      "id": "CDP46",
      "x": 36.56,
      "y": 32.91,
      "time_window": [
        0.0,
        3000.0
      ],
      "capacity": 232
    },
    {
      "id": "CDP47",
      "x": 67.17,
      "y": 40.15,
      "time_window": [
        0.0,
        3000.0
      ],
      "capacity": 125
    },
    {
      "id": "CDP48",
      "x": 28.31,
      "y": 18.74,
      "time_window": [
        0.0,
        3000.0
      ],
      "capacity": 285
    },
    {
      "id": "CDP49",
      "x": 40.5,
      "y": 81.1,
      "time_window": [
        0.0,
        3000.0
      ],
      "capacity": 141
    },
    {
      "id": "CDP50",
      "x": 16.1,
      "y": 58.73,
      "time_window": [
        0.0,
        3000.0
      ],
      "capacity": 219
    },
    {
      "id": "CDP51",
      "x": 12.95,
      "y": 51.53,
      "time_window": [
        0.0,
        3000.0
      ],
      "capacity": 199
    },
    {
      "id": "CDP52",
      "x": 17.53,
      "y": 74.97,
      "time_window": [
        0.0,
        3000.0
      ],
      "capacity": 105
    },
    {
      "id": "CDP53",
      "x": 14.59,
      "y": 29.76,
      "time_window": [
        0.0,
        3000.0
      ],
      "capacity": 122
    },
    {
      "id": "CDP54",
      "x": 74.4,
      "y": 69.97,
      "time_window": [
        0.0,
        3000.0
      ],
      "capacity": 180
    },
    {
      "id": "CDP55",
      "x": 45.54,
      "y": 47.04,
      "time_window": [
        0.0,
        3000.0
      ],
      "capacity": 259
    },
    {
      "id": "CDP56",
      "x": 61.26,
      "y": 79.44,
      "time_window": [
        0.0,
        3000.0
      ],
      "capacity": 241
    },
    {
      "id": "CDP57",
      "x": 84.28,
      "y": 84.89,
      "time_window": [
        0.0,
        3000.0
      ],
      "capacity": 158
    },
    {
      "id": "CDP58",
      "x": 74.41,
      "y": 44.02,
      "time_window": [
        0.0,
        3000.0
      ],
      "capacity": 140
    },
    {
      "id": "CDP59",
      "x": 84.72,
      "y": 37.62,
      "time_window": [
        0.0,
        3000.0
      ],
      "capacity": 193
    },
    {
      "id": "CDP60",
      "x": 39.21,
      "y": 33.21,
      "time_window": [
        0.0,
        3000.0
      ],
      "capacity": 279
    },
    {
      "id": "CDP61",
      "x": 12.06,
      "y": 3.36,
      "time_window": [
        0.0,
        3000.0
      ],
      "capacity": 236
    },
    {
      "id": "CDP62",
      "x": 70.45,
      "y": 10.56,
      "time_window": [
        0.0,
        3000.0
      ],
      "capacity": 101
    },
    {
      "id": "CDP63",
      "x": 71.72,
      "y": 93.54,
      "time_window": [
        0.0,
        3000.0
      ],
      "capacity": 234
    },
    {
      "id": "CDP64",
      "x": 28.42,
      "y": 57.48,
      "time_window": [
        0.0,
        3000.0
      ],
      "capacity": 201
    },
    {
      "id": "CDP65",
      "x": 76.7,
      "y": 22.18,
      "time_window": [
        0.0,
        3000.0
      ],
      "capacity": 162
    },
    {
      "id": "CDP66",
      "x": 29.42,
      "y": 35.72,
      "time_window": [
        0.0,
        3000.0
      ],
      "capacity": 177
    },
    {
      "id": "CDP67",
      "x": 83.2,
      "y": 38.81,
      "time_window": [
        0.0,
        3000.0
      ],
      "capacity": 185
    },
    {
      "id": "CDP68",
      "x": 12.46,
      "y": 78.29,
      "time_window": [
        0.0,
        3000.0
      ],
      "capacity": 196
    },
    {
      "id": "CDP69",
      "x": 67.69,
      "y": 74.56,
      "time_window": [
        0.0,
        3000.0
      ],
      "capacity": 240
    },
    {
      "id": "CDP70",
      "x": 65.51,
      "y": 40.66,
      "time_window": [
        0.0,
        3000.0
      ],
      "capacity": 298
    },
    {
      "id": "CDP71",
      "x": 66.69,
      "y": 57.04,
      "time_window": [
        0.0,
        3000.0
      ],
      "capacity": 225
    },
    {
      "id": "CDP72",
      "x": 75.21,
      "y": 39.97,
      "time_window": [
        0.0,
        3000.0
      ],
      "capacity": 253
    },
    {
      "id": "CDP73",
      "x": 19.77,
      "y": 90.23,
      "time_window": [
        0.0,
        3000.0
      ],
      "capacity": 197
    },
    {
      "id": "CDP74",
      "x": 1.43,
      "y": 5.26,
      "time_window": [
        0.0,
        3000.0
      ],
      "capacity": 142
    },
    {
      "id": "CDP75",
      "x": 59.32,
      "y": 19.51,
      "time_window": [
        0.0,
        3000.0
      ],
      "capacity": 165
    },
    {
      "id": "CDP76",
      "x": 26.04,
      "y": 95.87,
      "time_window": [
        0.0,
        3000.0
      ],
      "capacity": 203
    },
    {
      "id": "CDP77",
      "x": 93.76,
      "y": 81.85,
      "time_window": [
        0.0,
        3000.0
      ],
      "capacity": 222
    },
    {
      "id": "CDP78",
      "x": 2.25,
      "y": 70.7,
      "time_window": [
        0.0,
        3000.0
      ],
      "capacity": 187
    },
    {
      "id": "CDP79",
      "x": 0.07,
      "y": 24.84,
      "time_window": [
        0.0,
        3000.0
      ],
      "capacity": 265
    },
    {
      "id": "CDP80",
      "x": 97.92,
      "y": 62.84,
      "time_window": [
        0.0,
        3000.0
      ],
      "capacity": 131
    },
    {
      "id": "CDP81",
      "x": 89.26,
      "y": 73.29,
      "time_window": [
        0.0,
        3000.0
      ],
      "capacity": 130
    },
    {
      "id": "CDP82",
      "x": 42.82,
      "y": 96.03,
      "time_window": [
        0.0,
        3000.0
      ],
      "capacity": 281
    },
    {
      "id": "CDP83",
      "x": 64.79,
      "y": 87.66,
      "time_window": [
        0.0,
        3000.0
      ],
      "capacity": 148
    },
    {
      "id": "CDP84",
      "x": 62.69,
      "y": 28.39,
      "time_window": [
        0.0,
        3000.0
      ],
      "capacity": 258
    },
    {
      "id": "CDP85",
      "x": 80.49,
      "y": 48.34,
      "time_window": [
        0.0,
        3000.0
      ],
      "capacity": 167
    },
    {
      "id": "CDP86",
      "x": 83.08,
      "y": 24.56,
      "time_window": [
        0.0,
        3000.0
      ],
      "capacity": 278
    },
    {
      "id": "CDP87",
      "x": 46.06,
      "y": 30.15,
      "time_window": [
        0.0,
        3000.0
      ],
      "capacity": 238
    },
    {
      "id": "CDP88",
      "x": 80.9,
      "y": 64.87,
      "time_window": [
        0.0,
        3000.0
      ],
      "capacity": 284
    },
    {
      "id": "CDP89",
      "x": 47.89,
      "y": 66.83,
      "time_window": [
        0.0,
        3000.0
      ],
      "capacity": 176
    },
    {
      "id": "CDP90",
      "x": 79.51,
      "y": 89.66,
      "time_window": [
        0.0,
        3000.0
      ],
      "capacity": 269
    },
    {
      "id": "CDP91",
      "x": 47.36,
      "y": 54.51,
      "time_window": [
        0.0,
        3000.0
      ],
      "capacity": 158
    },
    {
      "id": "CDP92",
      "x": 16.56,
      "y": 20.85,
      "time_window": [
        0.0,
        3000.0
      ],
      "capacity": 121
    },
    {
      "id": "CDP93",
      "x": 54.36,
      "y": 72.46,
      "time_window": [
        0.0,
        3000.0
      ],
      "capacity": 206
    },
    {
      "id": "CDP94",
      "x": 84.98,
      "y": 12.97,
      "time_window": [
        0.0,
        3000.0
      ],
      "capacity": 279
    },
    {
      "id": "CDP95",
      "x": 3.29,
      "y": 61.41,
      "time_window": [
        0.0,
        3000.0
      ],
      "capacity": 157
    },
    {
      "id": "CDP96",
      "x": 36.09,
      "y": 69.55,
      "time_window": [
        0.0,
        3000.0
      ],
      "capacity": 231
    },
    {
      "id": "CDP97",
      "x": 60.13,
      "y": 32.61,
      "time_window": [
        0.0,
        3000.0
      ],
      "capacity": 145
    },
    {
      "id": "CDP98",
      "x": 46.7,
      "y": 51.75,
      "time_window": [
        0.0,
        3000.0
      ],
      "capacity": 138
    },
    {
      "id": "CDP99",
      "x": 9.05,
      "y": 61.53,
      "time_window": [
        0.0,
        3000.0
      ],
      "capacity": 123
    },
    {
      "id": "CDP100",
      "x": 88.35,
      "y": 12.0,
      "time_window": [
        0.0,
        3000.0
      ],
      "capacity": 172
    }
  ],
  "Customers": [
    {
      "id": "C1",
      "x": 89.41,
      "y": 89.31,
      "time_window": [
        450.0,
        2416.75
      ],
      "demand": [
        3,
        4,
        3
      ]
    },
    {
      "id": "C2",
      "x": 26.7,
      "y": 54.24,
      "time_window": [
        450.0,
        2330.54
      ],
      "demand": [
        4,
        4,
        2
      ]
    },
    {
      "id": "C3",
      "x": 43.57,
      "y": 64.6,
      "time_window": [
        450.0,
        1902.79
      ],
      "demand": [
        4,
        3,
        3
      ]
    },
    {
      "id": "C4",
      "x": 84.07,
      "y": 98.44,
      "time_window": [
        450.0,
        1173.17
      ],
      "demand": [
        1,
        3,
        4
      ]
    },
    {
      "id": "C5",
      "x": 70.66,
      "y": 71.97,
      "time_window": [
        450.0,
        993.02
      ],
      "demand": [
        1,
        2,
        2
      ]
    },
    {
      "id": "C6",
      "x": 97.23,
      "y": 0.59,
      "time_window": [
        450.0,
        1932.7
      ],
      "demand": [
        3,
        1,
        2
      ]
    },
    {
      "id": "C7",
      "x": 85.82,
      "y": 19.78,
      "time_window": [
        450.0,
        987.61
      ],
      "demand": [
        3,
        4,
        1
      ]
    },
    {
      "id": "C8",
      "x": 49.41,
      "y": 57.36,
      "time_window": [
        450.0,
        2157.6
      ],
      "demand": [
        4,
        4,
        1
      ]
    },
    {
      "id": "C9",
      "x": 55.5,
      "y": 68.72,
      "time_window": [
        450.0,
        1151.75
      ],
      "demand": [
        3,
        2,
        2
      ]
    },
    {
      "id": "C10",
      "x": 41.87,
      "y": 52.56,
      "time_window": [
        450.0,
        2372.29
      ],
      "demand": [
        3,
        3,
        3
      ]
    },
    {
      "id": "C11",
      "x": 57.38,
      "y": 40.47,
      "time_window": [
        450.0,
        2550
      ],
      "demand": [
        3,
        2,
        2
      ]
    },
    {
      "id": "C12",
      "x": 14.03,
      "y": 76.79,
      "time_window": [
        450.0,
        1545.64
      ],
      "demand": [
        1,
        1,
        2
      ]
    },
    {
      "id": "C13",
      "x": 7.58,
      "y": 89.44,
      "time_window": [
        450.0,
        1316.8
      ],
      "demand": [
        3,
        1,
        2
      ]
    },
    {
      "id": "C14",
      "x": 0.44,
      "y": 16.45,
      "time_window": [
        450.0,
        959.16
      ],
      "demand": [
        4,
        2,
        2
      ]
    },
    {
      "id": "C15",
      "x": 23.9,
      "y": 3.53,
      "time_window": [
        450.0,
        1961.72
      ],
      "demand": [
        1,
        2,
        3
      ]
    },
    {
      "id": "C16",
      "x": 28.72,
      "y": 48.62,
      "time_window": [
        450.0,
        2119.06
      ],
      "demand": [
        3,
        2,
        4
      ]
    },
    {
      "id": "C17",
      "x": 71.02,
      "y": 25.08,
      "time_window": [
        450.0,
        1588.56
      ],
      "demand": [
        2,
        1,
        3
      ]
    },
    {
      "id": "C18",
      "x": 47.42,
      "y": 56.99,
      "time_window": [
        450.0,
        951.26
      ],
      "demand": [
        4,
        4,
        3
      ]
    },
    {
      "id": "C19",
      "x": 17.7,
      "y": 6.56,
      "time_window": [
        450.0,
        2199.67
      ],
      "demand": [
        4,
        1,
        1
      ]
    },
    {
      "id": "C20",
      "x": 65.49,
      "y": 73.69,
      "time_window": [
        450.0,
        1617.71
      ],
      "demand": [
        1,
        2,
        4
      ]
    },
    {
      "id": "C21",
      "x": 97.4,
      "y": 91.44,
      "time_window": [
        450.0,
        970.53
      ],
      "demand": [
        4,
        3,
        2
      ]
    },
    {
      "id": "C22",
      "x": 61.62,
      "y": 67.33,
      "time_window": [
        450.0,
        1292.92
      ],
      "demand": [
        3,
        4,
        3
      ]
    },
    {
      "id": "C23",
      "x": 8.61,
      "y": 87.94,
      "time_window": [
        450.0,
        2074.12
      ],
      "demand": [
        2,
        1,
        2
      ]
    },
    {
      "id": "C24",
      "x": 45.59,
      "y": 54.37,
      "time_window": [
        450.0,
        1030.62
      ],
      "demand": [
        1,
        4,
        4
      ]
    },
    {
      "id": "C25",
      "x": 46.23,
      "y": 74.19,
      "time_window": [
        450.0,
        1286.31
      ],
      "demand": [
        2,
        1,
        2
      ]
    },
    {
      "id": "C26",
      "x": 46.58,
      "y": 72.0,
      "time_window": [
        450.0,
        1791.29
      ],
      "demand": [
        4,
        3,
        3
      ]
    },
    {
      "id": "C27",
      "x": 41.27,
      "y": 61.36,
      "time_window": [
        450.0,
        1470.01
      ],
      "demand": [
        3,
        3,
        4
      ]
    },
    {
      "id": "C28",
      "x": 45.06,
      "y": 73.11,
      "time_window": [
        450.0,
        1495.92
      ],
      "demand": [
        1,
        1,
        3
      ]
    },
    {
      "id": "C29",
      "x": 82.39,
      "y": 92.32,
      "time_window": [
        450.0,
        1483.07
      ],
      "demand": [
        4,
        1,
        4
      ]
    },
    {
      "id": "C30",
      "x": 67.04,
      "y": 43.53,
      "time_window": [
        450.0,
        2431.33
      ],
      "demand": [
        1,
        2,
        2
      ]
    },
    {
      "id": "C31",
      "x": 73.31,
      "y": 29.25,
      "time_window": [
        450.0,
        1015.92
      ],
      "demand": [
        2,
        1,
        1
      ]
    },
    {
      "id": "C32",
      "x": 76.24,
      "y": 84.95,
      "time_window": [
        450.0,
        1562.73
      ],
      "demand": [
        3,
        3,
        4
      ]
    },
    {
      "id": "C33",
      "x": 46.07,
      "y": 68.61,
      "time_window": [
        450.0,
        2180.74
      ],
      "demand": [
        1,
        2,
        2
      ]
    },
    {
      "id": "C34",
      "x": 31.86,
      "y": 67.76,
      "time_window": [
        450.0,
        1365.46
      ],
      "demand": [
        3,
        2,
        2
      ]
    },
    {
      "id": "C35",
      "x": 36.77,
      "y": 27.74,
      "time_window": [
        450.0,
        2107.43
      ],
      "demand": [
        2,
        2,
        1
      ]
    },
    {
      "id": "C36",
      "x": 86.96,
      "y": 18.97,
      "time_window": [
        450.0,
        1728.75
      ],
      "demand": [
        2,
        3,
        1
      ]
    },
    {
      "id": "C37",
      "x": 93.23,
      "y": 84.7,
      "time_window": [
        450.0,
        2006.44
      ],
      "demand": [
        2,
        1,
        2
      ]
    },
    {
      "id": "C38",
      "x": 15.07,
      "y": 22.53,
      "time_window": [
        450.0,
        2444.86
      ],
      "demand": [
        3,
        2,
        3
      ]
    },
    {
      "id": "C39",
      "x": 10.76,
      "y": 89.79,
      "time_window": [
        450.0,
        1751.63
      ],
      "demand": [
        4,
        2,
        3
      ]
    },
    {
      "id": "C40",
      "x": 20.28,
      "y": 90.46,
      "time_window": [
        450.0,
        2471.65
      ],
      "demand": [
        2,
        1,
        2
      ]
    },
    {
      "id": "C41",
      "x": 59.76,
      "y": 50.06,
      "time_window": [
        450.0,
        2190.04
      ],
      "demand": [
        1,
        4,
        3
      ]
    },
    {
      "id": "C42",
      "x": 84.53,
      "y": 0.65,
      "time_window": [
        450.0,
        2053.62
      ],
      "demand": [
        2,
        2,
        4
      ]
    },
    {
      "id": "C43",
      "x": 37.27,
      "y": 25.58,
      "time_window": [
        450.0,
        1469.21
      ],
      "demand": [
        3,
        1,
        2
      ]
    },
    {
      "id": "C44",
      "x": 94.76,
      "y": 75.38,
      "time_window": [
        450.0,
        1194.31
      ],
      "demand": [
        1,
        1,
        1
      ]
    },
    {
      "id": "C45",
      "x": 48.98,
      "y": 35.87,
      "time_window": [
        450.0,
        2051.76
      ],
      "demand": [
        4,
        3,
        1
      ]
    },
    {
      "id": "C46",
      "x": 84.11,
      "y": 88.15,
      "time_window": [
        450.0,
        1366.81
      ],
      "demand": [
        4,
        3,
        4
      ]
    },
    {
      "id": "C47",
      "x": 28.77,
      "y": 49.37,
      "time_window": [
        450.0,
        1288.26
      ],
      "demand": [
        2,
        4,
        2
      ]
    },
    {
      "id": "C48",
      "x": 10.14,
      "y": 3.63,
      "time_window": [
        450.0,
        1793.14
      ],
      "demand": [
        4,
        3,
        4
      ]
    },
    {
      "id": "C49",
      "x": 2.51,
      "y": 99.99,
      "time_window": [
        450.0,
        2550
      ],
      "demand": [
        1,
        3,
        1
      ]
    },
    {
      "id": "C50",
      "x": 22.76,
      "y": 11.45,
      "time_window": [
        450.0,
        2381.65
      ],
      "demand": [
        4,
        4,
        1
      ]
    },
    {
      "id": "C51",
      "x": 70.48,
      "y": 65.97,
      "time_window": [
        450.0,
        1963.18
      ],
      "demand": [
        4,
        1,
        4
      ]
    },
    {
      "id": "C52",
      "x": 50.53,
      "y": 74.17,
      "time_window": [
        450.0,
        2450.78
      ],
      "demand": [
        1,
        4,
        2
      ]
    },
    {
      "id": "C53",
      "x": 18.66,
      "y": 4.69,
      "time_window": [
        450.0,
        1017.13
      ],
      "demand": [
        2,
        3,
        3
      ]
    },
    {
      "id": "C54",
      "x": 3.33,
      "y": 15.8,
      "time_window": [
        450.0,
        2438.09
      ],
      "demand": [
        2,
        3,
        1
      ]
    },
    {
      "id": "C55",
      "x": 86.28,
      "y": 9.22,
      "time_window": [
        450.0,
        2550
      ],
      "demand": [
        4,
        1,
        4
      ]
    },
    {
      "id": "C56",
      "x": 94.82,
      "y": 87.96,
      "time_window": [
        450.0,
        1438.6
      ],
      "demand": [
        2,
        4,
        4
      ]
    },
    {
      "id": "C57",
      "x": 74.16,
      "y": 39.57,
      "time_window": [
        450.0,
        1034.74
      ],
      "demand": [
        2,
        2,
        2
      ]
    },
    {
      "id": "C58",
      "x": 10.31,
      "y": 1.75,
      "time_window": [
        450.0,
        1665.26
      ],
      "demand": [
        1,
        2,
        4
      ]
    },
    {
      "id": "C59",
      "x": 5.61,
      "y": 87.24,
      "time_window": [
        450.0,
        1834.17
      ],
      "demand": [
        2,
        3,
        1
      ]
    },
    {
      "id": "C60",
      "x": 35.41,
      "y": 47.79,
      "time_window": [
        450.0,
        1917.09
      ],
      "demand": [
        4,
        1,
        2
      ]
    },
    {
      "id": "C61",
      "x": 28.7,
      "y": 28.58,
      "time_window": [
        450.0,
        2475.91
      ],
      "demand": [
        2,
        1,
        3
      ]
    },
    {
      "id": "C62",
      "x": 64.31,
      "y": 59.73,
      "time_window": [
        450.0,
        1003.07
      ],
      "demand": [
        1,
        1,
        4
      ]
    },
    {
      "id": "C63",
      "x": 47.45,
      "y": 66.38,
      "time_window": [
        450.0,
        2005.8
      ],
      "demand": [
        3,
        3,
        2
      ]
    },
    {
      "id": "C64",
      "x": 6.4,
      "y": 0.19,
      "time_window": [
        450.0,
        1465.15
      ],
      "demand": [
        4,
        1,
        1
      ]
    },
    {
      "id": "C65",
      "x": 25.7,
      "y": 41.66,
      "time_window": [
        450.0,
        1483.8
      ],
      "demand": [
        4,
        4,
        4
      ]
    },
    {
      "id": "C66",
      "x": 11.29,
      "y": 87.14,
      "time_window": [
        450.0,
        1092.72
      ],
      "demand": [
        2,
        2,
        2
      ]
    },
    {
      "id": "C67",
      "x": 43.66,
      "y": 56.95,
      "time_window": [
        450.0,
        2463.76
      ],
      "demand": [
        4,
        2,
        3
      ]
    },
    {
      "id": "C68",
      "x": 48.08,
      "y": 56.22,
      "time_window": [
        450.0,
        2229.69
      ],
      "demand": [
        2,
        1,
        1
      ]
    },
    {
      "id": "C69",
      "x": 69.8,
      "y": 47.33,
      "time_window": [
        450.0,
        2374.32
      ],
      "demand": [
        4,
        1,
        4
      ]
    },
    {
      "id": "C70",
      "x": 68.61,
      "y": 60.82,
      "time_window": [
        450.0,
        1717.93
      ],
      "demand": [
        3,
        2,
        4
      ]
    },
    {
      "id": "C71",
      "x": 43.31,
      "y": 68.1,
      "time_window": [
        450.0,
        2263.7
      ],
      "demand": [
        3,
        3,
        4
      ]
    },
    {
      "id": "C72",
      "x": 54.81,
      "y": 52.02,
      "time_window": [
        450.0,
        978.63
      ],
      "demand": [
        4,
        3,
        2
      ]
    },
    {
      "id": "C73",
      "x": 34.57,
      "y": 40.13,
      "time_window": [
        450.0,
        2550
      ],
      "demand": [
        3,
        4,
        1
      ]
    },
    {
      "id": "C74",
      "x": 52.33,
      "y": 57.46,
      "time_window": [
        450.0,
        1560.75
      ],
      "demand": [
        4,
        1,
        3
      ]
    },
    {
      "id": "C75",
      "x": 56.49,
      "y": 54.04,
      "time_window": [
        450.0,
        1748.22
      ],
      "demand": [
        3,
        1,
        4
      ]
    },
    {
      "id": "C76",
      "x": 11.66,
      "y": 81.09,
      "time_window": [
        450.0,
        1145.5
      ],
      "demand": [
        4,
        3,
        2
      ]
    },
    {
      "id": "C77",
      "x": 31.83,
      "y": 28.03,
      "time_window": [
        450.0,
        2404.45
      ],
      "demand": [
        2,
        1,
        4
      ]
    },
    {
      "id": "C78",
      "x": 31.33,
      "y": 46.07,
      "time_window": [
        450.0,
        1254.35
      ],
      "demand": [
        1,
        3,
        2
      ]
    },
    {
      "id": "C79",
      "x": 89.91,
      "y": 22.64,
      "time_window": [
        450.0,
        1542.99
      ],
      "demand": [
        1,
        4,
        3
      ]
    },
    {
      "id": "C80",
      "x": 4.84,
      "y": 24.69,
      "time_window": [
        450.0,
        2548.75
      ],
      "demand": [
        4,
        2,
        4
      ]
    },
    {
      "id": "C81",
      "x": 87.53,
      "y": 8.3,
      "time_window": [
        450.0,
        968.74
      ],
      "demand": [
        4,
        2,
        3
      ]
    },
    {
      "id": "C82",
      "x": 10.67,
      "y": 83.54,
      "time_window": [
        450.0,
        1383.07
      ],
      "demand": [
        4,
        3,
        2
      ]
    },
    {
      "id": "C83",
      "x": 29.31,
      "y": 58.14,
      "time_window": [
        450.0,
        2550
      ],
      "demand": [
        1,
        4,
        4
      ]
    },
    {
      "id": "C84",
      "x": 55.07,
      "y": 64.87,
      "time_window": [
        450.0,
        1365.25
      ],
      "demand": [
        4,
        4,
        4
      ]
    },
    {
      "id": "C85",
      "x": 40.72,
      "y": 71.29,
      "time_window": [
        450.0,
        1776.84
      ],
      "demand": [
        3,
        1,
        2
      ]
    },
    {
      "id": "C86",
      "x": 47.76,
      "y": 40.43,
      "time_window": [
        450.0,
        1322.4
      ],
      "demand": [
        3,
        4,
        4
      ]
    },
    {
      "id": "C87",
      "x": 59.44,
      "y": 32.57,
      "time_window": [
        450.0,
        2550
      ],
      "demand": [
        2,
        2,
        2
      ]
    },
    {
      "id": "C88",
      "x": 89.22,
      "y": 81.25,
      "time_window": [
        450.0,
        1073.34
      ],
      "demand": [
        2,
        4,
        1
      ]
    },
    {
      "id": "C89",
      "x": 38.67,
      "y": 49.85,
      "time_window": [
        450.0,
        2516.03
      ],
      "demand": [
        1,
        4,
        3
      ]
    },
    {
      "id": "C90",
      "x": 45.71,
      "y": 48.74,
      "time_window": [
        450.0,
        1395.35
      ],
      "demand": [
        3,
        2,
        2
      ]
    },
    {
      "id": "C91",
      "x": 43.64,
      "y": 34.71,
      "time_window": [
        450.0,
        1576.6
      ],
      "demand": [
        1,
        1,
        2
      ]
    },
    {
      "id": "C92",
      "x": 75.8,
      "y": 6.67,
      "time_window": [
        450.0,
        2490.72
      ],
      "demand": [
        3,
        2,
        2
      ]
    },
    {
      "id": "C93",
      "x": 33.32,
      "y": 69.33,
      "time_window": [
        450.0,
        2139.58
      ],
      "demand": [
        1,
        3,
        3
      ]
    },
    {
      "id": "C94",
      "x": 73.27,
      "y": 74.49,
      "time_window": [
        450.0,
        961.52
      ],
      "demand": [
        3,
        1,
        1
      ]
    },
    {
      "id": "C95",
      "x": 70.58,
      "y": 52.73,
      "time_window": [
        450.0,
        1387.92
      ],
      "demand": [
        1,
        4,
        4
      ]
    },
    {
      "id": "C96",
      "x": 40.69,
      "y": 28.78,
      "time_window": [
        450.0,
        957.17
      ],
      "demand": [
        3,
        3,
        2
      ]
    },
    {
      "id": "C97",
      "x": 48.71,
      "y": 72.43,
      "time_window": [
        450.0,
        1358.94
      ],
      "demand": [
        1,
        1,
        2
      ]
    },
    {
      "id": "C98",
      "x": 82.77,
      "y": 5.39,
      "time_window": [
        450.0,
        2047.1
      ],
      "demand": [
        4,
        4,
        3
      ]
    },
    {
      "id": "C99",
      "x": 32.4,
      "y": 27.32,
      "time_window": [
        450.0,
        1722.89
      ],
      "demand": [
        2,
        3,
        2
      ]
    },
    {
      "id": "C100",
      "x": 97.08,
      "y": 76.41,
      "time_window": [
        450.0,
        2374.67
      ],
      "demand": [
        3,
        3,
        1
      ]
    },
    {
      "id": "C101",
      "x": 57.08,
      "y": 32.7,
      "time_window": [
        450.0,
        968.68
      ],
      "demand": [
        3,
        2,
        4
      ]
    },
    {
      "id": "C102",
      "x": 45.58,
      "y": 39.1,
      "time_window": [
        450.0,
        1753.12
      ],
      "demand": [
        4,
        3,
        3
      ]
    },
    {
      "id": "C103",
      "x": 43.75,
      "y": 25.06,
      "time_window": [
        450.0,
        1861.07
      ],
      "demand": [
        4,
        2,
        1
      ]
    },
    {
      "id": "C104",
      "x": 2.05,
      "y": 3.33,
      "time_window": [
        450.0,
        1389.27
      ],
      "demand": [
        2,
        1,
        4
      ]
    },
    {
      "id": "C105",
      "x": 73.18,
      "y": 32.68,
      "time_window": [
        450.0,
        1846.2
      ],
      "demand": [
        1,
        2,
        1
      ]
    },
    {
      "id": "C106",
      "x": 7.57,
      "y": 94.09,
      "time_window": [
        450.0,
        1381.94
      ],
      "demand": [
        3,
        1,
        4
      ]
    },
    {
      "id": "C107",
      "x": 7.83,
      "y": 6.0,
      "time_window": [
        450.0,
        2028.05
      ],
      "demand": [
        3,
        1,
        1
      ]
    },
    {
      "id": "C108",
      "x": 50.83,
      "y": 26.81,
      "time_window": [
        450.0,
        1118.86
      ],
      "demand": [
        2,
        2,
        4
      ]
    },
    {
      "id": "C109",
      "x": 28.84,
      "y": 42.73,
      "time_window": [
        450.0,
        1394.24
      ],
      "demand": [
        1,
        1,
        4
      ]
    },
    {
      "id": "C110",
      "x": 26.72,
      "y": 64.14,
      "time_window": [
        450.0,
        1762.88
      ],
      "demand": [
        2,
        2,
        1
      ]
    },
    {
      "id": "C111",
      "x": 41.6,
      "y": 71.12,
      "time_window": [
        450.0,
        1114.1
      ],
      "demand": [
        1,
        1,
        2
      ]
    },
    {
      "id": "C112",
      "x": 22.92,
      "y": 84.71,
      "time_window": [
        450.0,
        1463.06
      ],
      "demand": [
        4,
        3,
        2
      ]
    },
    {
      "id": "C113",
      "x": 67.64,
      "y": 47.88,
      "time_window": [
        450.0,
        1821.58
      ],
      "demand": [
        1,
        1,
        4
      ]
    },
    {
      "id": "C114",
      "x": 26.16,
      "y": 59.68,
      "time_window": [
        450.0,
        1507.33
      ],
      "demand": [
        2,
        4,
        1
      ]
    },
    {
      "id": "C115",
      "x": 33.98,
      "y": 36.2,
      "time_window": [
        450.0,
        2550
      ],
      "demand": [
        2,
        4,
        1
      ]
    },
    {
      "id": "C116",
      "x": 73.77,
      "y": 59.62,
      "time_window": [
        450.0,
        1299.16
      ],
      "demand": [
        3,
        2,
        1
      ]
    },
    {
      "id": "C117",
      "x": 1.68,
      "y": 77.21,
      "time_window": [
        450.0,
        2201.02
      ],
      "demand": [
        2,
        2,
        3
      ]
    },
    {
      "id": "C118",
      "x": 7.76,
      "y": 6.88,
      "time_window": [
        450.0,
        2541.27
      ],
      "demand": [
        4,
        2,
        2
      ]
    },
    {
      "id": "C119",
      "x": 5.22,
      "y": 94.62,
      "time_window": [
        450.0,
        2499.01
      ],
      "demand": [
        4,
        4,
        4
      ]
    },
    {
      "id": "C120",
      "x": 29.83,
      "y": 63.67,
      "time_window": [
        450.0,
        2044.21
      ],
      "demand": [
        1,
        3,
        3
      ]
    },
    {
      "id": "C121",
      "x": 14.74,
      "y": 81.25,
      "time_window": [
        450.0,
        982.59
      ],
      "demand": [
        1,
        4,
        3
      ]
    },
    {
      "id": "C122",
      "x": 76.53,
      "y": 7.75,
      "time_window": [
        450.0,
        1367.2
      ],
      "demand": [
        1,
        3,
        3
      ]
    },
    {
      "id": "C123",
      "x": 18.06,
      "y": 17.68,
      "time_window": [
        450.0,
        1071.92
      ],
      "demand": [
        2,
        4,
        1
      ]
    },
    {
      "id": "C124",
      "x": 81.39,
      "y": 16.9,
      "time_window": [
        450.0,
        2206.85
      ],
      "demand": [
        3,
        1,
        3
      ]
    },
    {
      "id": "C125",
      "x": 40.08,
      "y": 70.01,
      "time_window": [
        450.0,
        1270.64
      ],
      "demand": [
        3,
        2,
        3
      ]
    },
    {
      "id": "C126",
      "x": 1.48,
      "y": 7.03,
      "time_window": [
        450.0,
        2505.4
      ],
      "demand": [
        1,
        4,
        4
      ]
    },
    {
      "id": "C127",
      "x": 27.2,
      "y": 25.56,
      "time_window": [
        450.0,
        1230.41
      ],
      "demand": [
        1,
        4,
        3
      ]
    },
    {
      "id": "C128",
      "x": 4.49,
      "y": 82.87,
      "time_window": [
        450.0,
        2424.29
      ],
      "demand": [
        2,
        1,
        3
      ]
    },
    {
      "id": "C129",
      "x": 66.26,
      "y": 37.29,
      "time_window": [
        450.0,
        1875.77
      ],
      "demand": [
        1,
        2,
        3
      ]
    },
    {
      "id": "C130",
      "x": 44.17,
      "y": 68.11,
      "time_window": [
        450.0,
        1182.53
      ],
      "demand": [
        2,
        4,
        4
      ]
    },
    {
      "id": "C131",
      "x": 56.37,
      "y": 43.74,
      "time_window": [
        450.0,
        1419.01
      ],
      "demand": [
        4,
        4,
        1
      ]
    },
    {
      "id": "C132",
      "x": 69.43,
      "y": 60.87,
      "time_window": [
        450.0,
        2312.27
      ],
      "demand": [
        3,
        4,
        3
      ]
    },
    {
      "id": "C133",
      "x": 9.68,
      "y": 16.47,
      "time_window": [
        450.0,
        2104.75
      ],
      "demand": [
        1,
        4,
        2
      ]
    },
    {
      "id": "C134",
      "x": 40.15,
      "y": 32.26,
      "time_window": [
        450.0,
        1818.29
      ],
      "demand": [
        2,
        2,
        4
      ]
    },
    {
      "id": "C135",
      "x": 64.53,
      "y": 39.06,
      "time_window": [
        450.0,
        2381.97
      ],
      "demand": [
        4,
        1,
        3
      ]
    },
    {
      "id": "C136",
      "x": 34.18,
      "y": 64.17,
      "time_window": [
        450.0,
        1825.95
      ],
      "demand": [
        2,
        1,
        4
      ]
    },
    {
      "id": "C137",
      "x": 24.95,
      "y": 81.96,
      "time_window": [
        450.0,
        2374.63
      ],
      "demand": [
        1,
        1,
        3
      ]
    },
    {
      "id": "C138",
      "x": 40.27,
      "y": 59.12,
      "time_window": [
        450.0,
        1279.26
      ],
      "demand": [
        3,
        1,
        4
      ]
    },
    {
      "id": "C139",
      "x": 67.43,
      "y": 35.41,
      "time_window": [
        450.0,
        2445.85
      ],
      "demand": [
        1,
        3,
        4
      ]
    },
    {
      "id": "C140",
      "x": 23.86,
      "y": 9.7,
      "time_window": [
        450.0,
        1894.73
      ],
      "demand": [
        4,
        2,
        4
      ]
    },
    {
      "id": "C141",
      "x": 98.91,
      "y": 15.8,
      "time_window": [
        450.0,
        1205.26
      ],
      "demand": [
        3,
        4,
        1
      ]
    },
    {
      "id": "C142",
      "x": 62.84,
      "y": 34.01,
      "time_window": [
        450.0,
        1433.48
      ],
      "demand": [
        4,
        3,
        4
      ]
    },
    {
      "id": "C143",
      "x": 9.32,
      "y": 14.34,
      "time_window": [
        450.0,
        1152.98
      ],
      "demand": [
        2,
        4,
        1
      ]
    },
    {
      "id": "C144",
      "x": 0.66,
      "y": 18.16,
      "time_window": [
        450.0,
        2188.59
      ],
      "demand": [
        2,
        1,
        2
      ]
    },
    {
      "id": "C145",
      "x": 71.15,
      "y": 46.59,
      "time_window": [
        450.0,
        1596.88
      ],
      "demand": [
        4,
        1,
        2
      ]
    },
    {
      "id": "C146",
      "x": 59.54,
      "y": 31.44,
      "time_window": [
        450.0,
        1050.54
      ],
      "demand": [
        3,
        2,
        1
      ]
    },
    {
      "id": "C147",
      "x": 67.84,
      "y": 48.53,
      "time_window": [
        450.0,
        1372.82
      ],
      "demand": [
        1,
        1,
        4
      ]
    },
    {
      "id": "C148",
      "x": 21.84,
      "y": 78.8,
      "time_window": [
        450.0,
        1827.19
      ],
      "demand": [
        3,
        4,
        4
      ]
    },
    {
      "id": "C149",
      "x": 43.1,
      "y": 51.84,
      "time_window": [
        450.0,
        2385.8
      ],
      "demand": [
        1,
        4,
        2
      ]
    },
    {
      "id": "C150",
      "x": 60.1,
      "y": 38.57,
      "time_window": [
        450.0,
        1214.11
      ],
      "demand": [
        4,
        2,
        4
      ]
    },
    {
      "id": "C151",
      "x": 33.0,
      "y": 30.22,
      "time_window": [
        450.0,
        1384.45
      ],
      "demand": [
        3,
        4,
        3
      ]
    },
    {
      "id": "C152",
      "x": 38.76,
      "y": 62.48,
      "time_window": [
        450.0,
        1386.63
      ],
      "demand": [
        3,
        3,
        4
      ]
    },
    {
      "id": "C153",
      "x": 86.94,
      "y": 92.14,
      "time_window": [
        450.0,
        1218.9
      ],
      "demand": [
        4,
        3,
        2
      ]
    },
    {
      "id": "C154",
      "x": 46.13,
      "y": 54.57,
      "time_window": [
        450.0,
        1031.09
      ],
      "demand": [
        3,
        2,
        3
      ]
    },
    {
      "id": "C155",
      "x": 55.76,
      "y": 72.71,
      "time_window": [
        450.0,
        1545.69
      ],
      "demand": [
        3,
        4,
        2
      ]
    },
    {
      "id": "C156",
      "x": 11.69,
      "y": 2.75,
      "time_window": [
        450.0,
        2204.1
      ],
      "demand": [
        1,
        4,
        1
      ]
    },
    {
      "id": "C157",
      "x": 41.98,
      "y": 54.95,
      "time_window": [
        450.0,
        1549.76
      ],
      "demand": [
        1,
        1,
        4
      ]
    },
    {
      "id": "C158",
      "x": 21.17,
      "y": 94.89,
      "time_window": [
        450.0,
        1548.78
      ],
      "demand": [
        2,
        1,
        1
      ]
    },
    {
      "id": "C159",
      "x": 63.87,
      "y": 48.83,
      "time_window": [
        450.0,
        1890.56
      ],
      "demand": [
        3,
        1,
        1
      ]
    },
    {
      "id": "C160",
      "x": 13.6,
      "y": 13.92,
      "time_window": [
        450.0,
        2464.46
      ],
      "demand": [
        2,
        2,
        1
      ]
    },
    {
      "id": "C161",
      "x": 55.28,
      "y": 39.38,
      "time_window": [
        450.0,
        1216.6
      ],
      "demand": [
        2,
        1,
        2
      ]
    },
    {
      "id": "C162",
      "x": 1.58,
      "y": 78.33,
      "time_window": [
        450.0,
        1231.47
      ],
      "demand": [
        3,
        3,
        2
      ]
    },
    {
      "id": "C163",
      "x": 50.51,
      "y": 66.59,
      "time_window": [
        450.0,
        1549.41
      ],
      "demand": [
        4,
        3,
        1
      ]
    },
    {
      "id": "C164",
      "x": 74.05,
      "y": 35.82,
      "time_window": [
        450.0,
        1146.55
      ],
      "demand": [
        3,
        4,
        4
      ]
    },
    {
      "id": "C165",
      "x": 44.98,
      "y": 73.34,
      "time_window": [
        450.0,
        2106.43
      ],
      "demand": [
        1,
        1,
        4
      ]
    },
    {
      "id": "C166",
      "x": 52.23,
      "y": 66.14,
      "time_window": [
        450.0,
        1434.28
      ],
      "demand": [
        3,
        1,
        4
      ]
    },
    {
      "id": "C167",
      "x": 15.67,
      "y": 89.24,
      "time_window": [
        450.0,
        1914.3
      ],
      "demand": [
        2,
        3,
        1
      ]
    },
    {
      "id": "C168",
      "x": 13.73,
      "y": 88.16,
      "time_window": [
        450.0,
        965.29
      ],
      "demand": [
        3,
        3,
        4
      ]
    },
    {
      "id": "C169",
      "x": 84.95,
      "y": 1.72,
      "time_window": [
        450.0,
        2264.08
      ],
      "demand": [
        1,
        1,
        1
      ]
    },
    {
      "id": "C170",
      "x": 85.46,
      "y": 18.32,
      "time_window": [
        450.0,
        1388.47
      ],
      "demand": [
        3,
        2,
        2
      ]
    },
    {
      "id": "C171",
      "x": 53.13,
      "y": 27.54,
      "time_window": [
        450.0,
        2544.58
      ],
      "demand": [
        3,
        2,
        1
      ]
    },
    {
      "id": "C172",
      "x": 14.25,
      "y": 98.57,
      "time_window": [
        450.0,
        1361.17
      ],
      "demand": [
        3,
        4,
        3
      ]
    },
    {
      "id": "C173",
      "x": 23.7,
      "y": 95.09,
      "time_window": [
        450.0,
        2511.19
      ],
      "demand": [
        2,
        1,
        2
      ]
    },
    {
      "id": "C174",
      "x": 58.73,
      "y": 25.58,
      "time_window": [
        450.0,
        2113.27
      ],
      "demand": [
        2,
        4,
        3
      ]
    },
    {
      "id": "C175",
      "x": 71.36,
      "y": 30.12,
      "time_window": [
        450.0,
        1987.18
      ],
      "demand": [
        3,
        1,
        4
      ]
    },
    {
      "id": "C176",
      "x": 43.87,
      "y": 25.05,
      "time_window": [
        450.0,
        2053.47
      ],
      "demand": [
        2,
        1,
        1
      ]
    },
    {
      "id": "C177",
      "x": 91.65,
      "y": 97.86,
      "time_window": [
        450.0,
        2160.93
      ],
      "demand": [
        2,
        4,
        2
      ]
    },
    {
      "id": "C178",
      "x": 69.48,
      "y": 36.99,
      "time_window": [
        450.0,
        1626.98
      ],
      "demand": [
        2,
        4,
        3
      ]
    },
    {
      "id": "C179",
      "x": 43.3,
      "y": 53.63,
      "time_window": [
        450.0,
        2123.42
      ],
      "demand": [
        3,
        4,
        4
      ]
    },
    {
      "id": "C180",
      "x": 86.64,
      "y": 83.65,
      "time_window": [
        450.0,
        1261.33
      ],
      "demand": [
        2,
        3,
        4
      ]
    },
    {
      "id": "C181",
      "x": 40.26,
      "y": 34.9,
      "time_window": [
        450.0,
        2385.55
      ],
      "demand": [
        4,
        4,
        4
      ]
    },
    {
      "id": "C182",
      "x": 29.9,
      "y": 69.31,
      "time_window": [
        450.0,
        1497.99
      ],
      "demand": [
        4,
        3,
        1
      ]
    },
    {
      "id": "C183",
      "x": 49.71,
      "y": 35.61,
      "time_window": [
        450.0,
        2162.35
      ],
      "demand": [
        2,
        3,
        2
      ]
    },
    {
      "id": "C184",
      "x": 34.97,
      "y": 34.34,
      "time_window": [
        450.0,
        1547.68
      ],
      "demand": [
        2,
        4,
        2
      ]
    },
    {
      "id": "C185",
      "x": 35.65,
      "y": 33.23,
      "time_window": [
        450.0,
        1302.55
      ],
      "demand": [
        3,
        1,
        4
      ]
    },
    {
      "id": "C186",
      "x": 8.04,
      "y": 0.08,
      "time_window": [
        450.0,
        2057.61
      ],
      "demand": [
        2,
        1,
        4
      ]
    },
    {
      "id": "C187",
      "x": 35.24,
      "y": 42.1,
      "time_window": [
        450.0,
        2477.56
      ],
      "demand": [
        4,
        2,
        1
      ]
    },
    {
      "id": "C188",
      "x": 32.55,
      "y": 50.38,
      "time_window": [
        450.0,
        1964.21
      ],
      "demand": [
        2,
        4,
        1
      ]
    },
    {
      "id": "C189",
      "x": 98.54,
      "y": 96.9,
      "time_window": [
        450.0,
        1319.47
      ],
      "demand": [
        2,
        3,
        4
      ]
    },
    {
      "id": "C190",
      "x": 6.09,
      "y": 91.2,
      "time_window": [
        450.0,
        1446.6
      ],
      "demand": [
        2,
        2,
        2
      ]
    },
    {
      "id": "C191",
      "x": 54.29,
      "y": 72.81,
      "time_window": [
        450.0,
        2538.18
      ],
      "demand": [
        2,
        3,
        3
      ]
    },
    {
      "id": "C192",
      "x": 52.54,
      "y": 55.55,
      "time_window": [
        450.0,
        2137.26
      ],
      "demand": [
        1,
        4,
        1
      ]
    },
    {
      "id": "C193",
      "x": 52.61,
      "y": 27.94,
      "time_window": [
        450.0,
        1865.36
      ],
      "demand": [
        1,
        4,
        2
      ]
    },
    {
      "id": "C194",
      "x": 0.45,
      "y": 20.54,
      "time_window": [
        450.0,
        2012.03
      ],
      "demand": [
        1,
        2,
        1
      ]
    },
    {
      "id": "C195",
      "x": 9.84,
      "y": 6.66,
      "time_window": [
        450.0,
        2038.21
      ],
      "demand": [
        2,
        2,
        3
      ]
    },
    {
      "id": "C196",
      "x": 48.23,
      "y": 52.81,
      "time_window": [
        450.0,
        2539.69
      ],
      "demand": [
        1,
        2,
        2
      ]
    },
    {
      "id": "C197",
      "x": 56.15,
      "y": 73.89,
      "time_window": [
        450.0,
        1403.98
      ],
      "demand": [
        1,
        4,
        3
      ]
    },
    {
      "id": "C198",
      "x": 33.34,
      "y": 67.33,
      "time_window": [
        450.0,
        2151.69
      ],
      "demand": [
        3,
        4,
        3
      ]
    },
    {
      "id": "C199",
      "x": 62.33,
      "y": 40.02,
      "time_window": [
        450.0,
        2066.83
      ],
      "demand": [
        3,
        4,
        2
      ]
    },
    {
      "id": "C200",
      "x": 94.53,
      "y": 82.82,
      "time_window": [
        450.0,
        2328.17
      ],
      "demand": [
        1,
        1,
        2
      ]
    }
  ]
}