{
  "set_id": 1,
  "inst_id": 5,
  "vehicles": {
    "CT": {
      "count": 4,
      "capacity": 1500,
      "fixed_cost": 1500,
      "unit_cost_factor": 1.2
    },
    "UV": {
      "count": 8,
      "capacity": 500,
      "fixed_cost": 500,
      "unit_cost_factor": 1.1
    }
  },
  "P": 2,
  "item_weights": [
    15,
    15
  ],
  "inventory_ratio": 1.2,
  "FCs": [
    {
      "id": "FC1",
      "x": 25,
      "y": 25,
      "time_window": [
        0.0,
        3000.0
      ],
      "inventory": [
        24,
        28
      ]
    },
    {
      "id": "FC2",
      "x": 75,
      "y": 75,
      "time_window": [
        0.0,
        3000.0
      ],
      "inventory": [
        36,
        28
      ]
    }
  ],
  "DCs": [
    {
      "id": "DC1",
      "x": 65.92,
      "y": 17.51,
      "time_window": [
        300.0,
        2700.0
      ]
    },
    {
      "id": "DC2",
      "x": 7.08,
      "y": 21.22,
      "time_window": [
        300.0,
        2700.0
      ]
    },
    {
      "id": "DC3",
      "x": 47.05,
      "y": 21.79,
      "time_window": [
        300.0,
        2700.0
      ]
    },
    {
      "id": "DC4",
      "x": 84.3,
      "y": 3.89,
      "time_window": [
        300.0,
        2700.0
      ]
    }
  ],
  "CDPs": [
    {
      "id": "CDP1",
      "x": 72.03,
      "y": 64.88,
      "time_window": [
        0.0,
        3000.0
      ],
      "capacity": 187
    },
    {
      "id": "CDP2",
      "x": 44.44,
      "y": 84.65,
      "time_window": [
        0.0,
        3000.0
      ],
      "capacity": 141
    },
    {
      "id": "CDP3",
      "x": 34.05,
      "y": 17.56,
      "time_window": [
        0.0,
        3000.0
      ],
      "capacity": 157
    },
    {
      "id": "CDP4",
      "x": 87.24,
      "y": 34.71,
      "time_window": [
        0.0,
        3000.0
      ],
      "capacity": 142
    },
    {
      "id": "CDP5",
      "x": 59.49,
      "y": 67.94,
      "time_window": [
        0.0,
        3000.0
      ],
      "capacity": 175
    },
    {
      "id": "CDP6",
      "x": 43.66,
      "y": 74.74,
      "time_window": [
        0.0,
        3000.0
      ],
      "capacity": 264
    },
    {
      "id": "CDP7",
      "x": 80.85,
      "y": 2.53,
      "time_window": [
        0.0,
        3000.0
      ],
      "capacity": 196
    },
    {
      "id": "CDP8",
      "x": 40.16,
      "y": 84.35,
      "time_window": [
        0.0,
        3000.0
      ],
      "capacity": 262
    },
    {
      "id": "CDP9",
      "x": 26.82,
      "y": 59.34,
      "time_window": [
        0.0,
        3000.0
      ],
      "capacity": 217
    },
    {
      "id": "CDP10",
      "x": 35.67,
      "y": 63.71,
      "time_window": [
        0.0,
        3000.0
      ],
      "capacity": 189
    }
  ],
  "Customers": [
    {
      "id": "C1",
      "x": 95.18,
      "y": 95.22,
      "time_window": [
        450.0,
        2550
      ],
      "demand": [
        4,
        4
      ]
    },
    {
      "id": "C2",
      "x": 29.64,
      "y": 66.28,
      "time_window": [
        450.0,
        2317.37
      ],
      "demand": [
        3,
        1
      ]
    },
    {
      "id": "C3",
      "x": 33.34,
      "y": 67.94,
      "time_window": [
        450.0,
        980.33
      ],
      "demand": [
        3,
        3
      ]
    },
    {
      "id": "C4",
      "x": 45.46,
      "y": 46.81,
      "time_window": [
        450.0,
        1956.61
      ],
      "demand": [
        4,
        3
      ]
    },
    {
      "id": "C5",
      "x": 83.94,
      "y": 91.54,
      "time_window": [
        450.0,
        1424.44
      ],
      "demand": [
        3,
        4
      ]
    },
    {
      "id": "C6",
      "x": 54.31,
      "y": 46.88,
      "time_window": [
        450.0,
        2267.81
      ],
      "demand": [
        2,
        3
      ]
    },
    {
      "id": "C7",
      "x": 61.86,
      "y": 71.06,
      "time_window": [
        450.0,
        2298.79
      ],
      "demand": [
        1,
        3
      ]
    },
    {
      "id": "C8",
      "x": 78.06,
      "y": 22.33,
      "time_window": [
        450.0,
        1262.52
      ],
      "demand": [
        1,
        2
      ]
    },
    {
      "id": "C9",
      "x": 31.1,
      "y": 61.98,
      "time_window": [
        450.0,
        2476.41
      ],
      "demand": [
        4,
        3
      ]
    },
    {
      "id": "C10",
      "x": 91.22,
      "y": 96.97,
      "time_window": [
        450.0,
        1836.57
      ],
      "demand": [
        2,
        2
      ]
    },
    {
      "id": "C11",
      "x": 7.42,
      "y": 1.38,
      "time_window": [
        450.0,
        2330.27
      ],
      "demand": [
        1,
        1
      ]
    },
    {
      "id": "C12",
      "x": 54.24,
      "y": 53.62,
      "time_window": [
        450.0,
        1992.29
      ],
      "demand": [
        3,
        4
      ]
    },
    {
      "id": "C13",
      "x": 96.9,
      "y": 14.33,
      "time_window": [
        450.0,
        1200.54
      ],
      "demand": [
        2,
        1
      ]
    },
    {
      "id": "C14",
      "x": 29.67,
      "y": 69.35,
      "time_window": [
        450.0,
        1821.47
      ],
      "demand": [
        3,
        2
      ]
    },
    {
      "id": "C15",
      "x": 77.38,
      "y": 5.8,
      "time_window": [
        450.0,
        1706.27
      ],
      "demand": [
        2,
        3
      ]
    },
    {
      "id": "C16",
      "x": 32.1,
      "y": 46.59,
      "time_window": [
        450.0,
        1019.81
      ],
      "demand": [
        3,
        1
      ]
    },
    {
      "id": "C17",
      "x": 61.88,
      "y": 61.56,
      "time_window": [
        450.0,
        1157.59
      ],
      "demand": [
        2,
        2
      ]
    },
    {
      "id": "C18",
      "x": 67.67,
      "y": 26.94,
      "time_window": [
        450.0,
        1058.6
      ],
      "demand": [
        1,
        1
      ]
    },
    {
      "id": "C19",
      "x": 94.74,
      "y": 9.98,
      "time_window": [
        450.0,
        2430.74
      ],
      "demand": [
        4,
        1
      ]
    },
    {
      "id": "C20",
      "x": 42.98,
      "y": 39.37,
      "time_window": [
        450.0,
        1729.99
      ],
      "demand": [
        2,
        2
      ]
    }
  ]
}