{
  "set_id": 4,
  "inst_id": 3,
  "vehicles": {
    "CT": {
      "count": 8,
      "capacity": 1500,
      "fixed_cost": 1500,
      "unit_cost_factor": 1.2
    },
    "UV": {
      "count": 16,
      "capacity": 500,
      "fixed_cost": 500,
      "unit_cost_factor": 1.1
    }
  },
  "P": 3,
  "item_weights": [
    5,
    10,
    5
  ],
  "inventory_ratio": 1.2,
  "FCs": [
    {
      "id": "FC1",
      "x": 25,
      "y": 25,
      "time_window": [
        0.0,
        3000.0
      ],
      "inventory": [
        47,
        48,
        64
      ]
    },
    {
      "id": "FC2",
      "x": 75,
      "y": 75,
      "time_window": [
        0.0,
        3000.0
      ],
      "inventory": [
        54,
        54,
        53
      ]
    }
  ],
  "DCs": [
    {
      "id": "DC1",
      "x": 54.59,
      "y": 75.51,
      "time_window": [
        300.0,
        2700.0
      ]
    },
    {
      "id": "DC2",
      "x": 80.17,
      "y": 92.35,
      "time_window": [
        300.0,
        2700.0
      ]
    },
    {
      "id": "DC3",
      "x": 19.7,
      "y": 94.5,
      "time_window": [
        300.0,
        2700.0
      ]
    },
    {
      "id": "DC4",
      "x": 74.22,
      "y": 10.7,
      "time_window": [
        300.0,
        2700.0
      ]
    }
  ],
  "CDPs": [
    {
      "id": "CDP1",
      "x": 90.68,
      "y": 13.0,
      "time_window": [
        0.0,
        3000.0
      ],
      "capacity": 154
    },
    {
      "id": "CDP2",
      "x": 9.41,
      "y": 93.08,
      "time_window": [
        0.0,
        3000.0
      ],
      "capacity": 262
    },
    {
      "id": "CDP3",
      "x": 76.8,
      "y": 47.74,
      "time_window": [
        0.0,
        3000.0
      ],
      "capacity": 195
    },
    {
      "id": "CDP4",
      "x": 41.29,
      "y": 34.2,
      "time_window": [
        0.0,
        3000.0
      ],
      "capacity": 256
    },
    {
      "id": "CDP5",
      "x": 68.4,
      "y": 76.27,
      "time_window": [
        0.0,
        3000.0
      ],
      "capacity": 120
    },
    {
      "id": "CDP6",
      "x": 84.2,
      "y": 26.56,
      "time_window": [
        0.0,
        3000.0
      ],
      "capacity": 208
    },
    {
      "id": "CDP7",
      "x": 7.13,
      "y": 61.77,
      "time_window": [
        0.0,
        3000.0
      ],
      "capacity": 107
    },
    {
      "id": "CDP8",
      "x": 49.72,
      "y": 55.07,
      "time_window": [
        0.0,
        3000.0
      ],
      "capacity": 232
    },
    {
      "id": "CDP9",
      "x": 89.07,
      "y": 90.29,
      "time_window": [
        0.0,
        3000.0
      ],
      "capacity": 241
    },
    {
      "id": "CDP10",
      "x": 75.62,
      "y": 80.76,
      "time_window": [
        0.0,
        3000.0
      ],
      "capacity": 259
    },
    {
      "id": "CDP11",
      "x": 67.03,
      "y": 82.9,
      "time_window": [
        0.0,
        3000.0
      ],
      "capacity": 257
    },
    {
      "id": "CDP12",
      "x": 9.05,
      "y": 92.23,
      "time_window": [
        0.0,
        3000.0
      ],
      "capacity": 122
    },
    {
      "id": "CDP13",
      "x": 11.09,
      "y": 49.5,
      "time_window": [
        0.0,
        3000.0
      ],
      "capacity": 138
    },
    {
      "id": "CDP14",
      "x": 71.36,
      "y": 27.74,
      "time_window": [
        0.0,
        3000.0
      ],
      "capacity": 221
    },
    {
      "id": "CDP15",
      "x": 30.36,
      "y": 21.7,
      "time_window": [
        0.0,
        3000.0
      ],
      "capacity": 252
    },
    {
      "id": "CDP16",
      "x": 13.97,
      "y": 72.95,
      "time_window": [
        0.0,
        3000.0
      ],
      "capacity": 175
    }
  ],
  "Customers": [
    {
      "id": "C1",
      "x": 97.2,
      "y": 90.56,
      "time_window": [
        450.0,
        1356.76
      ],
      "demand": [
        4,
        1,
        2
      ]
    },
    {
      "id": "C2",
      "x": 30.65,
      "y": 44.24,
      "time_window": [
        450.0,
        2550
      ],
      "demand": [
        3,
        4,
        4
      ]
    },
    {
      "id": "C3",
      "x": 84.71,
      "y": 92.53,
      "time_window": [
        450.0,
        2372.8
      ],
      "demand": [
        4,
        1,
        1
      ]
    },
    {
      "id": "C4",
      "x": 98.59,
      "y": 7.15,
      "time_window": [
        450.0,
        1958.09
      ],
      "demand": [
        1,
        2,
        4
      ]
    },
    {
      "id": "C5",
      "x": 43.96,
      "y": 63.07,
      "time_window": [
        450.0,
        2437.98
      ],
      "demand": [
        3,
        3,
        2
      ]
    },
    {
      "id": "C6",
      "x": 4.84,
      "y": 21.17,
      "time_window": [
        450.0,
        2379.01
      ],
      "demand": [
        1,
        3,
        1
      ]
    },
    {
      "id": "C7",
      "x": 48.97,
      "y": 32.59,
      "time_window": [
        450.0,
        2139.51
      ],
      "demand": [
        1,
        3,
        1
      ]
    },
    {
      "id": "C8",
      "x": 42.96,
      "y": 74.81,
      "time_window": [
        450.0,
        1268.63
      ],
      "demand": [
        2,
        3,
        4
      ]
    },
    {
      "id": "C9",
      "x": 61.51,
      "y": 46.8,
      "time_window": [
        450.0,
        1612.15
      ],
      "demand": [
        3,
        3,
        3
      ]
    },
    {
      "id": "C10",
      "x": 51.8,
      "y": 30.51,
      "time_window": [
        450.0,
        1725.83
      ],
      "demand": [
        4,
        3,
        4
      ]
    },
    {
      "id": "C11",
      "x": 65.53,
      "y": 59.98,
      "time_window": [
        450.0,
        1337.82
      ],
      "demand": [
        1,
        1,
        3
      ]
    },
    {
      "id": "C12",
      "x": 56.58,
      "y": 72.46,
      "time_window": [
        450.0,
        2129.39
      ],
      "demand": [
        1,
        3,
        3
      ]
    },
    {
      "id": "C13",
      "x": 68.12,
      "y": 37.68,
      "time_window": [
        450.0,
        1280.77
      ],
      "demand": [
        2,
        4,
        4
      ]
    },
    {
      "id": "C14",
      "x": 36.6,
      "y": 70.31,
      "time_window": [
        450.0,
        2101.18
      ],
      "demand": [
        2,
        1,
        4
      ]
    },
    {
      "id": "C15",
      "x": 49.94,
      "y": 70.51,
      "time_window": [
        450.0,
        1287.88
      ],
      "demand": [
        2,
        1,
        2
      ]
    },
    {
      "id": "C16",
      "x": 32.11,
      "y": 51.17,
      "time_window": [
        450.0,
        2107.43
      ],
      "demand": [
        2,
        3,
        4
      ]
    },
    {
      "id": "C17",
      "x": 98.22,
      "y": 92.85,
      "time_window": [
        450.0,
        1031.72
      ],
      "demand": [
        2,
        2,
        3
      ]
    },
    {
      "id": "C18",
      "x": 97.72,
      "y": 90.47,
      "time_window": [
        450.0,
        1837.37
      ],
      "demand": [
        1,
        2,
        2
      ]
    },
    {
      "id": "C19",
      "x": 61.94,
      "y": 44.32,
      "time_window": [
        450.0,
        1980.51
      ],
      "demand": [
        2,
        4,
        4
      ]
    },
    {
      "id": "C20",
      "x": 48.82,
      "y": 38.95,
      "time_window": [
        450.0,
        1845.49
      ],
      "demand": [
        3,
        3,
        4
      ]
    },
    {
      "id": "C21",
      "x": 13.77,
      "y": 10.66,
      "time_window": [
        450.0,
        1753.92
      ],
      "demand": [
        3,
        2,
        3
      ]
    },
    {
      "id": "C22",
      "x": 66.88,
      "y": 67.46,
      "time_window": [
        450.0,
        2226.29
      ],
      "demand": [
        4,
        1,
        2
      ]
    },
    {
      "id": "C23",
      "x": 63.07,
      "y": 47.92,
      "time_window": [
        450.0,
        2023.64
      ],
      "demand": [
        3,
        2,
        1
      ]
    },
    {
      "id": "C24",
      "x": 55.94,
      "y": 26.57,
      "time_window": [
        450.0,
        983.32
      ],
      "demand": [
        3,
        2,
        3
      ]
    },
    {
      "id": "C25",
      "x": 70.84,
      "y": 56.27,
      "time_window": [
        450.0,
        1188.96
      ],
      "demand": [
        3,
        3,
        3
      ]
    },
    {
      "id": "C26",
      "x": 20.38,
      "y": 78.46,
      "time_window": [
        450.0,
        1024.12
      ],
      "demand": [
        3,
        3,
        2
      ]
    },
    {
      "id": "C27",
      "x": 66.79,
      "y": 55.78,
      "time_window": [
        450.0,
        1753.15
      ],
      "demand": [
        2,
        4,
        4
      ]
    },
    {
      "id": "C28",
      "x": 15.5,
      "y": 15.89,
      "time_window": [
        450.0,
        2206.13
      ],
      "demand": [
        3,
        3,
        2
      ]
    },
    {
      "id": "C29",
      "x": 90.89,
      "y": 87.09,
      "time_window": [
        450.0,
        1936.7
      ],
      "demand": [
        3,
        1,
        3
      ]
    },
    {
      "id": "C30",
      "x": 97.05,
      "y": 89.64,
      "time_window": [
        450.0,
        2127.57
      ],
      "demand": [
        1,
        1,
        2
      ]
    },
    {
      "id": "C31",
      "x": 70.16,
      "y": 39.63,
      "time_window": [
        450.0,
        1317.4
      ],
      "demand": [
        1,
        1,
        2
      ]
    },
    {
      "id": "C32",
      "x": 21.46,
      "y": 19.32,
      "time_window": [
        450.0,
        1166.73
      ],
      "demand": [
        1,
        2,
        1
      ]
    },
    {
      "id": "C33",
      "x": 8.92,
      "y": 97.23,
      "time_window": [
        450.0,
        980.7
      ],
      "demand": [
        1,
        2,
        3
      ]
    },
    {
      "id": "C34",
      "x": 46.64,
      "y": 62.45,
      "time_window": [
        450.0,
        1555.66
      ],
      "demand": [
        4,
        3,
        2
      ]
    },
    {
      "id": "C35",
      "x": 54.51,
      "y": 40.41,
      "time_window": [
        450.0,
        1981.04
      ],
      "demand": [
        2,
        2,
        2
      ]
    },
    {
      "id": "C36",
      "x": 81.11,
      "y": 7.19,
      "time_window": [
        450.0,
        1291.05
      ],
      "demand": [
        3,
        3,
        3
      ]
    }
  ]
}