{
  "set_id": 6,
  "inst_id": 2,
  "vehicles": {
    "CT": {
      "count": 10,
      "capacity": 1500,
      "fixed_cost": 1500,
      "unit_cost_factor": 1.2
    },
    "UV": {
      "count": 20,
      "capacity": 500,
      "fixed_cost": 500,
      "unit_cost_factor": 1.1
    }
  },
  "P": 3,
  "item_weights": [
    10,
    10,
    10
  ],
  "inventory_ratio": 1.1,
  "FCs": [
    {
      "id": "FC1",
      "x": 25,
      "y": 25,
      "time_window": [
        0.0,
        3000.0
      ],
      "inventory": [
        76,
        81,
        66
      ]
    },
    {
      "id": "FC2",
      "x": 75,
      "y": 75,
      "time_window": [
        0.0,
        3000.0
      ],
      "inventory": [
        74,
        64,
        68
      ]
    }
  ],
  "DCs": [
    {
      "id": "DC1",
      "x": 81.3,
      "y": 25.51,
      "time_window": [
        300.0,
        2700.0
      ]
    },
    {
      "id": "DC2",
      "x": 23.95,
      "y": 92.14,
      "time_window": [
        300.0,
        2700.0
      ]
    },
    {
      "id": "DC3",
      "x": 73.71,
      "y": 7.94,
      "time_window": [
        300.0,
        2700.0
      ]
    },
    {
      "id": "DC4",
      "x": 46.35,
      "y": 54.92,
      "time_window": [
        300.0,
        2700.0
      ]
    }
  ],
  "CDPs": [
    {
      "id": "CDP1",
      "x": 50.58,
      "y": 99.03,
      "time_window": [
        0.0,
        3000.0
      ],
      "capacity": 254
    },
    {
      "id": "CDP2",
      "x": 47.35,
      "y": 96.8,
      "time_window": [
        0.0,
        3000.0
      ],
      "capacity": 206
    },
    {
      "id": "CDP3",
      "x": 85.88,
      "y": 26.88,
      "time_window": [
        0.0,
        3000.0
      ],
      "capacity": 113
    },
    {
      "id": "CDP4",
      "x": 70.35,
      "y": 70.67,
      "time_window": [
        0.0,
        3000.0
      ],
      "capacity": 145
    },
    {
      "id": "CDP5",
      "x": 44.18,
      "y": 75.57,
      "time_window": [
        0.0,
        3000.0
      ],
      "capacity": 219
    },
    {
      "id": "CDP6",
      "x": 16.71,
      "y": 33.43,
      "time_window": [
        0.0,
        3000.0
      ],
      "capacity": 231
    },
    {
      "id": "CDP7",
      "x": 35.87,
      "y": 68.6,
      "time_window": [
        0.0,
        3000.0
      ],
      "capacity": 210
    },
    {
      "id": "CDP8",
      "x": 64.85,
      "y": 57.35,
      "time_window": [
        0.0,
        3000.0
      ],
      "capacity": 155
    },
    {
      "id": "CDP9",
      "x": 57.2,
      "y": 37.22,
      "time_window": [
        0.0,
        3000.0
      ],
      "capacity": 172
    },
    {
      "id": "CDP10",
      "x": 49.02,
      "y": 58.0,
      "time_window": [
        0.0,
        3000.0
      ],
      "capacity": 184
    },
    {
      "id": "CDP11",
      "x": 35.7,
      "y": 22.88,
      "time_window": [
        0.0,
        3000.0
      ],
      "capacity": 133
    },
    {
      "id": "CDP12",
      "x": 23.02,
      "y": 11.13,
      "time_window": [
        0.0,
        3000.0
      ],
      "capacity": 131
    },
    {
      "id": "CDP13",
      "x": 4.75,
      "y": 69.25,
      "time_window": [
        0.0,
        3000.0
      ],
      "capacity": 283
    },
    {
      "id": "CDP14",
      "x": 35.11,
      "y": 48.88,
      "time_window": [
        0.0,
        3000.0
      ],
      "capacity": 229
    },
    {
      "id": "CDP15",
      "x": 17.99,
      "y": 22.42,
      "time_window": [
        0.0,
        3000.0
      ],
      "capacity": 154
    },
    {
      "id": "CDP16",
      "x": 3.46,
      "y": 40.35,
      "time_window": [
        0.0,
        3000.0
      ],
      "capacity": 255
    },
    {
      "id": "CDP17",
      "x": 70.74,
      "y": 25.86,
      "time_window": [
        0.0,
        3000.0
      ],
      "capacity": 153
    },
    {
      "id": "CDP18",
      "x": 36.63,
      "y": 34.07,
      "time_window": [
        0.0,
        3000.0
      ],
      "capacity": 242
    },
    {
      "id": "CDP19",
      "x": 81.57,
      "y": 98.67,
      "time_window": [
        0.0,
        3000.0
      ],
      "capacity": 240
    },
    {
      "id": "CDP20",
      "x": 1.52,
      "y": 52.9,
      "time_window": [
        0.0,
        3000.0
      ],
      "capacity": 297
    },
    {
      "id": "CDP21",
      "x": 10.39,
      "y": 78.36,
      "time_window": [
        0.0,
        3000.0
      ],
      "capacity": 196
    },
    {
      "id": "CDP22",
      "x": 21.48,
      "y": 16.24,
      "time_window": [
        0.0,
        3000.0
      ],
      "capacity": 260
    },
    {
      "id": "CDP23",
      "x": 48.35,
      "y": 72.03,
      "time_window": [
        0.0,
        3000.0
      ],
      "capacity": 104
    },
    {
      "id": "CDP24",
      "x": 93.21,
      "y": 53.11,
      "time_window": [
        0.0,
        3000.0
      ],
      "capacity": 258
    },
    {
      "id": "CDP25",
      "x": 64.85,
      "y": 50.15,
      "time_window": [
        0.0,
        3000.0
      ],
      "capacity": 134
    },
    {
      "id": "CDP26",
      "x": 12.58,
      "y": 50.78,
      "time_window": [
        0.0,
        3000.0
      ],
      "capacity": 292
    },
    {
      "id": "CDP27",
      "x": 20.44,
      "y": 46.0,
      "time_window": [
        0.0,
        3000.0
      ],
      "capacity": 249
    },
    {
      "id": "CDP28",
      "x": 95.05,
      "y": 37.35,
      "time_window": [
        0.0,
        3000.0
      ],
      "capacity": 272
    },
    {
      "id": "CDP29",
      "x": 86.43,
      "y": 95.51,
      "time_window": [
        0.0,
        3000.0
      ],
      "capacity": 144
    },
    {
      "id": "CDP30",
      "x": 56.89,
      "y": 83.5,
      "time_window": [
        0.0,
        3000.0
      ],
      "capacity": 134
    }
  ],
  "Customers": [
    {
      "id": "C1",
      "x": 55.76,
      "y": 70.13,
      "time_window": [
        450.0,
        2359.78
      ],
      "demand": [
        3,
        1,
        3
      ]
    },
    {
      "id": "C2",
      "x": 43.7,
      "y": 31.0,
      "time_window": [
        450.0,
        1157.85
      ],
      "demand": [
        3,
        3,
        1
      ]
    },
    {
      "id": "C3",
      "x": 43.76,
      "y": 73.19,
      "time_window": [
        450.0,
        1415.16
      ],
      "demand": [
        2,
        4,
        4
      ]
    },
    {
      "id": "C4",
      "x": 84.06,
      "y": 16.04,
      "time_window": [
        450.0,
        2440.26
      ],
      "demand": [
        3,
        4,
        4
      ]
    },
    {
      "id": "C5",
      "x": 97.79,
      "y": 76.89,
      "time_window": [
        450.0,
        2135.1
      ],
      "demand": [
        4,
        4,
        3
      ]
    },
    {
      "id": "C6",
      "x": 80.42,
      "y": 8.14,
      "time_window": [
        450.0,
        1012.84
      ],
      "demand": [
        4,
        2,
        4
      ]
    },
    {
      "id": "C7",
      "x": 16.07,
      "y": 8.53,
      "time_window": [
        450.0,
        1351.52
      ],
      "demand": [
        4,
        1,
        1
      ]
    },
    {
      "id": "C8",
      "x": 30.41,
      "y": 58.8,
      "time_window": [
        450.0,
        1273.14
      ],
      "demand": [
        2,
        3,
        4
      ]
    },
    {
      "id": "C9",
      "x": 27.83,
      "y": 68.03,
      "time_window": [
        450.0,
        2128.95
      ],
      "demand": [
        1,
        2,
        4
      ]
    },
    {
      "id": "C10",
      "x": 76.48,
      "y": 82.1,
      "time_window": [
        450.0,
        2055.85
      ],
      "demand": [
        3,
        1,
        1
      ]
    },
    {
      "id": "C11",
      "x": 30.19,
      "y": 47.56,
      "time_window": [
        450.0,
        1909.71
      ],
      "demand": [
        4,
        3,
        3
      ]
    },
    {
      "id": "C12",
      "x": 41.19,
      "y": 58.58,
      "time_window": [
        450.0,
        1128.42
      ],
      "demand": [
        3,
        3,
        1
      ]
    },
    {
      "id": "C13",
      "x": 20.02,
      "y": 92.38,
      "time_window": [
        450.0,
        1233.03
      ],
      "demand": [
        2,
        1,
        1
      ]
    },
    {
      "id": "C14",
      "x": 76.82,
      "y": 4.69,
      "time_window": [
        450.0,
        1429.24
      ],
      "demand": [
        1,
        4,
        3
      ]
    },
    {
      "id": "C15",
      "x": 99.01,
      "y": 92.07,
      "time_window": [
        450.0,
        2114.51
      ],
      "demand": [
        3,
        3,
        4
      ]
    },
    {
      "id": "C16",
      "x": 50.01,
      "y": 55.42,
      "time_window": [
        450.0,
        1315.98
      ],
      "demand": [
        3,
        1,
        2
      ]
    },
    {
      "id": "C17",
      "x": 49.66,
      "y": 40.52,
      "time_window": [
        450.0,
        987.36
      ],
      "demand": [
        1,
        2,
        1
      ]
    },
    {
      "id": "C18",
      "x": 56.26,
      "y": 68.13,
      "time_window": [
        450.0,
        1425.69
      ],
      "demand": [
        2,
        2,
        4
      ]
    },
    {
      "id": "C19",
      "x": 27.83,
      "y": 50.1,
      "time_window": [
        450.0,
        2216.38
      ],
      "demand": [
        1,
        4,
        4
      ]
    },
    {
      "id": "C20",
      "x": 19.23,
      "y": 87.75,
      "time_window": [
        450.0,
        2475.73
      ],
      "demand": [
        2,
        4,
        1
      ]
    },
    {
      "id": "C21",
      "x": 65.81,
      "y": 45.29,
      "time_window": [
        450.0,
        1994.79
      ],
      "demand": [
        3,
        1,
        1
      ]
    },
    {
      "id": "C22",
      "x": 29.89,
      "y": 67.72,
      "time_window": [
        450.0,
        2351.19
      ],
      "demand": [
        3,
        3,
        2
      ]
    },
    {
      "id": "C23",
      "x": 18.65,
      "y": 23.05,
      "time_window": [
        450.0,
        1022.57
      ],
      "demand": [
        4,
        1,
        1
      ]
    },
    {
      "id": "C24",
      "x": 22.54,
      "y": 15.51,
      "time_window": [
        450.0,
        1061.33
      ],
      "demand": [
        3,
        1,
        3
      ]
    },
    {
      "id": "C25",
      "x": 8.22,
      "y": 13.12,
      "time_window": [
        450.0,
        1061.09
      ],
      "demand": [
        1,
        1,
        2
      ]
    },
    {
      "id": "C26",
      "x": 72.5,
      "y": 34.98,
      "time_window": [
        450.0,
        1211.83
      ],
      "demand": [
        4,
        2,
        4
      ]
    },
    {
      "id": "C27",
      "x": 57.37,
      "y": 58.09,
      "time_window": [
        450.0,
        1841.98
      ],
      "demand": [
        4,
        4,
        4
      ]
    },
    {
      "id": "C28",
      "x": 49.46,
      "y": 71.19,
      "time_window": [
        450.0,
        1324.97
      ],
      "demand": [
        2,
        3,
        1
      ]
    },
    {
      "id": "C29",
      "x": 26.27,
      "y": 68.17,
      "time_window": [
        450.0,
        2187.43
      ],
      "demand": [
        2,
        2,
        2
      ]
    },
    {
      "id": "C30",
      "x": 49.59,
      "y": 43.0,
      "time_window": [
        450.0,
        1117.77
      ],
      "demand": [
        2,
        4,
        3
      ]
    },
    {
      "id": "C31",
      "x": 23.2,
      "y": 14.69,
      "time_window": [
        450.0,
        2003.24
      ],
      "demand": [
        4,
        2,
        1
      ]
    },
    {
      "id": "C32",
      "x": 60.3,
      "y": 57.62,
      "time_window": [
        450.0,
        1732.74
      ],
      "demand": [
        4,
        1,
        2
      ]
    },
    {
      "id": "C33",
      "x": 20.65,
      "y": 87.64,
      "time_window": [
        450.0,
        1453.71
      ],
      "demand": [
        4,
        4,
        1
      ]
    },
    {
      "id": "C34",
      "x": 46.85,
      "y": 35.2,
      "time_window": [
        450.0,
        1544.22
      ],
      "demand": [
        3,
        4,
        2
      ]
    },
    {
      "id": "C35",
      "x": 46.9,
      "y": 40.2,
      "time_window": [
        450.0,
        995.25
      ],
      "demand": [
        2,
        4,
        1
      ]
    },
    {
      "id": "C36",
      "x": 79.53,
      "y": 96.25,
      "time_window": [
        450.0,
        1200.69
      ],
      "demand": [
        1,
        1,
        4
      ]
    },
    {
      "id": "C37",
      "x": 5.4,
      "y": 94.26,
      "time_window": [
        450.0,
        1847.15
      ],
      "demand": [
        4,
        4,
        1
      ]
    },
    {
      "id": "C38",
      "x": 62.29,
      "y": 29.23,
      "time_window": [
        450.0,
        1023.71
      ],
      "demand": [
        4,
        3,
        4
      ]
    },
    {
      "id": "C39",
      "x": 30.25,
      "y": 26.19,
      "time_window": [
        450.0,
        1976.96
      ],
      "demand": [
        4,
        2,
        1
      ]
    },
    {
      "id": "C40",
      "x": 6.02,
      "y": 78.44,
      "time_window": [
        450.0,
        1721.97
      ],
      "demand": [
        2,
        2,
        4
      ]
    },
    {
      "id": "C41",
      "x": 59.07,
      "y": 45.24,
      "time_window": [
        450.0,
        2010.96
      ],
      "demand": [
        2,
        3,
        3
      ]
    },
    {
      "id": "C42",
      "x": 61.34,
      "y": 60.86,
      "time_window": [
        450.0,
        2550
      ],
      "demand": [
        2,
        4,
        3
      ]
    },
    {
      "id": "C43",
      "x": 13.62,
      "y": 97.5,
      "time_window": [
        450.0,
        1096.67
      ],
      "demand": [
        3,
        2,
        3
      ]
    },
    {
      "id": "C44",
      "x": 40.0,
      "y": 54.94,
      "time_window": [
        450.0,
        2090.82
      ],
      "demand": [
        4,
        3,
        2
      ]
    },
    {
      "id": "C45",
      "x": 32.34,
      "y": 62.09,
      "time_window": [
        450.0,
        1221.48
      ],
      "demand": [
        3,
        4,
        2
      ]
    },
    {
      "id": "C46",
      "x": 71.03,
      "y": 66.3,
      "time_window": [
        450.0,
        1565.81
      ],
      "demand": [
        3,
        2,
        4
      ]
    },
    {
      "id": "C47",
      "x": 95.96,
      "y": 12.27,
      "time_window": [
        450.0,
        2387.72
      ],
      "demand": [
        4,
        4,
        2
      ]
    },
    {
      "id": "C48",
      "x": 50.39,
      "y": 58.23,
      "time_window": [
        450.0,
        1023.38
      ],
      "demand": [
        1,
        2,
        2
      ]
    },
    {
      "id": "C49",
      "x": 3.12,
      "y": 91.31,
      "time_window": [
        450.0,
        1603.36
      ],
      "demand": [
        2,
        4,
        1
      ]
    },
    {
      "id": "C50",
      "x": 26.68,
      "y": 42.25,
      "time_window": [
        450.0,
        1760.81
      ],
      "demand": [
        1,
        2,
        2
      ]
    }
  ]
}