{
  "set_id": 4,
  "inst_id": 2,
  "vehicles": {
    "CT": {
      "count": 8,
      "capacity": 1500,
      "fixed_cost": 1500,
      "unit_cost_factor": 1.2
    },
    "UV": {
      "count": 16,
      "capacity": 500,
      "fixed_cost": 500,
      "unit_cost_factor": 1.1
    }
  },
  "P": 3,
  "item_weights": [
    10,
    5,
    5
  ],
  "inventory_ratio": 1.4,
  "FCs": [
    {
      "id": "FC1",
      "x": 25,
      "y": 25,
      "time_window": [
        0.0,
        3000.0
      ],
      "inventory": [
        50,
        78,
        71
      ]
    },
    {
      "id": "FC2",
      "x": 75,
      "y": 75,
      "time_window": [
        0.0,
        3000.0
      ],
      "inventory": [
        55,
        64,
        51
      ]
    }
  ],
  "DCs": [
    {
      "id": "DC1",
      "x": 49.09,
      "y": 23.13,
      "time_window": [
        300.0,
        2700.0
      ]
    },
    {
      "id": "DC2",
      "x": 82.96,
      "y": 1.09,
      "time_window": [
        300.0,
        2700.0
      ]
    },
    {
      "id": "DC3",
      "x": 88.49,
      "y": 52.15,
      "time_window": [
        300.0,
        2700.0
      ]
    },
    {
      "id": "DC4",
      "x": 65.69,
      "y": 14.2,
      "time_window": [
        300.0,
        2700.0
      ]
    }
  ],
  "CDPs": [
    {
      "id": "CDP1",
      "x": 61.51,
      "y": 38.43,
      "time_window": [
        0.0,
        3000.0
      ],
      "capacity": 277
    },
    {
      "id": "CDP2",
      "x": 63.55,
      "y": 12.79,
      "time_window": [
        0.0,
        3000.0
      ],
      "capacity": 252
    },
    {
      "id": "CDP3",
      "x": 82.26,
      "y": 64.24,
      "time_window": [
        0.0,
        3000.0
      ],
      "capacity": 205
    },
    {
      "id": "CDP4",
      "x": 99.05,
      "y": 21.17,
      "time_window": [
        0.0,
        3000.0
      ],
      "capacity": 145
    },
    {
      "id": "CDP5",
      "x": 40.62,
      "y": 18.18,
      "time_window": [
        0.0,
        3000.0
      ],
      "capacity": 104
    },
    {
      "id": "CDP6",
      "x": 82.08,
      "y": 50.52,
      "time_window": [
        0.0,
        3000.0
      ],
      "capacity": 266
    },
    {
      "id": "CDP7",
      "x": 12.44,
      "y": 49.37,
      "time_window": [
        0.0,
        3000.0
      ],
      "capacity": 240
    },
    {
      "id": "CDP8",
      "x": 9.47,
      "y": 69.96,
      "time_window": [
        0.0,
        3000.0
      ],
      "capacity": 201
    },
    {
      "id": "CDP9",
      "x": 52.31,
      "y": 21.71,
      "time_window": [
        0.0,
        3000.0
      ],
      "capacity": 162
    },
    {
      "id": "CDP10",
      "x": 29.89,
      "y": 76.67,
      "time_window": [
        0.0,
        3000.0
      ],
      "capacity": 115
    },
    {
      "id": "CDP11",
      "x": 30.37,
      "y": 85.14,
      "time_window": [
        0.0,
        3000.0
      ],
      "capacity": 171
    },
    {
      "id": "CDP12",
      "x": 25.74,
      "y": 83.42,
      "time_window": [
        0.0,
        3000.0
      ],
      "capacity": 169
    },
    {
      "id": "CDP13",
      "x": 48.57,
      "y": 27.68,
      "time_window": [
        0.0,
        3000.0
      ],
      "capacity": 159
    },
    {
      "id": "CDP14",
      "x": 72.17,
      "y": 1.53,
      "time_window": [
        0.0,
        3000.0
      ],
      "capacity": 252
    },
    {
      "id": "CDP15",
      "x": 55.03,
      "y": 26.49,
      "time_window": [
        0.0,
        3000.0
      ],
      "capacity": 299
    },
    {
      "id": "CDP16",
      "x": 5.16,
      "y": 12.46,
      "time_window": [
        0.0,
        3000.0
      ],
      "capacity": 158
    }
  ],
  "Customers": [
    {
      "id": "C1",
      "x": 84.7,
      "y": 23.38,
      "time_window": [
        450.0,
        2257.66
      ],
      "demand": [
        3,
        4,
        3
      ]
    },
    {
      "id": "C2",
      "x": 84.71,
      "y": 10.55,
      "time_window": [
        450.0,
        2452.92
      ],
      "demand": [
        1,
        2,
        4
      ]
    },
    {
      "id": "C3",
      "x": 91.32,
      "y": 9.81,
      "time_window": [
        450.0,
        2394.44
      ],
      "demand": [
        4,
        3,
        2
      ]
    },
    {
      "id": "C4",
      "x": 74.31,
      "y": 63.21,
      "time_window": [
        450.0,
        2006.39
      ],
      "demand": [
        3,
        3,
        4
      ]
    },
    {
      "id": "C5",
      "x": 71.88,
      "y": 37.71,
      "time_window": [
        450.0,
        1009.32
      ],
      "demand": [
        3,
        4,
        2
      ]
    },
    {
      "id": "C6",
      "x": 6.29,
      "y": 21.33,
      "time_window": [
        450.0,
        1066.62
      ],
      "demand": [
        2,
        4,
        4
      ]
    },
    {
      "id": "C7",
      "x": 30.82,
      "y": 33.47,
      "time_window": [
        450.0,
        2550
      ],
      "demand": [
        4,
        4,
        1
      ]
    },
    {
      "id": "C8",
      "x": 43.85,
      "y": 53.64,
      "time_window": [
        450.0,
        1367.39
      ],
      "demand": [
        1,
        2,
        2
      ]
    },
    {
      "id": "C9",
      "x": 81.22,
      "y": 20.84,
      "time_window": [
        450.0,
        1011.29
      ],
      "demand": [
        2,
        2,
        3
      ]
    },
    {
      "id": "C10",
      "x": 97.03,
      "y": 20.2,
      "time_window": [
        450.0,
        1900.94
      ],
      "demand": [
        2,
        4,
        2
      ]
    },
    {
      "id": "C11",
      "x": 30.83,
      "y": 32.18,
      "time_window": [
        450.0,
        1974.65
      ],
      "demand": [
        1,
        3,
        4
      ]
    },
    {
      "id": "C12",
      "x": 90.5,
      "y": 0.37,
      "time_window": [
        450.0,
        1633.69
      ],
      "demand": [
        1,
        2,
        3
      ]
    },
    {
      "id": "C13",
      "x": 54.28,
      "y": 68.99,
      "time_window": [
        450.0,
        1303.05
      ],
      "demand": [
        4,
        4,
        4
      ]
    },
    {
      "id": "C14",
      "x": 6.87,
      "y": 12.88,
      "time_window": [
        450.0,
        1931.05
      ],
      "demand": [
        1,
        3,
        4
      ]
    },
    {
      "id": "C15",
      "x": 41.45,
      "y": 63.05,
      "time_window": [
        450.0,
        1244.19
      ],
      "demand": [
        1,
        2,
        2
      ]
    },
    {
      "id": "C16",
      "x": 65.01,
      "y": 68.24,
      "time_window": [
        450.0,
        1215.38
      ],
      "demand": [
        2,
        4,
        2
      ]
    },
    {
      "id": "C17",
      "x": 78.74,
      "y": 93.74,
      "time_window": [
        450.0,
        2082.86
      ],
      "demand": [
        1,
        3,
        4
      ]
    },
    {
      "id": "C18",
      "x": 70.42,
      "y": 70.82,
      "time_window": [
        450.0,
        1478.84
      ],
      "demand": [
        4,
        3,
        1
      ]
    },
    {
      "id": "C19",
      "x": 61.67,
      "y": 68.77,
      "time_window": [
        450.0,
        1717.8
      ],
      "demand": [
        2,
        2,
        2
      ]
    },
    {
      "id": "C20",
      "x": 35.4,
      "y": 52.91,
      "time_window": [
        450.0,
        1176.55
      ],
      "demand": [
        2,
        1,
        1
      ]
    },
    {
      "id": "C21",
      "x": 31.94,
      "y": 29.17,
      "time_window": [
        450.0,
        1924.93
      ],
      "demand": [
        1,
        3,
        1
      ]
    },
    {
      "id": "C22",
      "x": 47.03,
      "y": 38.27,
      "time_window": [
        450.0,
        1277.9
      ],
      "demand": [
        1,
        4,
        3
      ]
    },
    {
      "id": "C23",
      "x": 37.25,
      "y": 74.74,
      "time_window": [
        450.0,
        1970.89
      ],
      "demand": [
        2,
        3,
        2
      ]
    },
    {
      "id": "C24",
      "x": 21.22,
      "y": 18.32,
      "time_window": [
        450.0,
        2120.68
      ],
      "demand": [
        4,
        4,
        1
      ]
    },
    {
      "id": "C25",
      "x": 54.89,
      "y": 34.07,
      "time_window": [
        450.0,
        1059.27
      ],
      "demand": [
        4,
        2,
        4
      ]
    },
    {
      "id": "C26",
      "x": 37.76,
      "y": 65.86,
      "time_window": [
        450.0,
        1897.66
      ],
      "demand": [
        1,
        3,
        2
      ]
    },
    {
      "id": "C27",
      "x": 59.56,
      "y": 39.4,
      "time_window": [
        450.0,
        1385.39
      ],
      "demand": [
        2,
        2,
        3
      ]
    },
    {
      "id": "C28",
      "x": 76.9,
      "y": 4.6,
      "time_window": [
        450.0,
        1539.91
      ],
      "demand": [
        2,
        1,
        3
      ]
    },
    {
      "id": "C29",
      "x": 1.59,
      "y": 7.1,
      "time_window": [
        450.0,
        1171.37
      ],
      "demand": [
        1,
        4,
        1
      ]
    },
    {
      "id": "C30",
      "x": 93.97,
      "y": 23.98,
      "time_window": [
        450.0,
        1168.93
      ],
      "demand": [
        1,
        2,
        2
      ]
    },
    {
      "id": "C31",
      "x": 67.0,
      "y": 48.95,
      "time_window": [
        450.0,
        2003.0
      ],
      "demand": [
        1,
        2,
        2
      ]
    },
    {
      "id": "C32",
      "x": 34.11,
      "y": 36.64,
      "time_window": [
        450.0,
        1113.26
      ],
      "demand": [
        2,
        1,
        1
      ]
    },
    {
      "id": "C33",
      "x": 55.13,
      "y": 44.04,
      "time_window": [
        450.0,
        1435.9
      ],
      "demand": [
        1,
        4,
        1
      ]
    },
    {
      "id": "C34",
      "x": 5.88,
      "y": 14.67,
      "time_window": [
        450.0,
        2145.96
      ],
      "demand": [
        2,
        3,
        2
      ]
    },
    {
      "id": "C35",
      "x": 49.95,
      "y": 44.45,
      "time_window": [
        450.0,
        1203.43
      ],
      "demand": [
        3,
        1,
        2
      ]
    },
    {
      "id": "C36",
      "x": 29.85,
      "y": 49.2,
      "time_window": [
        450.0,
        2292.65
      ],
      "demand": [
        3,
        3,
        3
      ]
    }
  ]
}