{
  "set_id": 3,
  "inst_id": 4,
  "vehicles": {
    "CT": {
      "count": 8,
      "capacity": 1500,
      "fixed_cost": 1500,
      "unit_cost_factor": 1.2
    },
    "UV": {
      "count": 12,
      "capacity": 500,
      "fixed_cost": 500,
      "unit_cost_factor": 1.1
    }
  },
  "P": 4,
  "item_weights": [
    5,
    5,
    5,
    10
  ],
  "inventory_ratio": 1.3,
  "FCs": [
    {
      "id": "FC1",
      "x": 25,
      "y": 25,
      "time_window": [
        0.0,
        3000.0
      ],
      "inventory": [
        33,
        26,
        31,
        33
      ]
    },
    {
      "id": "FC2",
      "x": 75,
      "y": 75,
      "time_window": [
        0.0,
        3000.0
      ],
      "inventory": [
        29,
        32,
        25,
        29
      ]
    }
  ],
  "DCs": [
    {
      "id": "DC1",
      "x": 49.56,
      "y": 31.5,
      "time_window": [
        300.0,
        2700.0
      ]
    },
    {
      "id": "DC2",
      "x": 23.22,
      "y": 88.34,
      "time_window": [
        300.0,
        2700.0
      ]
    },
    {
      "id": "DC3",
      "x": 75.02,
      "y": 67.45,
      "time_window": [
        300.0,
        2700.0
      ]
    },
    {
      "id": "DC4",
      "x": 27.81,
      "y": 76.54,
      "time_window": [
        300.0,
        2700.0
      ]
    }
  ],
  "CDPs": [
    {
      "id": "CDP1",
      "x": 57.58,
      "y": 44.59,
      "time_window": [
        0.0,
        3000.0
      ],
      "capacity": 157
    },
    {
      "id": "CDP2",
      "x": 29.26,
      "y": 91.29,
      "time_window": [
        0.0,
        3000.0
      ],
      "capacity": 178
    },
    {
      "id": "CDP3",
      "x": 23.06,
      "y": 59.1,
      "time_window": [
        0.0,
        3000.0
      ],
      "capacity": 221
    },
    {
      "id": "CDP4",
      "x": 37.86,
      "y": 31.2,
      "time_window": [
        0.0,
        3000.0
      ],
      "capacity": 174
    },
    {
      "id": "CDP5",
      "x": 9.54,
      "y": 18.48,
      "time_window": [
        0.0,
        3000.0
      ],
      "capacity": 206
    },
    {
      "id": "CDP6",
      "x": 97.52,
      "y": 82.98,
      "time_window": [
        0.0,
        3000.0
      ],
      "capacity": 250
    },
    {
      "id": "CDP7",
      "x": 66.31,
      "y": 30.73,
      "time_window": [
        0.0,
        3000.0
      ],
      "capacity": 125
    },
    {
      "id": "CDP8",
      "x": 6.93,
      "y": 62.93,
      "time_window": [
        0.0,
        3000.0
      ],
      "capacity": 300
    },
    {
      "id": "CDP9",
      "x": 48.38,
      "y": 11.29,
      "time_window": [
        0.0,
        3000.0
      ],
      "capacity": 217
    },
    {
      "id": "CDP10",
      "x": 90.03,
      "y": 88.53,
      "time_window": [
        0.0,
        3000.0
      ],
      "capacity": 238
    },
    {
      "id": "CDP11",
      "x": 16.45,
      "y": 0.92,
      "time_window": [
        0.0,
        3000.0
      ],
      "capacity": 194
    },
    {
      "id": "CDP12",
      "x": 93.89,
      "y": 32.96,
      "time_window": [
        0.0,
        3000.0
      ],
      "capacity": 219
    },
    {
      "id": "CDP13",
      "x": 37.43,
      "y": 70.85,
      "time_window": [
        0.0,
        3000.0
      ],
      "capacity": 207
    },
    {
      "id": "CDP14",
      "x": 24.41,
      "y": 63.82,
      "time_window": [
        0.0,
        3000.0
      ],
      "capacity": 298
    },
    {
      "id": "CDP15",
      "x": 6.85,
      "y": 79.26,
      "time_window": [
        0.0,
        3000.0
      ],
      "capacity": 196
    },
    {
      "id": "CDP16",
      "x": 78.7,
      "y": 45.02,
      "time_window": [
        0.0,
        3000.0
      ],
      "capacity": 265
    }
  ],
  "Customers": [
    {
      "id": "C1",
      "x": 16.45,
      "y": 18.5,
      "time_window": [
        450.0,
        1525.27
      ],
      "demand": [
        2,
        1,
        4,
        2
      ]
    },
    {
      "id": "C2",
      "x": 18.69,
      "y": 6.75,
      "time_window": [
        450.0,
        1565.32
      ],
      "demand": [
        2,
        1,
        1,
        2
      ]
    },
    {
      "id": "C3",
      "x": 75.98,
      "y": 78.27,
      "time_window": [
        450.0,
        2318.3
      ],
      "demand": [
        4,
        1,
        3,
        3
      ]
    },
    {
      "id": "C4",
      "x": 41.48,
      "y": 27.37,
      "time_window": [
        450.0,
        2550
      ],
      "demand": [
        1,
        4,
        4,
        1
      ]
    },
    {
      "id": "C5",
      "x": 39.99,
      "y": 68.3,
      "time_window": [
        450.0,
        1821.0
      ],
      "demand": [
        3,
        4,
        2,
        3
      ]
    },
    {
      "id": "C6",
      "x": 93.42,
      "y": 83.47,
      "time_window": [
        450.0,
        1242.59
      ],
      "demand": [
        4,
        1,
        2,
        4
      ]
    },
    {
      "id": "C7",
      "x": 17.9,
      "y": 1.88,
      "time_window": [
        450.0,
        2292.53
      ],
      "demand": [
        3,
        1,
        1,
        3
      ]
    },
    {
      "id": "C8",
      "x": 71.27,
      "y": 43.83,
      "time_window": [
        450.0,
        1426.3
      ],
      "demand": [
        2,
        3,
        1,
        3
      ]
    },
    {
      "id": "C9",
      "x": 59.35,
      "y": 71.94,
      "time_window": [
        450.0,
        1391.32
      ],
      "demand": [
        2,
        2,
        3,
        3
      ]
    },
    {
      "id": "C10",
      "x": 87.06,
      "y": 17.53,
      "time_window": [
        450.0,
        1043.07
      ],
      "demand": [
        2,
        4,
        1,
        4
      ]
    },
    {
      "id": "C11",
      "x": 27.58,
      "y": 38.65,
      "time_window": [
        450.0,
        1649.02
      ],
      "demand": [
        2,
        1,
        3,
        2
      ]
    },
    {
      "id": "C12",
      "x": 87.38,
      "y": 21.12,
      "time_window": [
        450.0,
        1447.59
      ],
      "demand": [
        2,
        3,
        1,
        3
      ]
    },
    {
      "id": "C13",
      "x": 34.16,
      "y": 34.06,
      "time_window": [
        450.0,
        2409.24
      ],
      "demand": [
        2,
        1,
        3,
        2
      ]
    },
    {
      "id": "C14",
      "x": 16.61,
      "y": 8.5,
      "time_window": [
        450.0,
        1611.31
      ],
      "demand": [
        2,
        4,
        3,
        2
      ]
    },
    {
      "id": "C15",
      "x": 42.13,
      "y": 42.17,
      "time_window": [
        450.0,
        2123.79
      ],
      "demand": [
        4,
        1,
        1,
        2
      ]
    },
    {
      "id": "C16",
      "x": 63.08,
      "y": 67.16,
      "time_window": [
        450.0,
        2449.52
      ],
      "demand": [
        1,
        2,
        1,
        2
      ]
    },
    {
      "id": "C17",
      "x": 72.87,
      "y": 53.84,
      "time_window": [
        450.0,
        1697.49
      ],
      "demand": [
        4,
        2,
        1,
        2
      ]
    },
    {
      "id": "C18",
      "x": 39.4,
      "y": 39.27,
      "time_window": [
        450.0,
        1044.15
      ],
      "demand": [
        2,
        3,
        3,
        1
      ]
    },
    {
      "id": "C19",
      "x": 52.88,
      "y": 26.4,
      "time_window": [
        450.0,
        2301.76
      ],
      "demand": [
        1,
        1,
        4,
        2
      ]
    },
    {
      "id": "C20",
      "x": 33.56,
      "y": 48.27,
      "time_window": [
        450.0,
        2443.82
      ],
      "demand": [
        2,
        4,
        1,
        1
      ]
    }
  ]
}