{
  "set_id": 4,
  "inst_id": 7,
  "vehicles": {
    "CT": {
      "count": 8,
      "capacity": 1500,
      "fixed_cost": 1500,
      "unit_cost_factor": 1.2
    },
    "UV": {
      "count": 16,
      "capacity": 500,
      "fixed_cost": 500,
      "unit_cost_factor": 1.1
    }
  },
  "P": 3,
  "item_weights": [
    15,
    15,
    5
  ],
  "inventory_ratio": 1.3,
  "FCs": [
    {
      "id": "FC1",
      "x": 25,
      "y": 25,
      "time_window": [
        0.0,
        3000.0
      ],
      "inventory": [
        48,
        56,
        61
      ]
    },
    {
      "id": "FC2",
      "x": 75,
      "y": 75,
      "time_window": [
        0.0,
        3000.0
      ],
      "inventory": [
        53,
        52,
        64
      ]
    }
  ],
  "DCs": [
    {
      "id": "DC1",
      "x": 0.38,
      "y": 87.43,
      "time_window": [
        300.0,
        2700.0
      ]
    },
    {
      "id": "DC2",
      "x": 54.56,
      "y": 51.14,
      "time_window": [
        300.0,
        2700.0
      ]
    },
    {
      "id": "DC3",
      "x": 83.16,
      "y": 18.53,
      "time_window": [
        300.0,
        2700.0
      ]
    },
    {
      "id": "DC4",
      "x": 58.83,
      "y": 62.22,
      "time_window": [
        300.0,
        2700.0
      ]
    }
  ],
  "CDPs": [
    {
      "id": "CDP1",
      "x": 31.16,
      "y": 33.36,
      "time_window": [
        0.0,
        3000.0
      ],
      "capacity": 172
    },
    {
      "id": "CDP2",
      "x": 19.48,
      "y": 83.48,
      "time_window": [
        0.0,
        3000.0
      ],
      "capacity": 242
    },
    {
      "id": "CDP3",
      "x": 68.71,
      "y": 0.95,
      "time_window": [
        0.0,
        3000.0
      ],
      "capacity": 159
    },
    {
      "id": "CDP4",
      "x": 14.37,
      "y": 16.08,
      "time_window": [
        0.0,
        3000.0
      ],
      "capacity": 106
    },
    {
      "id": "CDP5",
      "x": 98.24,
      "y": 54.92,
      "time_window": [
        0.0,
        3000.0
      ],
      "capacity": 122
    },
    {
      "id": "CDP6",
      "x": 2.75,
      "y": 48.56,
      "time_window": [
        0.0,
        3000.0
      ],
      "capacity": 293
    },
    {
      "id": "CDP7",
      "x": 73.62,
      "y": 61.77,
      "time_window": [
        0.0,
        3000.0
      ],
      "capacity": 124
    },
    {
      "id": "CDP8",
      "x": 56.85,
      "y": 71.71,
      "time_window": [
        0.0,
        3000.0
      ],
      "capacity": 158
    },
    {
      "id": "CDP9",
      "x": 48.52,
      "y": 24.39,
      "time_window": [
        0.0,
        3000.0
      ],
      "capacity": 140
    },
    {
      "id": "CDP10",
      "x": 24.21,
      "y": 73.84,
      "time_window": [
        0.0,
        3000.0
      ],
      "capacity": 209
    },
    {
      "id": "CDP11",
      "x": 48.05,
      "y": 53.09,
      "time_window": [
        0.0,
        3000.0
      ],
      "capacity": 247
    },
    {
      "id": "CDP12",
      "x": 97.61,
      "y": 12.27,
      "time_window": [
        0.0,
        3000.0
      ],
      "capacity": 172
    },
    {
      "id": "CDP13",
      "x": 47.59,
      "y": 0.15,
      "time_window": [
        0.0,
        3000.0
      ],
      "capacity": 145
    },
    {
      "id": "CDP14",
      "x": 16.77,
      "y": 30.25,
      "time_window": [
        0.0,
        3000.0
      ],
      "capacity": 227
    },
    {
      "id": "CDP15",
      "x": 69.05,
      "y": 52.39,
      "time_window": [
        0.0,
        3000.0
      ],
      "capacity": 181
    },
    {
      "id": "CDP16",
      "x": 28.41,
      "y": 21.39,
      "time_window": [
        0.0,
        3000.0
      ],
      "capacity": 155
    }
  ],
  "Customers": [
    {
      "id": "C1",
      "x": 35.32,
      "y": 48.61,
      "time_window": [
        450.0,
        1035.85
      ],
      "demand": [
        4,
        2,
        2
      ]
    },
    {
      "id": "C2",
      "x": 37.17,
      "y": 35.19,
      "time_window": [
        450.0,
        1248.73
      ],
      "demand": [
        3,
        2,
        2
      ]
    },
    {
      "id": "C3",
      "x": 62.5,
      "y": 46.78,
      "time_window": [
        450.0,
        1411.04
      ],
      "demand": [
        1,
        1,
        3
      ]
    },
    {
      "id": "C4",
      "x": 68.64,
      "y": 58.5,
      "time_window": [
        450.0,
        2391.88
      ],
      "demand": [
        2,
        1,
        4
      ]
    },
    {
      "id": "C5",
      "x": 57.35,
      "y": 74.59,
      "time_window": [
        450.0,
        1063.9
      ],
      "demand": [
        1,
        1,
        4
      ]
    },
    {
      "id": "C6",
      "x": 76.11,
      "y": 21.27,
      "time_window": [
        450.0,
        976.09
      ],
      "demand": [
        1,
        3,
        4
      ]
    },
    {
      "id": "C7",
      "x": 82.84,
      "y": 79.27,
      "time_window": [
        450.0,
        2227.81
      ],
      "demand": [
        2,
        4,
        3
      ]
    },
    {
      "id": "C8",
      "x": 58.27,
      "y": 29.48,
      "time_window": [
        450.0,
        1022.19
      ],
      "demand": [
        2,
        3,
        3
      ]
    },
    {
      "id": "C9",
      "x": 73.73,
      "y": 27.86,
      "time_window": [
        450.0,
        1292.72
      ],
      "demand": [
        4,
        3,
        2
      ]
    },
    {
      "id": "C10",
      "x": 72.41,
      "y": 39.01,
      "time_window": [
        450.0,
        1410.33
      ],
      "demand": [
        1,
        4,
        2
      ]
    },
    {
      "id": "C11",
      "x": 74.47,
      "y": 70.41,
      "time_window": [
        450.0,
        1867.35
      ],
      "demand": [
        1,
        3,
        4
      ]
    },
    {
      "id": "C12",
      "x": 66.44,
      "y": 67.59,
      "time_window": [
        450.0,
        1808.67
      ],
      "demand": [
        2,
        1,
        2
      ]
    },
    {
      "id": "C13",
      "x": 53.62,
      "y": 62.42,
      "time_window": [
        450.0,
        1499.63
      ],
      "demand": [
        2,
        1,
        1
      ]
    },
    {
      "id": "C14",
      "x": 42.4,
      "y": 43.28,
      "time_window": [
        450.0,
        1621.73
      ],
      "demand": [
        1,
        1,
        1
      ]
    },
    {
      "id": "C15",
      "x": 92.97,
      "y": 13.27,
      "time_window": [
        450.0,
        2276.16
      ],
      "demand": [
        2,
        4,
        3
      ]
    },
    {
      "id": "C16",
      "x": 94.51,
      "y": 84.45,
      "time_window": [
        450.0,
        1101.73
      ],
      "demand": [
        4,
        4,
        4
      ]
    },
    {
      "id": "C17",
      "x": 49.54,
      "y": 41.32,
      "time_window": [
        450.0,
        1662.85
      ],
      "demand": [
        2,
        1,
        4
      ]
    },
    {
      "id": "C18",
      "x": 14.81,
      "y": 16.78,
      "time_window": [
        450.0,
        1584.86
      ],
      "demand": [
        2,
        1,
        3
      ]
    },
    {
      "id": "C19",
      "x": 60.43,
      "y": 62.49,
      "time_window": [
        450.0,
        1344.69
      ],
      "demand": [
        1,
        2,
        3
      ]
    },
    {
      "id": "C20",
      "x": 3.78,
      "y": 96.3,
      "time_window": [
        450.0,
        2047.26
      ],
      "demand": [
        2,
        2,
        2
      ]
    },
    {
      "id": "C21",
      "x": 53.42,
      "y": 48.98,
      "time_window": [
        450.0,
        1896.47
      ],
      "demand": [
        2,
        1,
        1
      ]
    },
    {
      "id": "C22",
      "x": 0.69,
      "y": 99.33,
      "time_window": [
        450.0,
        1001.3
      ],
      "demand": [
        1,
        2,
        4
      ]
    },
    {
      "id": "C23",
      "x": 28.2,
      "y": 25.89,
      "time_window": [
        450.0,
        1439.0
      ],
      "demand": [
        4,
        1,
        3
      ]
    },
    {
      "id": "C24",
      "x": 49.7,
      "y": 50.01,
      "time_window": [
        450.0,
        2006.86
      ],
      "demand": [
        4,
        4,
        2
      ]
    },
    {
      "id": "C25",
      "x": 19.75,
      "y": 10.46,
      "time_window": [
        450.0,
        1652.36
      ],
      "demand": [
        3,
        1,
        1
      ]
    },
    {
      "id": "C26",
      "x": 39.57,
      "y": 53.88,
      "time_window": [
        450.0,
        1653.42
      ],
      "demand": [
        1,
        1,
        1
      ]
    },
    {
      "id": "C27",
      "x": 62.17,
      "y": 44.37,
      "time_window": [
        450.0,
        2167.77
      ],
      "demand": [
        3,
        4,
        4
      ]
    },
    {
      "id": "C28",
      "x": 43.97,
      "y": 72.66,
      "time_window": [
        450.0,
        1056.48
      ],
      "demand": [
        1,
        1,
        4
      ]
    },
    {
      "id": "C29",
      "x": 96.2,
      "y": 85.6,
      "time_window": [
        450.0,
        2241.8
      ],
      "demand": [
        1,
        1,
        4
      ]
    },
    {
      "id": "C30",
      "x": 75.83,
      "y": 24.02,
      "time_window": [
        450.0,
        2550
      ],
      "demand": [
        4,
        4,
        1
      ]
    },
    {
      "id": "C31",
      "x": 6.98,
      "y": 78.99,
      "time_window": [
        450.0,
        2033.33
      ],
      "demand": [
        1,
        1,
        3
      ]
    },
    {
      "id": "C32",
      "x": 23.47,
      "y": 94.78,
      "time_window": [
        450.0,
        1301.06
      ],
      "demand": [
        4,
        3,
        1
      ]
    },
    {
      "id": "C33",
      "x": 82.94,
      "y": 95.36,
      "time_window": [
        450.0,
        1083.98
      ],
      "demand": [
        2,
        4,
        4
      ]
    },
    {
      "id": "C34",
      "x": 91.11,
      "y": 97.37,
      "time_window": [
        450.0,
        1521.35
      ],
      "demand": [
        3,
        3,
        3
      ]
    },
    {
      "id": "C35",
      "x": 47.93,
      "y": 30.18,
      "time_window": [
        450.0,
        1014.28
      ],
      "demand": [
        1,
        4,
        2
      ]
    },
    {
      "id": "C36",
      "x": 33.31,
      "y": 64.68,
      "time_window": [
        450.0,
        1605.2
      ],
      "demand": [
        2,
        4,
        2
      ]
    }
  ]
}