{
  "set_id": 4,
  "inst_id": 9,
  "vehicles": {
    "CT": {
      "count": 8,
      "capacity": 1500,
      "fixed_cost": 1500,
      "unit_cost_factor": 1.2
    },
    "UV": {
      "count": 16,
      "capacity": 500,
      "fixed_cost": 500,
      "unit_cost_factor": 1.1
    }
  },
  "P": 3,
  "item_weights": [
    15,
    10,
    10
  ],
  "inventory_ratio": 1.3,
  "FCs": [
    {
      "id": "FC1",
      "x": 25,
      "y": 25,
      "time_window": [
        0.0,
        3000.0
      ],
      "inventory": [
        53,
        66,
        68
      ]
    },
    {
      "id": "FC2",
      "x": 75,
      "y": 75,
      "time_window": [
        0.0,
        3000.0
      ],
      "inventory": [
        54,
        54,
        56
      ]
    }
  ],
  "DCs": [
    {
      "id": "DC1",
      "x": 37.68,
      "y": 69.5,
      "time_window": [
        300.0,
        2700.0
      ]
    },
    {
      "id": "DC2",
      "x": 98.04,
      "y": 21.43,
      "time_window": [
        300.0,
        2700.0
      ]
    },
    {
      "id": "DC3",
      "x": 62.11,
      "y": 32.2,
      "time_window": [
        300.0,
        2700.0
      ]
    },
    {
      "id": "DC4",
      "x": 63.92,
      "y": 63.23,
      "time_window": [
        300.0,
        2700.0
      ]
    }
  ],
  "CDPs": [
    {
      "id": "CDP1",
      "x": 77.62,
      "y": 55.98,
      "time_window": [
        0.0,
        3000.0
      ],
      "capacity": 159
    },
    {
      "id": "CDP2",
      "x": 8.57,
      "y": 41.0,
      "time_window": [
        0.0,
        3000.0
      ],
      "capacity": 151
    },
    {
      "id": "CDP3",
      "x": 66.83,
      "y": 7.92,
      "time_window": [
        0.0,
        3000.0
      ],
      "capacity": 151
    },
    {
      "id": "CDP4",
      "x": 60.56,
      "y": 64.97,
      "time_window": [
        0.0,
        3000.0
      ],
      "capacity": 270
    },
    {
      "id": "CDP5",
      "x": 72.6,
      "y": 47.29,
      "time_window": [
        0.0,
        3000.0
      ],
      "capacity": 134
    },
    {
      "id": "CDP6",
      "x": 14.1,
      "y": 51.15,
      "time_window": [
        0.0,
        3000.0
      ],
      "capacity": 170
    },
    {
      "id": "CDP7",
      "x": 15.16,
      "y": 78.13,
      "time_window": [
        0.0,
        3000.0
      ],
      "capacity": 165
    },
    {
      "id": "CDP8",
      "x": 28.34,
      "y": 50.42,
      "time_window": [
        0.0,
        3000.0
      ],
      "capacity": 283
    },
    {
      "id": "CDP9",
      "x": 92.33,
      "y": 46.12,
      "time_window": [
        0.0,
        3000.0
      ],
      "capacity": 180
    },
    {
      "id": "CDP10",
      "x": 83.11,
      "y": 84.75,
      "time_window": [
        0.0,
        3000.0
      ],
      "capacity": 136
    },
    {
      "id": "CDP11",
      "x": 77.81,
      "y": 42.29,
      "time_window": [
        0.0,
        3000.0
      ],
      "capacity": 144
    },
    {
      "id": "CDP12",
      "x": 49.49,
      "y": 80.52,
      "time_window": [
        0.0,
        3000.0
      ],
      "capacity": 273
    },
    {
      "id": "CDP13",
      "x": 13.67,
      "y": 61.22,
      "time_window": [
        0.0,
        3000.0
      ],
      "capacity": 263
    },
    {
      "id": "CDP14",
      "x": 19.61,
      "y": 6.76,
      "time_window": [
        0.0,
        3000.0
      ],
      "capacity": 191
    },
    {
      "id": "CDP15",
      "x": 56.32,
      "y": 39.26,
      "time_window": [
        0.0,
        3000.0
      ],
      "capacity": 273
    },
    {
      "id": "CDP16",
      "x": 37.26,
      "y": 75.46,
      "time_window": [
        0.0,
        3000.0
      ],
      "capacity": 276
    }
  ],
  "Customers": [
    {
      "id": "C1",
      "x": 48.08,
      "y": 36.91,
      "time_window": [
        450.0,
        2453.15
      ],
      "demand": [
        1,
        4,
        4
      ]
    },
    {
      "id": "C2",
      "x": 23.13,
      "y": 17.63,
      "time_window": [
        450.0,
        1222.66
      ],
      "demand": [
        2,
        3,
        4
      ]
    },
    {
      "id": "C3",
      "x": 81.57,
      "y": 85.3,
      "time_window": [
        450.0,
        965.0
      ],
      "demand": [
        3,
        3,
        2
      ]
    },
    {
      "id": "C4",
      "x": 27.45,
      "y": 45.97,
      "time_window": [
        450.0,
        1264.72
      ],
      "demand": [
        1,
        1,
        3
      ]
    },
    {
      "id": "C5",
      "x": 93.65,
      "y": 23.82,
      "time_window": [
        450.0,
        1671.98
      ],
      "demand": [
        2,
        1,
        1
      ]
    },
    {
      "id": "C6",
      "x": 32.56,
      "y": 54.54,
      "time_window": [
        450.0,
        1582.71
      ],
      "demand": [
        1,
        2,
        3
      ]
    },
    {
      "id": "C7",
      "x": 42.44,
      "y": 32.0,
      "time_window": [
        450.0,
        1707.74
      ],
      "demand": [
        3,
        1,
        3
      ]
    },
    {
      "id": "C8",
      "x": 60.98,
      "y": 58.93,
      "time_window": [
        450.0,
        1455.32
      ],
      "demand": [
        2,
        4,
        2
      ]
    },
    {
      "id": "C9",
      "x": 12.19,
      "y": 82.66,
      "time_window": [
        450.0,
        1831.17
      ],
      "demand": [
        1,
        1,
        2
      ]
    },
    {
      "id": "C10",
      "x": 72.64,
      "y": 44.18,
      "time_window": [
        450.0,
        1817.12
      ],
      "demand": [
        4,
        2,
        2
      ]
    },
    {
      "id": "C11",
      "x": 49.92,
      "y": 51.52,
      "time_window": [
        450.0,
        1226.44
      ],
      "demand": [
        2,
        1,
        4
      ]
    },
    {
      "id": "C12",
      "x": 41.5,
      "y": 68.98,
      "time_window": [
        450.0,
        1484.74
      ],
      "demand": [
        1,
        4,
        2
      ]
    },
    {
      "id": "C13",
      "x": 49.3,
      "y": 50.51,
      "time_window": [
        450.0,
        2332.04
      ],
      "demand": [
        1,
        3,
        4
      ]
    },
    {
      "id": "C14",
      "x": 86.9,
      "y": 3.47,
      "time_window": [
        450.0,
        1008.93
      ],
      "demand": [
        1,
        4,
        3
      ]
    },
    {
      "id": "C15",
      "x": 31.21,
      "y": 45.79,
      "time_window": [
        450.0,
        1131.43
      ],
      "demand": [
        3,
        2,
        4
      ]
    },
    {
      "id": "C16",
      "x": 41.13,
      "y": 35.64,
      "time_window": [
        450.0,
        1285.02
      ],
      "demand": [
        1,
        4,
        4
      ]
    },
    {
      "id": "C17",
      "x": 35.4,
      "y": 53.7,
      "time_window": [
        450.0,
        1232.39
      ],
      "demand": [
        1,
        2,
        1
      ]
    },
    {
      "id": "C18",
      "x": 95.65,
      "y": 99.62,
      "time_window": [
        450.0,
        1867.55
      ],
      "demand": [
        3,
        1,
        1
      ]
    },
    {
      "id": "C19",
      "x": 27.05,
      "y": 25.18,
      "time_window": [
        450.0,
        2096.39
      ],
      "demand": [
        2,
        4,
        2
      ]
    },
    {
      "id": "C20",
      "x": 79.34,
      "y": 10.71,
      "time_window": [
        450.0,
        2550
      ],
      "demand": [
        3,
        4,
        3
      ]
    },
    {
      "id": "C21",
      "x": 14.63,
      "y": 6.6,
      "time_window": [
        450.0,
        2186.78
      ],
      "demand": [
        1,
        1,
        1
      ]
    },
    {
      "id": "C22",
      "x": 5.55,
      "y": 99.98,
      "time_window": [
        450.0,
        1588.25
      ],
      "demand": [
        2,
        3,
        1
      ]
    },
    {
      "id": "C23",
      "x": 23.99,
      "y": 17.38,
      "time_window": [
        450.0,
        2252.27
      ],
      "demand": [
        3,
        4,
        2
      ]
    },
    {
      "id": "C24",
      "x": 8.71,
      "y": 78.18,
      "time_window": [
        450.0,
        1484.65
      ],
      "demand": [
        4,
        1,
        3
      ]
    },
    {
      "id": "C25",
      "x": 1.1,
      "y": 78.62,
      "time_window": [
        450.0,
        1859.24
      ],
      "demand": [
        2,
        3,
        4
      ]
    },
    {
      "id": "C26",
      "x": 75.64,
      "y": 20.94,
      "time_window": [
        450.0,
        1181.88
      ],
      "demand": [
        1,
        1,
        4
      ]
    },
    {
      "id": "C27",
      "x": 66.62,
      "y": 34.56,
      "time_window": [
        450.0,
        1353.86
      ],
      "demand": [
        2,
        1,
        2
      ]
    },
    {
      "id": "C28",
      "x": 35.09,
      "y": 27.64,
      "time_window": [
        450.0,
        1899.34
      ],
      "demand": [
        3,
        4,
        4
      ]
    },
    {
      "id": "C29",
      "x": 97.66,
      "y": 95.82,
      "time_window": [
        450.0,
        1515.84
      ],
      "demand": [
        3,
        4,
        1
      ]
    },
    {
      "id": "C30",
      "x": 48.53,
      "y": 60.21,
      "time_window": [
        450.0,
        2550
      ],
      "demand": [
        3,
        2,
        1
      ]
    },
    {
      "id": "C31",
      "x": 66.0,
      "y": 25.8,
      "time_window": [
        450.0,
        1468.71
      ],
      "demand": [
        4,
        4,
        3
      ]
    },
    {
      "id": "C32",
      "x": 41.23,
      "y": 46.37,
      "time_window": [
        450.0,
        1743.49
      ],
      "demand": [
        2,
        4,
        4
      ]
    },
    {
      "id": "C33",
      "x": 25.52,
      "y": 52.5,
      "time_window": [
        450.0,
        1857.43
      ],
      "demand": [
        4,
        2,
        4
      ]
    },
    {
      "id": "C34",
      "x": 30.85,
      "y": 68.31,
      "time_window": [
        450.0,
        1631.89
      ],
      "demand": [
        4,
        2,
        1
      ]
    },
    {
      "id": "C35",
      "x": 37.85,
      "y": 33.55,
      "time_window": [
        450.0,
        1177.31
      ],
      "demand": [
        4,
        1,
        3
      ]
    },
    {
      "id": "C36",
      "x": 47.74,
      "y": 33.36,
      "time_window": [
        450.0,
        2008.15
      ],
      "demand": [
        2,
        4,
        3
      ]
    }
  ]
}