{
  "set_id": 6,
  "inst_id": 6,
  "vehicles": {
    "CT": {
      "count": 10,
      "capacity": 1500,
      "fixed_cost": 1500,
      "unit_cost_factor": 1.2
    },
    "UV": {
      "count": 20,
      "capacity": 500,
      "fixed_cost": 500,
      "unit_cost_factor": 1.1
    }
  },
  "P": 3,
  "item_weights": [
    15,
    15,
    15
  ],
  "inventory_ratio": 1.4,
  "FCs": [
    {
      "id": "FC1",
      "x": 25,
      "y": 25,
      "time_window": [
        0.0,
        3000.0
      ],
      "inventory": [
        93,
        91,
        93
      ]
    },
    {
      "id": "FC2",
      "x": 75,
      "y": 75,
      "time_window": [
        0.0,
        3000.0
      ],
      "inventory": [
        77,
        76,
        87
      ]
    }
  ],
  "DCs": [
    {
      "id": "DC1",
      "x": 35.68,
      "y": 18.23,
      "time_window": [
        300.0,
        2700.0
      ]
    },
    {
      "id": "DC2",
      "x": 89.64,
      "y": 45.62,
      "time_window": [
        300.0,
        2700.0
      ]
    },
    {
      "id": "DC3",
      "x": 51.26,
      "y": 86.77,
      "time_window": [
        300.0,
        2700.0
      ]
    },
    {
      "id": "DC4",
      "x": 49.39,
      "y": 3.48,
      "time_window": [
        300.0,
        2700.0
      ]
    }
  ],
  "CDPs": [
    {
      "id": "CDP1",
      "x": 79.52,
      "y": 5.73,
      "time_window": [
        0.0,
        3000.0
      ],
      "capacity": 258
    },
    {
      "id": "CDP2",
      "x": 50.01,
      "y": 95.89,
      "time_window": [
        0.0,
        3000.0
      ],
      "capacity": 107
    },
    {
      "id": "CDP3",
      "x": 36.68,
      "y": 10.29,
      "time_window": [
        0.0,
        3000.0
      ],
      "capacity": 164
    },
    {
      "id": "CDP4",
      "x": 41.92,
      "y": 47.39,
      "time_window": [
        0.0,
        3000.0
      ],
      "capacity": 259
    },
    {
      "id": "CDP5",
      "x": 17.12,
      "y": 54.98,
      "time_window": [
        0.0,
        3000.0
      ],
      "capacity": 157
    },
    {
      "id": "CDP6",
      "x": 89.82,
      "y": 29.79,
      "time_window": [
        0.0,
        3000.0
      ],
      "capacity": 291
    },
    {
      "id": "CDP7",
      "x": 78.27,
      "y": 43.91,
      "time_window": [
        0.0,
        3000.0
      ],
      "capacity": 171
    },
    {
      "id": "CDP8",
      "x": 13.69,
      "y": 57.21,
      "time_window": [
        0.0,
        3000.0
      ],
      "capacity": 281
    },
    {
      "id": "CDP9",
      "x": 31.42,
      "y": 59.21,
      "time_window": [
        0.0,
        3000.0
      ],
      "capacity": 179
    },
    {
      "id": "CDP10",
      "x": 42.46,
      "y": 7.67,
      "time_window": [
        0.0,
        3000.0
      ],
      "capacity": 248
    },
    {
      "id": "CDP11",
      "x": 33.36,
      "y": 89.72,
      "time_window": [
        0.0,
        3000.0
      ],
      "capacity": 126
    },
    {
      "id": "CDP12",
      "x": 96.3,
      "y": 4.94,
      "time_window": [
        0.0,
        3000.0
      ],
      "capacity": 126
    },
    {
      "id": "CDP13",
      "x": 50.63,
      "y": 17.64,
      "time_window": [
        0.0,
        3000.0
      ],
      "capacity": 167
    },
    {
      "id": "CDP14",
      "x": 30.79,
      "y": 23.17,
      "time_window": [
        0.0,
        3000.0
      ],
      "capacity": 157
    },
    {
      "id": "CDP15",
      "x": 4.89,
      "y": 23.09,
      "time_window": [
        0.0,
        3000.0
      ],
      "capacity": 212
    },
    {
      "id": "CDP16",
      "x": 66.31,
      "y": 52.77,
      "time_window": [
        0.0,
        3000.0
      ],
      "capacity": 179
    },
    {
      "id": "CDP17",
      "x": 28.69,
      "y": 89.79,
      "time_window": [
        0.0,
        3000.0
      ],
      "capacity": 150
    },
    {
      "id": "CDP18",
      "x": 14.56,
      "y": 74.23,
      "time_window": [
        0.0,
        3000.0
      ],
      "capacity": 294
    },
    {
      "id": "CDP19",
      "x": 52.36,
      "y": 49.98,
      "time_window": [
        0.0,
        3000.0
      ],
      "capacity": 127
    },
    {
      "id": "CDP20",
      "x": 23.05,
      "y": 71.87,
      "time_window": [
        0.0,
        3000.0
      ],
      "capacity": 238
    },
    {
      "id": "CDP21",
      "x": 32.69,
      "y": 69.12,
      "time_window": [
        0.0,
        3000.0
      ],
      "capacity": 251
    },
    {
      "id": "CDP22",
      "x": 64.86,
      "y": 52.77,
      "time_window": [
        0.0,
        3000.0
      ],
      "capacity": 211
    },
    {
      "id": "CDP23",
      "x": 61.47,
      "y": 66.3,
      "time_window": [
        0.0,
        3000.0
      ],
      "capacity": 163
    },
    {
      "id": "CDP24",
      "x": 41.02,
      "y": 40.96,
      "time_window": [
        0.0,
        3000.0
      ],
      "capacity": 154
    },
    {
      "id": "CDP25",
      "x": 74.12,
      "y": 90.2,
      "time_window": [
        0.0,
        3000.0
      ],
      "capacity": 264
    },
    {
      "id": "CDP26",
      "x": 47.23,
      "y": 68.46,
      "time_window": [
        0.0,
        3000.0
      ],
      "capacity": 268
    },
    {
      "id": "CDP27",
      "x": 7.66,
      "y": 67.35,
      "time_window": [
        0.0,
        3000.0
      ],
      "capacity": 290
    },
    {
      "id": "CDP28",
      "x": 50.83,
      "y": 51.72,
      "time_window": [
        0.0,
        3000.0
      ],
      "capacity": 131
    },
    {
      "id": "CDP29",
      "x": 51.6,
      "y": 87.89,
      "time_window": [
        0.0,
        3000.0
      ],
      "capacity": 247
    },
    {
      "id": "CDP30",
      "x": 72.56,
      "y": 75.0,
      "time_window": [
        0.0,
        3000.0
      ],
      "capacity": 298
    }
  ],
  "Customers": [
    {
      "id": "C1",
      "x": 85.15,
      "y": 87.03,
      "time_window": [
        450.0,
        2206.38
      ],
      "demand": [
        4,
        3,
        4
      ]
    },
    {
      "id": "C2",
      "x": 68.47,
      "y": 34.08,
      "time_window": [
        450.0,
        2161.98
      ],
      "demand": [
        2,
        4,
        3
      ]
    },
    {
      "id": "C3",
      "x": 94.63,
      "y": 3.19,
      "time_window": [
        450.0,
        2297.68
      ],
      "demand": [
        3,
        1,
        4
      ]
    },
    {
      "id": "C4",
      "x": 17.25,
      "y": 2.57,
      "time_window": [
        450.0,
        1311.61
      ],
      "demand": [
        3,
        1,
        3
      ]
    },
    {
      "id": "C5",
      "x": 46.12,
      "y": 39.68,
      "time_window": [
        450.0,
        973.51
      ],
      "demand": [
        1,
        4,
        3
      ]
    },
    {
      "id": "C6",
      "x": 46.89,
      "y": 27.19,
      "time_window": [
        450.0,
        1752.25
      ],
      "demand": [
        2,
        3,
        2
      ]
    },
    {
      "id": "C7",
      "x": 27.14,
      "y": 33.01,
      "time_window": [
        450.0,
        2307.31
      ],
      "demand": [
        1,
        1,
        3
      ]
    },
    {
      "id": "C8",
      "x": 37.84,
      "y": 36.29,
      "time_window": [
        450.0,
        2356.7
      ],
      "demand": [
        1,
        1,
        4
      ]
    },
    {
      "id": "C9",
      "x": 57.92,
      "y": 26.11,
      "time_window": [
        450.0,
        1649.1
      ],
      "demand": [
        1,
        3,
        2
      ]
    },
    {
      "id": "C10",
      "x": 24.83,
      "y": 76.98,
      "time_window": [
        450.0,
        2283.66
      ],
      "demand": [
        3,
        3,
        2
      ]
    },
    {
      "id": "C11",
      "x": 52.44,
      "y": 41.09,
      "time_window": [
        450.0,
        2265.46
      ],
      "demand": [
        1,
        3,
        3
      ]
    },
    {
      "id": "C12",
      "x": 45.25,
      "y": 72.06,
      "time_window": [
        450.0,
        1935.9
      ],
      "demand": [
        4,
        3,
        2
      ]
    },
    {
      "id": "C13",
      "x": 68.86,
      "y": 55.4,
      "time_window": [
        450.0,
        1393.37
      ],
      "demand": [
        3,
        1,
        2
      ]
    },
    {
      "id": "C14",
      "x": 24.22,
      "y": 96.25,
      "time_window": [
        450.0,
        2331.92
      ],
      "demand": [
        4,
        1,
        2
      ]
    },
    {
      "id": "C15",
      "x": 74.27,
      "y": 47.19,
      "time_window": [
        450.0,
        1200.73
      ],
      "demand": [
        1,
        3,
        2
      ]
    },
    {
      "id": "C16",
      "x": 21.21,
      "y": 93.02,
      "time_window": [
        450.0,
        2329.14
      ],
      "demand": [
        1,
        3,
        3
      ]
    },
    {
      "id": "C17",
      "x": 35.73,
      "y": 28.02,
      "time_window": [
        450.0,
        2390.59
      ],
      "demand": [
        2,
        1,
        3
      ]
    },
    {
      "id": "C18",
      "x": 57.83,
      "y": 25.64,
      "time_window": [
        450.0,
        1984.92
      ],
      "demand": [
        4,
        4,
        2
      ]
    },
    {
      "id": "C19",
      "x": 64.64,
      "y": 49.25,
      "time_window": [
        450.0,
        1534.52
      ],
      "demand": [
        3,
        3,
        3
      ]
    },
    {
      "id": "C20",
      "x": 91.6,
      "y": 11.47,
      "time_window": [
        450.0,
        1310.23
      ],
      "demand": [
        1,
        1,
        3
      ]
    },
    {
      "id": "C21",
      "x": 68.24,
      "y": 41.16,
      "time_window": [
        450.0,
        2183.76
      ],
      "demand": [
        3,
        4,
        3
      ]
    },
    {
      "id": "C22",
      "x": 0.18,
      "y": 3.8,
      "time_window": [
        450.0,
        2464.92
      ],
      "demand": [
        4,
        2,
        3
      ]
    },
    {
      "id": "C23",
      "x": 48.34,
      "y": 66.55,
      "time_window": [
        450.0,
        1009.46
      ],
      "demand": [
        4,
        3,
        2
      ]
    },
    {
      "id": "C24",
      "x": 73.95,
      "y": 56.69,
      "time_window": [
        450.0,
        1638.96
      ],
      "demand": [
        2,
        2,
        4
      ]
    },
    {
      "id": "C25",
      "x": 73.19,
      "y": 55.61,
      "time_window": [
        450.0,
        1599.58
      ],
      "demand": [
        2,
        2,
        1
      ]
    },
    {
      "id": "C26",
      "x": 80.11,
      "y": 10.27,
      "time_window": [
        450.0,
        2550
      ],
      "demand": [
        4,
        4,
        2
      ]
    },
    {
      "id": "C27",
      "x": 37.59,
      "y": 27.71,
      "time_window": [
        450.0,
        1145.49
      ],
      "demand": [
        3,
        2,
        2
      ]
    },
    {
      "id": "C28",
      "x": 28.35,
      "y": 67.7,
      "time_window": [
        450.0,
        1471.66
      ],
      "demand": [
        4,
        4,
        4
      ]
    },
    {
      "id": "C29",
      "x": 7.89,
      "y": 89.87,
      "time_window": [
        450.0,
        2268.44
      ],
      "demand": [
        1,
        2,
        1
      ]
    },
    {
      "id": "C30",
      "x": 71.94,
      "y": 61.89,
      "time_window": [
        450.0,
        1114.15
      ],
      "demand": [
        3,
        1,
        3
      ]
    },
    {
      "id": "C31",
      "x": 59.06,
      "y": 48.57,
      "time_window": [
        450.0,
        2362.55
      ],
      "demand": [
        4,
        3,
        4
      ]
    },
    {
      "id": "C32",
      "x": 30.03,
      "y": 25.33,
      "time_window": [
        450.0,
        2007.71
      ],
      "demand": [
        4,
        4,
        1
      ]
    },
    {
      "id": "C33",
      "x": 0.94,
      "y": 88.47,
      "time_window": [
        450.0,
        1065.38
      ],
      "demand": [
        1,
        2,
        4
      ]
    },
    {
      "id": "C34",
      "x": 83.34,
      "y": 97.5,
      "time_window": [
        450.0,
        2184.16
      ],
      "demand": [
        2,
        1,
        3
      ]
    },
    {
      "id": "C35",
      "x": 46.38,
      "y": 61.0,
      "time_window": [
        450.0,
        2508.13
      ],
      "demand": [
        2,
        1,
        1
      ]
    },
    {
      "id": "C36",
      "x": 95.97,
      "y": 99.71,
      "time_window": [
        450.0,
        1097.23
      ],
      "demand": [
        2,
        1,
        4
      ]
    },
    {
      "id": "C37",
      "x": 72.89,
      "y": 69.57,
      "time_window": [
        450.0,
        1891.87
      ],
      "demand": [
        3,
        1,
        1
      ]
    },
    {
      "id": "C38",
      "x": 7.02,
      "y": 14.56,
      "time_window": [
        450.0,
        1837.15
      ],
      "demand": [
        1,
        1,
        3
      ]
    },
    {
      "id": "C39",
      "x": 9.71,
      "y": 7.91,
      "time_window": [
        450.0,
        1109.36
      ],
      "demand": [
        1,
        2,
        3
      ]
    },
    {
      "id": "C40",
      "x": 9.93,
      "y": 16.89,
      "time_window": [
        450.0,
        1177.27
      ],
      "demand": [
        4,
        2,
        4
      ]
    },
    {
      "id": "C41",
      "x": 91.83,
      "y": 86.08,
      "time_window": [
        450.0,
        1294.61
      ],
      "demand": [
        4,
        4,
        1
      ]
    },
    {
      "id": "C42",
      "x": 96.54,
      "y": 7.83,
      "time_window": [
        450.0,
        2268.09
      ],
      "demand": [
        2,
        3,
        2
      ]
    },
    {
      "id": "C43",
      "x": 37.5,
      "y": 60.77,
      "time_window": [
        450.0,
        2363.68
      ],
      "demand": [
        2,
        2,
        3
      ]
    },
    {
      "id": "C44",
      "x": 30.84,
      "y": 38.41,
      "time_window": [
        450.0,
        1870.68
      ],
      "demand": [
        1,
        2,
        1
      ]
    },
    {
      "id": "C45",
      "x": 9.66,
      "y": 87.28,
      "time_window": [
        450.0,
        2037.76
      ],
      "demand": [
        4,
        4,
        2
      ]
    },
    {
      "id": "C46",
      "x": 16.97,
      "y": 76.0,
      "time_window": [
        450.0,
        1274.91
      ],
      "demand": [
        1,
        1,
        1
      ]
    },
    {
      "id": "C47",
      "x": 60.8,
      "y": 56.57,
      "time_window": [
        450.0,
        1483.76
      ],
      "demand": [
        2,
        1,
        3
      ]
    },
    {
      "id": "C48",
      "x": 68.44,
      "y": 48.7,
      "time_window": [
        450.0,
        1921.07
      ],
      "demand": [
        1,
        3,
        2
      ]
    },
    {
      "id": "C49",
      "x": 47.48,
      "y": 72.78,
      "time_window": [
        450.0,
        1941.79
      ],
      "demand": [
        2,
        4,
        4
      ]
    },
    {
      "id": "C50",
      "x": 67.38,
      "y": 35.66,
      "time_window": [
        450.0,
        1452.64
      ],
      "demand": [
        3,
        4,
        1
      ]
    }
  ]
}