{
  "set_id": 4,
  "inst_id": 10,
  "vehicles": {
    "CT": {
      "count": 8,
      "capacity": 1500,
      "fixed_cost": 1500,
      "unit_cost_factor": 1.2
    },
    "UV": {
      "count": 16,
      "capacity": 500,
      "fixed_cost": 500,
      "unit_cost_factor": 1.1
    }
  },
  "P": 3,
  "item_weights": [
    5,
    5,
    15
  ],
  "inventory_ratio": 1.3,
  "FCs": [
    {
      "id": "FC1",
      "x": 25,
      "y": 25,
      "time_window": [
        0.0,
        3000.0
      ],
      "inventory": [
        59,
        51,
        61
      ]
    },
    {
      "id": "FC2",
      "x": 75,
      "y": 75,
      "time_window": [
        0.0,
        3000.0
      ],
      "inventory": [
        62,
        68,
        60
      ]
    }
  ],
  "DCs": [
    {
      "id": "DC1",
      "x": 98.59,
      "y": 52.18,
      "time_window": [
        300.0,
        2700.0
      ]
    },
    {
      "id": "DC2",
      "x": 5.05,
      "y": 22.93,
      "time_window": [
        300.0,
        2700.0
      ]
    },
    {
      "id": "DC3",
      "x": 0.6,
      "y": 65.84,
      "time_window": [
        300.0,
        2700.0
      ]
    },
    {
      "id": "DC4",
      "x": 76.48,
      "y": 67.57,
      "time_window": [
        300.0,
        2700.0
      ]
    }
  ],
  "CDPs": [
    {
      "id": "CDP1",
      "x": 35.38,
      "y": 53.53,
      "time_window": [
        0.0,
        3000.0
      ],
      "capacity": 146
    },
    {
      "id": "CDP2",
      "x": 72.27,
      "y": 83.7,
      "time_window": [
        0.0,
        3000.0
      ],
      "capacity": 114
    },
    {
      "id": "CDP3",
      "x": 3.87,
      "y": 72.77,
      "time_window": [
        0.0,
        3000.0
      ],
      "capacity": 117
    },
    {
      "id": "CDP4",
      "x": 71.87,
      "y": 29.89,
      "time_window": [
        0.0,
        3000.0
      ],
      "capacity": 155
    },
    {
      "id": "CDP5",
      "x": 25.84,
      "y": 64.44,
      "time_window": [
        0.0,
        3000.0
      ],
      "capacity": 108
    },
    {
      "id": "CDP6",
      "x": 26.1,
      "y": 50.07,
      "time_window": [
        0.0,
        3000.0
      ],
      "capacity": 221
    },
    {
      "id": "CDP7",
      "x": 87.04,
      "y": 71.45,
      "time_window": [
        0.0,
        3000.0
      ],
      "capacity": 234
    },
    {
      "id": "CDP8",
      "x": 20.25,
      "y": 37.41,
      "time_window": [
        0.0,
        3000.0
      ],
      "capacity": 256
    },
    {
      "id": "CDP9",
      "x": 14.08,
      "y": 53.06,
      "time_window": [
        0.0,
        3000.0
      ],
      "capacity": 205
    },
    {
      "id": "CDP10",
      "x": 67.48,
      "y": 14.81,
      "time_window": [
        0.0,
        3000.0
      ],
      "capacity": 197
    },
    {
      "id": "CDP11",
      "x": 45.44,
      "y": 50.13,
      "time_window": [
        0.0,
        3000.0
      ],
      "capacity": 245
    },
    {
      "id": "CDP12",
      "x": 57.15,
      "y": 98.25,
      "time_window": [
        0.0,
        3000.0
      ],
      "capacity": 255
    },
    {
      "id": "CDP13",
      "x": 81.69,
      "y": 87.94,
      "time_window": [
        0.0,
        3000.0
      ],
      "capacity": 244
    },
    {
      "id": "CDP14",
      "x": 15.66,
      "y": 55.97,
      "time_window": [
        0.0,
        3000.0
      ],
      "capacity": 161
    },
    {
      "id": "CDP15",
      "x": 3.74,
      "y": 87.47,
      "time_window": [
        0.0,
        3000.0
      ],
      "capacity": 100
    },
    {
      "id": "CDP16",
      "x": 12.98,
      "y": 49.13,
      "time_window": [
        0.0,
        3000.0
      ],
      "capacity": 223
    }
  ],
  "Customers": [
    {
      "id": "C1",
      "x": 15.11,
      "y": 80.49,
      "time_window": [
        450.0,
        2437.58
      ],
      "demand": [
        1,
        1,
        1
      ]
    },
    {
      "id": "C2",
      "x": 96.13,
      "y": 2.5,
      "time_window": [
        450.0,
        2469.91
      ],
      "demand": [
        4,
        2,
        2
      ]
    },
    {
      "id": "C3",
      "x": 98.79,
      "y": 4.91,
      "time_window": [
        450.0,
        2400.78
      ],
      "demand": [
        2,
        2,
        3
      ]
    },
    {
      "id": "C4",
      "x": 14.63,
      "y": 5.57,
      "time_window": [
        450.0,
        2520.52
      ],
      "demand": [
        3,
        3,
        3
      ]
    },
    {
      "id": "C5",
      "x": 54.92,
      "y": 52.0,
      "time_window": [
        450.0,
        2285.2
      ],
      "demand": [
        1,
        1,
        3
      ]
    },
    {
      "id": "C6",
      "x": 48.66,
      "y": 71.51,
      "time_window": [
        450.0,
        1072.75
      ],
      "demand": [
        4,
        2,
        1
      ]
    },
    {
      "id": "C7",
      "x": 13.32,
      "y": 20.59,
      "time_window": [
        450.0,
        2278.24
      ],
      "demand": [
        3,
        4,
        2
      ]
    },
    {
      "id": "C8",
      "x": 17.29,
      "y": 91.97,
      "time_window": [
        450.0,
        1172.61
      ],
      "demand": [
        4,
        3,
        3
      ]
    },
    {
      "id": "C9",
      "x": 38.13,
      "y": 29.45,
      "time_window": [
        450.0,
        2408.3
      ],
      "demand": [
        1,
        1,
        3
      ]
    },
    {
      "id": "C10",
      "x": 3.56,
      "y": 4.04,
      "time_window": [
        450.0,
        2428.08
      ],
      "demand": [
        2,
        1,
        2
      ]
    },
    {
      "id": "C11",
      "x": 21.6,
      "y": 87.8,
      "time_window": [
        450.0,
        1663.55
      ],
      "demand": [
        3,
        3,
        3
      ]
    },
    {
      "id": "C12",
      "x": 37.83,
      "y": 29.99,
      "time_window": [
        450.0,
        975.04
      ],
      "demand": [
        1,
        4,
        1
      ]
    },
    {
      "id": "C13",
      "x": 44.52,
      "y": 67.41,
      "time_window": [
        450.0,
        2087.02
      ],
      "demand": [
        1,
        3,
        2
      ]
    },
    {
      "id": "C14",
      "x": 69.86,
      "y": 74.06,
      "time_window": [
        450.0,
        1796.89
      ],
      "demand": [
        4,
        1,
        2
      ]
    },
    {
      "id": "C15",
      "x": 38.26,
      "y": 72.83,
      "time_window": [
        450.0,
        2029.88
      ],
      "demand": [
        1,
        4,
        2
      ]
    },
    {
      "id": "C16",
      "x": 65.65,
      "y": 35.24,
      "time_window": [
        450.0,
        1620.26
      ],
      "demand": [
        4,
        4,
        3
      ]
    },
    {
      "id": "C17",
      "x": 73.06,
      "y": 58.72,
      "time_window": [
        450.0,
        1557.05
      ],
      "demand": [
        1,
        4,
        3
      ]
    },
    {
      "id": "C18",
      "x": 29.56,
      "y": 73.91,
      "time_window": [
        450.0,
        1118.63
      ],
      "demand": [
        2,
        1,
        4
      ]
    },
    {
      "id": "C19",
      "x": 73.86,
      "y": 32.03,
      "time_window": [
        450.0,
        1702.54
      ],
      "demand": [
        1,
        2,
        2
      ]
    },
    {
      "id": "C20",
      "x": 33.42,
      "y": 40.34,
      "time_window": [
        450.0,
        2430.18
      ],
      "demand": [
        4,
        4,
        3
      ]
    },
    {
      "id": "C21",
      "x": 89.9,
      "y": 92.16,
      "time_window": [
        450.0,
        2235.31
      ],
      "demand": [
        1,
        2,
        4
      ]
    },
    {
      "id": "C22",
      "x": 37.18,
      "y": 45.43,
      "time_window": [
        450.0,
        1327.09
      ],
      "demand": [
        3,
        2,
        2
      ]
    },
    {
      "id": "C23",
      "x": 8.13,
      "y": 82.72,
      "time_window": [
        450.0,
        954.28
      ],
      "demand": [
        1,
        4,
        1
      ]
    },
    {
      "id": "C24",
      "x": 28.62,
      "y": 27.03,
      "time_window": [
        450.0,
        1041.73
      ],
      "demand": [
        2,
        2,
        2
      ]
    },
    {
      "id": "C25",
      "x": 85.93,
      "y": 13.91,
      "time_window": [
        450.0,
        1252.08
      ],
      "demand": [
        4,
        1,
        4
      ]
    },
    {
      "id": "C26",
      "x": 10.88,
      "y": 9.63,
      "time_window": [
        450.0,
        1472.38
      ],
      "demand": [
        3,
        2,
        4
      ]
    },
    {
      "id": "C27",
      "x": 49.9,
      "y": 65.23,
      "time_window": [
        450.0,
        1190.49
      ],
      "demand": [
        3,
        1,
        1
      ]
    },
    {
      "id": "C28",
      "x": 79.23,
      "y": 80.81,
      "time_window": [
        450.0,
        1105.54
      ],
      "demand": [
        4,
        4,
        2
      ]
    },
    {
      "id": "C29",
      "x": 81.52,
      "y": 1.93,
      "time_window": [
        450.0,
        2058.39
      ],
      "demand": [
        1,
        3,
        3
      ]
    },
    {
      "id": "C30",
      "x": 63.59,
      "y": 74.42,
      "time_window": [
        450.0,
        2359.84
      ],
      "demand": [
        3,
        4,
        2
      ]
    },
    {
      "id": "C31",
      "x": 26.35,
      "y": 60.25,
      "time_window": [
        450.0,
        1282.79
      ],
      "demand": [
        3,
        3,
        4
      ]
    },
    {
      "id": "C32",
      "x": 53.32,
      "y": 55.61,
      "time_window": [
        450.0,
        2503.28
      ],
      "demand": [
        3,
        4,
        2
      ]
    },
    {
      "id": "C33",
      "x": 27.12,
      "y": 37.28,
      "time_window": [
        450.0,
        1853.14
      ],
      "demand": [
        3,
        2,
        2
      ]
    },
    {
      "id": "C34",
      "x": 54.75,
      "y": 30.59,
      "time_window": [
        450.0,
        2215.14
      ],
      "demand": [
        4,
        3,
        4
      ]
    },
    {
      "id": "C35",
      "x": 41.63,
      "y": 38.73,
      "time_window": [
        450.0,
        2117.32
      ],
      "demand": [
        4,
        1,
        4
      ]
    },
    {
      "id": "C36",
      "x": 40.14,
      "y": 39.64,
      "time_window": [
        450.0,
        1966.01
      ],
      "demand": [
        4,
        3,
        4
      ]
    }
  ]
}