{
  "set_id": 8,
  "inst_id": 9,
  "vehicles": {
    "CT": {
      "count": 20,
      "capacity": 1500,
      "fixed_cost": 1500,
      "unit_cost_factor": 1.2
    },
    "UV": {
      "count": 40,
      "capacity": 500,
      "fixed_cost": 500,
      "unit_cost_factor": 1.1
    }
  },
  "P": 3,
  "item_weights": [
    15,
    15,
    15
  ],
  "inventory_ratio": 1.2,
  "FCs": [
    {
      "id": "FC1",
      "x": 25,
      "y": 25,
      "time_window": [
        0.0,
        3000.0
      ],
      "inventory": [
        80,
        78,
        74
      ]
    },
    {
      "id": "FC2",
      "x": 25,
      "y": 75,
      "time_window": [
        0.0,
        3000.0
      ],
      "inventory": [
        68,
        99,
        95
      ]
    },
    {
      "id": "FC3",
      "x": 75,
      "y": 25,
      "time_window": [
        0.0,
        3000.0
      ],
      "inventory": [
        66,
        56,
        73
      ]
    },
    {
      "id": "FC4",
      "x": 75,
      "y": 75,
      "time_window": [
        0.0,
        3000.0
      ],
      "inventory": [
        92,
        70,
        70
      ]
    }
  ],
  "DCs": [
    {
      "id": "DC1",
      "x": 5.6,
      "y": 77.34,
      "time_window": [
        300.0,
        2700.0
      ]
    },
    {
      "id": "DC2",
      "x": 9.64,
      "y": 12.54,
      "time_window": [
        300.0,
        2700.0
      ]
    },
    {
      "id": "DC3",
      "x": 16.78,
      "y": 15.54,
      "time_window": [
        300.0,
        2700.0
      ]
    },
    {
      "id": "DC4",
      "x": 92.26,
      "y": 78.98,
      "time_window": [
        300.0,
        2700.0
      ]
    },
    {
      "id": "DC5",
      "x": 12.09,
      "y": 23.22,
      "time_window": [
        300.0,
        2700.0
      ]
    },
    {
      "id": "DC6",
      "x": 26.34,
      "y": 21.21,
      "time_window": [
        300.0,
        2700.0
      ]
    },
    {
      "id": "DC7",
      "x": 58.95,
      "y": 55.85,
      "time_window": [
        300.0,
        2700.0
      ]
    },
    {
      "id": "DC8",
      "x": 46.94,
      "y": 47.99,
      "time_window": [
        300.0,
        2700.0
      ]
    }
  ],
  "CDPs": [
    {
      "id": "CDP1",
      "x": 11.77,
      "y": 19.83,
      "time_window": [
        0.0,
        3000.0
      ],
      "capacity": 282
    },
    {
      "id": "CDP2",
      "x": 66.41,
      "y": 21.74,
      "time_window": [
        0.0,
        3000.0
      ],
      "capacity": 249
    },
    {
      "id": "CDP3",
      "x": 30.53,
      "y": 8.55,
      "time_window": [
        0.0,
        3000.0
      ],
      "capacity": 219
    },
    {
      "id": "CDP4",
      "x": 50.56,
      "y": 41.38,
      "time_window": [
        0.0,
        3000.0
      ],
      "capacity": 127
    },
    {
      "id": "CDP5",
      "x": 49.54,
      "y": 65.04,
      "time_window": [
        0.0,
        3000.0
      ],
      "capacity": 227
    },
    {
      "id": "CDP6",
      "x": 99.53,
      "y": 48.56,
      "time_window": [
        0.0,
        3000.0
      ],
      "capacity": 164
    },
    {
      "id": "CDP7",
      "x": 68.8,
      "y": 44.24,
      "time_window": [
        0.0,
        3000.0
      ],
      "capacity": 203
    },
    {
      "id": "CDP8",
      "x": 5.45,
      "y": 83.3,
      "time_window": [
        0.0,
        3000.0
      ],
      "capacity": 144
    },
    {
      "id": "CDP9",
      "x": 85.21,
      "y": 66.95,
      "time_window": [
        0.0,
        3000.0
      ],
      "capacity": 141
    },
    {
      "id": "CDP10",
      "x": 30.44,
      "y": 18.06,
      "time_window": [
        0.0,
        3000.0
      ],
      "capacity": 278
    },
    {
      "id": "CDP11",
      "x": 76.82,
      "y": 46.36,
      "time_window": [
        0.0,
        3000.0
      ],
      "capacity": 235
    },
    {
      "id": "CDP12",
      "x": 15.74,
      "y": 27.57,
      "time_window": [
        0.0,
        3000.0
      ],
      "capacity": 106
    },
    {
      "id": "CDP13",
      "x": 20.61,
      "y": 75.73,
      "time_window": [
        0.0,
        3000.0
      ],
      "capacity": 261
    },
    {
      "id": "CDP14",
      "x": 31.15,
      "y": 29.97,
      "time_window": [
        0.0,
        3000.0
      ],
      "capacity": 147
    },
    {
      "id": "CDP15",
      "x": 89.83,
      "y": 4.7,
      "time_window": [
        0.0,
        3000.0
      ],
      "capacity": 207
    },
    {
      "id": "CDP16",
      "x": 55.84,
      "y": 7.07,
      "time_window": [
        0.0,
        3000.0
      ],
      "capacity": 151
    },
    {
      "id": "CDP17",
      "x": 31.87,
      "y": 88.87,
      "time_window": [
        0.0,
        3000.0
      ],
      "capacity": 147
    },
    {
      "id": "CDP18",
      "x": 8.59,
      "y": 26.33,
      "time_window": [
        0.0,
        3000.0
      ],
      "capacity": 237
    },
    {
      "id": "CDP19",
      "x": 83.41,
      "y": 2.87,
      "time_window": [
        0.0,
        3000.0
      ],
      "capacity": 178
    },
    {
      "id": "CDP20",
      "x": 47.7,
      "y": 46.27,
      "time_window": [
        0.0,
        3000.0
      ],
      "capacity": 107
    },
    {
      "id": "CDP21",
      "x": 59.0,
      "y": 21.88,
      "time_window": [
        0.0,
        3000.0
      ],
      "capacity": 208
    },
    {
      "id": "CDP22",
      "x": 55.57,
      "y": 84.56,
      "time_window": [
        0.0,
        3000.0
      ],
      "capacity": 120
    },
    {
      "id": "CDP23",
      "x": 72.35,
      "y": 24.47,
      "time_window": [
        0.0,
        3000.0
      ],
      "capacity": 122
    },
    {
      "id": "CDP24",
      "x": 20.75,
      "y": 56.62,
      "time_window": [
        0.0,
        3000.0
      ],
      "capacity": 203
    },
    {
      "id": "CDP25",
      "x": 22.28,
      "y": 99.33,
      "time_window": [
        0.0,
        3000.0
      ],
      "capacity": 145
    },
    {
      "id": "CDP26",
      "x": 25.15,
      "y": 54.03,
      "time_window": [
        0.0,
        3000.0
      ],
      "capacity": 210
    },
    {
      "id": "CDP27",
      "x": 25.09,
      "y": 72.11,
      "time_window": [
        0.0,
        3000.0
      ],
      "capacity": 114
    },
    {
      "id": "CDP28",
      "x": 88.54,
      "y": 74.82,
      "time_window": [
        0.0,
        3000.0
      ],
      "capacity": 163
    },
    {
      "id": "CDP29",
      "x": 12.02,
      "y": 34.37,
      "time_window": [
        0.0,
        3000.0
      ],
      "capacity": 237
    },
    {
      "id": "CDP30",
      "x": 71.73,
      "y": 24.75,
      "time_window": [
        0.0,
        3000.0
      ],
      "capacity": 182
    },
    {
      "id": "CDP31",
      "x": 57.35,
      "y": 51.09,
      "time_window": [
        0.0,
        3000.0
      ],
      "capacity": 286
    },
    {
      "id": "CDP32",
      "x": 10.14,
      "y": 68.48,
      "time_window": [
        0.0,
        3000.0
      ],
      "capacity": 207
    },
    {
      "id": "CDP33",
      "x": 65.54,
      "y": 13.44,
      "time_window": [
        0.0,
        3000.0
      ],
      "capacity": 135
    },
    {
      "id": "CDP34",
      "x": 42.67,
      "y": 1.76,
      "time_window": [
        0.0,
        3000.0
      ],
      "capacity": 226
    },
    {
      "id": "CDP35",
      "x": 32.9,
      "y": 81.51,
      "time_window": [
        0.0,
        3000.0
      ],
      "capacity": 230
    },
    {
      "id": "CDP36",
      "x": 5.46,
      "y": 79.32,
      "time_window": [
        0.0,
        3000.0
      ],
      "capacity": 223
    },
    {
      "id": "CDP37",
      "x": 76.68,
      "y": 84.17,
      "time_window": [
        0.0,
        3000.0
      ],
      "capacity": 270
    },
    {
      "id": "CDP38",
      "x": 27.15,
      "y": 65.66,
      "time_window": [
        0.0,
        3000.0
      ],
      "capacity": 184
    },
    {
      "id": "CDP39",
      "x": 67.46,
      "y": 8.37,
      "time_window": [
        0.0,
        3000.0
      ],
      "capacity": 169
    },
    {
      "id": "CDP40",
      "x": 23.46,
      "y": 62.69,
      "time_window": [
        0.0,
        3000.0
      ],
      "capacity": 210
    },
    {
      "id": "CDP41",
      "x": 49.4,
      "y": 22.63,
      "time_window": [
        0.0,
        3000.0
      ],
      "capacity": 191
    },
    {
      "id": "CDP42",
      "x": 32.7,
      "y": 28.05,
      "time_window": [
        0.0,
        3000.0
      ],
      "capacity": 110
    },
    {
      "id": "CDP43",
      "x": 88.64,
      "y": 85.24,
      "time_window": [
        0.0,
        3000.0
      ],
      "capacity": 167
    },
    {
      "id": "CDP44",
      "x": 72.01,
      "y": 19.97,
      "time_window": [
        0.0,
        3000.0
      ],
      "capacity": 205
    },
    {
      "id": "CDP45",
      "x": 28.65,
      "y": 73.87,
      "time_window": [
        0.0,
        3000.0
      ],
      "capacity": 108
    },
    {
      "id": "CDP46",
      "x": 90.51,
      "y": 28.03,
      "time_window": [
        0.0,
        3000.0
      ],
      "capacity": 163
    },
    {
      "id": "CDP47",
      "x": 47.7,
      "y": 53.18,
      "time_window": [
        0.0,
        3000.0
      ],
      "capacity": 252
    },
    {
      "id": "CDP48",
      "x": 66.66,
      "y": 32.76,
      "time_window": [
        0.0,
        3000.0
      ],
      "capacity": 145
    },
    {
      "id": "CDP49",
      "x": 87.36,
      "y": 81.27,
      "time_window": [
        0.0,
        3000.0
      ],
      "capacity": 241
    },
    {
      "id": "CDP50",
      "x": 96.19,
      "y": 12.99,
      "time_window": [
        0.0,
        3000.0
      ],
      "capacity": 231
    }
  ],
  "Customers": [
    {
      "id": "C1",
      "x": 16.61,
      "y": 20.17,
      "time_window": [
        450.0,
        1274.57
      ],
      "demand": [
        2,
        2,
        1
      ]
    },
    {
      "id": "C2",
      "x": 40.54,
      "y": 40.85,
      "time_window": [
        450.0,
        1567.43
      ],
      "demand": [
        1,
        2,
        3
      ]
    },
    {
      "id": "C3",
      "x": 37.41,
      "y": 42.91,
      "time_window": [
        450.0,
        2265.9
      ],
      "demand": [
        3,
        3,
        3
      ]
    },
    {
      "id": "C4",
      "x": 73.19,
      "y": 47.72,
      "time_window": [
        450.0,
        1440.14
      ],
      "demand": [
        1,
        4,
        2
      ]
    },
    {
      "id": "C5",
      "x": 7.53,
      "y": 8.0,
      "time_window": [
        450.0,
        1275.83
      ],
      "demand": [
        4,
        1,
        2
      ]
    },
    {
      "id": "C6",
      "x": 84.14,
      "y": 88.53,
      "time_window": [
        450.0,
        1852.39
      ],
      "demand": [
        2,
        1,
        3
      ]
    },
    {
      "id": "C7",
      "x": 28.47,
      "y": 68.44,
      "time_window": [
        450.0,
        995.43
      ],
      "demand": [
        1,
        3,
        2
      ]
    },
    {
      "id": "C8",
      "x": 37.64,
      "y": 40.39,
      "time_window": [
        450.0,
        1507.46
      ],
      "demand": [
        2,
        4,
        3
      ]
    },
    {
      "id": "C9",
      "x": 31.62,
      "y": 66.41,
      "time_window": [
        450.0,
        1757.2
      ],
      "demand": [
        3,
        4,
        4
      ]
    },
    {
      "id": "C10",
      "x": 37.09,
      "y": 29.52,
      "time_window": [
        450.0,
        1767.69
      ],
      "demand": [
        4,
        4,
        3
      ]
    },
    {
      "id": "C11",
      "x": 19.41,
      "y": 77.84,
      "time_window": [
        450.0,
        1669.69
      ],
      "demand": [
        3,
        3,
        1
      ]
    },
    {
      "id": "C12",
      "x": 85.15,
      "y": 75.89,
      "time_window": [
        450.0,
        2549.27
      ],
      "demand": [
        4,
        4,
        4
      ]
    },
    {
      "id": "C13",
      "x": 40.72,
      "y": 53.39,
      "time_window": [
        450.0,
        2510.69
      ],
      "demand": [
        3,
        1,
        4
      ]
    },
    {
      "id": "C14",
      "x": 1.17,
      "y": 0.22,
      "time_window": [
        450.0,
        1609.67
      ],
      "demand": [
        4,
        1,
        3
      ]
    },
    {
      "id": "C15",
      "x": 45.98,
      "y": 60.76,
      "time_window": [
        450.0,
        1150.06
      ],
      "demand": [
        2,
        1,
        3
      ]
    },
    {
      "id": "C16",
      "x": 83.89,
      "y": 7.78,
      "time_window": [
        450.0,
        2378.29
      ],
      "demand": [
        2,
        4,
        3
      ]
    },
    {
      "id": "C17",
      "x": 46.84,
      "y": 39.26,
      "time_window": [
        450.0,
        1171.52
      ],
      "demand": [
        2,
        4,
        3
      ]
    },
    {
      "id": "C18",
      "x": 82.21,
      "y": 7.45,
      "time_window": [
        450.0,
        1300.45
      ],
      "demand": [
        2,
        1,
        4
      ]
    },
    {
      "id": "C19",
      "x": 49.58,
      "y": 63.75,
      "time_window": [
        450.0,
        2441.05
      ],
      "demand": [
        3,
        2,
        1
      ]
    },
    {
      "id": "C20",
      "x": 61.75,
      "y": 43.68,
      "time_window": [
        450.0,
        2550
      ],
      "demand": [
        4,
        1,
        4
      ]
    },
    {
      "id": "C21",
      "x": 35.39,
      "y": 69.92,
      "time_window": [
        450.0,
        1146.57
      ],
      "demand": [
        4,
        4,
        4
      ]
    },
    {
      "id": "C22",
      "x": 60.64,
      "y": 40.21,
      "time_window": [
        450.0,
        1816.5
      ],
      "demand": [
        1,
        3,
        4
      ]
    },
    {
      "id": "C23",
      "x": 10.36,
      "y": 97.01,
      "time_window": [
        450.0,
        2250.41
      ],
      "demand": [
        4,
        1,
        4
      ]
    },
    {
      "id": "C24",
      "x": 81.55,
      "y": 93.52,
      "time_window": [
        450.0,
        2310.82
      ],
      "demand": [
        1,
        3,
        2
      ]
    },
    {
      "id": "C25",
      "x": 98.3,
      "y": 11.79,
      "time_window": [
        450.0,
        1051.84
      ],
      "demand": [
        3,
        1,
        3
      ]
    },
    {
      "id": "C26",
      "x": 76.78,
      "y": 90.45,
      "time_window": [
        450.0,
        2407.71
      ],
      "demand": [
        4,
        2,
        1
      ]
    },
    {
      "id": "C27",
      "x": 5.67,
      "y": 86.2,
      "time_window": [
        450.0,
        2028.5
      ],
      "demand": [
        4,
        3,
        2
      ]
    },
    {
      "id": "C28",
      "x": 72.35,
      "y": 69.65,
      "time_window": [
        450.0,
        1378.83
      ],
      "demand": [
        4,
        3,
        3
      ]
    },
    {
      "id": "C29",
      "x": 26.01,
      "y": 25.24,
      "time_window": [
        450.0,
        1332.26
      ],
      "demand": [
        4,
        3,
        2
      ]
    },
    {
      "id": "C30",
      "x": 72.28,
      "y": 67.93,
      "time_window": [
        450.0,
        1325.96
      ],
      "demand": [
        2,
        2,
        3
      ]
    },
    {
      "id": "C31",
      "x": 40.81,
      "y": 52.4,
      "time_window": [
        450.0,
        2080.69
      ],
      "demand": [
        2,
        1,
        2
      ]
    },
    {
      "id": "C32",
      "x": 66.22,
      "y": 30.96,
      "time_window": [
        450.0,
        1041.7
      ],
      "demand": [
        4,
        4,
        4
      ]
    },
    {
      "id": "C33",
      "x": 41.46,
      "y": 72.25,
      "time_window": [
        450.0,
        1869.13
      ],
      "demand": [
        1,
        3,
        2
      ]
    },
    {
      "id": "C34",
      "x": 24.09,
      "y": 21.99,
      "time_window": [
        450.0,
        1297.28
      ],
      "demand": [
        4,
        1,
        2
      ]
    },
    {
      "id": "C35",
      "x": 69.95,
      "y": 65.8,
      "time_window": [
        450.0,
        1765.14
      ],
      "demand": [
        2,
        1,
        2
      ]
    },
    {
      "id": "C36",
      "x": 60.16,
      "y": 72.71,
      "time_window": [
        450.0,
        1288.15
      ],
      "demand": [
        2,
        4,
        3
      ]
    },
    {
      "id": "C37",
      "x": 24.8,
      "y": 21.5,
      "time_window": [
        450.0,
        1000.64
      ],
      "demand": [
        4,
        3,
        3
      ]
    },
    {
      "id": "C38",
      "x": 41.06,
      "y": 37.53,
      "time_window": [
        450.0,
        2539.83
      ],
      "demand": [
        2,
        1,
        4
      ]
    },
    {
      "id": "C39",
      "x": 28.92,
      "y": 43.3,
      "time_window": [
        450.0,
        1806.64
      ],
      "demand": [
        4,
        4,
        3
      ]
    },
    {
      "id": "C40",
      "x": 30.97,
      "y": 55.89,
      "time_window": [
        450.0,
        2394.89
      ],
      "demand": [
        2,
        2,
        2
      ]
    },
    {
      "id": "C41",
      "x": 54.4,
      "y": 27.98,
      "time_window": [
        450.0,
        1539.3
      ],
      "demand": [
        4,
        1,
        1
      ]
    },
    {
      "id": "C42",
      "x": 55.08,
      "y": 69.27,
      "time_window": [
        450.0,
        2414.41
      ],
      "demand": [
        1,
        2,
        4
      ]
    },
    {
      "id": "C43",
      "x": 34.08,
      "y": 26.18,
      "time_window": [
        450.0,
        1456.12
      ],
      "demand": [
        1,
        2,
        2
      ]
    },
    {
      "id": "C44",
      "x": 37.6,
      "y": 45.6,
      "time_window": [
        450.0,
        1062.5
      ],
      "demand": [
        4,
        2,
        3
      ]
    },
    {
      "id": "C45",
      "x": 74.54,
      "y": 56.43,
      "time_window": [
        450.0,
        1447.25
      ],
      "demand": [
        3,
        2,
        4
      ]
    },
    {
      "id": "C46",
      "x": 71.02,
      "y": 60.6,
      "time_window": [
        450.0,
        1000.64
      ],
      "demand": [
        1,
        2,
        2
      ]
    },
    {
      "id": "C47",
      "x": 53.76,
      "y": 37.59,
      "time_window": [
        450.0,
        2004.65
      ],
      "demand": [
        1,
        4,
        3
      ]
    },
    {
      "id": "C48",
      "x": 45.18,
      "y": 61.71,
      "time_window": [
        450.0,
        994.98
      ],
      "demand": [
        4,
        3,
        1
      ]
    },
    {
      "id": "C49",
      "x": 78.2,
      "y": 95.97,
      "time_window": [
        450.0,
        2410.59
      ],
      "demand": [
        2,
        3,
        1
      ]
    },
    {
      "id": "C50",
      "x": 53.67,
      "y": 61.3,
      "time_window": [
        450.0,
        1368.74
      ],
      "demand": [
        2,
        4,
        1
      ]
    },
    {
      "id": "C51",
      "x": 82.3,
      "y": 87.24,
      "time_window": [
        450.0,
        2127.08
      ],
      "demand": [
        1,
        4,
        3
      ]
    },
    {
      "id": "C52",
      "x": 65.01,
      "y": 59.2,
      "time_window": [
        450.0,
        2007.92
      ],
      "demand": [
        2,
        1,
        3
      ]
    },
    {
      "id": "C53",
      "x": 92.11,
      "y": 88.21,
      "time_window": [
        450.0,
        1950.16
      ],
      "demand": [
        1,
        3,
        4
      ]
    },
    {
      "id": "C54",
      "x": 16.61,
      "y": 9.6,
      "time_window": [
        450.0,
        1395.36
      ],
      "demand": [
        3,
        4,
        4
      ]
    },
    {
      "id": "C55",
      "x": 16.68,
      "y": 14.58,
      "time_window": [
        450.0,
        1950.37
      ],
      "demand": [
        3,
        2,
        1
      ]
    },
    {
      "id": "C56",
      "x": 79.75,
      "y": 4.6,
      "time_window": [
        450.0,
        1932.46
      ],
      "demand": [
        2,
        1,
        2
      ]
    },
    {
      "id": "C57",
      "x": 34.14,
      "y": 44.7,
      "time_window": [
        450.0,
        2547.47
      ],
      "demand": [
        1,
        1,
        3
      ]
    },
    {
      "id": "C58",
      "x": 75.14,
      "y": 83.12,
      "time_window": [
        450.0,
        1754.23
      ],
      "demand": [
        4,
        4,
        1
      ]
    },
    {
      "id": "C59",
      "x": 17.65,
      "y": 2.53,
      "time_window": [
        450.0,
        1525.93
      ],
      "demand": [
        1,
        4,
        1
      ]
    },
    {
      "id": "C60",
      "x": 21.15,
      "y": 99.96,
      "time_window": [
        450.0,
        1399.56
      ],
      "demand": [
        2,
        3,
        3
      ]
    },
    {
      "id": "C61",
      "x": 9.84,
      "y": 98.59,
      "time_window": [
        450.0,
        1586.26
      ],
      "demand": [
        3,
        4,
        4
      ]
    },
    {
      "id": "C62",
      "x": 72.68,
      "y": 65.88,
      "time_window": [
        450.0,
        1974.07
      ],
      "demand": [
        3,
        1,
        1
      ]
    },
    {
      "id": "C63",
      "x": 60.61,
      "y": 33.19,
      "time_window": [
        450.0,
        2198.83
      ],
      "demand": [
        1,
        1,
        4
      ]
    },
    {
      "id": "C64",
      "x": 63.1,
      "y": 32.33,
      "time_window": [
        450.0,
        1212.93
      ],
      "demand": [
        4,
        2,
        2
      ]
    },
    {
      "id": "C65",
      "x": 43.88,
      "y": 68.38,
      "time_window": [
        450.0,
        2290.74
      ],
      "demand": [
        4,
        2,
        4
      ]
    },
    {
      "id": "C66",
      "x": 41.57,
      "y": 55.87,
      "time_window": [
        450.0,
        1764.78
      ],
      "demand": [
        1,
        4,
        4
      ]
    },
    {
      "id": "C67",
      "x": 80.05,
      "y": 10.92,
      "time_window": [
        450.0,
        2360.5
      ],
      "demand": [
        1,
        4,
        2
      ]
    },
    {
      "id": "C68",
      "x": 56.67,
      "y": 71.19,
      "time_window": [
        450.0,
        1125.72
      ],
      "demand": [
        4,
        4,
        3
      ]
    },
    {
      "id": "C69",
      "x": 53.76,
      "y": 58.57,
      "time_window": [
        450.0,
        2271.99
      ],
      "demand": [
        4,
        1,
        4
      ]
    },
    {
      "id": "C70",
      "x": 24.8,
      "y": 97.19,
      "time_window": [
        450.0,
        1049.5
      ],
      "demand": [
        1,
        2,
        4
      ]
    },
    {
      "id": "C71",
      "x": 24.93,
      "y": 80.89,
      "time_window": [
        450.0,
        2465.34
      ],
      "demand": [
        4,
        1,
        2
      ]
    },
    {
      "id": "C72",
      "x": 29.72,
      "y": 50.67,
      "time_window": [
        450.0,
        1955.66
      ],
      "demand": [
        3,
        1,
        2
      ]
    },
    {
      "id": "C73",
      "x": 67.73,
      "y": 64.63,
      "time_window": [
        450.0,
        2018.21
      ],
      "demand": [
        2,
        1,
        2
      ]
    },
    {
      "id": "C74",
      "x": 38.14,
      "y": 47.12,
      "time_window": [
        450.0,
        1004.14
      ],
      "demand": [
        2,
        2,
        1
      ]
    },
    {
      "id": "C75",
      "x": 24.91,
      "y": 0.11,
      "time_window": [
        450.0,
        2550
      ],
      "demand": [
        3,
        2,
        2
      ]
    },
    {
      "id": "C76",
      "x": 10.51,
      "y": 23.11,
      "time_window": [
        450.0,
        2137.46
      ],
      "demand": [
        4,
        3,
        1
      ]
    },
    {
      "id": "C77",
      "x": 72.39,
      "y": 25.28,
      "time_window": [
        450.0,
        1898.88
      ],
      "demand": [
        2,
        3,
        2
      ]
    },
    {
      "id": "C78",
      "x": 40.26,
      "y": 45.69,
      "time_window": [
        450.0,
        1639.07
      ],
      "demand": [
        1,
        3,
        1
      ]
    },
    {
      "id": "C79",
      "x": 78.41,
      "y": 85.89,
      "time_window": [
        450.0,
        977.31
      ],
      "demand": [
        4,
        4,
        4
      ]
    },
    {
      "id": "C80",
      "x": 52.13,
      "y": 33.24,
      "time_window": [
        450.0,
        2164.04
      ],
      "demand": [
        4,
        4,
        4
      ]
    },
    {
      "id": "C81",
      "x": 80.09,
      "y": 24.11,
      "time_window": [
        450.0,
        1623.87
      ],
      "demand": [
        3,
        1,
        3
      ]
    },
    {
      "id": "C82",
      "x": 74.28,
      "y": 43.22,
      "time_window": [
        450.0,
        1024.42
      ],
      "demand": [
        1,
        1,
        2
      ]
    },
    {
      "id": "C83",
      "x": 0.53,
      "y": 93.85,
      "time_window": [
        450.0,
        1743.93
      ],
      "demand": [
        3,
        4,
        1
      ]
    },
    {
      "id": "C84",
      "x": 92.57,
      "y": 19.77,
      "time_window": [
        450.0,
        1050.33
      ],
      "demand": [
        1,
        4,
        2
      ]
    },
    {
      "id": "C85",
      "x": 99.79,
      "y": 15.01,
      "time_window": [
        450.0,
        1838.32
      ],
      "demand": [
        2,
        4,
        3
      ]
    },
    {
      "id": "C86",
      "x": 33.98,
      "y": 74.46,
      "time_window": [
        450.0,
        2355.64
      ],
      "demand": [
        1,
        2,
        4
      ]
    },
    {
      "id": "C87",
      "x": 65.71,
      "y": 66.76,
      "time_window": [
        450.0,
        1043.19
      ],
      "demand": [
        4,
        1,
        4
      ]
    },
    {
      "id": "C88",
      "x": 49.91,
      "y": 73.06,
      "time_window": [
        450.0,
        1134.32
      ],
      "demand": [
        3,
        4,
        2
      ]
    },
    {
      "id": "C89",
      "x": 26.5,
      "y": 70.15,
      "time_window": [
        450.0,
        2321.42
      ],
      "demand": [
        2,
        3,
        4
      ]
    },
    {
      "id": "C90",
      "x": 60.07,
      "y": 53.14,
      "time_window": [
        450.0,
        1731.49
      ],
      "demand": [
        2,
        3,
        2
      ]
    },
    {
      "id": "C91",
      "x": 44.38,
      "y": 32.03,
      "time_window": [
        450.0,
        2326.68
      ],
      "demand": [
        3,
        4,
        3
      ]
    },
    {
      "id": "C92",
      "x": 51.14,
      "y": 66.48,
      "time_window": [
        450.0,
        1073.04
      ],
      "demand": [
        2,
        1,
        1
      ]
    },
    {
      "id": "C93",
      "x": 0.42,
      "y": 90.6,
      "time_window": [
        450.0,
        2071.33
      ],
      "demand": [
        3,
        3,
        2
      ]
    },
    {
      "id": "C94",
      "x": 65.35,
      "y": 38.88,
      "time_window": [
        450.0,
        1585.79
      ],
      "demand": [
        2,
        1,
        1
      ]
    },
    {
      "id": "C95",
      "x": 93.66,
      "y": 81.51,
      "time_window": [
        450.0,
        2543.09
      ],
      "demand": [
        4,
        2,
        2
      ]
    },
    {
      "id": "C96",
      "x": 78.05,
      "y": 24.74,
      "time_window": [
        450.0,
        1596.13
      ],
      "demand": [
        3,
        1,
        3
      ]
    },
    {
      "id": "C97",
      "x": 53.64,
      "y": 51.12,
      "time_window": [
        450.0,
        1425.38
      ],
      "demand": [
        1,
        1,
        1
      ]
    },
    {
      "id": "C98",
      "x": 55.84,
      "y": 56.51,
      "time_window": [
        450.0,
        1448.07
      ],
      "demand": [
        2,
        4,
        3
      ]
    },
    {
      "id": "C99",
      "x": 97.54,
      "y": 78.5,
      "time_window": [
        450.0,
        2267.74
      ],
      "demand": [
        1,
        4,
        2
      ]
    },
    {
      "id": "C100",
      "x": 95.43,
      "y": 7.86,
      "time_window": [
        450.0,
        1032.26
      ],
      "demand": [
        4,
        4,
        4
      ]
    }
  ]
}