{
  "set_id": 1,
  "inst_id": 6,
  "vehicles": {
    "CT": {
      "count": 4,
      "capacity": 1500,
      "fixed_cost": 1500,
      "unit_cost_factor": 1.2
    },
    "UV": {
      "count": 8,
      "capacity": 500,
      "fixed_cost": 500,
      "unit_cost_factor": 1.1
    }
  },
  "P": 2,
  "item_weights": [
    5,
    5
  ],
  "inventory_ratio": 1.1,
  "FCs": [
    {
      "id": "FC1",
      "x": 25,
      "y": 25,
      "time_window": [
        0.0,
        3000.0
      ],
      "inventory": [
        24,
        35
      ]
    },
    {
      "id": "FC2",
      "x": 75,
      "y": 75,
      "time_window": [
        0.0,
        3000.0
      ],
      "inventory": [
        30,
        26
      ]
    }
  ],
  "DCs": [
    {
      "id": "DC1",
      "x": 74.31,
      "y": 74.07,
      "time_window": [
        300.0,
        2700.0
      ]
    },
    {
      "id": "DC2",
      "x": 22.64,
      "y": 72.13,
      "time_window": [
        300.0,
        2700.0
      ]
    },
    {
      "id": "DC3",
      "x": 64.25,
      "y": 29.53,
      "time_window": [
        300.0,
        2700.0
      ]
    },
    {
      "id": "DC4",
      "x": 88.24,
      "y": 52.55,
      "time_window": [
        300.0,
        2700.0
      ]
    }
  ],
  "CDPs": [
    {
      "id": "CDP1",
      "x": 17.38,
      "y": 73.48,
      "time_window": [
        0.0,
        3000.0
      ],
      "capacity": 180
    },
    {
      "id": "CDP2",
      "x": 81.2,
      "y": 40.93,
      "time_window": [
        0.0,
        3000.0
      ],
      "capacity": 196
    },
    {
      "id": "CDP3",
      "x": 84.94,
      "y": 61.88,
      "time_window": [
        0.0,
        3000.0
      ],
      "capacity": 112
    },
    {
      "id": "CDP4",
      "x": 25.65,
      "y": 7.92,
      "time_window": [
        0.0,
        3000.0
      ],
      "capacity": 163
    },
    {
      "id": "CDP5",
      "x": 23.72,
      "y": 39.93,
      "time_window": [
        0.0,
        3000.0
      ],
      "capacity": 180
    },
    {
      "id": "CDP6",
      "x": 45.84,
      "y": 60.54,
      "time_window": [
        0.0,
        3000.0
      ],
      "capacity": 204
    },
    {
      "id": "CDP7",
      "x": 22.89,
      "y": 45.05,
      "time_window": [
        0.0,
        3000.0
      ],
      "capacity": 219
    },
    {
      "id": "CDP8",
      "x": 20.2,
      "y": 49.13,
      "time_window": [
        0.0,
        3000.0
      ],
      "capacity": 144
    },
    {
      "id": "CDP9",
      "x": 98.27,
      "y": 36.45,
      "time_window": [
        0.0,
        3000.0
      ],
      "capacity": 100
    },
    {
      "id": "CDP10",
      "x": 98.07,
      "y": 28.9,
      "time_window": [
        0.0,
        3000.0
      ],
      "capacity": 199
    }
  ],
  "Customers": [
    {
      "id": "C1",
      "x": 76.24,
      "y": 82.47,
      "time_window": [
        450.0,
        1926.86
      ],
      "demand": [
        1,
        4
      ]
    },
    {
      "id": "C2",
      "x": 69.29,
      "y": 63.2,
      "time_window": [
        450.0,
        1821.4
      ],
      "demand": [
        2,
        3
      ]
    },
    {
      "id": "C3",
      "x": 2.34,
      "y": 9.64,
      "time_window": [
        450.0,
        2550
      ],
      "demand": [
        1,
        4
      ]
    },
    {
      "id": "C4",
      "x": 42.9,
      "y": 35.52,
      "time_window": [
        450.0,
        1578.21
      ],
      "demand": [
        4,
        1
      ]
    },
    {
      "id": "C5",
      "x": 1.0,
      "y": 19.58,
      "time_window": [
        450.0,
        1222.66
      ],
      "demand": [
        3,
        1
      ]
    },
    {
      "id": "C6",
      "x": 58.48,
      "y": 51.22,
      "time_window": [
        450.0,
        1544.45
      ],
      "demand": [
        3,
        4
      ]
    },
    {
      "id": "C7",
      "x": 96.81,
      "y": 7.69,
      "time_window": [
        450.0,
        1083.42
      ],
      "demand": [
        3,
        4
      ]
    },
    {
      "id": "C8",
      "x": 66.81,
      "y": 26.11,
      "time_window": [
        450.0,
        2335.21
      ],
      "demand": [
        3,
        4
      ]
    },
    {
      "id": "C9",
      "x": 38.25,
      "y": 36.83,
      "time_window": [
        450.0,
        2536.32
      ],
      "demand": [
        2,
        3
      ]
    },
    {
      "id": "C10",
      "x": 52.88,
      "y": 46.28,
      "time_window": [
        450.0,
        1091.51
      ],
      "demand": [
        1,
        3
      ]
    },
    {
      "id": "C11",
      "x": 23.27,
      "y": 83.06,
      "time_window": [
        450.0,
        1052.8
      ],
      "demand": [
        2,
        1
      ]
    },
    {
      "id": "C12",
      "x": 35.19,
      "y": 31.01,
      "time_window": [
        450.0,
        1747.11
      ],
      "demand": [
        3,
        2
      ]
    },
    {
      "id": "C13",
      "x": 65.84,
      "y": 52.06,
      "time_window": [
        450.0,
        2191.96
      ],
      "demand": [
        2,
        1
      ]
    },
    {
      "id": "C14",
      "x": 25.91,
      "y": 37.42,
      "time_window": [
        450.0,
        1882.79
      ],
      "demand": [
        2,
        3
      ]
    },
    {
      "id": "C15",
      "x": 71.28,
      "y": 57.41,
      "time_window": [
        450.0,
        1186.09
      ],
      "demand": [
        4,
        4
      ]
    },
    {
      "id": "C16",
      "x": 34.27,
      "y": 60.49,
      "time_window": [
        450.0,
        2439.53
      ],
      "demand": [
        3,
        3
      ]
    },
    {
      "id": "C17",
      "x": 90.87,
      "y": 89.65,
      "time_window": [
        450.0,
        1596.4
      ],
      "demand": [
        2,
        3
      ]
    },
    {
      "id": "C18",
      "x": 76.4,
      "y": 86.09,
      "time_window": [
        450.0,
        1023.77
      ],
      "demand": [
        4,
        1
      ]
    },
    {
      "id": "C19",
      "x": 19.15,
      "y": 22.48,
      "time_window": [
        450.0,
        1704.93
      ],
      "demand": [
        1,
        4
      ]
    },
    {
      "id": "C20",
      "x": 74.76,
      "y": 42.88,
      "time_window": [
        450.0,
        1682.9
      ],
      "demand": [
        3,
        2
      ]
    }
  ]
}