{
  "set_id": 7,
  "inst_id": 1,
  "vehicles": {
    "CT": {
      "count": 16,
      "capacity": 1500,
      "fixed_cost": 1500,
      "unit_cost_factor": 1.2
    },
    "UV": {
      "count": 32,
      "capacity": 500,
      "fixed_cost": 500,
      "unit_cost_factor": 1.1
    }
  },
  "P": 3,
  "item_weights": [
    5,
    10,
    15
  ],
  "inventory_ratio": 1.3,
  "FCs": [
    {
      "id": "FC1",
      "x": 25,
      "y": 25,
      "time_window": [
        0.0,
        3000.0
      ],
      "inventory": [
        56,
        77,
        70
      ]
    },
    {
      "id": "FC2",
      "x": 25,
      "y": 75,
      "time_window": [
        0.0,
        3000.0
      ],
      "inventory": [
        56,
        73,
        65
      ]
    },
    {
      "id": "FC3",
      "x": 75,
      "y": 25,
      "time_window": [
        0.0,
        3000.0
      ],
      "inventory": [
        63,
        46,
        60
      ]
    },
    {
      "id": "FC4",
      "x": 75,
      "y": 75,
      "time_window": [
        0.0,
        3000.0
      ],
      "inventory": [
        74,
        61,
        76
      ]
    }
  ],
  "DCs": [
    {
      "id": "DC1",
      "x": 41.97,
      "y": 99.17,
      "time_window": [
        300.0,
        2700.0
      ]
    },
    {
      "id": "DC2",
      "x": 57.63,
      "y": 37.62,
      "time_window": [
        300.0,
        2700.0
      ]
    },
    {
      "id": "DC3",
      "x": 72.97,
      "y": 52.61,
      "time_window": [
        300.0,
        2700.0
      ]
    },
    {
      "id": "DC4",
      "x": 36.87,
      "y": 76.53,
      "time_window": [
        300.0,
        2700.0
      ]
    },
    {
      "id": "DC5",
      "x": 87.48,
      "y": 82.29,
      "time_window": [
        300.0,
        2700.0
      ]
    },
    {
      "id": "DC6",
      "x": 55.05,
      "y": 43.2,
      "time_window": [
        300.0,
        2700.0
      ]
    },
    {
      "id": "DC7",
      "x": 64.2,
      "y": 36.02,
      "time_window": [
        300.0,
        2700.0
      ]
    },
    {
      "id": "DC8",
      "x": 96.66,
      "y": 93.19,
      "time_window": [
        300.0,
        2700.0
      ]
    }
  ],
  "CDPs": [
    {
      "id": "CDP1",
      "x": 46.79,
      "y": 6.74,
      "time_window": [
        0.0,
        3000.0
      ],
      "capacity": 254
    },
    {
      "id": "CDP2",
      "x": 18.22,
      "y": 56.24,
      "time_window": [
        0.0,
        3000.0
      ],
      "capacity": 136
    },
    {
      "id": "CDP3",
      "x": 6.22,
      "y": 46.73,
      "time_window": [
        0.0,
        3000.0
      ],
      "capacity": 267
    },
    {
      "id": "CDP4",
      "x": 43.38,
      "y": 20.76,
      "time_window": [
        0.0,
        3000.0
      ],
      "capacity": 161
    },
    {
      "id": "CDP5",
      "x": 76.43,
      "y": 34.22,
      "time_window": [
        0.0,
        3000.0
      ],
      "capacity": 182
    },
    {
      "id": "CDP6",
      "x": 20.25,
      "y": 87.66,
      "time_window": [
        0.0,
        3000.0
      ],
      "capacity": 151
    },
    {
      "id": "CDP7",
      "x": 27.02,
      "y": 20.34,
      "time_window": [
        0.0,
        3000.0
      ],
      "capacity": 243
    },
    {
      "id": "CDP8",
      "x": 1.78,
      "y": 29.56,
      "time_window": [
        0.0,
        3000.0
      ],
      "capacity": 106
    },
    {
      "id": "CDP9",
      "x": 22.17,
      "y": 17.88,
      "time_window": [
        0.0,
        3000.0
      ],
      "capacity": 258
    },
    {
      "id": "CDP10",
      "x": 44.07,
      "y": 47.6,
      "time_window": [
        0.0,
        3000.0
      ],
      "capacity": 225
    },
    {
      "id": "CDP11",
      "x": 7.85,
      "y": 31.99,
      "time_window": [
        0.0,
        3000.0
      ],
      "capacity": 280
    },
    {
      "id": "CDP12",
      "x": 91.67,
      "y": 42.75,
      "time_window": [
        0.0,
        3000.0
      ],
      "capacity": 212
    },
    {
      "id": "CDP13",
      "x": 99.61,
      "y": 90.74,
      "time_window": [
        0.0,
        3000.0
      ],
      "capacity": 115
    },
    {
      "id": "CDP14",
      "x": 33.8,
      "y": 23.65,
      "time_window": [
        0.0,
        3000.0
      ],
      "capacity": 294
    },
    {
      "id": "CDP15",
      "x": 36.92,
      "y": 87.88,
      "time_window": [
        0.0,
        3000.0
      ],
      "capacity": 197
    },
    {
      "id": "CDP16",
      "x": 40.45,
      "y": 67.7,
      "time_window": [
        0.0,
        3000.0
      ],
      "capacity": 121
    },
    {
      "id": "CDP17",
      "x": 53.38,
      "y": 34.39,
      "time_window": [
        0.0,
        3000.0
      ],
      "capacity": 277
    },
    {
      "id": "CDP18",
      "x": 78.11,
      "y": 85.29,
      "time_window": [
        0.0,
        3000.0
      ],
      "capacity": 174
    },
    {
      "id": "CDP19",
      "x": 88.89,
      "y": 19.35,
      "time_window": [
        0.0,
        3000.0
      ],
      "capacity": 121
    },
    {
      "id": "CDP20",
      "x": 79.01,
      "y": 10.16,
      "time_window": [
        0.0,
        3000.0
      ],
      "capacity": 208
    },
    {
      "id": "CDP21",
      "x": 74.33,
      "y": 0.97,
      "time_window": [
        0.0,
        3000.0
      ],
      "capacity": 276
    },
    {
      "id": "CDP22",
      "x": 42.52,
      "y": 55.32,
      "time_window": [
        0.0,
        3000.0
      ],
      "capacity": 251
    },
    {
      "id": "CDP23",
      "x": 64.16,
      "y": 69.65,
      "time_window": [
        0.0,
        3000.0
      ],
      "capacity": 292
    },
    {
      "id": "CDP24",
      "x": 67.53,
      "y": 69.35,
      "time_window": [
        0.0,
        3000.0
      ],
      "capacity": 179
    },
    {
      "id": "CDP25",
      "x": 33.4,
      "y": 17.29,
      "time_window": [
        0.0,
        3000.0
      ],
      "capacity": 190
    },
    {
      "id": "CDP26",
      "x": 94.75,
      "y": 12.85,
      "time_window": [
        0.0,
        3000.0
      ],
      "capacity": 244
    },
    {
      "id": "CDP27",
      "x": 38.73,
      "y": 76.24,
      "time_window": [
        0.0,
        3000.0
      ],
      "capacity": 219
    },
    {
      "id": "CDP28",
      "x": 87.2,
      "y": 90.41,
      "time_window": [
        0.0,
        3000.0
      ],
      "capacity": 163
    },
    {
      "id": "CDP29",
      "x": 16.24,
      "y": 82.79,
      "time_window": [
        0.0,
        3000.0
      ],
      "capacity": 113
    },
    {
      "id": "CDP30",
      "x": 47.6,
      "y": 45.53,
      "time_window": [
        0.0,
        3000.0
      ],
      "capacity": 124
    },
    {
      "id": "CDP31",
      "x": 76.33,
      "y": 75.2,
      "time_window": [
        0.0,
        3000.0
      ],
      "capacity": 248
    },
    {
      "id": "CDP32",
      "x": 57.36,
      "y": 53.08,
      "time_window": [
        0.0,
        3000.0
      ],
      "capacity": 132
    },
    {
      "id": "CDP33",
      "x": 46.84,
      "y": 8.04,
      "time_window": [
        0.0,
        3000.0
      ],
      "capacity": 284
    },
    {
      "id": "CDP34",
      "x": 31.11,
      "y": 36.45,
      "time_window": [
        0.0,
        3000.0
      ],
      "capacity": 132
    },
    {
      "id": "CDP35",
      "x": 4.72,
      "y": 0.07,
      "time_window": [
        0.0,
        3000.0
      ],
      "capacity": 179
    },
    {
      "id": "CDP36",
      "x": 85.07,
      "y": 2.67,
      "time_window": [
        0.0,
        3000.0
      ],
      "capacity": 255
    },
    {
      "id": "CDP37",
      "x": 89.04,
      "y": 91.35,
      "time_window": [
        0.0,
        3000.0
      ],
      "capacity": 142
    },
    {
      "id": "CDP38",
      "x": 50.3,
      "y": 3.68,
      "time_window": [
        0.0,
        3000.0
      ],
      "capacity": 280
    },
    {
      "id": "CDP39",
      "x": 9.32,
      "y": 76.19,
      "time_window": [
        0.0,
        3000.0
      ],
      "capacity": 114
    },
    {
      "id": "CDP40",
      "x": 70.11,
      "y": 40.8,
      "time_window": [
        0.0,
        3000.0
      ],
      "capacity": 231
    }
  ],
  "Customers": [
    {
      "id": "C1",
      "x": 0.95,
      "y": 10.99,
      "time_window": [
        450.0,
        1481.96
      ],
      "demand": [
        1,
        3,
        1
      ]
    },
    {
      "id": "C2",
      "x": 62.44,
      "y": 55.74,
      "time_window": [
        450.0,
        2150.87
      ],
      "demand": [
        4,
        3,
        1
      ]
    },
    {
      "id": "C3",
      "x": 55.28,
      "y": 51.94,
      "time_window": [
        450.0,
        2122.33
      ],
      "demand": [
        2,
        4,
        1
      ]
    },
    {
      "id": "C4",
      "x": 84.94,
      "y": 95.58,
      "time_window": [
        450.0,
        2034.97
      ],
      "demand": [
        1,
        2,
        4
      ]
    },
    {
      "id": "C5",
      "x": 27.44,
      "y": 28.63,
      "time_window": [
        450.0,
        2252.46
      ],
      "demand": [
        4,
        3,
        3
      ]
    },
    {
      "id": "C6",
      "x": 29.35,
      "y": 66.01,
      "time_window": [
        450.0,
        2084.19
      ],
      "demand": [
        3,
        4,
        2
      ]
    },
    {
      "id": "C7",
      "x": 42.75,
      "y": 57.48,
      "time_window": [
        450.0,
        2429.26
      ],
      "demand": [
        1,
        2,
        3
      ]
    },
    {
      "id": "C8",
      "x": 36.53,
      "y": 47.13,
      "time_window": [
        450.0,
        1928.84
      ],
      "demand": [
        3,
        3,
        1
      ]
    },
    {
      "id": "C9",
      "x": 8.24,
      "y": 17.84,
      "time_window": [
        450.0,
        1155.93
      ],
      "demand": [
        1,
        4,
        2
      ]
    },
    {
      "id": "C10",
      "x": 54.5,
      "y": 39.38,
      "time_window": [
        450.0,
        1603.73
      ],
      "demand": [
        2,
        1,
        3
      ]
    },
    {
      "id": "C11",
      "x": 38.08,
      "y": 64.21,
      "time_window": [
        450.0,
        1344.06
      ],
      "demand": [
        3,
        3,
        4
      ]
    },
    {
      "id": "C12",
      "x": 80.79,
      "y": 16.79,
      "time_window": [
        450.0,
        2186.46
      ],
      "demand": [
        2,
        2,
        2
      ]
    },
    {
      "id": "C13",
      "x": 72.09,
      "y": 25.57,
      "time_window": [
        450.0,
        1542.91
      ],
      "demand": [
        4,
        3,
        1
      ]
    },
    {
      "id": "C14",
      "x": 61.17,
      "y": 29.26,
      "time_window": [
        450.0,
        1258.74
      ],
      "demand": [
        1,
        1,
        4
      ]
    },
    {
      "id": "C15",
      "x": 72.74,
      "y": 74.29,
      "time_window": [
        450.0,
        2040.44
      ],
      "demand": [
        3,
        2,
        1
      ]
    },
    {
      "id": "C16",
      "x": 47.3,
      "y": 72.62,
      "time_window": [
        450.0,
        1884.89
      ],
      "demand": [
        1,
        1,
        4
      ]
    },
    {
      "id": "C17",
      "x": 12.36,
      "y": 16.33,
      "time_window": [
        450.0,
        2218.15
      ],
      "demand": [
        4,
        2,
        4
      ]
    },
    {
      "id": "C18",
      "x": 95.76,
      "y": 82.58,
      "time_window": [
        450.0,
        1840.69
      ],
      "demand": [
        4,
        3,
        3
      ]
    },
    {
      "id": "C19",
      "x": 96.25,
      "y": 24.66,
      "time_window": [
        450.0,
        1080.29
      ],
      "demand": [
        1,
        4,
        4
      ]
    },
    {
      "id": "C20",
      "x": 53.03,
      "y": 42.44,
      "time_window": [
        450.0,
        2334.95
      ],
      "demand": [
        4,
        3,
        3
      ]
    },
    {
      "id": "C21",
      "x": 17.61,
      "y": 23.37,
      "time_window": [
        450.0,
        2394.06
      ],
      "demand": [
        2,
        4,
        2
      ]
    },
    {
      "id": "C22",
      "x": 33.8,
      "y": 31.41,
      "time_window": [
        450.0,
        1303.86
      ],
      "demand": [
        2,
        2,
        4
      ]
    },
    {
      "id": "C23",
      "x": 28.53,
      "y": 53.83,
      "time_window": [
        450.0,
        2428.94
      ],
      "demand": [
        2,
        3,
        4
      ]
    },
    {
      "id": "C24",
      "x": 81.76,
      "y": 89.63,
      "time_window": [
        450.0,
        2415.47
      ],
      "demand": [
        4,
        2,
        2
      ]
    },
    {
      "id": "C25",
      "x": 15.63,
      "y": 2.9,
      "time_window": [
        450.0,
        2253.9
      ],
      "demand": [
        3,
        2,
        1
      ]
    },
    {
      "id": "C26",
      "x": 61.64,
      "y": 26.42,
      "time_window": [
        450.0,
        1505.91
      ],
      "demand": [
        4,
        2,
        2
      ]
    },
    {
      "id": "C27",
      "x": 34.12,
      "y": 69.81,
      "time_window": [
        450.0,
        2274.05
      ],
      "demand": [
        2,
        3,
        4
      ]
    },
    {
      "id": "C28",
      "x": 24.96,
      "y": 14.51,
      "time_window": [
        450.0,
        1327.09
      ],
      "demand": [
        2,
        3,
        2
      ]
    },
    {
      "id": "C29",
      "x": 46.09,
      "y": 63.85,
      "time_window": [
        450.0,
        1372.55
      ],
      "demand": [
        2,
        3,
        4
      ]
    },
    {
      "id": "C30",
      "x": 44.91,
      "y": 40.05,
      "time_window": [
        450.0,
        1923.31
      ],
      "demand": [
        4,
        2,
        1
      ]
    },
    {
      "id": "C31",
      "x": 41.2,
      "y": 47.1,
      "time_window": [
        450.0,
        1007.47
      ],
      "demand": [
        1,
        4,
        1
      ]
    },
    {
      "id": "C32",
      "x": 10.79,
      "y": 99.28,
      "time_window": [
        450.0,
        2376.68
      ],
      "demand": [
        1,
        2,
        3
      ]
    },
    {
      "id": "C33",
      "x": 31.8,
      "y": 39.54,
      "time_window": [
        450.0,
        1849.02
      ],
      "demand": [
        1,
        4,
        1
      ]
    },
    {
      "id": "C34",
      "x": 28.91,
      "y": 49.13,
      "time_window": [
        450.0,
        1747.44
      ],
      "demand": [
        3,
        2,
        3
      ]
    },
    {
      "id": "C35",
      "x": 95.16,
      "y": 6.07,
      "time_window": [
        450.0,
        1747.8
      ],
      "demand": [
        2,
        2,
        4
      ]
    },
    {
      "id": "C36",
      "x": 93.28,
      "y": 82.08,
      "time_window": [
        450.0,
        1551.0
      ],
      "demand": [
        2,
        1,
        1
      ]
    },
    {
      "id": "C37",
      "x": 70.84,
      "y": 63.39,
      "time_window": [
        450.0,
        1898.14
      ],
      "demand": [
        4,
        1,
        3
      ]
    },
    {
      "id": "C38",
      "x": 92.34,
      "y": 78.41,
      "time_window": [
        450.0,
        2238.8
      ],
      "demand": [
        1,
        2,
        2
      ]
    },
    {
      "id": "C39",
      "x": 18.24,
      "y": 22.49,
      "time_window": [
        450.0,
        2247.75
      ],
      "demand": [
        4,
        4,
        2
      ]
    },
    {
      "id": "C40",
      "x": 33.12,
      "y": 71.24,
      "time_window": [
        450.0,
        1669.94
      ],
      "demand": [
        2,
        1,
        2
      ]
    },
    {
      "id": "C41",
      "x": 51.86,
      "y": 61.48,
      "time_window": [
        450.0,
        1142.56
      ],
      "demand": [
        2,
        1,
        2
      ]
    },
    {
      "id": "C42",
      "x": 68.17,
      "y": 70.33,
      "time_window": [
        450.0,
        1844.4
      ],
      "demand": [
        1,
        2,
        2
      ]
    },
    {
      "id": "C43",
      "x": 77.47,
      "y": 23.54,
      "time_window": [
        450.0,
        1626.32
      ],
      "demand": [
        3,
        2,
        4
      ]
    },
    {
      "id": "C44",
      "x": 25.4,
      "y": 38.71,
      "time_window": [
        450.0,
        1706.02
      ],
      "demand": [
        4,
        1,
        3
      ]
    },
    {
      "id": "C45",
      "x": 56.13,
      "y": 48.58,
      "time_window": [
        450.0,
        1771.33
      ],
      "demand": [
        2,
        3,
        3
      ]
    },
    {
      "id": "C46",
      "x": 94.89,
      "y": 6.32,
      "time_window": [
        450.0,
        2397.31
      ],
      "demand": [
        3,
        1,
        3
      ]
    },
    {
      "id": "C47",
      "x": 64.39,
      "y": 74.84,
      "time_window": [
        450.0,
        2550
      ],
      "demand": [
        1,
        2,
        1
      ]
    },
    {
      "id": "C48",
      "x": 48.93,
      "y": 68.19,
      "time_window": [
        450.0,
        1511.64
      ],
      "demand": [
        2,
        4,
        4
      ]
    },
    {
      "id": "C49",
      "x": 80.1,
      "y": 4.66,
      "time_window": [
        450.0,
        1113.44
      ],
      "demand": [
        3,
        4,
        4
      ]
    },
    {
      "id": "C50",
      "x": 78.37,
      "y": 24.05,
      "time_window": [
        450.0,
        1893.17
      ],
      "demand": [
        1,
        1,
        1
      ]
    },
    {
      "id": "C51",
      "x": 38.75,
      "y": 48.05,
      "time_window": [
        450.0,
        2085.46
      ],
      "demand": [
        3,
        4,
        1
      ]
    },
    {
      "id": "C52",
      "x": 73.6,
      "y": 54.3,
      "time_window": [
        450.0,
        1122.25
      ],
      "demand": [
        4,
        1,
        4
      ]
    },
    {
      "id": "C53",
      "x": 52.07,
      "y": 26.61,
      "time_window": [
        450.0,
        963.98
      ],
      "demand": [
        3,
        2,
        4
      ]
    },
    {
      "id": "C54",
      "x": 48.34,
      "y": 57.69,
      "time_window": [
        450.0,
        2268.58
      ],
      "demand": [
        2,
        2,
        4
      ]
    },
    {
      "id": "C55",
      "x": 61.18,
      "y": 58.11,
      "time_window": [
        450.0,
        1819.85
      ],
      "demand": [
        3,
        2,
        1
      ]
    },
    {
      "id": "C56",
      "x": 20.96,
      "y": 18.05,
      "time_window": [
        450.0,
        1941.25
      ],
      "demand": [
        1,
        1,
        2
      ]
    },
    {
      "id": "C57",
      "x": 66.28,
      "y": 65.33,
      "time_window": [
        450.0,
        2367.05
      ],
      "demand": [
        2,
        3,
        3
      ]
    },
    {
      "id": "C58",
      "x": 82.51,
      "y": 94.42,
      "time_window": [
        450.0,
        1993.6
      ],
      "demand": [
        3,
        2,
        3
      ]
    },
    {
      "id": "C59",
      "x": 20.58,
      "y": 79.64,
      "time_window": [
        450.0,
        1418.28
      ],
      "demand": [
        2,
        3,
        1
      ]
    },
    {
      "id": "C60",
      "x": 59.09,
      "y": 39.83,
      "time_window": [
        450.0,
        1320.32
      ],
      "demand": [
        3,
        4,
        2
      ]
    },
    {
      "id": "C61",
      "x": 72.89,
      "y": 36.94,
      "time_window": [
        450.0,
        2212.75
      ],
      "demand": [
        3,
        2,
        4
      ]
    },
    {
      "id": "C62",
      "x": 66.04,
      "y": 58.09,
      "time_window": [
        450.0,
        2550
      ],
      "demand": [
        3,
        4,
        4
      ]
    },
    {
      "id": "C63",
      "x": 44.01,
      "y": 74.68,
      "time_window": [
        450.0,
        1964.72
      ],
      "demand": [
        1,
        1,
        1
      ]
    },
    {
      "id": "C64",
      "x": 37.42,
      "y": 61.34,
      "time_window": [
        450.0,
        1588.81
      ],
      "demand": [
        2,
        2,
        2
      ]
    },
    {
      "id": "C65",
      "x": 17.34,
      "y": 81.81,
      "time_window": [
        450.0,
        1396.28
      ],
      "demand": [
        2,
        3,
        4
      ]
    },
    {
      "id": "C66",
      "x": 36.15,
      "y": 73.9,
      "time_window": [
        450.0,
        1844.0
      ],
      "demand": [
        3,
        1,
        3
      ]
    },
    {
      "id": "C67",
      "x": 65.02,
      "y": 34.83,
      "time_window": [
        450.0,
        1005.7
      ],
      "demand": [
        2,
        2,
        2
      ]
    },
    {
      "id": "C68",
      "x": 53.45,
      "y": 64.28,
      "time_window": [
        450.0,
        1986.61
      ],
      "demand": [
        1,
        4,
        4
      ]
    },
    {
      "id": "C69",
      "x": 49.13,
      "y": 58.92,
      "time_window": [
        450.0,
        1583.89
      ],
      "demand": [
        1,
        4,
        4
      ]
    },
    {
      "id": "C70",
      "x": 14.09,
      "y": 81.33,
      "time_window": [
        450.0,
        965.52
      ],
      "demand": [
        3,
        4,
        2
      ]
    },
    {
      "id": "C71",
      "x": 92.68,
      "y": 97.16,
      "time_window": [
        450.0,
        1982.98
      ],
      "demand": [
        2,
        2,
        3
      ]
    },
    {
      "id": "C72",
      "x": 93.03,
      "y": 83.92,
      "time_window": [
        450.0,
        2243.37
      ],
      "demand": [
        2,
        2,
        2
      ]
    },
    {
      "id": "C73",
      "x": 40.18,
      "y": 41.5,
      "time_window": [
        450.0,
        954.86
      ],
      "demand": [
        3,
        2,
        1
      ]
    },
    {
      "id": "C74",
      "x": 12.9,
      "y": 11.65,
      "time_window": [
        450.0,
        1125.56
      ],
      "demand": [
        3,
        4,
        3
      ]
    },
    {
      "id": "C75",
      "x": 77.83,
      "y": 13.12,
      "time_window": [
        450.0,
        2051.02
      ],
      "demand": [
        4,
        3,
        4
      ]
    },
    {
      "id": "C76",
      "x": 7.2,
      "y": 75.7,
      "time_window": [
        450.0,
        2455.72
      ],
      "demand": [
        3,
        2,
        3
      ]
    },
    {
      "id": "C77",
      "x": 81.65,
      "y": 98.89,
      "time_window": [
        450.0,
        2550
      ],
      "demand": [
        3,
        3,
        4
      ]
    },
    {
      "id": "C78",
      "x": 36.62,
      "y": 37.02,
      "time_window": [
        450.0,
        2211.35
      ],
      "demand": [
        1,
        1,
        2
      ]
    },
    {
      "id": "C79",
      "x": 55.56,
      "y": 41.12,
      "time_window": [
        450.0,
        2055.07
      ],
      "demand": [
        3,
        1,
        4
      ]
    },
    {
      "id": "C80",
      "x": 24.58,
      "y": 96.41,
      "time_window": [
        450.0,
        2012.01
      ],
      "demand": [
        1,
        3,
        1
      ]
    }
  ]
}