{
  "set_id": 3,
  "inst_id": 10,
  "vehicles": {
    "CT": {
      "count": 8,
      "capacity": 1500,
      "fixed_cost": 1500,
      "unit_cost_factor": 1.2
    },
    "UV": {
      "count": 12,
      "capacity": 500,
      "fixed_cost": 500,
      "unit_cost_factor": 1.1
    }
  },
  "P": 4,
  "item_weights": [
    5,
    15,
    5,
    10
  ],
  "inventory_ratio": 1.3,
  "FCs": [
    {
      "id": "FC1",
      "x": 25,
      "y": 25,
      "time_window": [
        0.0,
        3000.0
      ],
      "inventory": [
        32,
        31,
        25,
        40
      ]
    },
    {
      "id": "FC2",
      "x": 75,
      "y": 75,
      "time_window": [
        0.0,
        3000.0
      ],
      "inventory": [
        35,
        31,
        26,
        32
      ]
    }
  ],
  "DCs": [
    {
      "id": "DC1",
      "x": 83.62,
      "y": 91.29,
      "time_window": [
        300.0,
        2700.0
      ]
    },
    {
      "id": "DC2",
      "x": 10.01,
      "y": 3.03,
      "time_window": [
        300.0,
        2700.0
      ]
    },
    {
      "id": "DC3",
      "x": 74.1,
      "y": 38.64,
      "time_window": [
        300.0,
        2700.0
      ]
    },
    {
      "id": "DC4",
      "x": 8.3,
      "y": 35.6,
      "time_window": [
        300.0,
        2700.0
      ]
    }
  ],
  "CDPs": [
    {
      "id": "CDP1",
      "x": 99.85,
      "y": 28.61,
      "time_window": [
        0.0,
        3000.0
      ],
      "capacity": 206
    },
    {
      "id": "CDP2",
      "x": 69.57,
      "y": 42.63,
      "time_window": [
        0.0,
        3000.0
      ],
      "capacity": 284
    },
    {
      "id": "CDP3",
      "x": 56.15,
      "y": 90.18,
      "time_window": [
        0.0,
        3000.0
      ],
      "capacity": 232
    },
    {
      "id": "CDP4",
      "x": 20.88,
      "y": 71.14,
      "time_window": [
        0.0,
        3000.0
      ],
      "capacity": 127
    },
    {
      "id": "CDP5",
      "x": 58.52,
      "y": 28.86,
      "time_window": [
        0.0,
        3000.0
      ],
      "capacity": 209
    },
    {
      "id": "CDP6",
      "x": 94.79,
      "y": 72.87,
      "time_window": [
        0.0,
        3000.0
      ],
      "capacity": 193
    },
    {
      "id": "CDP7",
      "x": 22.58,
      "y": 58.77,
      "time_window": [
        0.0,
        3000.0
      ],
      "capacity": 262
    },
    {
      "id": "CDP8",
      "x": 65.65,
      "y": 82.97,
      "time_window": [
        0.0,
        3000.0
      ],
      "capacity": 224
    },
    {
      "id": "CDP9",
      "x": 15.08,
      "y": 57.2,
      "time_window": [
        0.0,
        3000.0
      ],
      "capacity": 300
    },
    {
      "id": "CDP10",
      "x": 25.93,
      "y": 88.54,
      "time_window": [
        0.0,
        3000.0
      ],
      "capacity": 143
    },
    {
      "id": "CDP11",
      "x": 74.78,
      "y": 69.11,
      "time_window": [
        0.0,
        3000.0
      ],
      "capacity": 165
    },
    {
      "id": "CDP12",
      "x": 34.9,
      "y": 15.62,
      "time_window": [
        0.0,
        3000.0
      ],
      "capacity": 285
    },
    {
      "id": "CDP13",
      "x": 49.45,
      "y": 53.23,
      "time_window": [
        0.0,
        3000.0
      ],
      "capacity": 192
    },
    {
      "id": "CDP14",
      "x": 88.54,
      "y": 84.54,
      "time_window": [
        0.0,
        3000.0
      ],
      "capacity": 168
    },
    {
      "id": "CDP15",
      "x": 23.76,
      "y": 18.59,
      "time_window": [
        0.0,
        3000.0
      ],
      "capacity": 143
    },
    {
      "id": "CDP16",
      "x": 26.02,
      "y": 33.46,
      "time_window": [
        0.0,
        3000.0
      ],
      "capacity": 161
    }
  ],
  "Customers": [
    {
      "id": "C1",
      "x": 5.76,
      "y": 87.1,
      "time_window": [
        450.0,
        1885.01
      ],
      "demand": [
        3,
        2,
        1,
        4
      ]
    },
    {
      "id": "C2",
      "x": 27.72,
      "y": 44.9,
      "time_window": [
        450.0,
        2550
      ],
      "demand": [
        2,
        3,
        1,
        4
      ]
    },
    {
      "id": "C3",
      "x": 74.28,
      "y": 47.2,
      "time_window": [
        450.0,
        1693.99
      ],
      "demand": [
        3,
        4,
        2,
        2
      ]
    },
    {
      "id": "C4",
      "x": 91.89,
      "y": 4.46,
      "time_window": [
        450.0,
        1860.11
      ],
      "demand": [
        3,
        4,
        3,
        4
      ]
    },
    {
      "id": "C5",
      "x": 31.47,
      "y": 48.41,
      "time_window": [
        450.0,
        1331.08
      ],
      "demand": [
        4,
        4,
        1,
        4
      ]
    },
    {
      "id": "C6",
      "x": 43.55,
      "y": 74.61,
      "time_window": [
        450.0,
        1236.62
      ],
      "demand": [
        3,
        2,
        1,
        4
      ]
    },
    {
      "id": "C7",
      "x": 54.56,
      "y": 71.28,
      "time_window": [
        450.0,
        2074.09
      ],
      "demand": [
        1,
        1,
        2,
        4
      ]
    },
    {
      "id": "C8",
      "x": 44.25,
      "y": 28.33,
      "time_window": [
        450.0,
        1981.22
      ],
      "demand": [
        3,
        1,
        3,
        2
      ]
    },
    {
      "id": "C9",
      "x": 5.6,
      "y": 17.49,
      "time_window": [
        450.0,
        2550
      ],
      "demand": [
        2,
        1,
        1,
        2
      ]
    },
    {
      "id": "C10",
      "x": 57.23,
      "y": 44.59,
      "time_window": [
        450.0,
        2121.87
      ],
      "demand": [
        4,
        4,
        1,
        4
      ]
    },
    {
      "id": "C11",
      "x": 3.55,
      "y": 94.63,
      "time_window": [
        450.0,
        1423.13
      ],
      "demand": [
        3,
        3,
        1,
        2
      ]
    },
    {
      "id": "C12",
      "x": 34.97,
      "y": 29.69,
      "time_window": [
        450.0,
        1456.38
      ],
      "demand": [
        1,
        3,
        2,
        1
      ]
    },
    {
      "id": "C13",
      "x": 68.63,
      "y": 66.78,
      "time_window": [
        450.0,
        1703.4
      ],
      "demand": [
        4,
        1,
        1,
        1
      ]
    },
    {
      "id": "C14",
      "x": 53.3,
      "y": 32.92,
      "time_window": [
        450.0,
        1397.85
      ],
      "demand": [
        1,
        1,
        3,
        1
      ]
    },
    {
      "id": "C15",
      "x": 74.36,
      "y": 43.01,
      "time_window": [
        450.0,
        1890.47
      ],
      "demand": [
        1,
        1,
        3,
        1
      ]
    },
    {
      "id": "C16",
      "x": 3.52,
      "y": 10.71,
      "time_window": [
        450.0,
        1342.62
      ],
      "demand": [
        4,
        4,
        1,
        4
      ]
    },
    {
      "id": "C17",
      "x": 87.14,
      "y": 88.71,
      "time_window": [
        450.0,
        2389.61
      ],
      "demand": [
        2,
        1,
        2,
        3
      ]
    },
    {
      "id": "C18",
      "x": 61.98,
      "y": 34.75,
      "time_window": [
        450.0,
        2412.65
      ],
      "demand": [
        3,
        1,
        2,
        3
      ]
    },
    {
      "id": "C19",
      "x": 92.87,
      "y": 84.35,
      "time_window": [
        450.0,
        1020.02
      ],
      "demand": [
        3,
        2,
        4,
        4
      ]
    },
    {
      "id": "C20",
      "x": 1.11,
      "y": 16.29,
      "time_window": [
        450.0,
        1829.01
      ],
      "demand": [
        1,
        4,
        4,
        1
      ]
    }
  ]
}