{
  "set_id": 2,
  "inst_id": 8,
  "vehicles": {
    "CT": {
      "count": 6,
      "capacity": 1500,
      "fixed_cost": 1500,
      "unit_cost_factor": 1.2
    },
    "UV": {
      "count": 8,
      "capacity": 500,
      "fixed_cost": 500,
      "unit_cost_factor": 1.1
    }
  },
  "P": 3,
  "item_weights": [
    15,
    15,
    15
  ],
  "inventory_ratio": 1.3,
  "FCs": [
    {
      "id": "FC1",
      "x": 25,
      "y": 25,
      "time_window": [
        0.0,
        3000.0
      ],
      "inventory": [
        37,
        31,
        35
      ]
    },
    {
      "id": "FC2",
      "x": 75,
      "y": 75,
      "time_window": [
        0.0,
        3000.0
      ],
      "inventory": [
        23,
        37,
        28
      ]
    }
  ],
  "DCs": [
    {
      "id": "DC1",
      "x": 26.82,
      "y": 68.56,
      "time_window": [
        300.0,
        2700.0
      ]
    },
    {
      "id": "DC2",
      "x": 7.25,
      "y": 28.05,
      "time_window": [
        300.0,
        2700.0
      ]
    },
    {
      "id": "DC3",
      "x": 28.99,
      "y": 30.16,
      "time_window": [
        300.0,
        2700.0
      ]
    },
    {
      "id": "DC4",
      "x": 17.92,
      "y": 1.14,
      "time_window": [
        300.0,
        2700.0
      ]
    }
  ],
  "CDPs": [
    {
      "id": "CDP1",
      "x": 93.92,
      "y": 40.19,
      "time_window": [
        0.0,
        3000.0
      ],
      "capacity": 200
    },
    {
      "id": "CDP2",
      "x": 28.51,
      "y": 93.27,
      "time_window": [
        0.0,
        3000.0
      ],
      "capacity": 151
    },
    {
      "id": "CDP3",
      "x": 60.85,
      "y": 16.62,
      "time_window": [
        0.0,
        3000.0
      ],
      "capacity": 221
    },
    {
      "id": "CDP4",
      "x": 8.81,
      "y": 64.22,
      "time_window": [
        0.0,
        3000.0
      ],
      "capacity": 250
    },
    {
      "id": "CDP5",
      "x": 45.36,
      "y": 31.79,
      "time_window": [
        0.0,
        3000.0
      ],
      "capacity": 293
    },
    {
      "id": "CDP6",
      "x": 26.81,
      "y": 22.85,
      "time_window": [
        0.0,
        3000.0
      ],
      "capacity": 156
    },
    {
      "id": "CDP7",
      "x": 29.09,
      "y": 25.78,
      "time_window": [
        0.0,
        3000.0
      ],
      "capacity": 113
    },
    {
      "id": "CDP8",
      "x": 17.08,
      "y": 39.37,
      "time_window": [
        0.0,
        3000.0
      ],
      "capacity": 175
    },
    {
      "id": "CDP9",
      "x": 86.82,
      "y": 79.28,
      "time_window": [
        0.0,
        3000.0
      ],
      "capacity": 139
    },
    {
      "id": "CDP10",
      "x": 80.91,
      "y": 50.43,
      "time_window": [
        0.0,
        3000.0
      ],
      "capacity": 106
    },
    {
      "id": "CDP11",
      "x": 39.26,
      "y": 79.64,
      "time_window": [
        0.0,
        3000.0
      ],
      "capacity": 192
    },
    {
      "id": "CDP12",
      "x": 9.48,
      "y": 66.26,
      "time_window": [
        0.0,
        3000.0
      ],
      "capacity": 289
    }
  ],
  "Customers": [
    {
      "id": "C1",
      "x": 97.5,
      "y": 86.41,
      "time_window": [
        450.0,
        1558.77
      ],
      "demand": [
        3,
        2,
        1
      ]
    },
    {
      "id": "C2",
      "x": 17.67,
      "y": 95.89,
      "time_window": [
        450.0,
        2280.17
      ],
      "demand": [
        2,
        3,
        1
      ]
    },
    {
      "id": "C3",
      "x": 97.8,
      "y": 94.98,
      "time_window": [
        450.0,
        980.31
      ],
      "demand": [
        3,
        2,
        3
      ]
    },
    {
      "id": "C4",
      "x": 37.01,
      "y": 60.82,
      "time_window": [
        450.0,
        1178.5
      ],
      "demand": [
        2,
        2,
        1
      ]
    },
    {
      "id": "C5",
      "x": 55.36,
      "y": 44.55,
      "time_window": [
        450.0,
        1131.0
      ],
      "demand": [
        4,
        3,
        4
      ]
    },
    {
      "id": "C6",
      "x": 31.07,
      "y": 54.15,
      "time_window": [
        450.0,
        1597.19
      ],
      "demand": [
        3,
        4,
        1
      ]
    },
    {
      "id": "C7",
      "x": 45.42,
      "y": 61.39,
      "time_window": [
        450.0,
        1665.71
      ],
      "demand": [
        1,
        1,
        4
      ]
    },
    {
      "id": "C8",
      "x": 32.91,
      "y": 40.61,
      "time_window": [
        450.0,
        2339.83
      ],
      "demand": [
        1,
        4,
        1
      ]
    },
    {
      "id": "C9",
      "x": 65.04,
      "y": 30.08,
      "time_window": [
        450.0,
        2379.22
      ],
      "demand": [
        3,
        2,
        2
      ]
    },
    {
      "id": "C10",
      "x": 78.75,
      "y": 78.93,
      "time_window": [
        450.0,
        1332.35
      ],
      "demand": [
        1,
        2,
        2
      ]
    },
    {
      "id": "C11",
      "x": 46.83,
      "y": 31.9,
      "time_window": [
        450.0,
        2405.1
      ],
      "demand": [
        4,
        2,
        4
      ]
    },
    {
      "id": "C12",
      "x": 36.83,
      "y": 45.32,
      "time_window": [
        450.0,
        1418.68
      ],
      "demand": [
        1,
        4,
        4
      ]
    },
    {
      "id": "C13",
      "x": 45.58,
      "y": 32.85,
      "time_window": [
        450.0,
        2391.67
      ],
      "demand": [
        4,
        2,
        4
      ]
    },
    {
      "id": "C14",
      "x": 49.28,
      "y": 35.26,
      "time_window": [
        450.0,
        971.73
      ],
      "demand": [
        2,
        3,
        1
      ]
    },
    {
      "id": "C15",
      "x": 13.6,
      "y": 84.62,
      "time_window": [
        450.0,
        1430.15
      ],
      "demand": [
        3,
        3,
        2
      ]
    },
    {
      "id": "C16",
      "x": 89.12,
      "y": 94.59,
      "time_window": [
        450.0,
        2075.56
      ],
      "demand": [
        1,
        4,
        1
      ]
    },
    {
      "id": "C17",
      "x": 49.52,
      "y": 66.28,
      "time_window": [
        450.0,
        963.33
      ],
      "demand": [
        2,
        4,
        3
      ]
    },
    {
      "id": "C18",
      "x": 19.96,
      "y": 85.23,
      "time_window": [
        450.0,
        2550
      ],
      "demand": [
        2,
        2,
        2
      ]
    },
    {
      "id": "C19",
      "x": 19.06,
      "y": 9.94,
      "time_window": [
        450.0,
        1704.53
      ],
      "demand": [
        1,
        2,
        3
      ]
    },
    {
      "id": "C20",
      "x": 58.96,
      "y": 41.54,
      "time_window": [
        450.0,
        1046.14
      ],
      "demand": [
        3,
        1,
        4
      ]
    }
  ]
}