{
  "set_id": 2,
  "inst_id": 9,
  "vehicles": {
    "CT": {
      "count": 6,
      "capacity": 1500,
      "fixed_cost": 1500,
      "unit_cost_factor": 1.2
    },
    "UV": {
      "count": 8,
      "capacity": 500,
      "fixed_cost": 500,
      "unit_cost_factor": 1.1
    }
  },
  "P": 3,
  "item_weights": [
    10,
    15,
    5
  ],
  "inventory_ratio": 1.4,
  "FCs": [
    {
      "id": "FC1",
      "x": 25,
      "y": 25,
      "time_window": [
        0.0,
        3000.0
      ],
      "inventory": [
        35,
        30,
        38
      ]
    },
    {
      "id": "FC2",
      "x": 75,
      "y": 75,
      "time_window": [
        0.0,
        3000.0
      ],
      "inventory": [
        44,
        45,
        35
      ]
    }
  ],
  "DCs": [
    {
      "id": "DC1",
      "x": 6.02,
      "y": 4.03,
      "time_window": [
        300.0,
        2700.0
      ]
    },
    {
      "id": "DC2",
      "x": 87.03,
      "y": 22.84,
      "time_window": [
        300.0,
        2700.0
      ]
    },
    {
      "id": "DC3",
      "x": 15.58,
      "y": 93.72,
      "time_window": [
        300.0,
        2700.0
      ]
    },
    {
      "id": "DC4",
      "x": 65.24,
      "y": 1.79,
      "time_window": [
        300.0,
        2700.0
      ]
    }
  ],
  "CDPs": [
    {
      "id": "CDP1",
      "x": 49.13,
      "y": 35.73,
      "time_window": [
        0.0,
        3000.0
      ],
      "capacity": 274
    },
    {
      "id": "CDP2",
      "x": 12.51,
      "y": 10.66,
      "time_window": [
        0.0,
        3000.0
      ],
      "capacity": 212
    },
    {
      "id": "CDP3",
      "x": 48.03,
      "y": 10.91,
      "time_window": [
        0.0,
        3000.0
      ],
      "capacity": 282
    },
    {
      "id": "CDP4",
      "x": 11.49,
      "y": 15.4,
      "time_window": [
        0.0,
        3000.0
      ],
      "capacity": 299
    },
    {
      "id": "CDP5",
      "x": 87.96,
      "y": 30.73,
      "time_window": [
        0.0,
        3000.0
      ],
      "capacity": 247
    },
    {
      "id": "CDP6",
      "x": 81.74,
      "y": 13.71,
      "time_window": [
        0.0,
        3000.0
      ],
      "capacity": 198
    },
    {
      "id": "CDP7",
      "x": 44.53,
      "y": 82.78,
      "time_window": [
        0.0,
        3000.0
      ],
      "capacity": 220
    },
    {
      "id": "CDP8",
      "x": 86.5,
      "y": 92.09,
      "time_window": [
        0.0,
        3000.0
      ],
      "capacity": 106
    },
    {
      "id": "CDP9",
      "x": 67.73,
      "y": 58.45,
      "time_window": [
        0.0,
        3000.0
      ],
      "capacity": 277
    },
    {
      "id": "CDP10",
      "x": 31.39,
      "y": 77.58,
      "time_window": [
        0.0,
        3000.0
      ],
      "capacity": 160
    },
    {
      "id": "CDP11",
      "x": 90.14,
      "y": 62.94,
      "time_window": [
        0.0,
        3000.0
      ],
      "capacity": 241
    },
    {
      "id": "CDP12",
      "x": 34.21,
      "y": 26.6,
      "time_window": [
        0.0,
        3000.0
      ],
      "capacity": 290
    }
  ],
  "Customers": [
    {
      "id": "C1",
      "x": 3.88,
      "y": 5.25,
      "time_window": [
        450.0,
        2302.4
      ],
      "demand": [
        4,
        4,
        4
      ]
    },
    {
      "id": "C2",
      "x": 60.86,
      "y": 25.11,
      "time_window": [
        450.0,
        2403.63
      ],
      "demand": [
        1,
        4,
        1
      ]
    },
    {
      "id": "C3",
      "x": 12.32,
      "y": 23.5,
      "time_window": [
        450.0,
        2167.99
      ],
      "demand": [
        2,
        3,
        4
      ]
    },
    {
      "id": "C4",
      "x": 52.97,
      "y": 55.63,
      "time_window": [
        450.0,
        1936.19
      ],
      "demand": [
        4,
        3,
        1
      ]
    },
    {
      "id": "C5",
      "x": 63.21,
      "y": 74.29,
      "time_window": [
        450.0,
        1453.54
      ],
      "demand": [
        3,
        4,
        1
      ]
    },
    {
      "id": "C6",
      "x": 45.65,
      "y": 55.39,
      "time_window": [
        450.0,
        1302.4
      ],
      "demand": [
        1,
        3,
        4
      ]
    },
    {
      "id": "C7",
      "x": 22.66,
      "y": 89.54,
      "time_window": [
        450.0,
        2229.05
      ],
      "demand": [
        4,
        4,
        4
      ]
    },
    {
      "id": "C8",
      "x": 67.58,
      "y": 51.92,
      "time_window": [
        450.0,
        2150.01
      ],
      "demand": [
        3,
        4,
        1
      ]
    },
    {
      "id": "C9",
      "x": 36.91,
      "y": 30.06,
      "time_window": [
        450.0,
        2395.16
      ],
      "demand": [
        3,
        1,
        2
      ]
    },
    {
      "id": "C10",
      "x": 23.31,
      "y": 85.64,
      "time_window": [
        450.0,
        977.85
      ],
      "demand": [
        1,
        3,
        2
      ]
    },
    {
      "id": "C11",
      "x": 10.34,
      "y": 92.93,
      "time_window": [
        450.0,
        1433.0
      ],
      "demand": [
        4,
        2,
        4
      ]
    },
    {
      "id": "C12",
      "x": 90.74,
      "y": 93.85,
      "time_window": [
        450.0,
        1802.79
      ],
      "demand": [
        4,
        1,
        3
      ]
    },
    {
      "id": "C13",
      "x": 41.18,
      "y": 30.72,
      "time_window": [
        450.0,
        1758.08
      ],
      "demand": [
        1,
        1,
        4
      ]
    },
    {
      "id": "C14",
      "x": 90.63,
      "y": 24.31,
      "time_window": [
        450.0,
        1055.11
      ],
      "demand": [
        4,
        2,
        2
      ]
    },
    {
      "id": "C15",
      "x": 37.1,
      "y": 25.28,
      "time_window": [
        450.0,
        953.7
      ],
      "demand": [
        1,
        3,
        4
      ]
    },
    {
      "id": "C16",
      "x": 45.14,
      "y": 55.98,
      "time_window": [
        450.0,
        1799.13
      ],
      "demand": [
        2,
        1,
        3
      ]
    },
    {
      "id": "C17",
      "x": 79.41,
      "y": 81.87,
      "time_window": [
        450.0,
        2127.3
      ],
      "demand": [
        3,
        3,
        1
      ]
    },
    {
      "id": "C18",
      "x": 61.2,
      "y": 46.77,
      "time_window": [
        450.0,
        1838.24
      ],
      "demand": [
        4,
        2,
        2
      ]
    },
    {
      "id": "C19",
      "x": 39.87,
      "y": 30.27,
      "time_window": [
        450.0,
        1525.02
      ],
      "demand": [
        3,
        4,
        4
      ]
    },
    {
      "id": "C20",
      "x": 34.36,
      "y": 45.27,
      "time_window": [
        450.0,
        2143.66
      ],
      "demand": [
        4,
        1,
        1
      ]
    }
  ]
}