{
  "set_id": 8,
  "inst_id": 10,
  "vehicles": {
    "CT": {
      "count": 20,
      "capacity": 1500,
      "fixed_cost": 1500,
      "unit_cost_factor": 1.2
    },
    "UV": {
      "count": 40,
      "capacity": 500,
      "fixed_cost": 500,
      "unit_cost_factor": 1.1
    }
  },
  "P": 3,
  "item_weights": [
    5,
    5,
    15
  ],
  "inventory_ratio": 1.3,
  "FCs": [
    {
      "id": "FC1",
      "x": 25,
      "y": 25,
      "time_window": [
        0.0,
        3000.0
      ],
      "inventory": [
        86,
        92,
        73
      ]
    },
    {
      "id": "FC2",
      "x": 25,
      "y": 75,
      "time_window": [
        0.0,
        3000.0
      ],
      "inventory": [
        90,
        67,
        83
      ]
    },
    {
      "id": "FC3",
      "x": 75,
      "y": 25,
      "time_window": [
        0.0,
        3000.0
      ],
      "inventory": [
        81,
        72,
        86
      ]
    },
    {
      "id": "FC4",
      "x": 75,
      "y": 75,
      "time_window": [
        0.0,
        3000.0
      ],
      "inventory": [
        79,
        89,
        91
      ]
    }
  ],
  "DCs": [
    {
      "id": "DC1",
      "x": 13.15,
      "y": 25.58,
      "time_window": [
        300.0,
        2700.0
      ]
    },
    {
      "id": "DC2",
      "x": 39.23,
      "y": 57.81,
      "time_window": [
        300.0,
        2700.0
      ]
    },
    {
      "id": "DC3",
      "x": 52.53,
      "y": 68.19,
      "time_window": [
        300.0,
        2700.0
      ]
    },
    {
      "id": "DC4",
      "x": 74.49,
      "y": 66.32,
      "time_window": [
        300.0,
        2700.0
      ]
    },
    {
      "id": "DC5",
      "x": 66.51,
      "y": 19.36,
      "time_window": [
        300.0,
        2700.0
      ]
    },
    {
      "id": "DC6",
      "x": 59.19,
      "y": 53.4,
      "time_window": [
        300.0,
        2700.0
      ]
    },
    {
      "id": "DC7",
      "x": 14.79,
      "y": 12.57,
      "time_window": [
        300.0,
        2700.0
      ]
    },
    {
      "id": "DC8",
      "x": 92.92,
      "y": 98.43,
      "time_window": [
        300.0,
        2700.0
      ]
    }
  ],
  "CDPs": [
    {
      "id": "CDP1",
      "x": 52.75,
      "y": 36.23,
      "time_window": [
        0.0,
        3000.0
      ],
      "capacity": 107
    },
    {
      "id": "CDP2",
      "x": 24.68,
      "y": 97.98,
      "time_window": [
        0.0,
        3000.0
      ],
      "capacity": 211
    },
    {
      "id": "CDP3",
      "x": 52.3,
      "y": 36.86,
      "time_window": [
        0.0,
        3000.0
      ],
      "capacity": 129
    },
    {
      "id": "CDP4",
      "x": 5.69,
      "y": 2.92,
      "time_window": [
        0.0,
        3000.0
      ],
      "capacity": 200
    },
    {
      "id": "CDP5",
      "x": 18.97,
      "y": 24.45,
      "time_window": [
        0.0,
        3000.0
      ],
      "capacity": 176
    },
    {
      "id": "CDP6",
      "x": 91.96,
      "y": 16.16,
      "time_window": [
        0.0,
        3000.0
      ],
      "capacity": 224
    },
    {
      "id": "CDP7",
      "x": 26.89,
      "y": 16.08,
      "time_window": [
        0.0,
        3000.0
      ],
      "capacity": 179
    },
    {
      "id": "CDP8",
      "x": 47.28,
      "y": 1.2,
      "time_window": [
        0.0,
        3000.0
      ],
      "capacity": 129
    },
    {
      "id": "CDP9",
      "x": 51.85,
      "y": 16.5,
      "time_window": [
        0.0,
        3000.0
      ],
      "capacity": 255
    },
    {
      "id": "CDP10",
      "x": 75.76,
      "y": 82.33,
      "time_window": [
        0.0,
        3000.0
      ],
      "capacity": 295
    },
    {
      "id": "CDP11",
      "x": 55.08,
      "y": 86.39,
      "time_window": [
        0.0,
        3000.0
      ],
      "capacity": 289
    },
    {
      "id": "CDP12",
      "x": 84.78,
      "y": 93.6,
      "time_window": [
        0.0,
        3000.0
      ],
      "capacity": 150
    },
    {
      "id": "CDP13",
      "x": 87.86,
      "y": 94.68,
      "time_window": [
        0.0,
        3000.0
      ],
      "capacity": 268
    },
    {
      "id": "CDP14",
      "x": 67.5,
      "y": 86.63,
      "time_window": [
        0.0,
        3000.0
      ],
      "capacity": 280
    },
    {
      "id": "CDP15",
      "x": 63.0,
      "y": 34.57,
      "time_window": [
        0.0,
        3000.0
      ],
      "capacity": 159
    },
    {
      "id": "CDP16",
      "x": 47.68,
      "y": 96.6,
      "time_window": [
        0.0,
        3000.0
      ],
      "capacity": 128
    },
    {
      "id": "CDP17",
      "x": 39.97,
      "y": 85.79,
      "time_window": [
        0.0,
        3000.0
      ],
      "capacity": 199
    },
    {
      "id": "CDP18",
      "x": 61.62,
      "y": 40.56,
      "time_window": [
        0.0,
        3000.0
      ],
      "capacity": 111
    },
    {
      "id": "CDP19",
      "x": 29.52,
      "y": 58.34,
      "time_window": [
        0.0,
        3000.0
      ],
      "capacity": 268
    },
    {
      "id": "CDP20",
      "x": 38.33,
      "y": 66.25,
      "time_window": [
        0.0,
        3000.0
      ],
      "capacity": 136
    },
    {
      "id": "CDP21",
      "x": 50.33,
      "y": 59.31,
      "time_window": [
        0.0,
        3000.0
      ],
      "capacity": 180
    },
    {
      "id": "CDP22",
      "x": 25.52,
      "y": 18.88,
      "time_window": [
        0.0,
        3000.0
      ],
      "capacity": 216
    },
    {
      "id": "CDP23",
      "x": 41.42,
      "y": 85.97,
      "time_window": [
        0.0,
        3000.0
      ],
      "capacity": 142
    },
    {
      "id": "CDP24",
      "x": 37.96,
      "y": 23.41,
      "time_window": [
        0.0,
        3000.0
      ],
      "capacity": 275
    },
    {
      "id": "CDP25",
      "x": 82.35,
      "y": 3.7,
      "time_window": [
        0.0,
        3000.0
      ],
      "capacity": 199
    },
    {
      "id": "CDP26",
      "x": 17.63,
      "y": 12.44,
      "time_window": [
        0.0,
        3000.0
      ],
      "capacity": 249
    },
    {
      "id": "CDP27",
      "x": 4.48,
      "y": 51.09,
      "time_window": [
        0.0,
        3000.0
      ],
      "capacity": 256
    },
    {
      "id": "CDP28",
      "x": 10.97,
      "y": 64.51,
      "time_window": [
        0.0,
        3000.0
      ],
      "capacity": 161
    },
    {
      "id": "CDP29",
      "x": 79.09,
      "y": 52.83,
      "time_window": [
        0.0,
        3000.0
      ],
      "capacity": 122
    },
    {
      "id": "CDP30",
      "x": 75.44,
      "y": 64.49,
      "time_window": [
        0.0,
        3000.0
      ],
      "capacity": 116
    },
    {
      "id": "CDP31",
      "x": 2.91,
      "y": 22.88,
      "time_window": [
        0.0,
        3000.0
      ],
      "capacity": 173
    },
    {
      "id": "CDP32",
      "x": 11.42,
      "y": 94.35,
      "time_window": [
        0.0,
        3000.0
      ],
      "capacity": 258
    },
    {
      "id": "CDP33",
      "x": 29.73,
      "y": 36.98,
      "time_window": [
        0.0,
        3000.0
      ],
      "capacity": 284
    },
    {
      "id": "CDP34",
      "x": 57.66,
      "y": 19.98,
      "time_window": [
        0.0,
        3000.0
      ],
      "capacity": 299
    },
    {
      "id": "CDP35",
      "x": 42.55,
      "y": 97.57,
      "time_window": [
        0.0,
        3000.0
      ],
      "capacity": 135
    },
    {
      "id": "CDP36",
      "x": 15.98,
      "y": 2.76,
      "time_window": [
        0.0,
        3000.0
      ],
      "capacity": 141
    },
    {
      "id": "CDP37",
      "x": 36.48,
      "y": 19.52,
      "time_window": [
        0.0,
        3000.0
      ],
      "capacity": 252
    },
    {
      "id": "CDP38",
      "x": 40.71,
      "y": 90.77,
      "time_window": [
        0.0,
        3000.0
      ],
      "capacity": 229
    },
    {
      "id": "CDP39",
      "x": 51.02,
      "y": 4.68,
      "time_window": [
        0.0,
        3000.0
      ],
      "capacity": 206
    },
    {
      "id": "CDP40",
      "x": 31.54,
      "y": 61.78,
      "time_window": [
        0.0,
        3000.0
      ],
      "capacity": 282
    },
    {
      "id": "CDP41",
      "x": 48.78,
      "y": 35.3,
      "time_window": [
        0.0,
        3000.0
      ],
      "capacity": 258
    },
    {
      "id": "CDP42",
      "x": 42.17,
      "y": 13.9,
      "time_window": [
        0.0,
        3000.0
      ],
      "capacity": 280
    },
    {
      "id": "CDP43",
      "x": 91.96,
      "y": 79.19,
      "time_window": [
        0.0,
        3000.0
      ],
      "capacity": 217
    },
    {
      "id": "CDP44",
      "x": 42.61,
      "y": 13.06,
      "time_window": [
        0.0,
        3000.0
      ],
      "capacity": 210
    },
    {
      "id": "CDP45",
      "x": 80.23,
      "y": 39.12,
      "time_window": [
        0.0,
        3000.0
      ],
      "capacity": 143
    },
    {
      "id": "CDP46",
      "x": 55.32,
      "y": 61.41,
      "time_window": [
        0.0,
        3000.0
      ],
      "capacity": 223
    },
    {
      "id": "CDP47",
      "x": 3.8,
      "y": 87.3,
      "time_window": [
        0.0,
        3000.0
      ],
      "capacity": 298
    },
    {
      "id": "CDP48",
      "x": 6.78,
      "y": 33.34,
      "time_window": [
        0.0,
        3000.0
      ],
      "capacity": 207
    },
    {
      "id": "CDP49",
      "x": 52.14,
      "y": 66.3,
      "time_window": [
        0.0,
        3000.0
      ],
      "capacity": 224
    },
    {
      "id": "CDP50",
      "x": 73.4,
      "y": 33.35,
      "time_window": [
        0.0,
        3000.0
      ],
      "capacity": 179
    }
  ],
  "Customers": [
    {
      "id": "C1",
      "x": 63.01,
      "y": 47.03,
      "time_window": [
        450.0,
        2051.21
      ],
      "demand": [
        3,
        1,
        2
      ]
    },
    {
      "id": "C2",
      "x": 70.09,
      "y": 61.98,
      "time_window": [
        450.0,
        1086.53
      ],
      "demand": [
        1,
        3,
        2
      ]
    },
    {
      "id": "C3",
      "x": 39.24,
      "y": 62.67,
      "time_window": [
        450.0,
        1973.22
      ],
      "demand": [
        4,
        1,
        3
      ]
    },
    {
      "id": "C4",
      "x": 90.21,
      "y": 0.64,
      "time_window": [
        450.0,
        1157.14
      ],
      "demand": [
        1,
        3,
        3
      ]
    },
    {
      "id": "C5",
      "x": 30.32,
      "y": 74.33,
      "time_window": [
        450.0,
        2550
      ],
      "demand": [
        4,
        2,
        3
      ]
    },
    {
      "id": "C6",
      "x": 97.94,
      "y": 83.58,
      "time_window": [
        450.0,
        2338.89
      ],
      "demand": [
        4,
        3,
        1
      ]
    },
    {
      "id": "C7",
      "x": 2.37,
      "y": 94.41,
      "time_window": [
        450.0,
        2509.08
      ],
      "demand": [
        3,
        2,
        2
      ]
    },
    {
      "id": "C8",
      "x": 7.55,
      "y": 93.71,
      "time_window": [
        450.0,
        2289.56
      ],
      "demand": [
        2,
        3,
        4
      ]
    },
    {
      "id": "C9",
      "x": 35.55,
      "y": 36.05,
      "time_window": [
        450.0,
        1076.36
      ],
      "demand": [
        3,
        2,
        4
      ]
    },
    {
      "id": "C10",
      "x": 77.63,
      "y": 83.53,
      "time_window": [
        450.0,
        1808.16
      ],
      "demand": [
        4,
        2,
        2
      ]
    },
    {
      "id": "C11",
      "x": 4.29,
      "y": 1.09,
      "time_window": [
        450.0,
        2283.23
      ],
      "demand": [
        2,
        1,
        1
      ]
    },
    {
      "id": "C12",
      "x": 9.74,
      "y": 87.75,
      "time_window": [
        450.0,
        1989.9
      ],
      "demand": [
        3,
        1,
        4
      ]
    },
    {
      "id": "C13",
      "x": 47.36,
      "y": 60.3,
      "time_window": [
        450.0,
        1822.04
      ],
      "demand": [
        4,
        3,
        1
      ]
    },
    {
      "id": "C14",
      "x": 47.49,
      "y": 49.53,
      "time_window": [
        450.0,
        1650.27
      ],
      "demand": [
        2,
        3,
        2
      ]
    },
    {
      "id": "C15",
      "x": 59.95,
      "y": 60.09,
      "time_window": [
        450.0,
        1192.13
      ],
      "demand": [
        4,
        4,
        1
      ]
    },
    {
      "id": "C16",
      "x": 16.86,
      "y": 75.31,
      "time_window": [
        450.0,
        1940.26
      ],
      "demand": [
        2,
        2,
        1
      ]
    },
    {
      "id": "C17",
      "x": 47.9,
      "y": 52.56,
      "time_window": [
        450.0,
        1926.15
      ],
      "demand": [
        4,
        3,
        4
      ]
    },
    {
      "id": "C18",
      "x": 73.44,
      "y": 41.43,
      "time_window": [
        450.0,
        1903.68
      ],
      "demand": [
        1,
        1,
        2
      ]
    },
    {
      "id": "C19",
      "x": 55.8,
      "y": 64.95,
      "time_window": [
        450.0,
        1039.86
      ],
      "demand": [
        2,
        2,
        3
      ]
    },
    {
      "id": "C20",
      "x": 28.18,
      "y": 64.97,
      "time_window": [
        450.0,
        1673.49
      ],
      "demand": [
        4,
        2,
        3
      ]
    },
    {
      "id": "C21",
      "x": 59.09,
      "y": 71.59,
      "time_window": [
        450.0,
        1924.99
      ],
      "demand": [
        3,
        1,
        2
      ]
    },
    {
      "id": "C22",
      "x": 81.51,
      "y": 19.85,
      "time_window": [
        450.0,
        1837.34
      ],
      "demand": [
        4,
        4,
        1
      ]
    },
    {
      "id": "C23",
      "x": 71.12,
      "y": 27.66,
      "time_window": [
        450.0,
        2321.0
      ],
      "demand": [
        3,
        1,
        2
      ]
    },
    {
      "id": "C24",
      "x": 95.08,
      "y": 0.5,
      "time_window": [
        450.0,
        2258.0
      ],
      "demand": [
        4,
        1,
        4
      ]
    },
    {
      "id": "C25",
      "x": 64.42,
      "y": 31.39,
      "time_window": [
        450.0,
        1855.87
      ],
      "demand": [
        1,
        2,
        4
      ]
    },
    {
      "id": "C26",
      "x": 17.45,
      "y": 92.95,
      "time_window": [
        450.0,
        2380.95
      ],
      "demand": [
        1,
        3,
        4
      ]
    },
    {
      "id": "C27",
      "x": 96.48,
      "y": 99.85,
      "time_window": [
        450.0,
        2314.23
      ],
      "demand": [
        3,
        1,
        2
      ]
    },
    {
      "id": "C28",
      "x": 40.34,
      "y": 54.88,
      "time_window": [
        450.0,
        2253.35
      ],
      "demand": [
        1,
        3,
        1
      ]
    },
    {
      "id": "C29",
      "x": 33.73,
      "y": 67.26,
      "time_window": [
        450.0,
        1023.02
      ],
      "demand": [
        2,
        4,
        2
      ]
    },
    {
      "id": "C30",
      "x": 24.68,
      "y": 93.86,
      "time_window": [
        450.0,
        1851.57
      ],
      "demand": [
        3,
        1,
        3
      ]
    },
    {
      "id": "C31",
      "x": 50.93,
      "y": 34.81,
      "time_window": [
        450.0,
        996.62
      ],
      "demand": [
        3,
        1,
        2
      ]
    },
    {
      "id": "C32",
      "x": 47.08,
      "y": 57.08,
      "time_window": [
        450.0,
        1926.75
      ],
      "demand": [
        2,
        3,
        3
      ]
    },
    {
      "id": "C33",
      "x": 42.35,
      "y": 55.5,
      "time_window": [
        450.0,
        2452.46
      ],
      "demand": [
        4,
        1,
        3
      ]
    },
    {
      "id": "C34",
      "x": 54.15,
      "y": 71.9,
      "time_window": [
        450.0,
        1534.11
      ],
      "demand": [
        4,
        2,
        1
      ]
    },
    {
      "id": "C35",
      "x": 93.83,
      "y": 20.54,
      "time_window": [
        450.0,
        2261.46
      ],
      "demand": [
        3,
        2,
        4
      ]
    },
    {
      "id": "C36",
      "x": 25.81,
      "y": 32.57,
      "time_window": [
        450.0,
        1886.13
      ],
      "demand": [
        1,
        3,
        1
      ]
    },
    {
      "id": "C37",
      "x": 62.44,
      "y": 27.22,
      "time_window": [
        450.0,
        2146.14
      ],
      "demand": [
        3,
        2,
        3
      ]
    },
    {
      "id": "C38",
      "x": 7.94,
      "y": 78.81,
      "time_window": [
        450.0,
        1264.92
      ],
      "demand": [
        3,
        4,
        3
      ]
    },
    {
      "id": "C39",
      "x": 46.91,
      "y": 30.16,
      "time_window": [
        450.0,
        2070.91
      ],
      "demand": [
        4,
        4,
        4
      ]
    },
    {
      "id": "C40",
      "x": 16.8,
      "y": 15.92,
      "time_window": [
        450.0,
        1428.61
      ],
      "demand": [
        1,
        2,
        2
      ]
    },
    {
      "id": "C41",
      "x": 29.24,
      "y": 71.77,
      "time_window": [
        450.0,
        1829.27
      ],
      "demand": [
        2,
        2,
        1
      ]
    },
    {
      "id": "C42",
      "x": 54.63,
      "y": 73.29,
      "time_window": [
        450.0,
        1254.13
      ],
      "demand": [
        2,
        2,
        4
      ]
    },
    {
      "id": "C43",
      "x": 81.44,
      "y": 9.41,
      "time_window": [
        450.0,
        2145.3
      ],
      "demand": [
        1,
        4,
        1
      ]
    },
    {
      "id": "C44",
      "x": 68.77,
      "y": 47.04,
      "time_window": [
        450.0,
        1689.48
      ],
      "demand": [
        3,
        4,
        3
      ]
    },
    {
      "id": "C45",
      "x": 50.2,
      "y": 48.11,
      "time_window": [
        450.0,
        1338.9
      ],
      "demand": [
        3,
        4,
        4
      ]
    },
    {
      "id": "C46",
      "x": 40.47,
      "y": 54.07,
      "time_window": [
        450.0,
        2150.37
      ],
      "demand": [
        2,
        3,
        3
      ]
    },
    {
      "id": "C47",
      "x": 4.8,
      "y": 96.78,
      "time_window": [
        450.0,
        1681.37
      ],
      "demand": [
        2,
        4,
        3
      ]
    },
    {
      "id": "C48",
      "x": 47.83,
      "y": 54.23,
      "time_window": [
        450.0,
        2302.1
      ],
      "demand": [
        1,
        3,
        2
      ]
    },
    {
      "id": "C49",
      "x": 55.67,
      "y": 35.56,
      "time_window": [
        450.0,
        2550
      ],
      "demand": [
        4,
        2,
        1
      ]
    },
    {
      "id": "C50",
      "x": 36.13,
      "y": 42.44,
      "time_window": [
        450.0,
        2550
      ],
      "demand": [
        1,
        3,
        3
      ]
    },
    {
      "id": "C51",
      "x": 84.26,
      "y": 80.93,
      "time_window": [
        450.0,
        2269.92
      ],
      "demand": [
        4,
        3,
        1
      ]
    },
    {
      "id": "C52",
      "x": 38.44,
      "y": 38.14,
      "time_window": [
        450.0,
        1566.5
      ],
      "demand": [
        2,
        3,
        4
      ]
    },
    {
      "id": "C53",
      "x": 44.35,
      "y": 61.34,
      "time_window": [
        450.0,
        2397.83
      ],
      "demand": [
        2,
        3,
        2
      ]
    },
    {
      "id": "C54",
      "x": 29.32,
      "y": 43.92,
      "time_window": [
        450.0,
        2200.06
      ],
      "demand": [
        2,
        4,
        2
      ]
    },
    {
      "id": "C55",
      "x": 91.04,
      "y": 96.89,
      "time_window": [
        450.0,
        2317.99
      ],
      "demand": [
        3,
        1,
        4
      ]
    },
    {
      "id": "C56",
      "x": 48.3,
      "y": 51.55,
      "time_window": [
        450.0,
        1253.86
      ],
      "demand": [
        4,
        1,
        4
      ]
    },
    {
      "id": "C57",
      "x": 71.52,
      "y": 61.23,
      "time_window": [
        450.0,
        2182.0
      ],
      "demand": [
        3,
        4,
        4
      ]
    },
    {
      "id": "C58",
      "x": 70.25,
      "y": 64.79,
      "time_window": [
        450.0,
        1229.68
      ],
      "demand": [
        3,
        2,
        4
      ]
    },
    {
      "id": "C59",
      "x": 2.46,
      "y": 76.14,
      "time_window": [
        450.0,
        1640.26
      ],
      "demand": [
        3,
        3,
        2
      ]
    },
    {
      "id": "C60",
      "x": 49.12,
      "y": 25.21,
      "time_window": [
        450.0,
        2448.04
      ],
      "demand": [
        2,
        2,
        3
      ]
    },
    {
      "id": "C61",
      "x": 78.35,
      "y": 13.14,
      "time_window": [
        450.0,
        1098.04
      ],
      "demand": [
        2,
        4,
        2
      ]
    },
    {
      "id": "C62",
      "x": 48.32,
      "y": 72.29,
      "time_window": [
        450.0,
        1319.73
      ],
      "demand": [
        1,
        4,
        2
      ]
    },
    {
      "id": "C63",
      "x": 33.92,
      "y": 57.18,
      "time_window": [
        450.0,
        1681.07
      ],
      "demand": [
        2,
        2,
        4
      ]
    },
    {
      "id": "C64",
      "x": 11.12,
      "y": 75.24,
      "time_window": [
        450.0,
        1817.96
      ],
      "demand": [
        1,
        3,
        4
      ]
    },
    {
      "id": "C65",
      "x": 11.76,
      "y": 95.66,
      "time_window": [
        450.0,
        2251.83
      ],
      "demand": [
        2,
        1,
        4
      ]
    },
    {
      "id": "C66",
      "x": 34.76,
      "y": 27.63,
      "time_window": [
        450.0,
        1760.98
      ],
      "demand": [
        4,
        1,
        2
      ]
    },
    {
      "id": "C67",
      "x": 50.04,
      "y": 68.31,
      "time_window": [
        450.0,
        1001.43
      ],
      "demand": [
        2,
        4,
        1
      ]
    },
    {
      "id": "C68",
      "x": 63.53,
      "y": 74.55,
      "time_window": [
        450.0,
        1345.45
      ],
      "demand": [
        1,
        4,
        1
      ]
    },
    {
      "id": "C69",
      "x": 37.82,
      "y": 59.74,
      "time_window": [
        450.0,
        1498.19
      ],
      "demand": [
        3,
        4,
        3
      ]
    },
    {
      "id": "C70",
      "x": 78.12,
      "y": 21.56,
      "time_window": [
        450.0,
        1369.38
      ],
      "demand": [
        1,
        3,
        2
      ]
    },
    {
      "id": "C71",
      "x": 87.42,
      "y": 88.55,
      "time_window": [
        450.0,
        1085.1
      ],
      "demand": [
        4,
        3,
        2
      ]
    },
    {
      "id": "C72",
      "x": 43.85,
      "y": 28.47,
      "time_window": [
        450.0,
        2397.26
      ],
      "demand": [
        4,
        4,
        2
      ]
    },
    {
      "id": "C73",
      "x": 27.74,
      "y": 31.27,
      "time_window": [
        450.0,
        1216.56
      ],
      "demand": [
        1,
        2,
        2
      ]
    },
    {
      "id": "C74",
      "x": 82.03,
      "y": 80.86,
      "time_window": [
        450.0,
        2135.87
      ],
      "demand": [
        1,
        3,
        4
      ]
    },
    {
      "id": "C75",
      "x": 51.0,
      "y": 72.25,
      "time_window": [
        450.0,
        1763.21
      ],
      "demand": [
        3,
        1,
        3
      ]
    },
    {
      "id": "C76",
      "x": 46.41,
      "y": 48.0,
      "time_window": [
        450.0,
        1390.38
      ],
      "demand": [
        2,
        2,
        1
      ]
    },
    {
      "id": "C77",
      "x": 50.69,
      "y": 66.39,
      "time_window": [
        450.0,
        1054.05
      ],
      "demand": [
        1,
        3,
        4
      ]
    },
    {
      "id": "C78",
      "x": 62.01,
      "y": 73.88,
      "time_window": [
        450.0,
        2069.11
      ],
      "demand": [
        1,
        1,
        3
      ]
    },
    {
      "id": "C79",
      "x": 55.24,
      "y": 55.23,
      "time_window": [
        450.0,
        1136.4
      ],
      "demand": [
        2,
        4,
        4
      ]
    },
    {
      "id": "C80",
      "x": 88.52,
      "y": 80.11,
      "time_window": [
        450.0,
        2550
      ],
      "demand": [
        3,
        1,
        1
      ]
    },
    {
      "id": "C81",
      "x": 6.53,
      "y": 18.98,
      "time_window": [
        450.0,
        2267.94
      ],
      "demand": [
        4,
        2,
        2
      ]
    },
    {
      "id": "C82",
      "x": 35.39,
      "y": 44.56,
      "time_window": [
        450.0,
        1862.61
      ],
      "demand": [
        4,
        3,
        3
      ]
    },
    {
      "id": "C83",
      "x": 73.91,
      "y": 45.52,
      "time_window": [
        450.0,
        1885.93
      ],
      "demand": [
        2,
        1,
        1
      ]
    },
    {
      "id": "C84",
      "x": 31.63,
      "y": 47.68,
      "time_window": [
        450.0,
        2471.04
      ],
      "demand": [
        3,
        2,
        3
      ]
    },
    {
      "id": "C85",
      "x": 21.97,
      "y": 19.86,
      "time_window": [
        450.0,
        1850.02
      ],
      "demand": [
        3,
        3,
        2
      ]
    },
    {
      "id": "C86",
      "x": 68.99,
      "y": 69.55,
      "time_window": [
        450.0,
        2090.94
      ],
      "demand": [
        1,
        3,
        4
      ]
    },
    {
      "id": "C87",
      "x": 48.81,
      "y": 46.14,
      "time_window": [
        450.0,
        2127.51
      ],
      "demand": [
        4,
        2,
        4
      ]
    },
    {
      "id": "C88",
      "x": 92.38,
      "y": 1.65,
      "time_window": [
        450.0,
        1775.42
      ],
      "demand": [
        1,
        3,
        1
      ]
    },
    {
      "id": "C89",
      "x": 52.58,
      "y": 65.2,
      "time_window": [
        450.0,
        1439.42
      ],
      "demand": [
        2,
        3,
        3
      ]
    },
    {
      "id": "C90",
      "x": 5.3,
      "y": 24.37,
      "time_window": [
        450.0,
        1522.03
      ],
      "demand": [
        1,
        3,
        4
      ]
    },
    {
      "id": "C91",
      "x": 1.83,
      "y": 89.75,
      "time_window": [
        450.0,
        1010.88
      ],
      "demand": [
        2,
        3,
        1
      ]
    },
    {
      "id": "C92",
      "x": 85.08,
      "y": 76.41,
      "time_window": [
        450.0,
        2408.17
      ],
      "demand": [
        4,
        2,
        1
      ]
    },
    {
      "id": "C93",
      "x": 94.6,
      "y": 82.95,
      "time_window": [
        450.0,
        1601.6
      ],
      "demand": [
        3,
        2,
        4
      ]
    },
    {
      "id": "C94",
      "x": 37.14,
      "y": 36.58,
      "time_window": [
        450.0,
        1704.98
      ],
      "demand": [
        4,
        3,
        2
      ]
    },
    {
      "id": "C95",
      "x": 69.37,
      "y": 60.18,
      "time_window": [
        450.0,
        965.91
      ],
      "demand": [
        3,
        2,
        3
      ]
    },
    {
      "id": "C96",
      "x": 77.36,
      "y": 20.45,
      "time_window": [
        450.0,
        1178.83
      ],
      "demand": [
        3,
        1,
        2
      ]
    },
    {
      "id": "C97",
      "x": 18.44,
      "y": 88.84,
      "time_window": [
        450.0,
        2484.01
      ],
      "demand": [
        4,
        2,
        4
      ]
    },
    {
      "id": "C98",
      "x": 21.12,
      "y": 9.73,
      "time_window": [
        450.0,
        1280.65
      ],
      "demand": [
        4,
        3,
        2
      ]
    },
    {
      "id": "C99",
      "x": 20.82,
      "y": 12.44,
      "time_window": [
        450.0,
        2032.14
      ],
      "demand": [
        3,
        2,
        1
      ]
    },
    {
      "id": "C100",
      "x": 93.35,
      "y": 88.18,
      "time_window": [
        450.0,
        1774.89
      ],
      "demand": [
        3,
        1,
        4
      ]
    }
  ]
}