{
  "set_id": 2,
  "inst_id": 5,
  "vehicles": {
    "CT": {
      "count": 6,
      "capacity": 1500,
      "fixed_cost": 1500,
      "unit_cost_factor": 1.2
    },
    "UV": {
      "count": 8,
      "capacity": 500,
      "fixed_cost": 500,
      "unit_cost_factor": 1.1
    }
  },
  "P": 3,
  "item_weights": [
    5,
    10,
    5
  ],
  "inventory_ratio": 1.4,
  "FCs": [
    {
      "id": "FC1",
      "x": 25,
      "y": 25,
      "time_window": [
        0.0,
        3000.0
      ],
      "inventory": [
        30,
        26,
        36
      ]
    },
    {
      "id": "FC2",
      "x": 75,
      "y": 75,
      "time_window": [
        0.0,
        3000.0
      ],
      "inventory": [
        32,
        36,
        40
      ]
    }
  ],
  "DCs": [
    {
      "id": "DC1",
      "x": 18.06,
      "y": 83.69,
      "time_window": [
        300.0,
        2700.0
      ]
    },
    {
      "id": "DC2",
      "x": 93.16,
      "y": 32.23,
      "time_window": [
        300.0,
        2700.0
      ]
    },
    {
      "id": "DC3",
      "x": 15.88,
      "y": 72.31,
      "time_window": [
        300.0,
        2700.0
      ]
    },
    {
      "id": "DC4",
      "x": 75.15,
      "y": 72.82,
      "time_window": [
        300.0,
        2700.0
      ]
    }
  ],
  "CDPs": [
    {
      "id": "CDP1",
      "x": 67.47,
      "y": 46.44,
      "time_window": [
        0.0,
        3000.0
      ],
      "capacity": 160
    },
    {
      "id": "CDP2",
      "x": 8.56,
      "y": 93.27,
      "time_window": [
        0.0,
        3000.0
      ],
      "capacity": 204
    },
    {
      "id": "CDP3",
      "x": 53.14,
      "y": 24.76,
      "time_window": [
        0.0,
        3000.0
      ],
      "capacity": 157
    },
    {
      "id": "CDP4",
      "x": 67.68,
      "y": 48.39,
      "time_window": [
        0.0,
        3000.0
      ],
      "capacity": 134
    },
    {
      "id": "CDP5",
      "x": 57.39,
      "y": 25.65,
      "time_window": [
        0.0,
        3000.0
      ],
      "capacity": 267
    },
    {
      "id": "CDP6",
      "x": 43.43,
      "y": 42.96,
      "time_window": [
        0.0,
        3000.0
      ],
      "capacity": 299
    },
    {
      "id": "CDP7",
      "x": 33.77,
      "y": 46.29,
      "time_window": [
        0.0,
        3000.0
      ],
      "capacity": 232
    },
    {
      "id": "CDP8",
      "x": 98.84,
      "y": 5.39,
      "time_window": [
        0.0,
        3000.0
      ],
      "capacity": 187
    },
    {
      "id": "CDP9",
      "x": 88.86,
      "y": 4.22,
      "time_window": [
        0.0,
        3000.0
      ],
      "capacity": 132
    },
    {
      "id": "CDP10",
      "x": 13.35,
      "y": 49.53,
      "time_window": [
        0.0,
        3000.0
      ],
      "capacity": 234
    },
    {
      "id": "CDP11",
      "x": 21.8,
      "y": 9.49,
      "time_window": [
        0.0,
        3000.0
      ],
      "capacity": 125
    },
    {
      "id": "CDP12",
      "x": 87.61,
      "y": 88.55,
      "time_window": [
        0.0,
        3000.0
      ],
      "capacity": 133
    }
  ],
  "Customers": [
    {
      "id": "C1",
      "x": 50.46,
      "y": 44.43,
      "time_window": [
        450.0,
        2338.77
      ],
      "demand": [
        1,
        1,
        2
      ]
    },
    {
      "id": "C2",
      "x": 92.84,
      "y": 0.69,
      "time_window": [
        450.0,
        1209.25
      ],
      "demand": [
        2,
        3,
        3
      ]
    },
    {
      "id": "C3",
      "x": 32.26,
      "y": 49.52,
      "time_window": [
        450.0,
        1302.08
      ],
      "demand": [
        4,
        4,
        3
      ]
    },
    {
      "id": "C4",
      "x": 64.16,
      "y": 63.57,
      "time_window": [
        450.0,
        1206.55
      ],
      "demand": [
        3,
        2,
        2
      ]
    },
    {
      "id": "C5",
      "x": 75.34,
      "y": 12.17,
      "time_window": [
        450.0,
        2434.95
      ],
      "demand": [
        2,
        3,
        1
      ]
    },
    {
      "id": "C6",
      "x": 18.85,
      "y": 76.06,
      "time_window": [
        450.0,
        1340.43
      ],
      "demand": [
        1,
        1,
        2
      ]
    },
    {
      "id": "C7",
      "x": 98.8,
      "y": 8.44,
      "time_window": [
        450.0,
        1298.16
      ],
      "demand": [
        1,
        2,
        3
      ]
    },
    {
      "id": "C8",
      "x": 73.7,
      "y": 65.58,
      "time_window": [
        450.0,
        2305.77
      ],
      "demand": [
        4,
        2,
        1
      ]
    },
    {
      "id": "C9",
      "x": 14.2,
      "y": 4.09,
      "time_window": [
        450.0,
        1423.42
      ],
      "demand": [
        2,
        1,
        1
      ]
    },
    {
      "id": "C10",
      "x": 70.94,
      "y": 58.69,
      "time_window": [
        450.0,
        2186.6
      ],
      "demand": [
        1,
        3,
        2
      ]
    },
    {
      "id": "C11",
      "x": 91.21,
      "y": 2.43,
      "time_window": [
        450.0,
        2550
      ],
      "demand": [
        2,
        3,
        3
      ]
    },
    {
      "id": "C12",
      "x": 54.62,
      "y": 69.27,
      "time_window": [
        450.0,
        1548.8
      ],
      "demand": [
        2,
        2,
        4
      ]
    },
    {
      "id": "C13",
      "x": 51.83,
      "y": 29.68,
      "time_window": [
        450.0,
        1574.32
      ],
      "demand": [
        2,
        2,
        3
      ]
    },
    {
      "id": "C14",
      "x": 48.73,
      "y": 27.88,
      "time_window": [
        450.0,
        2159.34
      ],
      "demand": [
        4,
        4,
        4
      ]
    },
    {
      "id": "C15",
      "x": 42.69,
      "y": 54.18,
      "time_window": [
        450.0,
        2067.67
      ],
      "demand": [
        1,
        2,
        3
      ]
    },
    {
      "id": "C16",
      "x": 74.72,
      "y": 45.97,
      "time_window": [
        450.0,
        1167.36
      ],
      "demand": [
        4,
        4,
        4
      ]
    },
    {
      "id": "C17",
      "x": 64.38,
      "y": 73.69,
      "time_window": [
        450.0,
        956.5
      ],
      "demand": [
        3,
        2,
        4
      ]
    },
    {
      "id": "C18",
      "x": 0.79,
      "y": 97.21,
      "time_window": [
        450.0,
        2489.07
      ],
      "demand": [
        1,
        1,
        1
      ]
    },
    {
      "id": "C19",
      "x": 6.52,
      "y": 19.66,
      "time_window": [
        450.0,
        1625.3
      ],
      "demand": [
        2,
        1,
        4
      ]
    },
    {
      "id": "C20",
      "x": 57.78,
      "y": 74.28,
      "time_window": [
        450.0,
        1271.04
      ],
      "demand": [
        2,
        1,
        4
      ]
    }
  ]
}