{
  "set_id": 5,
  "inst_id": 10,
  "vehicles": {
    "CT": {
      "count": 10,
      "capacity": 1500,
      "fixed_cost": 1500,
      "unit_cost_factor": 1.2
    },
    "UV": {
      "count": 20,
      "capacity": 500,
      "fixed_cost": 500,
      "unit_cost_factor": 1.1
    }
  },
  "P": 3,
  "item_weights": [
    15,
    10,
    5
  ],
  "inventory_ratio": 1.4,
  "FCs": [
    {
      "id": "FC1",
      "x": 25,
      "y": 25,
      "time_window": [
        0.0,
        3000.0
      ],
      "inventory": [
        91,
        77,
        92
      ]
    },
    {
      "id": "FC2",
      "x": 75,
      "y": 75,
      "time_window": [
        0.0,
        3000.0
      ],
      "inventory": [
        72,
        90,
        100
      ]
    }
  ],
  "DCs": [
    {
      "id": "DC1",
      "x": 11.36,
      "y": 85.0,
      "time_window": [
        300.0,
        2700.0
      ]
    },
    {
      "id": "DC2",
      "x": 7.7,
      "y": 74.4,
      "time_window": [
        300.0,
        2700.0
      ]
    },
    {
      "id": "DC3",
      "x": 25.01,
      "y": 76.55,
      "time_window": [
        300.0,
        2700.0
      ]
    },
    {
      "id": "DC4",
      "x": 19.14,
      "y": 89.33,
      "time_window": [
        300.0,
        2700.0
      ]
    }
  ],
  "CDPs": [
    {
      "id": "CDP1",
      "x": 93.35,
      "y": 11.49,
      "time_window": [
        0.0,
        3000.0
      ],
      "capacity": 239
    },
    {
      "id": "CDP2",
      "x": 31.27,
      "y": 19.45,
      "time_window": [
        0.0,
        3000.0
      ],
      "capacity": 118
    },
    {
      "id": "CDP3",
      "x": 11.88,
      "y": 83.72,
      "time_window": [
        0.0,
        3000.0
      ],
      "capacity": 238
    },
    {
      "id": "CDP4",
      "x": 80.77,
      "y": 48.05,
      "time_window": [
        0.0,
        3000.0
      ],
      "capacity": 139
    },
    {
      "id": "CDP5",
      "x": 96.13,
      "y": 35.87,
      "time_window": [
        0.0,
        3000.0
      ],
      "capacity": 166
    },
    {
      "id": "CDP6",
      "x": 27.47,
      "y": 97.78,
      "time_window": [
        0.0,
        3000.0
      ],
      "capacity": 180
    },
    {
      "id": "CDP7",
      "x": 26.02,
      "y": 1.81,
      "time_window": [
        0.0,
        3000.0
      ],
      "capacity": 163
    },
    {
      "id": "CDP8",
      "x": 80.26,
      "y": 62.59,
      "time_window": [
        0.0,
        3000.0
      ],
      "capacity": 196
    },
    {
      "id": "CDP9",
      "x": 14.95,
      "y": 41.64,
      "time_window": [
        0.0,
        3000.0
      ],
      "capacity": 262
    },
    {
      "id": "CDP10",
      "x": 31.82,
      "y": 92.4,
      "time_window": [
        0.0,
        3000.0
      ],
      "capacity": 106
    },
    {
      "id": "CDP11",
      "x": 70.74,
      "y": 21.09,
      "time_window": [
        0.0,
        3000.0
      ],
      "capacity": 226
    },
    {
      "id": "CDP12",
      "x": 45.4,
      "y": 41.69,
      "time_window": [
        0.0,
        3000.0
      ],
      "capacity": 173
    },
    {
      "id": "CDP13",
      "x": 25.57,
      "y": 65.56,
      "time_window": [
        0.0,
        3000.0
      ],
      "capacity": 291
    },
    {
      "id": "CDP14",
      "x": 89.83,
      "y": 85.28,
      "time_window": [
        0.0,
        3000.0
      ],
      "capacity": 111
    },
    {
      "id": "CDP15",
      "x": 40.22,
      "y": 62.5,
      "time_window": [
        0.0,
        3000.0
      ],
      "capacity": 295
    },
    {
      "id": "CDP16",
      "x": 45.09,
      "y": 52.78,
      "time_window": [
        0.0,
        3000.0
      ],
      "capacity": 175
    },
    {
      "id": "CDP17",
      "x": 61.97,
      "y": 40.2,
      "time_window": [
        0.0,
        3000.0
      ],
      "capacity": 208
    },
    {
      "id": "CDP18",
      "x": 64.16,
      "y": 23.83,
      "time_window": [
        0.0,
        3000.0
      ],
      "capacity": 274
    },
    {
      "id": "CDP19",
      "x": 87.4,
      "y": 28.01,
      "time_window": [
        0.0,
        3000.0
      ],
      "capacity": 109
    },
    {
      "id": "CDP20",
      "x": 87.79,
      "y": 21.35,
      "time_window": [
        0.0,
        3000.0
      ],
      "capacity": 292
    }
  ],
  "Customers": [
    {
      "id": "C1",
      "x": 75.77,
      "y": 83.68,
      "time_window": [
        450.0,
        1518.27
      ],
      "demand": [
        2,
        3,
        3
      ]
    },
    {
      "id": "C2",
      "x": 74.21,
      "y": 33.28,
      "time_window": [
        450.0,
        2146.34
      ],
      "demand": [
        1,
        3,
        4
      ]
    },
    {
      "id": "C3",
      "x": 88.63,
      "y": 8.88,
      "time_window": [
        450.0,
        1645.44
      ],
      "demand": [
        4,
        1,
        3
      ]
    },
    {
      "id": "C4",
      "x": 60.65,
      "y": 44.27,
      "time_window": [
        450.0,
        1709.4
      ],
      "demand": [
        2,
        2,
        1
      ]
    },
    {
      "id": "C5",
      "x": 72.51,
      "y": 62.32,
      "time_window": [
        450.0,
        1437.52
      ],
      "demand": [
        3,
        3,
        3
      ]
    },
    {
      "id": "C6",
      "x": 47.3,
      "y": 44.91,
      "time_window": [
        450.0,
        2351.9
      ],
      "demand": [
        3,
        3,
        3
      ]
    },
    {
      "id": "C7",
      "x": 55.82,
      "y": 45.2,
      "time_window": [
        450.0,
        1153.86
      ],
      "demand": [
        2,
        2,
        3
      ]
    },
    {
      "id": "C8",
      "x": 54.77,
      "y": 61.97,
      "time_window": [
        450.0,
        2550
      ],
      "demand": [
        2,
        4,
        4
      ]
    },
    {
      "id": "C9",
      "x": 33.46,
      "y": 51.33,
      "time_window": [
        450.0,
        2291.93
      ],
      "demand": [
        1,
        2,
        4
      ]
    },
    {
      "id": "C10",
      "x": 6.83,
      "y": 4.77,
      "time_window": [
        450.0,
        1158.54
      ],
      "demand": [
        1,
        2,
        4
      ]
    },
    {
      "id": "C11",
      "x": 60.11,
      "y": 33.32,
      "time_window": [
        450.0,
        1285.0
      ],
      "demand": [
        2,
        3,
        3
      ]
    },
    {
      "id": "C12",
      "x": 55.15,
      "y": 65.16,
      "time_window": [
        450.0,
        1193.95
      ],
      "demand": [
        2,
        1,
        4
      ]
    },
    {
      "id": "C13",
      "x": 98.5,
      "y": 78.61,
      "time_window": [
        450.0,
        2269.88
      ],
      "demand": [
        3,
        3,
        3
      ]
    },
    {
      "id": "C14",
      "x": 5.08,
      "y": 85.31,
      "time_window": [
        450.0,
        1524.1
      ],
      "demand": [
        2,
        3,
        4
      ]
    },
    {
      "id": "C15",
      "x": 32.53,
      "y": 27.69,
      "time_window": [
        450.0,
        1994.35
      ],
      "demand": [
        3,
        2,
        2
      ]
    },
    {
      "id": "C16",
      "x": 36.79,
      "y": 26.46,
      "time_window": [
        450.0,
        955.66
      ],
      "demand": [
        2,
        3,
        2
      ]
    },
    {
      "id": "C17",
      "x": 0.1,
      "y": 84.86,
      "time_window": [
        450.0,
        2550
      ],
      "demand": [
        2,
        1,
        1
      ]
    },
    {
      "id": "C18",
      "x": 61.4,
      "y": 36.7,
      "time_window": [
        450.0,
        1893.18
      ],
      "demand": [
        4,
        4,
        4
      ]
    },
    {
      "id": "C19",
      "x": 9.32,
      "y": 95.39,
      "time_window": [
        450.0,
        2354.11
      ],
      "demand": [
        3,
        1,
        1
      ]
    },
    {
      "id": "C20",
      "x": 96.94,
      "y": 97.63,
      "time_window": [
        450.0,
        2403.07
      ],
      "demand": [
        1,
        4,
        2
      ]
    },
    {
      "id": "C21",
      "x": 31.88,
      "y": 72.93,
      "time_window": [
        450.0,
        1620.24
      ],
      "demand": [
        1,
        3,
        3
      ]
    },
    {
      "id": "C22",
      "x": 62.1,
      "y": 56.31,
      "time_window": [
        450.0,
        1903.36
      ],
      "demand": [
        1,
        4,
        4
      ]
    },
    {
      "id": "C23",
      "x": 3.69,
      "y": 10.93,
      "time_window": [
        450.0,
        2550
      ],
      "demand": [
        4,
        3,
        1
      ]
    },
    {
      "id": "C24",
      "x": 71.45,
      "y": 26.23,
      "time_window": [
        450.0,
        1293.48
      ],
      "demand": [
        2,
        3,
        1
      ]
    },
    {
      "id": "C25",
      "x": 75.21,
      "y": 99.74,
      "time_window": [
        450.0,
        2371.43
      ],
      "demand": [
        1,
        2,
        2
      ]
    },
    {
      "id": "C26",
      "x": 72.2,
      "y": 72.06,
      "time_window": [
        450.0,
        1940.94
      ],
      "demand": [
        1,
        1,
        4
      ]
    },
    {
      "id": "C27",
      "x": 19.43,
      "y": 19.92,
      "time_window": [
        450.0,
        1853.2
      ],
      "demand": [
        3,
        3,
        2
      ]
    },
    {
      "id": "C28",
      "x": 48.12,
      "y": 34.93,
      "time_window": [
        450.0,
        2357.12
      ],
      "demand": [
        4,
        3,
        3
      ]
    },
    {
      "id": "C29",
      "x": 12.32,
      "y": 93.66,
      "time_window": [
        450.0,
        1813.22
      ],
      "demand": [
        3,
        1,
        4
      ]
    },
    {
      "id": "C30",
      "x": 80.77,
      "y": 85.6,
      "time_window": [
        450.0,
        1799.01
      ],
      "demand": [
        3,
        2,
        4
      ]
    },
    {
      "id": "C31",
      "x": 28.21,
      "y": 41.97,
      "time_window": [
        450.0,
        2434.09
      ],
      "demand": [
        2,
        4,
        2
      ]
    },
    {
      "id": "C32",
      "x": 18.26,
      "y": 77.76,
      "time_window": [
        450.0,
        971.57
      ],
      "demand": [
        3,
        2,
        3
      ]
    },
    {
      "id": "C33",
      "x": 31.79,
      "y": 60.31,
      "time_window": [
        450.0,
        2501.41
      ],
      "demand": [
        2,
        1,
        1
      ]
    },
    {
      "id": "C34",
      "x": 47.0,
      "y": 55.59,
      "time_window": [
        450.0,
        1189.41
      ],
      "demand": [
        2,
        4,
        1
      ]
    },
    {
      "id": "C35",
      "x": 16.32,
      "y": 86.02,
      "time_window": [
        450.0,
        1518.23
      ],
      "demand": [
        2,
        2,
        1
      ]
    },
    {
      "id": "C36",
      "x": 51.27,
      "y": 56.99,
      "time_window": [
        450.0,
        1892.24
      ],
      "demand": [
        1,
        3,
        3
      ]
    },
    {
      "id": "C37",
      "x": 73.51,
      "y": 75.0,
      "time_window": [
        450.0,
        1083.53
      ],
      "demand": [
        2,
        3,
        1
      ]
    },
    {
      "id": "C38",
      "x": 36.28,
      "y": 35.81,
      "time_window": [
        450.0,
        2181.62
      ],
      "demand": [
        2,
        1,
        4
      ]
    },
    {
      "id": "C39",
      "x": 79.04,
      "y": 16.31,
      "time_window": [
        450.0,
        2195.94
      ],
      "demand": [
        2,
        1,
        1
      ]
    },
    {
      "id": "C40",
      "x": 55.41,
      "y": 58.65,
      "time_window": [
        450.0,
        2160.22
      ],
      "demand": [
        4,
        1,
        4
      ]
    },
    {
      "id": "C41",
      "x": 78.97,
      "y": 90.59,
      "time_window": [
        450.0,
        1728.02
      ],
      "demand": [
        3,
        2,
        3
      ]
    },
    {
      "id": "C42",
      "x": 85.98,
      "y": 18.34,
      "time_window": [
        450.0,
        1532.68
      ],
      "demand": [
        1,
        2,
        4
      ]
    },
    {
      "id": "C43",
      "x": 70.82,
      "y": 48.97,
      "time_window": [
        450.0,
        2236.58
      ],
      "demand": [
        3,
        4,
        2
      ]
    },
    {
      "id": "C44",
      "x": 43.48,
      "y": 29.57,
      "time_window": [
        450.0,
        1913.85
      ],
      "demand": [
        1,
        4,
        1
      ]
    },
    {
      "id": "C45",
      "x": 10.18,
      "y": 88.25,
      "time_window": [
        450.0,
        2550
      ],
      "demand": [
        2,
        3,
        4
      ]
    },
    {
      "id": "C46",
      "x": 25.77,
      "y": 33.0,
      "time_window": [
        450.0,
        1427.54
      ],
      "demand": [
        3,
        2,
        3
      ]
    },
    {
      "id": "C47",
      "x": 64.37,
      "y": 64.65,
      "time_window": [
        450.0,
        1013.37
      ],
      "demand": [
        4,
        1,
        3
      ]
    },
    {
      "id": "C48",
      "x": 42.19,
      "y": 62.15,
      "time_window": [
        450.0,
        2324.18
      ],
      "demand": [
        2,
        1,
        4
      ]
    },
    {
      "id": "C49",
      "x": 49.35,
      "y": 25.38,
      "time_window": [
        450.0,
        1121.11
      ],
      "demand": [
        4,
        2,
        3
      ]
    },
    {
      "id": "C50",
      "x": 94.78,
      "y": 89.17,
      "time_window": [
        450.0,
        2550
      ],
      "demand": [
        3,
        1,
        3
      ]
    }
  ]
}