{
  "set_id": 6,
  "inst_id": 10,
  "vehicles": {
    "CT": {
      "count": 10,
      "capacity": 1500,
      "fixed_cost": 1500,
      "unit_cost_factor": 1.2
    },
    "UV": {
      "count": 20,
      "capacity": 500,
      "fixed_cost": 500,
      "unit_cost_factor": 1.1
    }
  },
  "P": 3,
  "item_weights": [
    5,
    15,
    10
  ],
  "inventory_ratio": 1.2,
  "FCs": [
    {
      "id": "FC1",
      "x": 25,
      "y": 25,
      "time_window": [
        0.0,
        3000.0
      ],
      "inventory": [
        81,
        64,
        73
      ]
    },
    {
      "id": "FC2",
      "x": 75,
      "y": 75,
      "time_window": [
        0.0,
        3000.0
      ],
      "inventory": [
        57,
        67,
        73
      ]
    }
  ],
  "DCs": [
    {
      "id": "DC1",
      "x": 42.04,
      "y": 77.65,
      "time_window": [
        300.0,
        2700.0
      ]
    },
    {
      "id": "DC2",
      "x": 15.92,
      "y": 69.22,
      "time_window": [
        300.0,
        2700.0
      ]
    },
    {
      "id": "DC3",
      "x": 51.46,
      "y": 97.1,
      "time_window": [
        300.0,
        2700.0
      ]
    },
    {
      "id": "DC4",
      "x": 12.47,
      "y": 16.53,
      "time_window": [
        300.0,
        2700.0
      ]
    }
  ],
  "CDPs": [
    {
      "id": "CDP1",
      "x": 73.32,
      "y": 74.34,
      "time_window": [
        0.0,
        3000.0
      ],
      "capacity": 231
    },
    {
      "id": "CDP2",
      "x": 69.11,
      "y": 72.49,
      "time_window": [
        0.0,
        3000.0
      ],
      "capacity": 175
    },
    {
      "id": "CDP3",
      "x": 27.27,
      "y": 73.91,
      "time_window": [
        0.0,
        3000.0
      ],
      "capacity": 274
    },
    {
      "id": "CDP4",
      "x": 98.39,
      "y": 77.76,
      "time_window": [
        0.0,
        3000.0
      ],
      "capacity": 118
    },
    {
      "id": "CDP5",
      "x": 76.68,
      "y": 37.09,
      "time_window": [
        0.0,
        3000.0
      ],
      "capacity": 196
    },
    {
      "id": "CDP6",
      "x": 45.9,
      "y": 91.22,
      "time_window": [
        0.0,
        3000.0
      ],
      "capacity": 212
    },
    {
      "id": "CDP7",
      "x": 95.81,
      "y": 65.8,
      "time_window": [
        0.0,
        3000.0
      ],
      "capacity": 166
    },
    {
      "id": "CDP8",
      "x": 30.47,
      "y": 97.16,
      "time_window": [
        0.0,
        3000.0
      ],
      "capacity": 109
    },
    {
      "id": "CDP9",
      "x": 72.59,
      "y": 57.6,
      "time_window": [
        0.0,
        3000.0
      ],
      "capacity": 153
    },
    {
      "id": "CDP10",
      "x": 47.64,
      "y": 51.34,
      "time_window": [
        0.0,
        3000.0
      ],
      "capacity": 233
    },
    {
      "id": "CDP11",
      "x": 76.16,
      "y": 0.54,
      "time_window": [
        0.0,
        3000.0
      ],
      "capacity": 220
    },
    {
      "id": "CDP12",
      "x": 67.44,
      "y": 66.24,
      "time_window": [
        0.0,
        3000.0
      ],
      "capacity": 254
    },
    {
      "id": "CDP13",
      "x": 27.66,
      "y": 86.8,
      "time_window": [
        0.0,
        3000.0
      ],
      "capacity": 109
    },
    {
      "id": "CDP14",
      "x": 34.98,
      "y": 71.33,
      "time_window": [
        0.0,
        3000.0
      ],
      "capacity": 221
    },
    {
      "id": "CDP15",
      "x": 64.01,
      "y": 68.81,
      "time_window": [
        0.0,
        3000.0
      ],
      "capacity": 191
    },
    {
      "id": "CDP16",
      "x": 40.27,
      "y": 84.36,
      "time_window": [
        0.0,
        3000.0
      ],
      "capacity": 270
    },
    {
      "id": "CDP17",
      "x": 98.71,
      "y": 35.11,
      "time_window": [
        0.0,
        3000.0
      ],
      "capacity": 271
    },
    {
      "id": "CDP18",
      "x": 98.14,
      "y": 77.19,
      "time_window": [
        0.0,
        3000.0
      ],
      "capacity": 260
    },
    {
      "id": "CDP19",
      "x": 57.57,
      "y": 24.18,
      "time_window": [
        0.0,
        3000.0
      ],
      "capacity": 156
    },
    {
      "id": "CDP20",
      "x": 5.52,
      "y": 50.18,
      "time_window": [
        0.0,
        3000.0
      ],
      "capacity": 104
    },
    {
      "id": "CDP21",
      "x": 5.1,
      "y": 79.97,
      "time_window": [
        0.0,
        3000.0
      ],
      "capacity": 160
    },
    {
      "id": "CDP22",
      "x": 46.45,
      "y": 40.75,
      "time_window": [
        0.0,
        3000.0
      ],
      "capacity": 284
    },
    {
      "id": "CDP23",
      "x": 17.21,
      "y": 58.09,
      "time_window": [
        0.0,
        3000.0
      ],
      "capacity": 278
    },
    {
      "id": "CDP24",
      "x": 0.65,
      "y": 24.39,
      "time_window": [
        0.0,
        3000.0
      ],
      "capacity": 285
    },
    {
      "id": "CDP25",
      "x": 66.17,
      "y": 67.18,
      "time_window": [
        0.0,
        3000.0
      ],
      "capacity": 152
    },
    {
      "id": "CDP26",
      "x": 35.19,
      "y": 36.05,
      "time_window": [
        0.0,
        3000.0
      ],
      "capacity": 210
    },
    {
      "id": "CDP27",
      "x": 16.73,
      "y": 4.4,
      "time_window": [
        0.0,
        3000.0
      ],
      "capacity": 190
    },
    {
      "id": "CDP28",
      "x": 32.28,
      "y": 39.03,
      "time_window": [
        0.0,
        3000.0
      ],
      "capacity": 130
    },
    {
      "id": "CDP29",
      "x": 26.94,
      "y": 74.21,
      "time_window": [
        0.0,
        3000.0
      ],
      "capacity": 206
    },
    {
      "id": "CDP30",
      "x": 71.96,
      "y": 23.39,
      "time_window": [
        0.0,
        3000.0
      ],
      "capacity": 101
    }
  ],
  "Customers": [
    {
      "id": "C1",
      "x": 42.09,
      "y": 71.04,
      "time_window": [
        450.0,
        1371.52
      ],
      "demand": [
        3,
        3,
        4
      ]
    },
    {
      "id": "C2",
      "x": 30.13,
      "y": 41.87,
      "time_window": [
        450.0,
        1072.29
      ],
      "demand": [
        1,
        3,
        1
      ]
    },
    {
      "id": "C3",
      "x": 47.15,
      "y": 38.66,
      "time_window": [
        450.0,
        2203.56
      ],
      "demand": [
        3,
        4,
        3
      ]
    },
    {
      "id": "C4",
      "x": 83.99,
      "y": 13.92,
      "time_window": [
        450.0,
        2483.21
      ],
      "demand": [
        2,
        3,
        4
      ]
    },
    {
      "id": "C5",
      "x": 42.1,
      "y": 37.22,
      "time_window": [
        450.0,
        1141.21
      ],
      "demand": [
        2,
        1,
        2
      ]
    },
    {
      "id": "C6",
      "x": 76.02,
      "y": 1.11,
      "time_window": [
        450.0,
        2322.91
      ],
      "demand": [
        3,
        1,
        3
      ]
    },
    {
      "id": "C7",
      "x": 95.05,
      "y": 19.4,
      "time_window": [
        450.0,
        1256.21
      ],
      "demand": [
        1,
        4,
        1
      ]
    },
    {
      "id": "C8",
      "x": 71.35,
      "y": 62.82,
      "time_window": [
        450.0,
        1881.95
      ],
      "demand": [
        4,
        2,
        1
      ]
    },
    {
      "id": "C9",
      "x": 72.77,
      "y": 73.55,
      "time_window": [
        450.0,
        1467.43
      ],
      "demand": [
        2,
        1,
        1
      ]
    },
    {
      "id": "C10",
      "x": 55.79,
      "y": 47.83,
      "time_window": [
        450.0,
        1441.79
      ],
      "demand": [
        1,
        1,
        2
      ]
    },
    {
      "id": "C11",
      "x": 25.89,
      "y": 70.55,
      "time_window": [
        450.0,
        1778.7
      ],
      "demand": [
        2,
        1,
        1
      ]
    },
    {
      "id": "C12",
      "x": 10.17,
      "y": 88.74,
      "time_window": [
        450.0,
        1830.28
      ],
      "demand": [
        2,
        3,
        1
      ]
    },
    {
      "id": "C13",
      "x": 51.89,
      "y": 29.35,
      "time_window": [
        450.0,
        2284.0
      ],
      "demand": [
        3,
        1,
        1
      ]
    },
    {
      "id": "C14",
      "x": 4.84,
      "y": 75.09,
      "time_window": [
        450.0,
        2492.12
      ],
      "demand": [
        4,
        4,
        1
      ]
    },
    {
      "id": "C15",
      "x": 20.47,
      "y": 94.38,
      "time_window": [
        450.0,
        1957.31
      ],
      "demand": [
        1,
        3,
        1
      ]
    },
    {
      "id": "C16",
      "x": 69.54,
      "y": 63.99,
      "time_window": [
        450.0,
        2166.69
      ],
      "demand": [
        4,
        3,
        1
      ]
    },
    {
      "id": "C17",
      "x": 56.96,
      "y": 71.18,
      "time_window": [
        450.0,
        2217.03
      ],
      "demand": [
        3,
        4,
        4
      ]
    },
    {
      "id": "C18",
      "x": 38.47,
      "y": 33.37,
      "time_window": [
        450.0,
        2299.57
      ],
      "demand": [
        3,
        2,
        3
      ]
    },
    {
      "id": "C19",
      "x": 86.42,
      "y": 8.68,
      "time_window": [
        450.0,
        2550
      ],
      "demand": [
        3,
        3,
        4
      ]
    },
    {
      "id": "C20",
      "x": 25.18,
      "y": 55.87,
      "time_window": [
        450.0,
        1360.36
      ],
      "demand": [
        4,
        4,
        2
      ]
    },
    {
      "id": "C21",
      "x": 78.39,
      "y": 80.97,
      "time_window": [
        450.0,
        1912.0
      ],
      "demand": [
        2,
        2,
        1
      ]
    },
    {
      "id": "C22",
      "x": 82.71,
      "y": 76.86,
      "time_window": [
        450.0,
        1200.01
      ],
      "demand": [
        1,
        2,
        4
      ]
    },
    {
      "id": "C23",
      "x": 48.91,
      "y": 63.22,
      "time_window": [
        450.0,
        1236.21
      ],
      "demand": [
        2,
        2,
        2
      ]
    },
    {
      "id": "C24",
      "x": 51.26,
      "y": 73.54,
      "time_window": [
        450.0,
        2336.02
      ],
      "demand": [
        3,
        2,
        3
      ]
    },
    {
      "id": "C25",
      "x": 85.73,
      "y": 94.8,
      "time_window": [
        450.0,
        2066.93
      ],
      "demand": [
        4,
        2,
        2
      ]
    },
    {
      "id": "C26",
      "x": 53.27,
      "y": 35.27,
      "time_window": [
        450.0,
        2081.56
      ],
      "demand": [
        2,
        3,
        2
      ]
    },
    {
      "id": "C27",
      "x": 24.89,
      "y": 4.48,
      "time_window": [
        450.0,
        1218.36
      ],
      "demand": [
        1,
        2,
        4
      ]
    },
    {
      "id": "C28",
      "x": 52.84,
      "y": 40.08,
      "time_window": [
        450.0,
        1464.27
      ],
      "demand": [
        1,
        2,
        2
      ]
    },
    {
      "id": "C29",
      "x": 97.15,
      "y": 83.66,
      "time_window": [
        450.0,
        2168.56
      ],
      "demand": [
        3,
        1,
        1
      ]
    },
    {
      "id": "C30",
      "x": 23.37,
      "y": 77.37,
      "time_window": [
        450.0,
        1826.55
      ],
      "demand": [
        3,
        1,
        3
      ]
    },
    {
      "id": "C31",
      "x": 62.28,
      "y": 29.69,
      "time_window": [
        450.0,
        2465.11
      ],
      "demand": [
        1,
        4,
        1
      ]
    },
    {
      "id": "C32",
      "x": 3.28,
      "y": 95.2,
      "time_window": [
        450.0,
        2494.03
      ],
      "demand": [
        1,
        1,
        4
      ]
    },
    {
      "id": "C33",
      "x": 36.51,
      "y": 33.31,
      "time_window": [
        450.0,
        2093.6
      ],
      "demand": [
        4,
        3,
        2
      ]
    },
    {
      "id": "C34",
      "x": 45.85,
      "y": 55.32,
      "time_window": [
        450.0,
        1882.57
      ],
      "demand": [
        2,
        1,
        3
      ]
    },
    {
      "id": "C35",
      "x": 55.16,
      "y": 33.88,
      "time_window": [
        450.0,
        1313.12
      ],
      "demand": [
        1,
        2,
        3
      ]
    },
    {
      "id": "C36",
      "x": 14.43,
      "y": 84.76,
      "time_window": [
        450.0,
        2382.64
      ],
      "demand": [
        2,
        2,
        2
      ]
    },
    {
      "id": "C37",
      "x": 33.85,
      "y": 73.14,
      "time_window": [
        450.0,
        2429.41
      ],
      "demand": [
        2,
        1,
        4
      ]
    },
    {
      "id": "C38",
      "x": 51.97,
      "y": 37.21,
      "time_window": [
        450.0,
        1389.76
      ],
      "demand": [
        4,
        2,
        2
      ]
    },
    {
      "id": "C39",
      "x": 28.2,
      "y": 53.79,
      "time_window": [
        450.0,
        1523.59
      ],
      "demand": [
        1,
        2,
        1
      ]
    },
    {
      "id": "C40",
      "x": 91.22,
      "y": 79.72,
      "time_window": [
        450.0,
        1272.7
      ],
      "demand": [
        2,
        2,
        2
      ]
    },
    {
      "id": "C41",
      "x": 77.51,
      "y": 10.03,
      "time_window": [
        450.0,
        1108.37
      ],
      "demand": [
        2,
        2,
        4
      ]
    },
    {
      "id": "C42",
      "x": 64.14,
      "y": 47.69,
      "time_window": [
        450.0,
        2163.38
      ],
      "demand": [
        2,
        2,
        4
      ]
    },
    {
      "id": "C43",
      "x": 49.32,
      "y": 66.87,
      "time_window": [
        450.0,
        1852.06
      ],
      "demand": [
        1,
        2,
        3
      ]
    },
    {
      "id": "C44",
      "x": 79.02,
      "y": 22.19,
      "time_window": [
        450.0,
        1453.91
      ],
      "demand": [
        4,
        1,
        4
      ]
    },
    {
      "id": "C45",
      "x": 83.14,
      "y": 89.56,
      "time_window": [
        450.0,
        1220.15
      ],
      "demand": [
        1,
        2,
        3
      ]
    },
    {
      "id": "C46",
      "x": 4.15,
      "y": 88.15,
      "time_window": [
        450.0,
        1118.97
      ],
      "demand": [
        1,
        1,
        2
      ]
    },
    {
      "id": "C47",
      "x": 74.18,
      "y": 34.23,
      "time_window": [
        450.0,
        2147.4
      ],
      "demand": [
        3,
        3,
        1
      ]
    },
    {
      "id": "C48",
      "x": 67.25,
      "y": 55.97,
      "time_window": [
        450.0,
        1415.13
      ],
      "demand": [
        3,
        1,
        4
      ]
    },
    {
      "id": "C49",
      "x": 69.69,
      "y": 67.97,
      "time_window": [
        450.0,
        2061.75
      ],
      "demand": [
        1,
        4,
        4
      ]
    },
    {
      "id": "C50",
      "x": 70.4,
      "y": 25.76,
      "time_window": [
        450.0,
        1066.71
      ],
      "demand": [
        4,
        1,
        3
      ]
    }
  ]
}