{
  "set_id": 1,
  "inst_id": 3,
  "vehicles": {
    "CT": {
      "count": 4,
      "capacity": 1500,
      "fixed_cost": 1500,
      "unit_cost_factor": 1.2
    },
    "UV": {
      "count": 8,
      "capacity": 500,
      "fixed_cost": 500,
      "unit_cost_factor": 1.1
    }
  },
  "P": 2,
  "item_weights": [
    15,
    15
  ],
  "inventory_ratio": 1.2,
  "FCs": [
    {
      "id": "FC1",
      "x": 25,
      "y": 25,
      "time_window": [
        0.0,
        3000.0
      ],
      "inventory": [
        27,
        35
      ]
    },
    {
      "id": "FC2",
      "x": 75,
      "y": 75,
      "time_window": [
        0.0,
        3000.0
      ],
      "inventory": [
        32,
        18
      ]
    }
  ],
  "DCs": [
    {
      "id": "DC1",
      "x": 59.78,
      "y": 89.5,
      "time_window": [
        300.0,
        2700.0
      ]
    },
    {
      "id": "DC2",
      "x": 43.59,
      "y": 53.46,
      "time_window": [
        300.0,
        2700.0
      ]
    },
    {
      "id": "DC3",
      "x": 1.69,
      "y": 0.6,
      "time_window": [
        300.0,
        2700.0
      ]
    },
    {
      "id": "DC4",
      "x": 59.67,
      "y": 90.22,
      "time_window": [
        300.0,
        2700.0
      ]
    }
  ],
  "CDPs": [
    {
      "id": "CDP1",
      "x": 75.45,
      "y": 25.97,
      "time_window": [
        0.0,
        3000.0
      ],
      "capacity": 241
    },
    {
      "id": "CDP2",
      "x": 17.21,
      "y": 22.96,
      "time_window": [
        0.0,
        3000.0
      ],
      "capacity": 100
    },
    {
      "id": "CDP3",
      "x": 73.0,
      "y": 40.44,
      "time_window": [
        0.0,
        3000.0
      ],
      "capacity": 285
    },
    {
      "id": "CDP4",
      "x": 37.31,
      "y": 50.98,
      "time_window": [
        0.0,
        3000.0
      ],
      "capacity": 281
    },
    {
      "id": "CDP5",
      "x": 18.23,
      "y": 41.4,
      "time_window": [
        0.0,
        3000.0
      ],
      "capacity": 231
    },
    {
      "id": "CDP6",
      "x": 44.53,
      "y": 29.82,
      "time_window": [
        0.0,
        3000.0
      ],
      "capacity": 218
    },
    {
      "id": "CDP7",
      "x": 28.69,
      "y": 46.55,
      "time_window": [
        0.0,
        3000.0
      ],
      "capacity": 103
    },
    {
      "id": "CDP8",
      "x": 41.08,
      "y": 43.4,
      "time_window": [
        0.0,
        3000.0
      ],
      "capacity": 112
    },
    {
      "id": "CDP9",
      "x": 44.34,
      "y": 23.59,
      "time_window": [
        0.0,
        3000.0
      ],
      "capacity": 187
    },
    {
      "id": "CDP10",
      "x": 17.71,
      "y": 63.71,
      "time_window": [
        0.0,
        3000.0
      ],
      "capacity": 260
    }
  ],
  "Customers": [
    {
      "id": "C1",
      "x": 34.79,
      "y": 41.73,
      "time_window": [
        450.0,
        1248.95
      ],
      "demand": [
        4,
        1
      ]
    },
    {
      "id": "C2",
      "x": 47.26,
      "y": 30.86,
      "time_window": [
        450.0,
        2365.96
      ],
      "demand": [
        3,
        3
      ]
    },
    {
      "id": "C3",
      "x": 86.17,
      "y": 11.33,
      "time_window": [
        450.0,
        1284.53
      ],
      "demand": [
        3,
        4
      ]
    },
    {
      "id": "C4",
      "x": 7.99,
      "y": 17.12,
      "time_window": [
        450.0,
        1512.7
      ],
      "demand": [
        4,
        1
      ]
    },
    {
      "id": "C5",
      "x": 44.34,
      "y": 28.68,
      "time_window": [
        450.0,
        2001.43
      ],
      "demand": [
        4,
        1
      ]
    },
    {
      "id": "C6",
      "x": 89.53,
      "y": 87.65,
      "time_window": [
        450.0,
        1195.94
      ],
      "demand": [
        2,
        4
      ]
    },
    {
      "id": "C7",
      "x": 87.56,
      "y": 22.41,
      "time_window": [
        450.0,
        1793.0
      ],
      "demand": [
        4,
        1
      ]
    },
    {
      "id": "C8",
      "x": 3.5,
      "y": 8.57,
      "time_window": [
        450.0,
        1668.23
      ],
      "demand": [
        1,
        1
      ]
    },
    {
      "id": "C9",
      "x": 40.93,
      "y": 40.22,
      "time_window": [
        450.0,
        1111.05
      ],
      "demand": [
        2,
        1
      ]
    },
    {
      "id": "C10",
      "x": 71.22,
      "y": 64.85,
      "time_window": [
        450.0,
        1048.04
      ],
      "demand": [
        1,
        3
      ]
    },
    {
      "id": "C11",
      "x": 39.94,
      "y": 41.32,
      "time_window": [
        450.0,
        1660.33
      ],
      "demand": [
        2,
        1
      ]
    },
    {
      "id": "C12",
      "x": 17.23,
      "y": 1.65,
      "time_window": [
        450.0,
        1779.12
      ],
      "demand": [
        2,
        4
      ]
    },
    {
      "id": "C13",
      "x": 39.24,
      "y": 45.14,
      "time_window": [
        450.0,
        1788.16
      ],
      "demand": [
        1,
        4
      ]
    },
    {
      "id": "C14",
      "x": 66.53,
      "y": 47.57,
      "time_window": [
        450.0,
        1055.71
      ],
      "demand": [
        4,
        1
      ]
    },
    {
      "id": "C15",
      "x": 54.3,
      "y": 61.46,
      "time_window": [
        450.0,
        1662.3
      ],
      "demand": [
        2,
        1
      ]
    },
    {
      "id": "C16",
      "x": 67.06,
      "y": 53.69,
      "time_window": [
        450.0,
        2550
      ],
      "demand": [
        4,
        2
      ]
    },
    {
      "id": "C17",
      "x": 74.69,
      "y": 37.68,
      "time_window": [
        450.0,
        2118.82
      ],
      "demand": [
        3,
        3
      ]
    },
    {
      "id": "C18",
      "x": 88.97,
      "y": 5.54,
      "time_window": [
        450.0,
        1484.04
      ],
      "demand": [
        1,
        3
      ]
    },
    {
      "id": "C19",
      "x": 47.74,
      "y": 44.86,
      "time_window": [
        450.0,
        2096.48
      ],
      "demand": [
        1,
        2
      ]
    },
    {
      "id": "C20",
      "x": 16.09,
      "y": 17.07,
      "time_window": [
        450.0,
        1603.36
      ],
      "demand": [
        1,
        3
      ]
    }
  ]
}