{
  "set_id": 2,
  "inst_id": 1,
  "vehicles": {
    "CT": {
      "count": 6,
      "capacity": 1500,
      "fixed_cost": 1500,
      "unit_cost_factor": 1.2
    },
    "UV": {
      "count": 8,
      "capacity": 500,
      "fixed_cost": 500,
      "unit_cost_factor": 1.1
    }
  },
  "P": 3,
  "item_weights": [
    5,
    15,
    15
  ],
  "inventory_ratio": 1.4,
  "FCs": [
    {
      "id": "FC1",
      "x": 25,
      "y": 25,
      "time_window": [
        0.0,
        3000.0
      ],
      "inventory": [
        37,
        27,
        44
      ]
    },
    {
      "id": "FC2",
      "x": 75,
      "y": 75,
      "time_window": [
        0.0,
        3000.0
      ],
      "inventory": [
        32,
        32,
        28
      ]
    }
  ],
  "DCs": [
    {
      "id": "DC1",
      "x": 16.71,
      "y": 62.09,
      "time_window": [
        300.0,
        2700.0
      ]
    },
    {
      "id": "DC2",
      "x": 8.1,
      "y": 42.56,
      "time_window": [
        300.0,
        2700.0
      ]
    },
    {
      "id": "DC3",
      "x": 96.02,
      "y": 68.98,
      "time_window": [
        300.0,
        2700.0
      ]
    },
    {
      "id": "DC4",
      "x": 93.85,
      "y": 24.2,
      "time_window": [
        300.0,
        2700.0
      ]
    }
  ],
  "CDPs": [
    {
      "id": "CDP1",
      "x": 36.66,
      "y": 81.75,
      "time_window": [
        0.0,
        3000.0
      ],
      "capacity": 121
    },
    {
      "id": "CDP2",
      "x": 14.2,
      "y": 8.16,
      "time_window": [
        0.0,
        3000.0
      ],
      "capacity": 195
    },
    {
      "id": "CDP3",
      "x": 21.02,
      "y": 65.42,
      "time_window": [
        0.0,
        3000.0
      ],
      "capacity": 271
    },
    {
      "id": "CDP4",
      "x": 90.79,
      "y": 64.45,
      "time_window": [
        0.0,
        3000.0
      ],
      "capacity": 151
    },
    {
      "id": "CDP5",
      "x": 64.41,
      "y": 90.43,
      "time_window": [
        0.0,
        3000.0
      ],
      "capacity": 182
    },
    {
      "id": "CDP6",
      "x": 20.73,
      "y": 82.5,
      "time_window": [
        0.0,
        3000.0
      ],
      "capacity": 157
    },
    {
      "id": "CDP7",
      "x": 43.6,
      "y": 26.37,
      "time_window": [
        0.0,
        3000.0
      ],
      "capacity": 197
    },
    {
      "id": "CDP8",
      "x": 95.64,
      "y": 43.16,
      "time_window": [
        0.0,
        3000.0
      ],
      "capacity": 151
    },
    {
      "id": "CDP9",
      "x": 69.78,
      "y": 49.9,
      "time_window": [
        0.0,
        3000.0
      ],
      "capacity": 141
    },
    {
      "id": "CDP10",
      "x": 52.99,
      "y": 15.03,
      "time_window": [
        0.0,
        3000.0
      ],
      "capacity": 286
    },
    {
      "id": "CDP11",
      "x": 58.11,
      "y": 40.64,
      "time_window": [
        0.0,
        3000.0
      ],
      "capacity": 147
    },
    {
      "id": "CDP12",
      "x": 33.95,
      "y": 5.69,
      "time_window": [
        0.0,
        3000.0
      ],
      "capacity": 124
    }
  ],
  "Customers": [
    {
      "id": "C1",
      "x": 14.22,
      "y": 18.64,
      "time_window": [
        450.0,
        1220.85
      ],
      "demand": [
        2,
        1,
        4
      ]
    },
    {
      "id": "C2",
      "x": 9.06,
      "y": 1.32,
      "time_window": [
        450.0,
        2371.3
      ],
      "demand": [
        2,
        1,
        1
      ]
    },
    {
      "id": "C3",
      "x": 57.89,
      "y": 31.82,
      "time_window": [
        450.0,
        2077.19
      ],
      "demand": [
        4,
        2,
        2
      ]
    },
    {
      "id": "C4",
      "x": 34.21,
      "y": 57.27,
      "time_window": [
        450.0,
        1982.42
      ],
      "demand": [
        2,
        2,
        3
      ]
    },
    {
      "id": "C5",
      "x": 57.18,
      "y": 27.72,
      "time_window": [
        450.0,
        1951.42
      ],
      "demand": [
        4,
        3,
        4
      ]
    },
    {
      "id": "C6",
      "x": 41.69,
      "y": 37.69,
      "time_window": [
        450.0,
        1569.14
      ],
      "demand": [
        2,
        1,
        4
      ]
    },
    {
      "id": "C7",
      "x": 15.5,
      "y": 81.32,
      "time_window": [
        450.0,
        2414.95
      ],
      "demand": [
        4,
        3,
        4
      ]
    },
    {
      "id": "C8",
      "x": 11.79,
      "y": 81.36,
      "time_window": [
        450.0,
        2524.53
      ],
      "demand": [
        2,
        3,
        3
      ]
    },
    {
      "id": "C9",
      "x": 98.22,
      "y": 85.89,
      "time_window": [
        450.0,
        2550
      ],
      "demand": [
        2,
        2,
        3
      ]
    },
    {
      "id": "C10",
      "x": 47.05,
      "y": 28.91,
      "time_window": [
        450.0,
        1496.68
      ],
      "demand": [
        4,
        3,
        1
      ]
    },
    {
      "id": "C11",
      "x": 82.52,
      "y": 85.42,
      "time_window": [
        450.0,
        1108.88
      ],
      "demand": [
        4,
        4,
        1
      ]
    },
    {
      "id": "C12",
      "x": 28.59,
      "y": 72.21,
      "time_window": [
        450.0,
        1020.3
      ],
      "demand": [
        1,
        1,
        4
      ]
    },
    {
      "id": "C13",
      "x": 28.3,
      "y": 51.53,
      "time_window": [
        450.0,
        1024.04
      ],
      "demand": [
        3,
        2,
        4
      ]
    },
    {
      "id": "C14",
      "x": 57.27,
      "y": 53.69,
      "time_window": [
        450.0,
        1412.6
      ],
      "demand": [
        4,
        2,
        1
      ]
    },
    {
      "id": "C15",
      "x": 44.6,
      "y": 52.36,
      "time_window": [
        450.0,
        1832.89
      ],
      "demand": [
        3,
        1,
        1
      ]
    },
    {
      "id": "C16",
      "x": 50.15,
      "y": 62.3,
      "time_window": [
        450.0,
        1697.52
      ],
      "demand": [
        1,
        2,
        1
      ]
    },
    {
      "id": "C17",
      "x": 31.35,
      "y": 68.02,
      "time_window": [
        450.0,
        1235.78
      ],
      "demand": [
        1,
        3,
        2
      ]
    },
    {
      "id": "C18",
      "x": 31.06,
      "y": 30.67,
      "time_window": [
        450.0,
        2278.66
      ],
      "demand": [
        2,
        3,
        2
      ]
    },
    {
      "id": "C19",
      "x": 1.59,
      "y": 85.81,
      "time_window": [
        450.0,
        2482.21
      ],
      "demand": [
        1,
        1,
        2
      ]
    },
    {
      "id": "C20",
      "x": 11.54,
      "y": 6.23,
      "time_window": [
        450.0,
        1877.69
      ],
      "demand": [
        1,
        2,
        4
      ]
    }
  ]
}