{
  "set_id": 9,
  "inst_id": 9,
  "vehicles": {
    "CT": {
      "count": 32,
      "capacity": 1500,
      "fixed_cost": 1500,
      "unit_cost_factor": 1.2
    },
    "UV": {
      "count": 64,
      "capacity": 500,
      "fixed_cost": 500,
      "unit_cost_factor": 1.1
    }
  },
  "P": 3,
  "item_weights": [
    15,
    15,
    15
  ],
  "inventory_ratio": 1.3,
  "FCs": [
    {
      "id": "FC1",
      "x": 25,
      "y": 25,
      "time_window": [
        0.0,
        3000.0
      ],
      "inventory": [
        177,
        154,
        159
      ]
    },
    {
      "id": "FC2",
      "x": 25,
      "y": 75,
      "time_window": [
        0.0,
        3000.0
      ],
      "inventory": [
        150,
        165,
        164
      ]
    },
    {
      "id": "FC3",
      "x": 75,
      "y": 25,
      "time_window": [
        0.0,
        3000.0
      ],
      "inventory": [
        187,
        160,
        164
      ]
    },
    {
      "id": "FC4",
      "x": 75,
      "y": 75,
      "time_window": [
        0.0,
        3000.0
      ],
      "inventory": [
        166,
        161,
        162
      ]
    }
  ],
  "DCs": [
    {
      "id": "DC1",
      "x": 93.34,
      "y": 38.33,
      "time_window": [
        300.0,
        2700.0
      ]
    },
    {
      "id": "DC2",
      "x": 7.89,
      "y": 6.01,
      "time_window": [
        300.0,
        2700.0
      ]
    },
    {
      "id": "DC3",
      "x": 78.22,
      "y": 74.64,
      "time_window": [
        300.0,
        2700.0
      ]
    },
    {
      "id": "DC4",
      "x": 80.17,
      "y": 66.75,
      "time_window": [
        300.0,
        2700.0
      ]
    },
    {
      "id": "DC5",
      "x": 4.86,
      "y": 91.96,
      "time_window": [
        300.0,
        2700.0
      ]
    },
    {
      "id": "DC6",
      "x": 72.07,
      "y": 6.87,
      "time_window": [
        300.0,
        2700.0
      ]
    },
    {
      "id": "DC7",
      "x": 80.01,
      "y": 51.14,
      "time_window": [
        300.0,
        2700.0
      ]
    },
    {
      "id": "DC8",
      "x": 63.0,
      "y": 92.77,
      "time_window": [
        300.0,
        2700.0
      ]
    }
  ],
  "CDPs": [
    {
      "id": "CDP1",
      "x": 96.52,
      "y": 84.21,
      "time_window": [
        0.0,
        3000.0
      ],
      "capacity": 186
    },
    {
      "id": "CDP2",
      "x": 92.2,
      "y": 53.73,
      "time_window": [
        0.0,
        3000.0
      ],
      "capacity": 175
    },
    {
      "id": "CDP3",
      "x": 16.98,
      "y": 1.58,
      "time_window": [
        0.0,
        3000.0
      ],
      "capacity": 202
    },
    {
      "id": "CDP4",
      "x": 65.84,
      "y": 93.09,
      "time_window": [
        0.0,
        3000.0
      ],
      "capacity": 265
    },
    {
      "id": "CDP5",
      "x": 28.27,
      "y": 44.04,
      "time_window": [
        0.0,
        3000.0
      ],
      "capacity": 103
    },
    {
      "id": "CDP6",
      "x": 30.29,
      "y": 36.54,
      "time_window": [
        0.0,
        3000.0
      ],
      "capacity": 277
    },
    {
      "id": "CDP7",
      "x": 62.47,
      "y": 31.44,
      "time_window": [
        0.0,
        3000.0
      ],
      "capacity": 280
    },
    {
      "id": "CDP8",
      "x": 67.49,
      "y": 17.45,
      "time_window": [
        0.0,
        3000.0
      ],
      "capacity": 252
    },
    {
      "id": "CDP9",
      "x": 90.8,
      "y": 61.18,
      "time_window": [
        0.0,
        3000.0
      ],
      "capacity": 102
    },
    {
      "id": "CDP10",
      "x": 75.97,
      "y": 14.06,
      "time_window": [
        0.0,
        3000.0
      ],
      "capacity": 191
    },
    {
      "id": "CDP11",
      "x": 82.98,
      "y": 60.25,
      "time_window": [
        0.0,
        3000.0
      ],
      "capacity": 216
    },
    {
      "id": "CDP12",
      "x": 84.67,
      "y": 16.7,
      "time_window": [
        0.0,
        3000.0
      ],
      "capacity": 198
    },
    {
      "id": "CDP13",
      "x": 41.39,
      "y": 9.23,
      "time_window": [
        0.0,
        3000.0
      ],
      "capacity": 127
    },
    {
      "id": "CDP14",
      "x": 97.97,
      "y": 59.99,
      "time_window": [
        0.0,
        3000.0
      ],
      "capacity": 109
    },
    {
      "id": "CDP15",
      "x": 37.49,
      "y": 47.73,
      "time_window": [
        0.0,
        3000.0
      ],
      "capacity": 246
    },
    {
      "id": "CDP16",
      "x": 47.31,
      "y": 25.53,
      "time_window": [
        0.0,
        3000.0
      ],
      "capacity": 235
    },
    {
      "id": "CDP17",
      "x": 3.63,
      "y": 27.14,
      "time_window": [
        0.0,
        3000.0
      ],
      "capacity": 156
    },
    {
      "id": "CDP18",
      "x": 25.68,
      "y": 59.8,
      "time_window": [
        0.0,
        3000.0
      ],
      "capacity": 200
    },
    {
      "id": "CDP19",
      "x": 66.98,
      "y": 27.1,
      "time_window": [
        0.0,
        3000.0
      ],
      "capacity": 186
    },
    {
      "id": "CDP20",
      "x": 65.81,
      "y": 59.6,
      "time_window": [
        0.0,
        3000.0
      ],
      "capacity": 131
    },
    {
      "id": "CDP21",
      "x": 34.52,
      "y": 91.24,
      "time_window": [
        0.0,
        3000.0
      ],
      "capacity": 253
    },
    {
      "id": "CDP22",
      "x": 4.75,
      "y": 4.26,
      "time_window": [
        0.0,
        3000.0
      ],
      "capacity": 193
    },
    {
      "id": "CDP23",
      "x": 63.27,
      "y": 37.05,
      "time_window": [
        0.0,
        3000.0
      ],
      "capacity": 108
    },
    {
      "id": "CDP24",
      "x": 28.41,
      "y": 38.97,
      "time_window": [
        0.0,
        3000.0
      ],
      "capacity": 263
    },
    {
      "id": "CDP25",
      "x": 64.09,
      "y": 41.44,
      "time_window": [
        0.0,
        3000.0
      ],
      "capacity": 101
    },
    {
      "id": "CDP26",
      "x": 27.42,
      "y": 99.64,
      "time_window": [
        0.0,
        3000.0
      ],
      "capacity": 185
    },
    {
      "id": "CDP27",
      "x": 8.02,
      "y": 45.92,
      "time_window": [
        0.0,
        3000.0
      ],
      "capacity": 164
    },
    {
      "id": "CDP28",
      "x": 31.21,
      "y": 99.02,
      "time_window": [
        0.0,
        3000.0
      ],
      "capacity": 138
    },
    {
      "id": "CDP29",
      "x": 22.64,
      "y": 54.07,
      "time_window": [
        0.0,
        3000.0
      ],
      "capacity": 153
    },
    {
      "id": "CDP30",
      "x": 51.4,
      "y": 92.58,
      "time_window": [
        0.0,
        3000.0
      ],
      "capacity": 200
    },
    {
      "id": "CDP31",
      "x": 8.14,
      "y": 50.64,
      "time_window": [
        0.0,
        3000.0
      ],
      "capacity": 241
    },
    {
      "id": "CDP32",
      "x": 46.74,
      "y": 47.09,
      "time_window": [
        0.0,
        3000.0
      ],
      "capacity": 104
    },
    {
      "id": "CDP33",
      "x": 76.08,
      "y": 52.73,
      "time_window": [
        0.0,
        3000.0
      ],
      "capacity": 162
    },
    {
      "id": "CDP34",
      "x": 33.43,
      "y": 47.74,
      "time_window": [
        0.0,
        3000.0
      ],
      "capacity": 216
    },
    {
      "id": "CDP35",
      "x": 37.14,
      "y": 77.81,
      "time_window": [
        0.0,
        3000.0
      ],
      "capacity": 254
    },
    {
      "id": "CDP36",
      "x": 79.02,
      "y": 9.95,
      "time_window": [
        0.0,
        3000.0
      ],
      "capacity": 170
    },
    {
      "id": "CDP37",
      "x": 52.18,
      "y": 5.48,
      "time_window": [
        0.0,
        3000.0
      ],
      "capacity": 191
    },
    {
      "id": "CDP38",
      "x": 48.63,
      "y": 12.73,
      "time_window": [
        0.0,
        3000.0
      ],
      "capacity": 194
    },
    {
      "id": "CDP39",
      "x": 2.27,
      "y": 94.33,
      "time_window": [
        0.0,
        3000.0
      ],
      "capacity": 121
    },
    {
      "id": "CDP40",
      "x": 80.34,
      "y": 48.2,
      "time_window": [
        0.0,
        3000.0
      ],
      "capacity": 249
    },
    {
      "id": "CDP41",
      "x": 4.38,
      "y": 44.85,
      "time_window": [
        0.0,
        3000.0
      ],
      "capacity": 102
    },
    {
      "id": "CDP42",
      "x": 95.82,
      "y": 71.73,
      "time_window": [
        0.0,
        3000.0
      ],
      "capacity": 240
    },
    {
      "id": "CDP43",
      "x": 9.86,
      "y": 94.49,
      "time_window": [
        0.0,
        3000.0
      ],
      "capacity": 216
    },
    {
      "id": "CDP44",
      "x": 91.83,
      "y": 0.59,
      "time_window": [
        0.0,
        3000.0
      ],
      "capacity": 151
    },
    {
      "id": "CDP45",
      "x": 88.31,
      "y": 62.92,
      "time_window": [
        0.0,
        3000.0
      ],
      "capacity": 112
    },
    {
      "id": "CDP46",
      "x": 43.75,
      "y": 74.99,
      "time_window": [
        0.0,
        3000.0
      ],
      "capacity": 280
    },
    {
      "id": "CDP47",
      "x": 72.35,
      "y": 26.66,
      "time_window": [
        0.0,
        3000.0
      ],
      "capacity": 244
    },
    {
      "id": "CDP48",
      "x": 83.93,
      "y": 57.82,
      "time_window": [
        0.0,
        3000.0
      ],
      "capacity": 267
    },
    {
      "id": "CDP49",
      "x": 56.73,
      "y": 14.72,
      "time_window": [
        0.0,
        3000.0
      ],
      "capacity": 160
    },
    {
      "id": "CDP50",
      "x": 23.48,
      "y": 70.86,
      "time_window": [
        0.0,
        3000.0
      ],
      "capacity": 175
    },
    {
      "id": "CDP51",
      "x": 78.92,
      "y": 5.83,
      "time_window": [
        0.0,
        3000.0
      ],
      "capacity": 170
    },
    {
      "id": "CDP52",
      "x": 61.68,
      "y": 64.42,
      "time_window": [
        0.0,
        3000.0
      ],
      "capacity": 282
    },
    {
      "id": "CDP53",
      "x": 85.29,
      "y": 17.49,
      "time_window": [
        0.0,
        3000.0
      ],
      "capacity": 218
    },
    {
      "id": "CDP54",
      "x": 87.27,
      "y": 46.5,
      "time_window": [
        0.0,
        3000.0
      ],
      "capacity": 293
    },
    {
      "id": "CDP55",
      "x": 22.7,
      "y": 56.59,
      "time_window": [
        0.0,
        3000.0
      ],
      "capacity": 287
    },
    {
      "id": "CDP56",
      "x": 69.44,
      "y": 40.89,
      "time_window": [
        0.0,
        3000.0
      ],
      "capacity": 261
    },
    {
      "id": "CDP57",
      "x": 59.99,
      "y": 21.88,
      "time_window": [
        0.0,
        3000.0
      ],
      "capacity": 146
    },
    {
      "id": "CDP58",
      "x": 38.61,
      "y": 65.49,
      "time_window": [
        0.0,
        3000.0
      ],
      "capacity": 173
    },
    {
      "id": "CDP59",
      "x": 85.08,
      "y": 32.4,
      "time_window": [
        0.0,
        3000.0
      ],
      "capacity": 105
    },
    {
      "id": "CDP60",
      "x": 7.02,
      "y": 86.35,
      "time_window": [
        0.0,
        3000.0
      ],
      "capacity": 257
    },
    {
      "id": "CDP61",
      "x": 16.95,
      "y": 35.34,
      "time_window": [
        0.0,
        3000.0
      ],
      "capacity": 148
    },
    {
      "id": "CDP62",
      "x": 6.88,
      "y": 31.83,
      "time_window": [
        0.0,
        3000.0
      ],
      "capacity": 174
    },
    {
      "id": "CDP63",
      "x": 4.68,
      "y": 40.95,
      "time_window": [
        0.0,
        3000.0
      ],
      "capacity": 202
    },
    {
      "id": "CDP64",
      "x": 77.67,
      "y": 40.0,
      "time_window": [
        0.0,
        3000.0
      ],
      "capacity": 184
    },
    {
      "id": "CDP65",
      "x": 86.62,
      "y": 1.71,
      "time_window": [
        0.0,
        3000.0
      ],
      "capacity": 271
    },
    {
      "id": "CDP66",
      "x": 54.45,
      "y": 72.22,
      "time_window": [
        0.0,
        3000.0
      ],
      "capacity": 158
    },
    {
      "id": "CDP67",
      "x": 69.03,
      "y": 90.69,
      "time_window": [
        0.0,
        3000.0
      ],
      "capacity": 252
    },
    {
      "id": "CDP68",
      "x": 75.63,
      "y": 46.28,
      "time_window": [
        0.0,
        3000.0
      ],
      "capacity": 295
    },
    {
      "id": "CDP69",
      "x": 71.47,
      "y": 60.27,
      "time_window": [
        0.0,
        3000.0
      ],
      "capacity": 134
    },
    {
      "id": "CDP70",
      "x": 96.24,
      "y": 28.19,
      "time_window": [
        0.0,
        3000.0
      ],
      "capacity": 168
    },
    {
      "id": "CDP71",
      "x": 38.34,
      "y": 72.86,
      "time_window": [
        0.0,
        3000.0
      ],
      "capacity": 283
    },
    {
      "id": "CDP72",
      "x": 77.48,
      "y": 40.76,
      "time_window": [
        0.0,
        3000.0
      ],
      "capacity": 160
    },
    {
      "id": "CDP73",
      "x": 57.53,
      "y": 33.98,
      "time_window": [
        0.0,
        3000.0
      ],
      "capacity": 259
    },
    {
      "id": "CDP74",
      "x": 20.77,
      "y": 40.28,
      "time_window": [
        0.0,
        3000.0
      ],
      "capacity": 287
    },
    {
      "id": "CDP75",
      "x": 3.36,
      "y": 40.11,
      "time_window": [
        0.0,
        3000.0
      ],
      "capacity": 276
    },
    {
      "id": "CDP76",
      "x": 27.71,
      "y": 35.41,
      "time_window": [
        0.0,
        3000.0
      ],
      "capacity": 280
    },
    {
      "id": "CDP77",
      "x": 40.08,
      "y": 41.05,
      "time_window": [
        0.0,
        3000.0
      ],
      "capacity": 170
    },
    {
      "id": "CDP78",
      "x": 14.84,
      "y": 8.15,
      "time_window": [
        0.0,
        3000.0
      ],
      "capacity": 110
    },
    {
      "id": "CDP79",
      "x": 70.31,
      "y": 91.61,
      "time_window": [
        0.0,
        3000.0
      ],
      "capacity": 187
    },
    {
      "id": "CDP80",
      "x": 97.87,
      "y": 97.52,
      "time_window": [
        0.0,
        3000.0
      ],
      "capacity": 204
    },
    {
      "id": "CDP81",
      "x": 57.25,
      "y": 32.24,
      "time_window": [
        0.0,
        3000.0
      ],
      "capacity": 260
    },
    {
      "id": "CDP82",
      "x": 50.78,
      "y": 47.73,
      "time_window": [
        0.0,
        3000.0
      ],
      "capacity": 153
    },
    {
      "id": "CDP83",
      "x": 22.18,
      "y": 16.5,
      "time_window": [
        0.0,
        3000.0
      ],
      "capacity": 209
    },
    {
      "id": "CDP84",
      "x": 91.72,
      "y": 3.24,
      "time_window": [
        0.0,
        3000.0
      ],
      "capacity": 280
    },
    {
      "id": "CDP85",
      "x": 70.86,
      "y": 77.14,
      "time_window": [
        0.0,
        3000.0
      ],
      "capacity": 293
    },
    {
      "id": "CDP86",
      "x": 19.77,
      "y": 92.41,
      "time_window": [
        0.0,
        3000.0
      ],
      "capacity": 185
    },
    {
      "id": "CDP87",
      "x": 60.64,
      "y": 2.66,
      "time_window": [
        0.0,
        3000.0
      ],
      "capacity": 221
    },
    {
      "id": "CDP88",
      "x": 31.87,
      "y": 10.93,
      "time_window": [
        0.0,
        3000.0
      ],
      "capacity": 131
    },
    {
      "id": "CDP89",
      "x": 59.75,
      "y": 95.11,
      "time_window": [
        0.0,
        3000.0
      ],
      "capacity": 132
    },
    {
      "id": "CDP90",
      "x": 98.97,
      "y": 50.2,
      "time_window": [
        0.0,
        3000.0
      ],
      "capacity": 264
    },
    {
      "id": "CDP91",
      "x": 10.81,
      "y": 77.88,
      "time_window": [
        0.0,
        3000.0
      ],
      "capacity": 299
    },
    {
      "id": "CDP92",
      "x": 85.3,
      "y": 19.05,
      "time_window": [
        0.0,
        3000.0
      ],
      "capacity": 248
    },
    {
      "id": "CDP93",
      "x": 34.18,
      "y": 20.35,
      "time_window": [
        0.0,
        3000.0
      ],
      "capacity": 170
    },
    {
      "id": "CDP94",
      "x": 12.09,
      "y": 36.97,
      "time_window": [
        0.0,
        3000.0
      ],
      "capacity": 272
    },
    {
      "id": "CDP95",
      "x": 13.46,
      "y": 18.96,
      "time_window": [
        0.0,
        3000.0
      ],
      "capacity": 119
    },
    {
      "id": "CDP96",
      "x": 44.2,
      "y": 66.11,
      "time_window": [
        0.0,
        3000.0
      ],
      "capacity": 145
    },
    {
      "id": "CDP97",
      "x": 35.56,
      "y": 46.5,
      "time_window": [
        0.0,
        3000.0
      ],
      "capacity": 146
    },
    {
      "id": "CDP98",
      "x": 15.19,
      "y": 72.65,
      "time_window": [
        0.0,
        3000.0
      ],
      "capacity": 177
    },
    {
      "id": "CDP99",
      "x": 66.04,
      "y": 19.03,
      "time_window": [
        0.0,
        3000.0
      ],
      "capacity": 266
    },
    {
      "id": "CDP100",
      "x": 52.86,
      "y": 61.46,
      "time_window": [
        0.0,
        3000.0
      ],
      "capacity": 161
    }
  ],
  "Customers": [
    {
      "id": "C1",
      "x": 65.41,
      "y": 57.58,
      "time_window": [
        450.0,
        1164.46
      ],
      "demand": [
        4,
        2,
        1
      ]
    },
    {
      "id": "C2",
      "x": 71.7,
      "y": 74.89,
      "time_window": [
        450.0,
        1066.01
      ],
      "demand": [
        2,
        4,
        4
      ]
    },
    {
      "id": "C3",
      "x": 75.79,
      "y": 21.03,
      "time_window": [
        450.0,
        2534.25
      ],
      "demand": [
        4,
        4,
        3
      ]
    },
    {
      "id": "C4",
      "x": 25.6,
      "y": 41.48,
      "time_window": [
        450.0,
        1314.99
      ],
      "demand": [
        1,
        2,
        4
      ]
    },
    {
      "id": "C5",
      "x": 64.89,
      "y": 33.61,
      "time_window": [
        450.0,
        1025.14
      ],
      "demand": [
        2,
        1,
        4
      ]
    },
    {
      "id": "C6",
      "x": 29.99,
      "y": 71.29,
      "time_window": [
        450.0,
        2255.85
      ],
      "demand": [
        2,
        2,
        1
      ]
    },
    {
      "id": "C7",
      "x": 72.08,
      "y": 73.05,
      "time_window": [
        450.0,
        1466.73
      ],
      "demand": [
        3,
        4,
        2
      ]
    },
    {
      "id": "C8",
      "x": 72.19,
      "y": 63.97,
      "time_window": [
        450.0,
        2384.41
      ],
      "demand": [
        3,
        3,
        3
      ]
    },
    {
      "id": "C9",
      "x": 75.16,
      "y": 81.68,
      "time_window": [
        450.0,
        2457.39
      ],
      "demand": [
        4,
        1,
        2
      ]
    },
    {
      "id": "C10",
      "x": 65.56,
      "y": 30.03,
      "time_window": [
        450.0,
        1185.93
      ],
      "demand": [
        2,
        2,
        4
      ]
    },
    {
      "id": "C11",
      "x": 17.67,
      "y": 91.7,
      "time_window": [
        450.0,
        1469.96
      ],
      "demand": [
        2,
        2,
        3
      ]
    },
    {
      "id": "C12",
      "x": 32.84,
      "y": 73.45,
      "time_window": [
        450.0,
        1562.91
      ],
      "demand": [
        2,
        1,
        1
      ]
    },
    {
      "id": "C13",
      "x": 73.53,
      "y": 50.64,
      "time_window": [
        450.0,
        1261.66
      ],
      "demand": [
        4,
        1,
        3
      ]
    },
    {
      "id": "C14",
      "x": 62.84,
      "y": 45.39,
      "time_window": [
        450.0,
        1252.16
      ],
      "demand": [
        4,
        4,
        3
      ]
    },
    {
      "id": "C15",
      "x": 14.94,
      "y": 9.76,
      "time_window": [
        450.0,
        2297.44
      ],
      "demand": [
        3,
        1,
        1
      ]
    },
    {
      "id": "C16",
      "x": 19.36,
      "y": 18.63,
      "time_window": [
        450.0,
        2062.83
      ],
      "demand": [
        2,
        4,
        4
      ]
    },
    {
      "id": "C17",
      "x": 37.36,
      "y": 67.6,
      "time_window": [
        450.0,
        2247.8
      ],
      "demand": [
        3,
        3,
        1
      ]
    },
    {
      "id": "C18",
      "x": 12.78,
      "y": 86.27,
      "time_window": [
        450.0,
        1208.6
      ],
      "demand": [
        4,
        2,
        3
      ]
    },
    {
      "id": "C19",
      "x": 30.76,
      "y": 68.67,
      "time_window": [
        450.0,
        1595.23
      ],
      "demand": [
        2,
        1,
        3
      ]
    },
    {
      "id": "C20",
      "x": 62.44,
      "y": 67.23,
      "time_window": [
        450.0,
        2466.36
      ],
      "demand": [
        2,
        3,
        4
      ]
    },
    {
      "id": "C21",
      "x": 95.97,
      "y": 98.79,
      "time_window": [
        450.0,
        2493.86
      ],
      "demand": [
        1,
        2,
        1
      ]
    },
    {
      "id": "C22",
      "x": 96.95,
      "y": 88.95,
      "time_window": [
        450.0,
        1431.16
      ],
      "demand": [
        3,
        1,
        2
      ]
    },
    {
      "id": "C23",
      "x": 14.1,
      "y": 89.88,
      "time_window": [
        450.0,
        1229.41
      ],
      "demand": [
        3,
        3,
        3
      ]
    },
    {
      "id": "C24",
      "x": 76.08,
      "y": 2.02,
      "time_window": [
        450.0,
        2550
      ],
      "demand": [
        1,
        4,
        2
      ]
    },
    {
      "id": "C25",
      "x": 2.96,
      "y": 11.24,
      "time_window": [
        450.0,
        1895.29
      ],
      "demand": [
        1,
        2,
        3
      ]
    },
    {
      "id": "C26",
      "x": 3.67,
      "y": 99.35,
      "time_window": [
        450.0,
        1687.94
      ],
      "demand": [
        3,
        4,
        4
      ]
    },
    {
      "id": "C27",
      "x": 33.61,
      "y": 49.06,
      "time_window": [
        450.0,
        1773.09
      ],
      "demand": [
        2,
        1,
        2
      ]
    },
    {
      "id": "C28",
      "x": 78.97,
      "y": 10.98,
      "time_window": [
        450.0,
        1941.45
      ],
      "demand": [
        1,
        1,
        2
      ]
    },
    {
      "id": "C29",
      "x": 25.01,
      "y": 32.05,
      "time_window": [
        450.0,
        1031.92
      ],
      "demand": [
        4,
        4,
        2
      ]
    },
    {
      "id": "C30",
      "x": 68.57,
      "y": 47.36,
      "time_window": [
        450.0,
        2041.7
      ],
      "demand": [
        4,
        4,
        1
      ]
    },
    {
      "id": "C31",
      "x": 27.07,
      "y": 72.27,
      "time_window": [
        450.0,
        1610.09
      ],
      "demand": [
        1,
        3,
        4
      ]
    },
    {
      "id": "C32",
      "x": 22.06,
      "y": 16.9,
      "time_window": [
        450.0,
        1139.66
      ],
      "demand": [
        3,
        2,
        4
      ]
    },
    {
      "id": "C33",
      "x": 12.56,
      "y": 92.8,
      "time_window": [
        450.0,
        2167.84
      ],
      "demand": [
        2,
        3,
        2
      ]
    },
    {
      "id": "C34",
      "x": 32.84,
      "y": 29.3,
      "time_window": [
        450.0,
        1774.74
      ],
      "demand": [
        1,
        3,
        4
      ]
    },
    {
      "id": "C35",
      "x": 75.19,
      "y": 14.79,
      "time_window": [
        450.0,
        1739.31
      ],
      "demand": [
        1,
        3,
        1
      ]
    },
    {
      "id": "C36",
      "x": 99.31,
      "y": 1.57,
      "time_window": [
        450.0,
        2337.05
      ],
      "demand": [
        2,
        1,
        1
      ]
    },
    {
      "id": "C37",
      "x": 66.48,
      "y": 34.87,
      "time_window": [
        450.0,
        1982.29
      ],
      "demand": [
        3,
        1,
        4
      ]
    },
    {
      "id": "C38",
      "x": 44.8,
      "y": 52.14,
      "time_window": [
        450.0,
        2456.02
      ],
      "demand": [
        4,
        1,
        1
      ]
    },
    {
      "id": "C39",
      "x": 78.39,
      "y": 88.03,
      "time_window": [
        450.0,
        2240.66
      ],
      "demand": [
        1,
        1,
        1
      ]
    },
    {
      "id": "C40",
      "x": 90.51,
      "y": 88.5,
      "time_window": [
        450.0,
        1260.6
      ],
      "demand": [
        3,
        4,
        4
      ]
    },
    {
      "id": "C41",
      "x": 74.92,
      "y": 66.14,
      "time_window": [
        450.0,
        1598.52
      ],
      "demand": [
        1,
        3,
        3
      ]
    },
    {
      "id": "C42",
      "x": 66.18,
      "y": 69.44,
      "time_window": [
        450.0,
        2458.51
      ],
      "demand": [
        2,
        4,
        4
      ]
    },
    {
      "id": "C43",
      "x": 3.15,
      "y": 2.58,
      "time_window": [
        450.0,
        1998.46
      ],
      "demand": [
        1,
        2,
        4
      ]
    },
    {
      "id": "C44",
      "x": 43.65,
      "y": 56.29,
      "time_window": [
        450.0,
        2117.0
      ],
      "demand": [
        2,
        2,
        4
      ]
    },
    {
      "id": "C45",
      "x": 32.95,
      "y": 56.21,
      "time_window": [
        450.0,
        1318.92
      ],
      "demand": [
        1,
        1,
        2
      ]
    },
    {
      "id": "C46",
      "x": 99.1,
      "y": 23.81,
      "time_window": [
        450.0,
        1571.87
      ],
      "demand": [
        3,
        1,
        4
      ]
    },
    {
      "id": "C47",
      "x": 18.32,
      "y": 0.58,
      "time_window": [
        450.0,
        2282.6
      ],
      "demand": [
        2,
        2,
        1
      ]
    },
    {
      "id": "C48",
      "x": 10.86,
      "y": 2.55,
      "time_window": [
        450.0,
        1249.35
      ],
      "demand": [
        2,
        4,
        4
      ]
    },
    {
      "id": "C49",
      "x": 80.2,
      "y": 11.55,
      "time_window": [
        450.0,
        1118.63
      ],
      "demand": [
        4,
        2,
        1
      ]
    },
    {
      "id": "C50",
      "x": 10.85,
      "y": 12.37,
      "time_window": [
        450.0,
        2479.48
      ],
      "demand": [
        2,
        1,
        3
      ]
    },
    {
      "id": "C51",
      "x": 79.13,
      "y": 19.85,
      "time_window": [
        450.0,
        1687.62
      ],
      "demand": [
        1,
        2,
        1
      ]
    },
    {
      "id": "C52",
      "x": 65.0,
      "y": 54.95,
      "time_window": [
        450.0,
        1528.6
      ],
      "demand": [
        4,
        1,
        4
      ]
    },
    {
      "id": "C53",
      "x": 72.57,
      "y": 40.96,
      "time_window": [
        450.0,
        1508.16
      ],
      "demand": [
        4,
        2,
        3
      ]
    },
    {
      "id": "C54",
      "x": 34.97,
      "y": 52.24,
      "time_window": [
        450.0,
        1571.02
      ],
      "demand": [
        4,
        1,
        2
      ]
    },
    {
      "id": "C55",
      "x": 63.76,
      "y": 67.06,
      "time_window": [
        450.0,
        1996.17
      ],
      "demand": [
        2,
        2,
        4
      ]
    },
    {
      "id": "C56",
      "x": 2.87,
      "y": 11.6,
      "time_window": [
        450.0,
        1371.12
      ],
      "demand": [
        2,
        4,
        1
      ]
    },
    {
      "id": "C57",
      "x": 67.25,
      "y": 39.46,
      "time_window": [
        450.0,
        1736.18
      ],
      "demand": [
        4,
        2,
        4
      ]
    },
    {
      "id": "C58",
      "x": 67.75,
      "y": 50.23,
      "time_window": [
        450.0,
        2239.07
      ],
      "demand": [
        2,
        1,
        2
      ]
    },
    {
      "id": "C59",
      "x": 26.3,
      "y": 35.96,
      "time_window": [
        450.0,
        1930.76
      ],
      "demand": [
        4,
        2,
        3
      ]
    },
    {
      "id": "C60",
      "x": 92.79,
      "y": 2.75,
      "time_window": [
        450.0,
        1651.46
      ],
      "demand": [
        4,
        2,
        2
      ]
    },
    {
      "id": "C61",
      "x": 56.2,
      "y": 63.7,
      "time_window": [
        450.0,
        1417.19
      ],
      "demand": [
        4,
        1,
        1
      ]
    },
    {
      "id": "C62",
      "x": 15.47,
      "y": 10.97,
      "time_window": [
        450.0,
        1436.81
      ],
      "demand": [
        4,
        3,
        3
      ]
    },
    {
      "id": "C63",
      "x": 88.75,
      "y": 6.1,
      "time_window": [
        450.0,
        1114.28
      ],
      "demand": [
        4,
        4,
        3
      ]
    },
    {
      "id": "C64",
      "x": 59.85,
      "y": 66.76,
      "time_window": [
        450.0,
        1786.1
      ],
      "demand": [
        3,
        2,
        4
      ]
    },
    {
      "id": "C65",
      "x": 47.47,
      "y": 43.18,
      "time_window": [
        450.0,
        1078.03
      ],
      "demand": [
        4,
        2,
        4
      ]
    },
    {
      "id": "C66",
      "x": 58.24,
      "y": 60.31,
      "time_window": [
        450.0,
        2106.42
      ],
      "demand": [
        1,
        4,
        2
      ]
    },
    {
      "id": "C67",
      "x": 25.19,
      "y": 41.04,
      "time_window": [
        450.0,
        1167.46
      ],
      "demand": [
        1,
        3,
        1
      ]
    },
    {
      "id": "C68",
      "x": 60.4,
      "y": 65.11,
      "time_window": [
        450.0,
        1479.71
      ],
      "demand": [
        2,
        4,
        2
      ]
    },
    {
      "id": "C69",
      "x": 22.13,
      "y": 4.74,
      "time_window": [
        450.0,
        1109.66
      ],
      "demand": [
        4,
        2,
        2
      ]
    },
    {
      "id": "C70",
      "x": 94.77,
      "y": 3.78,
      "time_window": [
        450.0,
        2543.32
      ],
      "demand": [
        1,
        4,
        2
      ]
    },
    {
      "id": "C71",
      "x": 57.82,
      "y": 64.53,
      "time_window": [
        450.0,
        2063.3
      ],
      "demand": [
        4,
        3,
        3
      ]
    },
    {
      "id": "C72",
      "x": 54.61,
      "y": 53.64,
      "time_window": [
        450.0,
        1566.1
      ],
      "demand": [
        2,
        3,
        1
      ]
    },
    {
      "id": "C73",
      "x": 22.54,
      "y": 82.32,
      "time_window": [
        450.0,
        1392.7
      ],
      "demand": [
        4,
        1,
        1
      ]
    },
    {
      "id": "C74",
      "x": 29.29,
      "y": 46.84,
      "time_window": [
        450.0,
        2268.77
      ],
      "demand": [
        3,
        4,
        3
      ]
    },
    {
      "id": "C75",
      "x": 15.06,
      "y": 91.18,
      "time_window": [
        450.0,
        2161.83
      ],
      "demand": [
        4,
        2,
        2
      ]
    },
    {
      "id": "C76",
      "x": 20.94,
      "y": 9.87,
      "time_window": [
        450.0,
        2417.8
      ],
      "demand": [
        1,
        3,
        4
      ]
    },
    {
      "id": "C77",
      "x": 27.36,
      "y": 43.93,
      "time_window": [
        450.0,
        1437.33
      ],
      "demand": [
        1,
        3,
        4
      ]
    },
    {
      "id": "C78",
      "x": 38.93,
      "y": 37.62,
      "time_window": [
        450.0,
        962.63
      ],
      "demand": [
        3,
        3,
        1
      ]
    },
    {
      "id": "C79",
      "x": 29.75,
      "y": 59.68,
      "time_window": [
        450.0,
        2536.0
      ],
      "demand": [
        3,
        3,
        4
      ]
    },
    {
      "id": "C80",
      "x": 26.21,
      "y": 25.67,
      "time_window": [
        450.0,
        1584.94
      ],
      "demand": [
        3,
        3,
        4
      ]
    },
    {
      "id": "C81",
      "x": 36.75,
      "y": 26.4,
      "time_window": [
        450.0,
        1278.61
      ],
      "demand": [
        1,
        2,
        3
      ]
    },
    {
      "id": "C82",
      "x": 80.99,
      "y": 90.24,
      "time_window": [
        450.0,
        2355.25
      ],
      "demand": [
        4,
        3,
        3
      ]
    },
    {
      "id": "C83",
      "x": 51.56,
      "y": 52.48,
      "time_window": [
        450.0,
        952.82
      ],
      "demand": [
        3,
        1,
        3
      ]
    },
    {
      "id": "C84",
      "x": 2.84,
      "y": 13.44,
      "time_window": [
        450.0,
        1046.23
      ],
      "demand": [
        2,
        3,
        2
      ]
    },
    {
      "id": "C85",
      "x": 55.94,
      "y": 63.61,
      "time_window": [
        450.0,
        2008.02
      ],
      "demand": [
        2,
        3,
        1
      ]
    },
    {
      "id": "C86",
      "x": 8.08,
      "y": 2.17,
      "time_window": [
        450.0,
        1638.42
      ],
      "demand": [
        4,
        3,
        2
      ]
    },
    {
      "id": "C87",
      "x": 31.84,
      "y": 44.54,
      "time_window": [
        450.0,
        986.67
      ],
      "demand": [
        3,
        1,
        2
      ]
    },
    {
      "id": "C88",
      "x": 52.11,
      "y": 59.53,
      "time_window": [
        450.0,
        2179.74
      ],
      "demand": [
        2,
        2,
        3
      ]
    },
    {
      "id": "C89",
      "x": 73.4,
      "y": 56.6,
      "time_window": [
        450.0,
        1972.09
      ],
      "demand": [
        3,
        2,
        3
      ]
    },
    {
      "id": "C90",
      "x": 49.45,
      "y": 44.66,
      "time_window": [
        450.0,
        1160.99
      ],
      "demand": [
        3,
        4,
        2
      ]
    },
    {
      "id": "C91",
      "x": 74.41,
      "y": 42.07,
      "time_window": [
        450.0,
        1502.5
      ],
      "demand": [
        3,
        3,
        3
      ]
    },
    {
      "id": "C92",
      "x": 32.66,
      "y": 70.43,
      "time_window": [
        450.0,
        1610.35
      ],
      "demand": [
        1,
        1,
        4
      ]
    },
    {
      "id": "C93",
      "x": 8.21,
      "y": 9.84,
      "time_window": [
        450.0,
        2456.93
      ],
      "demand": [
        2,
        3,
        1
      ]
    },
    {
      "id": "C94",
      "x": 74.39,
      "y": 51.51,
      "time_window": [
        450.0,
        1049.79
      ],
      "demand": [
        4,
        1,
        1
      ]
    },
    {
      "id": "C95",
      "x": 34.79,
      "y": 69.88,
      "time_window": [
        450.0,
        1922.57
      ],
      "demand": [
        4,
        4,
        2
      ]
    },
    {
      "id": "C96",
      "x": 92.34,
      "y": 88.27,
      "time_window": [
        450.0,
        2193.95
      ],
      "demand": [
        2,
        2,
        3
      ]
    },
    {
      "id": "C97",
      "x": 98.34,
      "y": 23.04,
      "time_window": [
        450.0,
        2200.43
      ],
      "demand": [
        2,
        2,
        4
      ]
    },
    {
      "id": "C98",
      "x": 98.18,
      "y": 79.99,
      "time_window": [
        450.0,
        1110.96
      ],
      "demand": [
        3,
        3,
        1
      ]
    },
    {
      "id": "C99",
      "x": 82.01,
      "y": 14.66,
      "time_window": [
        450.0,
        1455.72
      ],
      "demand": [
        3,
        4,
        2
      ]
    },
    {
      "id": "C100",
      "x": 47.96,
      "y": 40.19,
      "time_window": [
        450.0,
        1332.2
      ],
      "demand": [
        3,
        4,
        4
      ]
    },
    {
      "id": "C101",
      "x": 50.58,
      "y": 61.81,
      "time_window": [
        450.0,
        1902.07
      ],
      "demand": [
        2,
        3,
        3
      ]
    },
    {
      "id": "C102",
      "x": 44.47,
      "y": 32.97,
      "time_window": [
        450.0,
        1276.87
      ],
      "demand": [
        2,
        2,
        4
      ]
    },
    {
      "id": "C103",
      "x": 28.18,
      "y": 45.31,
      "time_window": [
        450.0,
        1663.7
      ],
      "demand": [
        3,
        2,
        1
      ]
    },
    {
      "id": "C104",
      "x": 29.92,
      "y": 72.22,
      "time_window": [
        450.0,
        1394.87
      ],
      "demand": [
        2,
        1,
        4
      ]
    },
    {
      "id": "C105",
      "x": 78.78,
      "y": 84.74,
      "time_window": [
        450.0,
        1750.25
      ],
      "demand": [
        3,
        2,
        1
      ]
    },
    {
      "id": "C106",
      "x": 62.91,
      "y": 37.66,
      "time_window": [
        450.0,
        2325.08
      ],
      "demand": [
        1,
        4,
        1
      ]
    },
    {
      "id": "C107",
      "x": 5.08,
      "y": 23.21,
      "time_window": [
        450.0,
        1585.11
      ],
      "demand": [
        4,
        1,
        1
      ]
    },
    {
      "id": "C108",
      "x": 53.64,
      "y": 46.83,
      "time_window": [
        450.0,
        1624.65
      ],
      "demand": [
        4,
        2,
        2
      ]
    },
    {
      "id": "C109",
      "x": 59.56,
      "y": 27.69,
      "time_window": [
        450.0,
        2241.99
      ],
      "demand": [
        2,
        2,
        1
      ]
    },
    {
      "id": "C110",
      "x": 67.89,
      "y": 54.25,
      "time_window": [
        450.0,
        1730.43
      ],
      "demand": [
        2,
        4,
        3
      ]
    },
    {
      "id": "C111",
      "x": 97.76,
      "y": 83.75,
      "time_window": [
        450.0,
        1367.26
      ],
      "demand": [
        2,
        1,
        4
      ]
    },
    {
      "id": "C112",
      "x": 15.39,
      "y": 94.85,
      "time_window": [
        450.0,
        1213.71
      ],
      "demand": [
        2,
        3,
        1
      ]
    },
    {
      "id": "C113",
      "x": 32.42,
      "y": 30.21,
      "time_window": [
        450.0,
        2235.53
      ],
      "demand": [
        4,
        4,
        4
      ]
    },
    {
      "id": "C114",
      "x": 40.27,
      "y": 54.37,
      "time_window": [
        450.0,
        1224.11
      ],
      "demand": [
        4,
        1,
        3
      ]
    },
    {
      "id": "C115",
      "x": 85.33,
      "y": 83.05,
      "time_window": [
        450.0,
        2355.98
      ],
      "demand": [
        1,
        3,
        1
      ]
    },
    {
      "id": "C116",
      "x": 57.26,
      "y": 34.83,
      "time_window": [
        450.0,
        1580.67
      ],
      "demand": [
        1,
        1,
        2
      ]
    },
    {
      "id": "C117",
      "x": 15.25,
      "y": 3.75,
      "time_window": [
        450.0,
        1364.35
      ],
      "demand": [
        2,
        2,
        1
      ]
    },
    {
      "id": "C118",
      "x": 22.2,
      "y": 10.51,
      "time_window": [
        450.0,
        2405.4
      ],
      "demand": [
        1,
        1,
        1
      ]
    },
    {
      "id": "C119",
      "x": 48.75,
      "y": 28.83,
      "time_window": [
        450.0,
        1933.13
      ],
      "demand": [
        3,
        4,
        2
      ]
    },
    {
      "id": "C120",
      "x": 6.76,
      "y": 7.61,
      "time_window": [
        450.0,
        1814.63
      ],
      "demand": [
        2,
        4,
        3
      ]
    },
    {
      "id": "C121",
      "x": 63.63,
      "y": 33.34,
      "time_window": [
        450.0,
        1217.57
      ],
      "demand": [
        3,
        1,
        3
      ]
    },
    {
      "id": "C122",
      "x": 37.61,
      "y": 66.77,
      "time_window": [
        450.0,
        2269.61
      ],
      "demand": [
        3,
        3,
        3
      ]
    },
    {
      "id": "C123",
      "x": 8.19,
      "y": 17.34,
      "time_window": [
        450.0,
        1306.44
      ],
      "demand": [
        2,
        1,
        2
      ]
    },
    {
      "id": "C124",
      "x": 61.27,
      "y": 71.32,
      "time_window": [
        450.0,
        1580.18
      ],
      "demand": [
        2,
        4,
        3
      ]
    },
    {
      "id": "C125",
      "x": 91.69,
      "y": 10.36,
      "time_window": [
        450.0,
        2261.08
      ],
      "demand": [
        4,
        3,
        3
      ]
    },
    {
      "id": "C126",
      "x": 70.52,
      "y": 44.63,
      "time_window": [
        450.0,
        1859.58
      ],
      "demand": [
        3,
        3,
        2
      ]
    },
    {
      "id": "C127",
      "x": 35.99,
      "y": 37.75,
      "time_window": [
        450.0,
        1733.25
      ],
      "demand": [
        4,
        3,
        3
      ]
    },
    {
      "id": "C128",
      "x": 56.73,
      "y": 42.35,
      "time_window": [
        450.0,
        2502.45
      ],
      "demand": [
        1,
        3,
        1
      ]
    },
    {
      "id": "C129",
      "x": 64.13,
      "y": 40.05,
      "time_window": [
        450.0,
        2550
      ],
      "demand": [
        4,
        3,
        4
      ]
    },
    {
      "id": "C130",
      "x": 44.69,
      "y": 56.26,
      "time_window": [
        450.0,
        1435.74
      ],
      "demand": [
        2,
        2,
        1
      ]
    },
    {
      "id": "C131",
      "x": 93.04,
      "y": 99.91,
      "time_window": [
        450.0,
        1194.22
      ],
      "demand": [
        4,
        2,
        3
      ]
    },
    {
      "id": "C132",
      "x": 9.27,
      "y": 77.6,
      "time_window": [
        450.0,
        2299.38
      ],
      "demand": [
        4,
        1,
        4
      ]
    },
    {
      "id": "C133",
      "x": 8.32,
      "y": 83.94,
      "time_window": [
        450.0,
        1606.43
      ],
      "demand": [
        4,
        1,
        4
      ]
    },
    {
      "id": "C134",
      "x": 59.6,
      "y": 34.87,
      "time_window": [
        450.0,
        2377.01
      ],
      "demand": [
        4,
        3,
        1
      ]
    },
    {
      "id": "C135",
      "x": 45.35,
      "y": 30.18,
      "time_window": [
        450.0,
        2410.31
      ],
      "demand": [
        1,
        1,
        4
      ]
    },
    {
      "id": "C136",
      "x": 59.8,
      "y": 39.33,
      "time_window": [
        450.0,
        1332.55
      ],
      "demand": [
        4,
        4,
        1
      ]
    },
    {
      "id": "C137",
      "x": 69.22,
      "y": 29.06,
      "time_window": [
        450.0,
        1733.69
      ],
      "demand": [
        1,
        4,
        2
      ]
    },
    {
      "id": "C138",
      "x": 26.52,
      "y": 70.96,
      "time_window": [
        450.0,
        1853.12
      ],
      "demand": [
        3,
        3,
        3
      ]
    },
    {
      "id": "C139",
      "x": 29.28,
      "y": 43.13,
      "time_window": [
        450.0,
        1565.95
      ],
      "demand": [
        2,
        1,
        2
      ]
    },
    {
      "id": "C140",
      "x": 53.57,
      "y": 58.1,
      "time_window": [
        450.0,
        2359.6
      ],
      "demand": [
        4,
        2,
        1
      ]
    },
    {
      "id": "C141",
      "x": 87.98,
      "y": 90.23,
      "time_window": [
        450.0,
        2436.22
      ],
      "demand": [
        3,
        2,
        1
      ]
    },
    {
      "id": "C142",
      "x": 8.61,
      "y": 12.34,
      "time_window": [
        450.0,
        2162.89
      ],
      "demand": [
        3,
        4,
        2
      ]
    },
    {
      "id": "C143",
      "x": 7.82,
      "y": 2.41,
      "time_window": [
        450.0,
        1330.52
      ],
      "demand": [
        1,
        1,
        1
      ]
    },
    {
      "id": "C144",
      "x": 14.8,
      "y": 98.33,
      "time_window": [
        450.0,
        2351.76
      ],
      "demand": [
        1,
        2,
        1
      ]
    },
    {
      "id": "C145",
      "x": 56.81,
      "y": 26.88,
      "time_window": [
        450.0,
        1467.61
      ],
      "demand": [
        2,
        3,
        4
      ]
    },
    {
      "id": "C146",
      "x": 83.37,
      "y": 90.55,
      "time_window": [
        450.0,
        2007.17
      ],
      "demand": [
        1,
        4,
        4
      ]
    },
    {
      "id": "C147",
      "x": 67.12,
      "y": 62.7,
      "time_window": [
        450.0,
        1646.91
      ],
      "demand": [
        1,
        1,
        2
      ]
    },
    {
      "id": "C148",
      "x": 74.45,
      "y": 57.42,
      "time_window": [
        450.0,
        1730.95
      ],
      "demand": [
        1,
        3,
        4
      ]
    },
    {
      "id": "C149",
      "x": 84.35,
      "y": 17.66,
      "time_window": [
        450.0,
        2183.67
      ],
      "demand": [
        1,
        1,
        1
      ]
    },
    {
      "id": "C150",
      "x": 25.49,
      "y": 65.85,
      "time_window": [
        450.0,
        1375.85
      ],
      "demand": [
        4,
        1,
        1
      ]
    },
    {
      "id": "C151",
      "x": 29.4,
      "y": 58.17,
      "time_window": [
        450.0,
        1313.61
      ],
      "demand": [
        3,
        3,
        4
      ]
    },
    {
      "id": "C152",
      "x": 46.97,
      "y": 61.18,
      "time_window": [
        450.0,
        1571.35
      ],
      "demand": [
        3,
        3,
        4
      ]
    },
    {
      "id": "C153",
      "x": 62.89,
      "y": 55.35,
      "time_window": [
        450.0,
        1326.44
      ],
      "demand": [
        2,
        1,
        2
      ]
    },
    {
      "id": "C154",
      "x": 54.13,
      "y": 70.83,
      "time_window": [
        450.0,
        1040.85
      ],
      "demand": [
        4,
        1,
        3
      ]
    },
    {
      "id": "C155",
      "x": 87.3,
      "y": 18.22,
      "time_window": [
        450.0,
        1079.5
      ],
      "demand": [
        2,
        3,
        3
      ]
    },
    {
      "id": "C156",
      "x": 68.4,
      "y": 63.67,
      "time_window": [
        450.0,
        2298.89
      ],
      "demand": [
        3,
        3,
        3
      ]
    },
    {
      "id": "C157",
      "x": 40.38,
      "y": 55.83,
      "time_window": [
        450.0,
        1280.27
      ],
      "demand": [
        2,
        3,
        2
      ]
    },
    {
      "id": "C158",
      "x": 57.34,
      "y": 43.3,
      "time_window": [
        450.0,
        2513.29
      ],
      "demand": [
        2,
        2,
        2
      ]
    },
    {
      "id": "C159",
      "x": 92.52,
      "y": 20.89,
      "time_window": [
        450.0,
        1418.86
      ],
      "demand": [
        4,
        3,
        3
      ]
    },
    {
      "id": "C160",
      "x": 20.56,
      "y": 95.88,
      "time_window": [
        450.0,
        1098.84
      ],
      "demand": [
        1,
        1,
        4
      ]
    },
    {
      "id": "C161",
      "x": 39.7,
      "y": 43.14,
      "time_window": [
        450.0,
        1875.32
      ],
      "demand": [
        1,
        2,
        2
      ]
    },
    {
      "id": "C162",
      "x": 65.53,
      "y": 69.74,
      "time_window": [
        450.0,
        1243.23
      ],
      "demand": [
        4,
        3,
        4
      ]
    },
    {
      "id": "C163",
      "x": 0.13,
      "y": 10.07,
      "time_window": [
        450.0,
        1967.32
      ],
      "demand": [
        3,
        3,
        3
      ]
    },
    {
      "id": "C164",
      "x": 47.21,
      "y": 60.72,
      "time_window": [
        450.0,
        1256.15
      ],
      "demand": [
        3,
        3,
        1
      ]
    },
    {
      "id": "C165",
      "x": 31.47,
      "y": 60.86,
      "time_window": [
        450.0,
        1228.07
      ],
      "demand": [
        2,
        4,
        1
      ]
    },
    {
      "id": "C166",
      "x": 22.21,
      "y": 75.96,
      "time_window": [
        450.0,
        1651.3
      ],
      "demand": [
        4,
        3,
        3
      ]
    },
    {
      "id": "C167",
      "x": 33.65,
      "y": 50.71,
      "time_window": [
        450.0,
        1756.56
      ],
      "demand": [
        1,
        4,
        3
      ]
    },
    {
      "id": "C168",
      "x": 13.94,
      "y": 96.47,
      "time_window": [
        450.0,
        2545.38
      ],
      "demand": [
        2,
        4,
        1
      ]
    },
    {
      "id": "C169",
      "x": 61.89,
      "y": 37.03,
      "time_window": [
        450.0,
        1722.33
      ],
      "demand": [
        4,
        4,
        4
      ]
    },
    {
      "id": "C170",
      "x": 0.76,
      "y": 89.69,
      "time_window": [
        450.0,
        1398.83
      ],
      "demand": [
        4,
        4,
        2
      ]
    },
    {
      "id": "C171",
      "x": 16.45,
      "y": 21.8,
      "time_window": [
        450.0,
        1459.12
      ],
      "demand": [
        4,
        3,
        1
      ]
    },
    {
      "id": "C172",
      "x": 81.85,
      "y": 92.87,
      "time_window": [
        450.0,
        1501.89
      ],
      "demand": [
        1,
        1,
        4
      ]
    },
    {
      "id": "C173",
      "x": 21.14,
      "y": 20.93,
      "time_window": [
        450.0,
        2213.67
      ],
      "demand": [
        2,
        3,
        2
      ]
    },
    {
      "id": "C174",
      "x": 63.19,
      "y": 72.77,
      "time_window": [
        450.0,
        2067.07
      ],
      "demand": [
        3,
        3,
        2
      ]
    },
    {
      "id": "C175",
      "x": 28.59,
      "y": 33.48,
      "time_window": [
        450.0,
        2028.56
      ],
      "demand": [
        2,
        3,
        3
      ]
    },
    {
      "id": "C176",
      "x": 58.62,
      "y": 45.96,
      "time_window": [
        450.0,
        2060.45
      ],
      "demand": [
        4,
        2,
        4
      ]
    },
    {
      "id": "C177",
      "x": 55.21,
      "y": 54.66,
      "time_window": [
        450.0,
        2086.36
      ],
      "demand": [
        4,
        1,
        2
      ]
    },
    {
      "id": "C178",
      "x": 80.23,
      "y": 77.8,
      "time_window": [
        450.0,
        1058.72
      ],
      "demand": [
        2,
        2,
        1
      ]
    },
    {
      "id": "C179",
      "x": 90.63,
      "y": 15.18,
      "time_window": [
        450.0,
        2220.75
      ],
      "demand": [
        3,
        2,
        4
      ]
    },
    {
      "id": "C180",
      "x": 39.87,
      "y": 43.11,
      "time_window": [
        450.0,
        2363.76
      ],
      "demand": [
        1,
        1,
        4
      ]
    },
    {
      "id": "C181",
      "x": 13.96,
      "y": 93.26,
      "time_window": [
        450.0,
        1063.07
      ],
      "demand": [
        4,
        2,
        2
      ]
    },
    {
      "id": "C182",
      "x": 39.82,
      "y": 26.23,
      "time_window": [
        450.0,
        1546.96
      ],
      "demand": [
        4,
        4,
        4
      ]
    },
    {
      "id": "C183",
      "x": 75.65,
      "y": 9.63,
      "time_window": [
        450.0,
        1698.41
      ],
      "demand": [
        2,
        2,
        1
      ]
    },
    {
      "id": "C184",
      "x": 37.71,
      "y": 72.75,
      "time_window": [
        450.0,
        1927.1
      ],
      "demand": [
        4,
        3,
        3
      ]
    },
    {
      "id": "C185",
      "x": 40.18,
      "y": 32.43,
      "time_window": [
        450.0,
        1305.58
      ],
      "demand": [
        1,
        1,
        4
      ]
    },
    {
      "id": "C186",
      "x": 42.77,
      "y": 31.54,
      "time_window": [
        450.0,
        1234.71
      ],
      "demand": [
        3,
        1,
        1
      ]
    },
    {
      "id": "C187",
      "x": 69.89,
      "y": 33.52,
      "time_window": [
        450.0,
        2445.66
      ],
      "demand": [
        4,
        3,
        1
      ]
    },
    {
      "id": "C188",
      "x": 81.63,
      "y": 77.16,
      "time_window": [
        450.0,
        2550
      ],
      "demand": [
        3,
        3,
        1
      ]
    },
    {
      "id": "C189",
      "x": 14.99,
      "y": 91.05,
      "time_window": [
        450.0,
        2372.03
      ],
      "demand": [
        2,
        4,
        3
      ]
    },
    {
      "id": "C190",
      "x": 6.55,
      "y": 13.56,
      "time_window": [
        450.0,
        1883.86
      ],
      "demand": [
        4,
        3,
        3
      ]
    },
    {
      "id": "C191",
      "x": 6.41,
      "y": 7.07,
      "time_window": [
        450.0,
        1386.91
      ],
      "demand": [
        3,
        3,
        3
      ]
    },
    {
      "id": "C192",
      "x": 31.76,
      "y": 37.69,
      "time_window": [
        450.0,
        2527.7
      ],
      "demand": [
        3,
        4,
        1
      ]
    },
    {
      "id": "C193",
      "x": 38.05,
      "y": 69.65,
      "time_window": [
        450.0,
        953.81
      ],
      "demand": [
        1,
        3,
        1
      ]
    },
    {
      "id": "C194",
      "x": 49.74,
      "y": 43.31,
      "time_window": [
        450.0,
        2550
      ],
      "demand": [
        3,
        3,
        3
      ]
    },
    {
      "id": "C195",
      "x": 71.7,
      "y": 72.13,
      "time_window": [
        450.0,
        2317.25
      ],
      "demand": [
        3,
        1,
        2
      ]
    },
    {
      "id": "C196",
      "x": 36.83,
      "y": 30.22,
      "time_window": [
        450.0,
        1931.16
      ],
      "demand": [
        1,
        3,
        3
      ]
    },
    {
      "id": "C197",
      "x": 46.98,
      "y": 50.32,
      "time_window": [
        450.0,
        2147.95
      ],
      "demand": [
        4,
        2,
        2
      ]
    },
    {
      "id": "C198",
      "x": 56.95,
      "y": 63.11,
      "time_window": [
        450.0,
        1282.72
      ],
      "demand": [
        2,
        2,
        1
      ]
    },
    {
      "id": "C199",
      "x": 26.09,
      "y": 32.1,
      "time_window": [
        450.0,
        1211.06
      ],
      "demand": [
        4,
        3,
        4
      ]
    },
    {
      "id": "C200",
      "x": 45.14,
      "y": 44.04,
      "time_window": [
        450.0,
        2173.51
      ],
      "demand": [
        4,
        3,
        3
      ]
    }
  ]
}