{
  "set_id": 6,
  "inst_id": 3,
  "vehicles": {
    "CT": {
      "count": 10,
      "capacity": 1500,
      "fixed_cost": 1500,
      "unit_cost_factor": 1.2
    },
    "UV": {
      "count": 20,
      "capacity": 500,
      "fixed_cost": 500,
      "unit_cost_factor": 1.1
    }
  },
  "P": 3,
  "item_weights": [
    10,
    15,
    10
  ],
  "inventory_ratio": 1.2,
  "FCs": [
    {
      "id": "FC1",
      "x": 25,
      "y": 25,
      "time_window": [
        0.0,
        3000.0
      ],
      "inventory": [
        64,
        76,
        77
      ]
    },
    {
      "id": "FC2",
      "x": 75,
      "y": 75,
      "time_window": [
        0.0,
        3000.0
      ],
      "inventory": [
        89,
        78,
        77
      ]
    }
  ],
  "DCs": [
    {
      "id": "DC1",
      "x": 89.41,
      "y": 61.06,
      "time_window": [
        300.0,
        2700.0
      ]
    },
    {
      "id": "DC2",
      "x": 46.61,
      "y": 81.16,
      "time_window": [
        300.0,
        2700.0
      ]
    },
    {
      "id": "DC3",
      "x": 42.88,
      "y": 23.68,
      "time_window": [
        300.0,
        2700.0
      ]
    },
    {
      "id": "DC4",
      "x": 7.43,
      "y": 70.17,
      "time_window": [
        300.0,
        2700.0
      ]
    }
  ],
  "CDPs": [
    {
      "id": "CDP1",
      "x": 25.58,
      "y": 21.81,
      "time_window": [
        0.0,
        3000.0
      ],
      "capacity": 180
    },
    {
      "id": "CDP2",
      "x": 80.9,
      "y": 38.11,
      "time_window": [
        0.0,
        3000.0
      ],
      "capacity": 140
    },
    {
      "id": "CDP3",
      "x": 98.95,
      "y": 60.52,
      "time_window": [
        0.0,
        3000.0
      ],
      "capacity": 253
    },
    {
      "id": "CDP4",
      "x": 49.45,
      "y": 38.38,
      "time_window": [
        0.0,
        3000.0
      ],
      "capacity": 277
    },
    {
      "id": "CDP5",
      "x": 88.46,
      "y": 40.04,
      "time_window": [
        0.0,
        3000.0
      ],
      "capacity": 110
    },
    {
      "id": "CDP6",
      "x": 40.17,
      "y": 49.15,
      "time_window": [
        0.0,
        3000.0
      ],
      "capacity": 201
    },
    {
      "id": "CDP7",
      "x": 69.32,
      "y": 32.5,
      "time_window": [
        0.0,
        3000.0
      ],
      "capacity": 264
    },
    {
      "id": "CDP8",
      "x": 56.78,
      "y": 82.18,
      "time_window": [
        0.0,
        3000.0
      ],
      "capacity": 185
    },
    {
      "id": "CDP9",
      "x": 99.78,
      "y": 47.37,
      "time_window": [
        0.0,
        3000.0
      ],
      "capacity": 245
    },
    {
      "id": "CDP10",
      "x": 53.49,
      "y": 48.99,
      "time_window": [
        0.0,
        3000.0
      ],
      "capacity": 294
    },
    {
      "id": "CDP11",
      "x": 2.04,
      "y": 85.3,
      "time_window": [
        0.0,
        3000.0
      ],
      "capacity": 300
    },
    {
      "id": "CDP12",
      "x": 69.15,
      "y": 45.34,
      "time_window": [
        0.0,
        3000.0
      ],
      "capacity": 226
    },
    {
      "id": "CDP13",
      "x": 99.88,
      "y": 48.51,
      "time_window": [
        0.0,
        3000.0
      ],
      "capacity": 215
    },
    {
      "id": "CDP14",
      "x": 47.16,
      "y": 45.21,
      "time_window": [
        0.0,
        3000.0
      ],
      "capacity": 225
    },
    {
      "id": "CDP15",
      "x": 17.35,
      "y": 30.08,
      "time_window": [
        0.0,
        3000.0
      ],
      "capacity": 246
    },
    {
      "id": "CDP16",
      "x": 71.57,
      "y": 1.48,
      "time_window": [
        0.0,
        3000.0
      ],
      "capacity": 280
    },
    {
      "id": "CDP17",
      "x": 53.83,
      "y": 83.04,
      "time_window": [
        0.0,
        3000.0
      ],
      "capacity": 178
    },
    {
      "id": "CDP18",
      "x": 0.55,
      "y": 84.71,
      "time_window": [
        0.0,
        3000.0
      ],
      "capacity": 244
    },
    {
      "id": "CDP19",
      "x": 34.63,
      "y": 87.46,
      "time_window": [
        0.0,
        3000.0
      ],
      "capacity": 144
    },
    {
      "id": "CDP20",
      "x": 94.23,
      "y": 38.41,
      "time_window": [
        0.0,
        3000.0
      ],
      "capacity": 238
    },
    {
      "id": "CDP21",
      "x": 87.36,
      "y": 59.73,
      "time_window": [
        0.0,
        3000.0
      ],
      "capacity": 124
    },
    {
      "id": "CDP22",
      "x": 99.22,
      "y": 69.3,
      "time_window": [
        0.0,
        3000.0
      ],
      "capacity": 226
    },
    {
      "id": "CDP23",
      "x": 79.73,
      "y": 78.35,
      "time_window": [
        0.0,
        3000.0
      ],
      "capacity": 188
    },
    {
      "id": "CDP24",
      "x": 65.54,
      "y": 25.14,
      "time_window": [
        0.0,
        3000.0
      ],
      "capacity": 272
    },
    {
      "id": "CDP25",
      "x": 63.16,
      "y": 4.0,
      "time_window": [
        0.0,
        3000.0
      ],
      "capacity": 128
    },
    {
      "id": "CDP26",
      "x": 74.27,
      "y": 38.47,
      "time_window": [
        0.0,
        3000.0
      ],
      "capacity": 260
    },
    {
      "id": "CDP27",
      "x": 67.36,
      "y": 78.85,
      "time_window": [
        0.0,
        3000.0
      ],
      "capacity": 221
    },
    {
      "id": "CDP28",
      "x": 98.1,
      "y": 56.66,
      "time_window": [
        0.0,
        3000.0
      ],
      "capacity": 243
    },
    {
      "id": "CDP29",
      "x": 88.1,
      "y": 65.45,
      "time_window": [
        0.0,
        3000.0
      ],
      "capacity": 198
    },
    {
      "id": "CDP30",
      "x": 54.47,
      "y": 23.28,
      "time_window": [
        0.0,
        3000.0
      ],
      "capacity": 220
    }
  ],
  "Customers": [
    {
      "id": "C1",
      "x": 72.69,
      "y": 33.62,
      "time_window": [
        450.0,
        2134.52
      ],
      "demand": [
        2,
        4,
        1
      ]
    },
    {
      "id": "C2",
      "x": 23.46,
      "y": 12.91,
      "time_window": [
        450.0,
        2153.56
      ],
      "demand": [
        2,
        3,
        2
      ]
    },
    {
      "id": "C3",
      "x": 71.48,
      "y": 64.66,
      "time_window": [
        450.0,
        1835.64
      ],
      "demand": [
        2,
        2,
        1
      ]
    },
    {
      "id": "C4",
      "x": 29.02,
      "y": 29.6,
      "time_window": [
        450.0,
        1143.26
      ],
      "demand": [
        1,
        3,
        4
      ]
    },
    {
      "id": "C5",
      "x": 81.13,
      "y": 15.84,
      "time_window": [
        450.0,
        1445.23
      ],
      "demand": [
        2,
        1,
        2
      ]
    },
    {
      "id": "C6",
      "x": 73.93,
      "y": 55.01,
      "time_window": [
        450.0,
        1253.1
      ],
      "demand": [
        1,
        1,
        2
      ]
    },
    {
      "id": "C7",
      "x": 68.84,
      "y": 67.92,
      "time_window": [
        450.0,
        1682.73
      ],
      "demand": [
        1,
        3,
        1
      ]
    },
    {
      "id": "C8",
      "x": 79.74,
      "y": 83.06,
      "time_window": [
        450.0,
        2550
      ],
      "demand": [
        2,
        4,
        1
      ]
    },
    {
      "id": "C9",
      "x": 92.53,
      "y": 7.98,
      "time_window": [
        450.0,
        1191.31
      ],
      "demand": [
        2,
        3,
        3
      ]
    },
    {
      "id": "C10",
      "x": 90.78,
      "y": 79.6,
      "time_window": [
        450.0,
        1563.06
      ],
      "demand": [
        2,
        1,
        3
      ]
    },
    {
      "id": "C11",
      "x": 15.56,
      "y": 17.05,
      "time_window": [
        450.0,
        2198.91
      ],
      "demand": [
        1,
        3,
        4
      ]
    },
    {
      "id": "C12",
      "x": 23.83,
      "y": 18.79,
      "time_window": [
        450.0,
        2023.09
      ],
      "demand": [
        3,
        4,
        3
      ]
    },
    {
      "id": "C13",
      "x": 61.5,
      "y": 53.11,
      "time_window": [
        450.0,
        2056.91
      ],
      "demand": [
        3,
        1,
        3
      ]
    },
    {
      "id": "C14",
      "x": 9.19,
      "y": 12.98,
      "time_window": [
        450.0,
        1578.5
      ],
      "demand": [
        1,
        1,
        3
      ]
    },
    {
      "id": "C15",
      "x": 39.19,
      "y": 29.38,
      "time_window": [
        450.0,
        982.45
      ],
      "demand": [
        1,
        2,
        1
      ]
    },
    {
      "id": "C16",
      "x": 32.76,
      "y": 73.52,
      "time_window": [
        450.0,
        1407.22
      ],
      "demand": [
        4,
        2,
        3
      ]
    },
    {
      "id": "C17",
      "x": 90.66,
      "y": 82.97,
      "time_window": [
        450.0,
        1634.52
      ],
      "demand": [
        4,
        2,
        2
      ]
    },
    {
      "id": "C18",
      "x": 69.22,
      "y": 26.97,
      "time_window": [
        450.0,
        1130.76
      ],
      "demand": [
        3,
        3,
        1
      ]
    },
    {
      "id": "C19",
      "x": 32.57,
      "y": 47.86,
      "time_window": [
        450.0,
        2066.91
      ],
      "demand": [
        4,
        3,
        3
      ]
    },
    {
      "id": "C20",
      "x": 59.18,
      "y": 25.01,
      "time_window": [
        450.0,
        2028.84
      ],
      "demand": [
        3,
        4,
        4
      ]
    },
    {
      "id": "C21",
      "x": 94.92,
      "y": 11.25,
      "time_window": [
        450.0,
        1325.15
      ],
      "demand": [
        2,
        3,
        4
      ]
    },
    {
      "id": "C22",
      "x": 40.92,
      "y": 71.0,
      "time_window": [
        450.0,
        2192.29
      ],
      "demand": [
        3,
        3,
        3
      ]
    },
    {
      "id": "C23",
      "x": 36.36,
      "y": 74.03,
      "time_window": [
        450.0,
        1126.68
      ],
      "demand": [
        4,
        2,
        2
      ]
    },
    {
      "id": "C24",
      "x": 33.14,
      "y": 32.5,
      "time_window": [
        450.0,
        2328.68
      ],
      "demand": [
        1,
        2,
        2
      ]
    },
    {
      "id": "C25",
      "x": 95.31,
      "y": 17.96,
      "time_window": [
        450.0,
        1773.93
      ],
      "demand": [
        3,
        2,
        3
      ]
    },
    {
      "id": "C26",
      "x": 48.69,
      "y": 66.46,
      "time_window": [
        450.0,
        1491.58
      ],
      "demand": [
        4,
        4,
        1
      ]
    },
    {
      "id": "C27",
      "x": 61.03,
      "y": 42.01,
      "time_window": [
        450.0,
        1606.11
      ],
      "demand": [
        4,
        2,
        3
      ]
    },
    {
      "id": "C28",
      "x": 62.03,
      "y": 50.05,
      "time_window": [
        450.0,
        1958.31
      ],
      "demand": [
        1,
        4,
        3
      ]
    },
    {
      "id": "C29",
      "x": 65.27,
      "y": 33.65,
      "time_window": [
        450.0,
        2322.66
      ],
      "demand": [
        3,
        3,
        1
      ]
    },
    {
      "id": "C30",
      "x": 98.03,
      "y": 91.25,
      "time_window": [
        450.0,
        977.24
      ],
      "demand": [
        4,
        2,
        4
      ]
    },
    {
      "id": "C31",
      "x": 64.41,
      "y": 29.84,
      "time_window": [
        450.0,
        1910.74
      ],
      "demand": [
        1,
        4,
        2
      ]
    },
    {
      "id": "C32",
      "x": 43.12,
      "y": 37.37,
      "time_window": [
        450.0,
        1094.77
      ],
      "demand": [
        3,
        2,
        2
      ]
    },
    {
      "id": "C33",
      "x": 86.04,
      "y": 75.82,
      "time_window": [
        450.0,
        1763.31
      ],
      "demand": [
        3,
        3,
        4
      ]
    },
    {
      "id": "C34",
      "x": 46.46,
      "y": 45.77,
      "time_window": [
        450.0,
        1842.27
      ],
      "demand": [
        1,
        3,
        2
      ]
    },
    {
      "id": "C35",
      "x": 3.48,
      "y": 81.04,
      "time_window": [
        450.0,
        1378.83
      ],
      "demand": [
        4,
        2,
        2
      ]
    },
    {
      "id": "C36",
      "x": 73.57,
      "y": 44.21,
      "time_window": [
        450.0,
        2527.42
      ],
      "demand": [
        4,
        4,
        1
      ]
    },
    {
      "id": "C37",
      "x": 28.67,
      "y": 54.2,
      "time_window": [
        450.0,
        2326.92
      ],
      "demand": [
        3,
        2,
        1
      ]
    },
    {
      "id": "C38",
      "x": 6.92,
      "y": 96.24,
      "time_window": [
        450.0,
        2077.96
      ],
      "demand": [
        4,
        3,
        3
      ]
    },
    {
      "id": "C39",
      "x": 23.45,
      "y": 97.79,
      "time_window": [
        450.0,
        1827.1
      ],
      "demand": [
        2,
        1,
        2
      ]
    },
    {
      "id": "C40",
      "x": 52.42,
      "y": 28.35,
      "time_window": [
        450.0,
        2147.63
      ],
      "demand": [
        1,
        2,
        3
      ]
    },
    {
      "id": "C41",
      "x": 30.46,
      "y": 74.95,
      "time_window": [
        450.0,
        1828.17
      ],
      "demand": [
        3,
        3,
        3
      ]
    },
    {
      "id": "C42",
      "x": 49.27,
      "y": 69.92,
      "time_window": [
        450.0,
        2307.83
      ],
      "demand": [
        4,
        4,
        3
      ]
    },
    {
      "id": "C43",
      "x": 48.23,
      "y": 28.69,
      "time_window": [
        450.0,
        2424.76
      ],
      "demand": [
        2,
        4,
        4
      ]
    },
    {
      "id": "C44",
      "x": 24.4,
      "y": 3.91,
      "time_window": [
        450.0,
        1851.54
      ],
      "demand": [
        3,
        1,
        3
      ]
    },
    {
      "id": "C45",
      "x": 86.8,
      "y": 75.77,
      "time_window": [
        450.0,
        2333.23
      ],
      "demand": [
        3,
        2,
        3
      ]
    },
    {
      "id": "C46",
      "x": 76.95,
      "y": 89.7,
      "time_window": [
        450.0,
        958.51
      ],
      "demand": [
        4,
        3,
        3
      ]
    },
    {
      "id": "C47",
      "x": 97.92,
      "y": 75.96,
      "time_window": [
        450.0,
        1975.25
      ],
      "demand": [
        3,
        3,
        4
      ]
    },
    {
      "id": "C48",
      "x": 42.06,
      "y": 66.12,
      "time_window": [
        450.0,
        2274.62
      ],
      "demand": [
        1,
        1,
        2
      ]
    },
    {
      "id": "C49",
      "x": 30.33,
      "y": 41.43,
      "time_window": [
        450.0,
        1943.98
      ],
      "demand": [
        4,
        2,
        4
      ]
    },
    {
      "id": "C50",
      "x": 41.74,
      "y": 74.49,
      "time_window": [
        450.0,
        2009.67
      ],
      "demand": [
        1,
        2,
        4
      ]
    }
  ]
}