{
  "set_id": 6,
  "inst_id": 5,
  "vehicles": {
    "CT": {
      "count": 10,
      "capacity": 1500,
      "fixed_cost": 1500,
      "unit_cost_factor": 1.2
    },
    "UV": {
      "count": 20,
      "capacity": 500,
      "fixed_cost": 500,
      "unit_cost_factor": 1.1
    }
  },
  "P": 3,
  "item_weights": [
    10,
    5,
    10
  ],
  "inventory_ratio": 1.4,
  "FCs": [
    {
      "id": "FC1",
      "x": 25,
      "y": 25,
      "time_window": [
        0.0,
        3000.0
      ],
      "inventory": [
        96,
        87,
        91
      ]
    },
    {
      "id": "FC2",
      "x": 75,
      "y": 75,
      "time_window": [
        0.0,
        3000.0
      ],
      "inventory": [
        91,
        88,
        93
      ]
    }
  ],
  "DCs": [
    {
      "id": "DC1",
      "x": 50.69,
      "y": 13.54,
      "time_window": [
        300.0,
        2700.0
      ]
    },
    {
      "id": "DC2",
      "x": 85.71,
      "y": 22.03,
      "time_window": [
        300.0,
        2700.0
      ]
    },
    {
      "id": "DC3",
      "x": 63.21,
      "y": 65.59,
      "time_window": [
        300.0,
        2700.0
      ]
    },
    {
      "id": "DC4",
      "x": 50.91,
      "y": 60.13,
      "time_window": [
        300.0,
        2700.0
      ]
    }
  ],
  "CDPs": [
    {
      "id": "CDP1",
      "x": 10.41,
      "y": 69.18,
      "time_window": [
        0.0,
        3000.0
      ],
      "capacity": 264
    },
    {
      "id": "CDP2",
      "x": 27.1,
      "y": 68.06,
      "time_window": [
        0.0,
        3000.0
      ],
      "capacity": 171
    },
    {
      "id": "CDP3",
      "x": 27.72,
      "y": 49.45,
      "time_window": [
        0.0,
        3000.0
      ],
      "capacity": 297
    },
    {
      "id": "CDP4",
      "x": 67.92,
      "y": 48.07,
      "time_window": [
        0.0,
        3000.0
      ],
      "capacity": 138
    },
    {
      "id": "CDP5",
      "x": 5.61,
      "y": 10.54,
      "time_window": [
        0.0,
        3000.0
      ],
      "capacity": 141
    },
    {
      "id": "CDP6",
      "x": 76.85,
      "y": 54.38,
      "time_window": [
        0.0,
        3000.0
      ],
      "capacity": 244
    },
    {
      "id": "CDP7",
      "x": 31.81,
      "y": 38.1,
      "time_window": [
        0.0,
        3000.0
      ],
      "capacity": 240
    },
    {
      "id": "CDP8",
      "x": 18.77,
      "y": 21.97,
      "time_window": [
        0.0,
        3000.0
      ],
      "capacity": 199
    },
    {
      "id": "CDP9",
      "x": 6.16,
      "y": 73.47,
      "time_window": [
        0.0,
        3000.0
      ],
      "capacity": 242
    },
    {
      "id": "CDP10",
      "x": 30.13,
      "y": 12.63,
      "time_window": [
        0.0,
        3000.0
      ],
      "capacity": 181
    },
    {
      "id": "CDP11",
      "x": 32.38,
      "y": 96.2,
      "time_window": [
        0.0,
        3000.0
      ],
      "capacity": 254
    },
    {
      "id": "CDP12",
      "x": 16.96,
      "y": 49.1,
      "time_window": [
        0.0,
        3000.0
      ],
      "capacity": 108
    },
    {
      "id": "CDP13",
      "x": 29.77,
      "y": 20.0,
      "time_window": [
        0.0,
        3000.0
      ],
      "capacity": 233
    },
    {
      "id": "CDP14",
      "x": 58.15,
      "y": 44.44,
      "time_window": [
        0.0,
        3000.0
      ],
      "capacity": 119
    },
    {
      "id": "CDP15",
      "x": 2.07,
      "y": 43.44,
      "time_window": [
        0.0,
        3000.0
      ],
      "capacity": 289
    },
    {
      "id": "CDP16",
      "x": 52.87,
      "y": 54.29,
      "time_window": [
        0.0,
        3000.0
      ],
      "capacity": 272
    },
    {
      "id": "CDP17",
      "x": 18.27,
      "y": 90.55,
      "time_window": [
        0.0,
        3000.0
      ],
      "capacity": 250
    },
    {
      "id": "CDP18",
      "x": 91.85,
      "y": 5.78,
      "time_window": [
        0.0,
        3000.0
      ],
      "capacity": 257
    },
    {
      "id": "CDP19",
      "x": 73.97,
      "y": 64.18,
      "time_window": [
        0.0,
        3000.0
      ],
      "capacity": 204
    },
    {
      "id": "CDP20",
      "x": 22.56,
      "y": 60.46,
      "time_window": [
        0.0,
        3000.0
      ],
      "capacity": 277
    },
    {
      "id": "CDP21",
      "x": 26.81,
      "y": 14.59,
      "time_window": [
        0.0,
        3000.0
      ],
      "capacity": 291
    },
    {
      "id": "CDP22",
      "x": 86.92,
      "y": 61.9,
      "time_window": [
        0.0,
        3000.0
      ],
      "capacity": 105
    },
    {
      "id": "CDP23",
      "x": 42.34,
      "y": 79.87,
      "time_window": [
        0.0,
        3000.0
      ],
      "capacity": 254
    },
    {
      "id": "CDP24",
      "x": 43.03,
      "y": 30.77,
      "time_window": [
        0.0,
        3000.0
      ],
      "capacity": 105
    },
    {
      "id": "CDP25",
      "x": 75.68,
      "y": 95.16,
      "time_window": [
        0.0,
        3000.0
      ],
      "capacity": 169
    },
    {
      "id": "CDP26",
      "x": 93.93,
      "y": 3.69,
      "time_window": [
        0.0,
        3000.0
      ],
      "capacity": 195
    },
    {
      "id": "CDP27",
      "x": 78.84,
      "y": 71.68,
      "time_window": [
        0.0,
        3000.0
      ],
      "capacity": 145
    },
    {
      "id": "CDP28",
      "x": 49.92,
      "y": 63.64,
      "time_window": [
        0.0,
        3000.0
      ],
      "capacity": 271
    },
    {
      "id": "CDP29",
      "x": 80.72,
      "y": 47.49,
      "time_window": [
        0.0,
        3000.0
      ],
      "capacity": 115
    },
    {
      "id": "CDP30",
      "x": 24.76,
      "y": 39.67,
      "time_window": [
        0.0,
        3000.0
      ],
      "capacity": 219
    }
  ],
  "Customers": [
    {
      "id": "C1",
      "x": 78.37,
      "y": 98.97,
      "time_window": [
        450.0,
        1191.76
      ],
      "demand": [
        3,
        2,
        3
      ]
    },
    {
      "id": "C2",
      "x": 94.1,
      "y": 18.3,
      "time_window": [
        450.0,
        2361.33
      ],
      "demand": [
        3,
        4,
        2
      ]
    },
    {
      "id": "C3",
      "x": 59.25,
      "y": 63.65,
      "time_window": [
        450.0,
        2266.27
      ],
      "demand": [
        4,
        2,
        3
      ]
    },
    {
      "id": "C4",
      "x": 48.61,
      "y": 49.68,
      "time_window": [
        450.0,
        2336.93
      ],
      "demand": [
        2,
        4,
        2
      ]
    },
    {
      "id": "C5",
      "x": 71.48,
      "y": 32.54,
      "time_window": [
        450.0,
        1428.35
      ],
      "demand": [
        3,
        3,
        2
      ]
    },
    {
      "id": "C6",
      "x": 11.12,
      "y": 77.9,
      "time_window": [
        450.0,
        2150.57
      ],
      "demand": [
        1,
        1,
        3
      ]
    },
    {
      "id": "C7",
      "x": 78.17,
      "y": 21.55,
      "time_window": [
        450.0,
        1691.63
      ],
      "demand": [
        1,
        3,
        3
      ]
    },
    {
      "id": "C8",
      "x": 97.37,
      "y": 14.91,
      "time_window": [
        450.0,
        2262.75
      ],
      "demand": [
        3,
        1,
        3
      ]
    },
    {
      "id": "C9",
      "x": 42.23,
      "y": 63.32,
      "time_window": [
        450.0,
        1790.67
      ],
      "demand": [
        1,
        2,
        1
      ]
    },
    {
      "id": "C10",
      "x": 19.75,
      "y": 88.38,
      "time_window": [
        450.0,
        2313.91
      ],
      "demand": [
        4,
        4,
        3
      ]
    },
    {
      "id": "C11",
      "x": 74.63,
      "y": 61.32,
      "time_window": [
        450.0,
        1045.69
      ],
      "demand": [
        2,
        1,
        1
      ]
    },
    {
      "id": "C12",
      "x": 92.77,
      "y": 81.58,
      "time_window": [
        450.0,
        2210.64
      ],
      "demand": [
        1,
        1,
        4
      ]
    },
    {
      "id": "C13",
      "x": 42.47,
      "y": 51.21,
      "time_window": [
        450.0,
        2260.93
      ],
      "demand": [
        2,
        2,
        2
      ]
    },
    {
      "id": "C14",
      "x": 48.27,
      "y": 58.13,
      "time_window": [
        450.0,
        2518.3
      ],
      "demand": [
        4,
        2,
        3
      ]
    },
    {
      "id": "C15",
      "x": 64.41,
      "y": 27.66,
      "time_window": [
        450.0,
        2197.06
      ],
      "demand": [
        2,
        4,
        3
      ]
    },
    {
      "id": "C16",
      "x": 37.66,
      "y": 39.38,
      "time_window": [
        450.0,
        2141.85
      ],
      "demand": [
        2,
        3,
        3
      ]
    },
    {
      "id": "C17",
      "x": 98.69,
      "y": 99.38,
      "time_window": [
        450.0,
        2192.54
      ],
      "demand": [
        1,
        3,
        2
      ]
    },
    {
      "id": "C18",
      "x": 64.69,
      "y": 73.89,
      "time_window": [
        450.0,
        2261.56
      ],
      "demand": [
        3,
        1,
        3
      ]
    },
    {
      "id": "C19",
      "x": 25.37,
      "y": 45.08,
      "time_window": [
        450.0,
        2404.52
      ],
      "demand": [
        3,
        1,
        3
      ]
    },
    {
      "id": "C20",
      "x": 67.98,
      "y": 43.74,
      "time_window": [
        450.0,
        2150.43
      ],
      "demand": [
        4,
        4,
        3
      ]
    },
    {
      "id": "C21",
      "x": 17.4,
      "y": 23.67,
      "time_window": [
        450.0,
        1543.9
      ],
      "demand": [
        3,
        3,
        1
      ]
    },
    {
      "id": "C22",
      "x": 89.57,
      "y": 81.87,
      "time_window": [
        450.0,
        1557.3
      ],
      "demand": [
        1,
        4,
        2
      ]
    },
    {
      "id": "C23",
      "x": 65.59,
      "y": 70.81,
      "time_window": [
        450.0,
        2167.72
      ],
      "demand": [
        3,
        4,
        4
      ]
    },
    {
      "id": "C24",
      "x": 22.93,
      "y": 17.86,
      "time_window": [
        450.0,
        1103.16
      ],
      "demand": [
        4,
        3,
        3
      ]
    },
    {
      "id": "C25",
      "x": 21.07,
      "y": 77.06,
      "time_window": [
        450.0,
        1339.04
      ],
      "demand": [
        2,
        3,
        3
      ]
    },
    {
      "id": "C26",
      "x": 97.28,
      "y": 99.79,
      "time_window": [
        450.0,
        2164.08
      ],
      "demand": [
        2,
        1,
        2
      ]
    },
    {
      "id": "C27",
      "x": 64.88,
      "y": 30.37,
      "time_window": [
        450.0,
        2345.49
      ],
      "demand": [
        4,
        3,
        2
      ]
    },
    {
      "id": "C28",
      "x": 69.88,
      "y": 43.31,
      "time_window": [
        450.0,
        1427.59
      ],
      "demand": [
        3,
        1,
        1
      ]
    },
    {
      "id": "C29",
      "x": 20.95,
      "y": 0.68,
      "time_window": [
        450.0,
        1473.96
      ],
      "demand": [
        3,
        4,
        4
      ]
    },
    {
      "id": "C30",
      "x": 18.5,
      "y": 10.66,
      "time_window": [
        450.0,
        1578.5
      ],
      "demand": [
        2,
        4,
        4
      ]
    },
    {
      "id": "C31",
      "x": 90.28,
      "y": 89.63,
      "time_window": [
        450.0,
        1340.17
      ],
      "demand": [
        3,
        1,
        4
      ]
    },
    {
      "id": "C32",
      "x": 92.95,
      "y": 77.46,
      "time_window": [
        450.0,
        1571.04
      ],
      "demand": [
        4,
        1,
        3
      ]
    },
    {
      "id": "C33",
      "x": 53.08,
      "y": 28.16,
      "time_window": [
        450.0,
        1429.79
      ],
      "demand": [
        3,
        3,
        2
      ]
    },
    {
      "id": "C34",
      "x": 40.2,
      "y": 74.98,
      "time_window": [
        450.0,
        1936.44
      ],
      "demand": [
        3,
        3,
        1
      ]
    },
    {
      "id": "C35",
      "x": 72.38,
      "y": 58.85,
      "time_window": [
        450.0,
        1669.82
      ],
      "demand": [
        3,
        2,
        4
      ]
    },
    {
      "id": "C36",
      "x": 1.85,
      "y": 24.56,
      "time_window": [
        450.0,
        2317.59
      ],
      "demand": [
        3,
        3,
        4
      ]
    },
    {
      "id": "C37",
      "x": 7.54,
      "y": 85.71,
      "time_window": [
        450.0,
        1900.03
      ],
      "demand": [
        4,
        3,
        2
      ]
    },
    {
      "id": "C38",
      "x": 59.9,
      "y": 68.73,
      "time_window": [
        450.0,
        1877.82
      ],
      "demand": [
        3,
        1,
        4
      ]
    },
    {
      "id": "C39",
      "x": 37.66,
      "y": 73.08,
      "time_window": [
        450.0,
        2122.88
      ],
      "demand": [
        4,
        1,
        2
      ]
    },
    {
      "id": "C40",
      "x": 72.64,
      "y": 40.78,
      "time_window": [
        450.0,
        1267.91
      ],
      "demand": [
        2,
        4,
        4
      ]
    },
    {
      "id": "C41",
      "x": 65.15,
      "y": 38.87,
      "time_window": [
        450.0,
        1333.75
      ],
      "demand": [
        2,
        4,
        4
      ]
    },
    {
      "id": "C42",
      "x": 35.04,
      "y": 65.5,
      "time_window": [
        450.0,
        2550
      ],
      "demand": [
        4,
        1,
        3
      ]
    },
    {
      "id": "C43",
      "x": 33.78,
      "y": 40.06,
      "time_window": [
        450.0,
        1216.7
      ],
      "demand": [
        2,
        3,
        3
      ]
    },
    {
      "id": "C44",
      "x": 26.13,
      "y": 60.65,
      "time_window": [
        450.0,
        1707.55
      ],
      "demand": [
        4,
        2,
        2
      ]
    },
    {
      "id": "C45",
      "x": 19.26,
      "y": 8.36,
      "time_window": [
        450.0,
        1734.28
      ],
      "demand": [
        4,
        3,
        1
      ]
    },
    {
      "id": "C46",
      "x": 35.14,
      "y": 50.77,
      "time_window": [
        450.0,
        1613.42
      ],
      "demand": [
        4,
        3,
        1
      ]
    },
    {
      "id": "C47",
      "x": 42.88,
      "y": 40.55,
      "time_window": [
        450.0,
        1726.41
      ],
      "demand": [
        1,
        1,
        1
      ]
    },
    {
      "id": "C48",
      "x": 26.54,
      "y": 47.29,
      "time_window": [
        450.0,
        1035.74
      ],
      "demand": [
        2,
        3,
        3
      ]
    },
    {
      "id": "C49",
      "x": 56.29,
      "y": 71.41,
      "time_window": [
        450.0,
        2506.78
      ],
      "demand": [
        1,
        1,
        3
      ]
    },
    {
      "id": "C50",
      "x": 37.73,
      "y": 64.77,
      "time_window": [
        450.0,
        1463.61
      ],
      "demand": [
        1,
        4,
        2
      ]
    }
  ]
}