{
  "set_id": 4,
  "inst_id": 1,
  "vehicles": {
    "CT": {
      "count": 8,
      "capacity": 1500,
      "fixed_cost": 1500,
      "unit_cost_factor": 1.2
    },
    "UV": {
      "count": 16,
      "capacity": 500,
      "fixed_cost": 500,
      "unit_cost_factor": 1.1
    }
  },
  "P": 3,
  "item_weights": [
    15,
    5,
    5
  ],
  "inventory_ratio": 1.3,
  "FCs": [
    {
      "id": "FC1",
      "x": 25,
      "y": 25,
      "time_window": [
        0.0,
        3000.0
      ],
      "inventory": [
        56,
        61,
        61
      ]
    },
    {
      "id": "FC2",
      "x": 75,
      "y": 75,
      "time_window": [
        0.0,
        3000.0
      ],
      "inventory": [
        60,
        51,
        69
      ]
    }
  ],
  "DCs": [
    {
      "id": "DC1",
      "x": 33.36,
      "y": 34.82,
      "time_window": [
        300.0,
        2700.0
      ]
    },
    {
      "id": "DC2",
      "x": 82.52,
      "y": 68.94,
      "time_window": [
        300.0,
        2700.0
      ]
    },
    {
      "id": "DC3",
      "x": 99.78,
      "y": 37.6,
      "time_window": [
        300.0,
        2700.0
      ]
    },
    {
      "id": "DC4",
      "x": 27.08,
      "y": 68.61,
      "time_window": [
        300.0,
        2700.0
      ]
    }
  ],
  "CDPs": [
    {
      "id": "CDP1",
      "x": 15.05,
      "y": 73.12,
      "time_window": [
        0.0,
        3000.0
      ],
      "capacity": 203
    },
    {
      "id": "CDP2",
      "x": 29.6,
      "y": 53.49,
      "time_window": [
        0.0,
        3000.0
      ],
      "capacity": 255
    },
    {
      "id": "CDP3",
      "x": 44.81,
      "y": 7.18,
      "time_window": [
        0.0,
        3000.0
      ],
      "capacity": 266
    },
    {
      "id": "CDP4",
      "x": 68.81,
      "y": 64.96,
      "time_window": [
        0.0,
        3000.0
      ],
      "capacity": 230
    },
    {
      "id": "CDP5",
      "x": 13.8,
      "y": 23.84,
      "time_window": [
        0.0,
        3000.0
      ],
      "capacity": 224
    },
    {
      "id": "CDP6",
      "x": 85.43,
      "y": 26.64,
      "time_window": [
        0.0,
        3000.0
      ],
      "capacity": 218
    },
    {
      "id": "CDP7",
      "x": 24.34,
      "y": 43.26,
      "time_window": [
        0.0,
        3000.0
      ],
      "capacity": 268
    },
    {
      "id": "CDP8",
      "x": 26.96,
      "y": 96.55,
      "time_window": [
        0.0,
        3000.0
      ],
      "capacity": 204
    },
    {
      "id": "CDP9",
      "x": 43.74,
      "y": 81.83,
      "time_window": [
        0.0,
        3000.0
      ],
      "capacity": 186
    },
    {
      "id": "CDP10",
      "x": 11.94,
      "y": 82.69,
      "time_window": [
        0.0,
        3000.0
      ],
      "capacity": 289
    },
    {
      "id": "CDP11",
      "x": 42.31,
      "y": 82.91,
      "time_window": [
        0.0,
        3000.0
      ],
      "capacity": 209
    },
    {
      "id": "CDP12",
      "x": 86.46,
      "y": 85.12,
      "time_window": [
        0.0,
        3000.0
      ],
      "capacity": 149
    },
    {
      "id": "CDP13",
      "x": 77.82,
      "y": 26.94,
      "time_window": [
        0.0,
        3000.0
      ],
      "capacity": 119
    },
    {
      "id": "CDP14",
      "x": 16.4,
      "y": 80.65,
      "time_window": [
        0.0,
        3000.0
      ],
      "capacity": 102
    },
    {
      "id": "CDP15",
      "x": 19.28,
      "y": 22.71,
      "time_window": [
        0.0,
        3000.0
      ],
      "capacity": 174
    },
    {
      "id": "CDP16",
      "x": 35.03,
      "y": 96.57,
      "time_window": [
        0.0,
        3000.0
      ],
      "capacity": 228
    }
  ],
  "Customers": [
    {
      "id": "C1",
      "x": 19.65,
      "y": 9.54,
      "time_window": [
        450.0,
        1590.95
      ],
      "demand": [
        4,
        1,
        4
      ]
    },
    {
      "id": "C2",
      "x": 97.54,
      "y": 79.12,
      "time_window": [
        450.0,
        2449.74
      ],
      "demand": [
        3,
        2,
        3
      ]
    },
    {
      "id": "C3",
      "x": 37.6,
      "y": 62.67,
      "time_window": [
        450.0,
        1228.54
      ],
      "demand": [
        1,
        2,
        3
      ]
    },
    {
      "id": "C4",
      "x": 31.08,
      "y": 38.41,
      "time_window": [
        450.0,
        2500.23
      ],
      "demand": [
        4,
        4,
        4
      ]
    },
    {
      "id": "C5",
      "x": 56.44,
      "y": 39.58,
      "time_window": [
        450.0,
        1337.07
      ],
      "demand": [
        1,
        2,
        4
      ]
    },
    {
      "id": "C6",
      "x": 37.98,
      "y": 63.26,
      "time_window": [
        450.0,
        2380.37
      ],
      "demand": [
        1,
        1,
        1
      ]
    },
    {
      "id": "C7",
      "x": 94.5,
      "y": 5.86,
      "time_window": [
        450.0,
        2445.64
      ],
      "demand": [
        3,
        2,
        1
      ]
    },
    {
      "id": "C8",
      "x": 25.89,
      "y": 59.45,
      "time_window": [
        450.0,
        1608.18
      ],
      "demand": [
        3,
        1,
        1
      ]
    },
    {
      "id": "C9",
      "x": 55.46,
      "y": 45.24,
      "time_window": [
        450.0,
        1914.23
      ],
      "demand": [
        4,
        4,
        4
      ]
    },
    {
      "id": "C10",
      "x": 60.56,
      "y": 63.41,
      "time_window": [
        450.0,
        1823.17
      ],
      "demand": [
        4,
        3,
        4
      ]
    },
    {
      "id": "C11",
      "x": 91.87,
      "y": 19.54,
      "time_window": [
        450.0,
        1848.6
      ],
      "demand": [
        1,
        1,
        2
      ]
    },
    {
      "id": "C12",
      "x": 19.88,
      "y": 21.96,
      "time_window": [
        450.0,
        2260.94
      ],
      "demand": [
        3,
        1,
        2
      ]
    },
    {
      "id": "C13",
      "x": 47.14,
      "y": 42.1,
      "time_window": [
        450.0,
        983.1
      ],
      "demand": [
        1,
        2,
        4
      ]
    },
    {
      "id": "C14",
      "x": 25.75,
      "y": 29.74,
      "time_window": [
        450.0,
        1196.13
      ],
      "demand": [
        4,
        4,
        1
      ]
    },
    {
      "id": "C15",
      "x": 2.86,
      "y": 78.0,
      "time_window": [
        450.0,
        2139.71
      ],
      "demand": [
        1,
        1,
        3
      ]
    },
    {
      "id": "C16",
      "x": 44.91,
      "y": 44.95,
      "time_window": [
        450.0,
        1522.93
      ],
      "demand": [
        1,
        3,
        2
      ]
    },
    {
      "id": "C17",
      "x": 94.25,
      "y": 17.43,
      "time_window": [
        450.0,
        1688.74
      ],
      "demand": [
        4,
        1,
        1
      ]
    },
    {
      "id": "C18",
      "x": 77.22,
      "y": 15.11,
      "time_window": [
        450.0,
        1697.92
      ],
      "demand": [
        2,
        2,
        4
      ]
    },
    {
      "id": "C19",
      "x": 80.28,
      "y": 98.33,
      "time_window": [
        450.0,
        1294.11
      ],
      "demand": [
        1,
        3,
        2
      ]
    },
    {
      "id": "C20",
      "x": 91.6,
      "y": 10.66,
      "time_window": [
        450.0,
        1911.41
      ],
      "demand": [
        3,
        2,
        2
      ]
    },
    {
      "id": "C21",
      "x": 49.5,
      "y": 32.97,
      "time_window": [
        450.0,
        1933.97
      ],
      "demand": [
        4,
        1,
        2
      ]
    },
    {
      "id": "C22",
      "x": 75.08,
      "y": 83.68,
      "time_window": [
        450.0,
        1745.84
      ],
      "demand": [
        1,
        4,
        4
      ]
    },
    {
      "id": "C23",
      "x": 11.45,
      "y": 93.15,
      "time_window": [
        450.0,
        2151.99
      ],
      "demand": [
        3,
        2,
        2
      ]
    },
    {
      "id": "C24",
      "x": 73.35,
      "y": 59.7,
      "time_window": [
        450.0,
        2459.27
      ],
      "demand": [
        3,
        4,
        4
      ]
    },
    {
      "id": "C25",
      "x": 50.45,
      "y": 71.76,
      "time_window": [
        450.0,
        2139.94
      ],
      "demand": [
        1,
        3,
        2
      ]
    },
    {
      "id": "C26",
      "x": 19.2,
      "y": 87.61,
      "time_window": [
        450.0,
        1188.89
      ],
      "demand": [
        2,
        4,
        3
      ]
    },
    {
      "id": "C27",
      "x": 54.91,
      "y": 72.17,
      "time_window": [
        450.0,
        2005.23
      ],
      "demand": [
        3,
        2,
        2
      ]
    },
    {
      "id": "C28",
      "x": 59.01,
      "y": 61.25,
      "time_window": [
        450.0,
        1855.71
      ],
      "demand": [
        2,
        1,
        2
      ]
    },
    {
      "id": "C29",
      "x": 98.54,
      "y": 14.46,
      "time_window": [
        450.0,
        1782.62
      ],
      "demand": [
        1,
        4,
        3
      ]
    },
    {
      "id": "C30",
      "x": 27.55,
      "y": 52.69,
      "time_window": [
        450.0,
        2052.91
      ],
      "demand": [
        3,
        1,
        4
      ]
    },
    {
      "id": "C31",
      "x": 26.07,
      "y": 48.88,
      "time_window": [
        450.0,
        1651.68
      ],
      "demand": [
        4,
        4,
        2
      ]
    },
    {
      "id": "C32",
      "x": 34.28,
      "y": 32.25,
      "time_window": [
        450.0,
        1180.74
      ],
      "demand": [
        1,
        2,
        4
      ]
    },
    {
      "id": "C33",
      "x": 58.52,
      "y": 47.6,
      "time_window": [
        450.0,
        1521.39
      ],
      "demand": [
        4,
        1,
        4
      ]
    },
    {
      "id": "C34",
      "x": 54.58,
      "y": 59.51,
      "time_window": [
        450.0,
        2134.19
      ],
      "demand": [
        3,
        4,
        3
      ]
    },
    {
      "id": "C35",
      "x": 55.76,
      "y": 40.43,
      "time_window": [
        450.0,
        2030.68
      ],
      "demand": [
        1,
        4,
        4
      ]
    },
    {
      "id": "C36",
      "x": 30.73,
      "y": 51.25,
      "time_window": [
        450.0,
        2187.2
      ],
      "demand": [
        4,
        3,
        3
      ]
    }
  ]
}