{
  "set_id": 3,
  "inst_id": 2,
  "vehicles": {
    "CT": {
      "count": 8,
      "capacity": 1500,
      "fixed_cost": 1500,
      "unit_cost_factor": 1.2
    },
    "UV": {
      "count": 12,
      "capacity": 500,
      "fixed_cost": 500,
      "unit_cost_factor": 1.1
    }
  },
  "P": 4,
  "item_weights": [
    5,
    15,
    15,
    15
  ],
  "inventory_ratio": 1.3,
  "FCs": [
    {
      "id": "FC1",
      "x": 25,
      "y": 25,
      "time_window": [
        0.0,
        3000.0
      ],
      "inventory": [
        30,
        44,
        33,
        32
      ]
    },
    {
      "id": "FC2",
      "x": 75,
      "y": 75,
      "time_window": [
        0.0,
        3000.0
      ],
      "inventory": [
        38,
        27,
        29,
        37
      ]
    }
  ],
  "DCs": [
    {
      "id": "DC1",
      "x": 12.35,
      "y": 33.1,
      "time_window": [
        300.0,
        2700.0
      ]
    },
    {
      "id": "DC2",
      "x": 56.65,
      "y": 70.01,
      "time_window": [
        300.0,
        2700.0
      ]
    },
    {
      "id": "DC3",
      "x": 62.45,
      "y": 20.57,
      "time_window": [
        300.0,
        2700.0
      ]
    },
    {
      "id": "DC4",
      "x": 12.66,
      "y": 71.1,
      "time_window": [
        300.0,
        2700.0
      ]
    }
  ],
  "CDPs": [
    {
      "id": "CDP1",
      "x": 36.96,
      "y": 56.98,
      "time_window": [
        0.0,
        3000.0
      ],
      "capacity": 271
    },
    {
      "id": "CDP2",
      "x": 88.54,
      "y": 14.06,
      "time_window": [
        0.0,
        3000.0
      ],
      "capacity": 157
    },
    {
      "id": "CDP3",
      "x": 39.85,
      "y": 82.34,
      "time_window": [
        0.0,
        3000.0
      ],
      "capacity": 189
    },
    {
      "id": "CDP4",
      "x": 2.59,
      "y": 66.31,
      "time_window": [
        0.0,
        3000.0
      ],
      "capacity": 251
    },
    {
      "id": "CDP5",
      "x": 78.33,
      "y": 92.85,
      "time_window": [
        0.0,
        3000.0
      ],
      "capacity": 241
    },
    {
      "id": "CDP6",
      "x": 74.1,
      "y": 43.49,
      "time_window": [
        0.0,
        3000.0
      ],
      "capacity": 112
    },
    {
      "id": "CDP7",
      "x": 44.35,
      "y": 96.22,
      "time_window": [
        0.0,
        3000.0
      ],
      "capacity": 118
    },
    {
      "id": "CDP8",
      "x": 85.87,
      "y": 60.48,
      "time_window": [
        0.0,
        3000.0
      ],
      "capacity": 291
    },
    {
      "id": "CDP9",
      "x": 12.33,
      "y": 87.4,
      "time_window": [
        0.0,
        3000.0
      ],
      "capacity": 255
    },
    {
      "id": "CDP10",
      "x": 39.58,
      "y": 11.72,
      "time_window": [
        0.0,
        3000.0
      ],
      "capacity": 250
    },
    {
      "id": "CDP11",
      "x": 12.1,
      "y": 29.83,
      "time_window": [
        0.0,
        3000.0
      ],
      "capacity": 175
    },
    {
      "id": "CDP12",
      "x": 7.79,
      "y": 70.93,
      "time_window": [
        0.0,
        3000.0
      ],
      "capacity": 278
    },
    {
      "id": "CDP13",
      "x": 61.01,
      "y": 65.18,
      "time_window": [
        0.0,
        3000.0
      ],
      "capacity": 166
    },
    {
      "id": "CDP14",
      "x": 30.92,
      "y": 25.28,
      "time_window": [
        0.0,
        3000.0
      ],
      "capacity": 296
    },
    {
      "id": "CDP15",
      "x": 20.15,
      "y": 98.66,
      "time_window": [
        0.0,
        3000.0
      ],
      "capacity": 118
    },
    {
      "id": "CDP16",
      "x": 70.06,
      "y": 37.67,
      "time_window": [
        0.0,
        3000.0
      ],
      "capacity": 254
    }
  ],
  "Customers": [
    {
      "id": "C1",
      "x": 69.63,
      "y": 59.14,
      "time_window": [
        450.0,
        2170.94
      ],
      "demand": [
        1,
        2,
        2,
        3
      ]
    },
    {
      "id": "C2",
      "x": 85.96,
      "y": 19.67,
      "time_window": [
        450.0,
        2360.58
      ],
      "demand": [
        4,
        4,
        4,
        3
      ]
    },
    {
      "id": "C3",
      "x": 18.57,
      "y": 96.04,
      "time_window": [
        450.0,
        1815.01
      ],
      "demand": [
        3,
        2,
        2,
        3
      ]
    },
    {
      "id": "C4",
      "x": 94.36,
      "y": 20.1,
      "time_window": [
        450.0,
        1044.63
      ],
      "demand": [
        2,
        4,
        4,
        3
      ]
    },
    {
      "id": "C5",
      "x": 60.49,
      "y": 54.25,
      "time_window": [
        450.0,
        2297.27
      ],
      "demand": [
        1,
        1,
        2,
        1
      ]
    },
    {
      "id": "C6",
      "x": 47.76,
      "y": 73.7,
      "time_window": [
        450.0,
        2459.47
      ],
      "demand": [
        3,
        2,
        3,
        1
      ]
    },
    {
      "id": "C7",
      "x": 8.13,
      "y": 89.86,
      "time_window": [
        450.0,
        1553.37
      ],
      "demand": [
        1,
        1,
        3,
        1
      ]
    },
    {
      "id": "C8",
      "x": 60.89,
      "y": 61.59,
      "time_window": [
        450.0,
        1202.37
      ],
      "demand": [
        2,
        3,
        1,
        1
      ]
    },
    {
      "id": "C9",
      "x": 2.66,
      "y": 10.98,
      "time_window": [
        450.0,
        1975.48
      ],
      "demand": [
        2,
        4,
        1,
        3
      ]
    },
    {
      "id": "C10",
      "x": 38.85,
      "y": 39.29,
      "time_window": [
        450.0,
        1509.5
      ],
      "demand": [
        4,
        2,
        3,
        3
      ]
    },
    {
      "id": "C11",
      "x": 93.0,
      "y": 19.07,
      "time_window": [
        450.0,
        1115.33
      ],
      "demand": [
        3,
        4,
        2,
        4
      ]
    },
    {
      "id": "C12",
      "x": 27.29,
      "y": 53.67,
      "time_window": [
        450.0,
        1485.15
      ],
      "demand": [
        1,
        1,
        4,
        3
      ]
    },
    {
      "id": "C13",
      "x": 60.45,
      "y": 28.41,
      "time_window": [
        450.0,
        1095.05
      ],
      "demand": [
        2,
        3,
        2,
        4
      ]
    },
    {
      "id": "C14",
      "x": 43.32,
      "y": 66.29,
      "time_window": [
        450.0,
        986.25
      ],
      "demand": [
        4,
        2,
        2,
        4
      ]
    },
    {
      "id": "C15",
      "x": 1.56,
      "y": 9.65,
      "time_window": [
        450.0,
        1334.46
      ],
      "demand": [
        4,
        2,
        4,
        2
      ]
    },
    {
      "id": "C16",
      "x": 56.98,
      "y": 39.11,
      "time_window": [
        450.0,
        1835.55
      ],
      "demand": [
        3,
        4,
        2,
        2
      ]
    },
    {
      "id": "C17",
      "x": 30.96,
      "y": 51.05,
      "time_window": [
        450.0,
        2328.63
      ],
      "demand": [
        1,
        3,
        1,
        1
      ]
    },
    {
      "id": "C18",
      "x": 32.59,
      "y": 73.98,
      "time_window": [
        450.0,
        1632.37
      ],
      "demand": [
        4,
        4,
        2,
        4
      ]
    },
    {
      "id": "C19",
      "x": 71.55,
      "y": 67.95,
      "time_window": [
        450.0,
        2356.38
      ],
      "demand": [
        4,
        3,
        1,
        3
      ]
    },
    {
      "id": "C20",
      "x": 85.77,
      "y": 94.32,
      "time_window": [
        450.0,
        1317.18
      ],
      "demand": [
        3,
        3,
        2,
        4
      ]
    }
  ]
}