{
  "set_id": 4,
  "inst_id": 8,
  "vehicles": {
    "CT": {
      "count": 8,
      "capacity": 1500,
      "fixed_cost": 1500,
      "unit_cost_factor": 1.2
    },
    "UV": {
      "count": 16,
      "capacity": 500,
      "fixed_cost": 500,
      "unit_cost_factor": 1.1
    }
  },
  "P": 3,
  "item_weights": [
    5,
    5,
    10
  ],
  "inventory_ratio": 1.1,
  "FCs": [
    {
      "id": "FC1",
      "x": 25,
      "y": 25,
      "time_window": [
        0.0,
        3000.0
      ],
      "inventory": [
        45,
        60,
        51
      ]
    },
    {
      "id": "FC2",
      "x": 75,
      "y": 75,
      "time_window": [
        0.0,
        3000.0
      ],
      "inventory": [
        52,
        42,
        51
      ]
    }
  ],
  "DCs": [
    {
      "id": "DC1",
      "x": 61.05,
      "y": 71.41,
      "time_window": [
        300.0,
        2700.0
      ]
    },
    {
      "id": "DC2",
      "x": 71.06,
      "y": 52.14,
      "time_window": [
        300.0,
        2700.0
      ]
    },
    {
      "id": "DC3",
      "x": 35.53,
      "y": 23.06,
      "time_window": [
        300.0,
        2700.0
      ]
    },
    {
      "id": "DC4",
      "x": 43.73,
      "y": 82.14,
      "time_window": [
        300.0,
        2700.0
      ]
    }
  ],
  "CDPs": [
    {
      "id": "CDP1",
      "x": 4.07,
      "y": 30.04,
      "time_window": [
        0.0,
        3000.0
      ],
      "capacity": 260
    },
    {
      "id": "CDP2",
      "x": 44.34,
      "y": 47.97,
      "time_window": [
        0.0,
        3000.0
      ],
      "capacity": 177
    },
    {
      "id": "CDP3",
      "x": 9.52,
      "y": 82.37,
      "time_window": [
        0.0,
        3000.0
      ],
      "capacity": 188
    },
    {
      "id": "CDP4",
      "x": 18.04,
      "y": 67.95,
      "time_window": [
        0.0,
        3000.0
      ],
      "capacity": 283
    },
    {
      "id": "CDP5",
      "x": 79.18,
      "y": 88.23,
      "time_window": [
        0.0,
        3000.0
      ],
      "capacity": 186
    },
    {
      "id": "CDP6",
      "x": 53.92,
      "y": 55.8,
      "time_window": [
        0.0,
        3000.0
      ],
      "capacity": 287
    },
    {
      "id": "CDP7",
      "x": 47.47,
      "y": 57.98,
      "time_window": [
        0.0,
        3000.0
      ],
      "capacity": 193
    },
    {
      "id": "CDP8",
      "x": 17.1,
      "y": 42.56,
      "time_window": [
        0.0,
        3000.0
      ],
      "capacity": 299
    },
    {
      "id": "CDP9",
      "x": 31.99,
      "y": 69.54,
      "time_window": [
        0.0,
        3000.0
      ],
      "capacity": 132
    },
    {
      "id": "CDP10",
      "x": 77.51,
      "y": 92.55,
      "time_window": [
        0.0,
        3000.0
      ],
      "capacity": 242
    },
    {
      "id": "CDP11",
      "x": 84.42,
      "y": 85.07,
      "time_window": [
        0.0,
        3000.0
      ],
      "capacity": 261
    },
    {
      "id": "CDP12",
      "x": 86.05,
      "y": 33.55,
      "time_window": [
        0.0,
        3000.0
      ],
      "capacity": 262
    },
    {
      "id": "CDP13",
      "x": 90.87,
      "y": 40.22,
      "time_window": [
        0.0,
        3000.0
      ],
      "capacity": 254
    },
    {
      "id": "CDP14",
      "x": 72.71,
      "y": 80.6,
      "time_window": [
        0.0,
        3000.0
      ],
      "capacity": 144
    },
    {
      "id": "CDP15",
      "x": 20.89,
      "y": 50.77,
      "time_window": [
        0.0,
        3000.0
      ],
      "capacity": 241
    },
    {
      "id": "CDP16",
      "x": 69.35,
      "y": 8.03,
      "time_window": [
        0.0,
        3000.0
      ],
      "capacity": 195
    }
  ],
  "Customers": [
    {
      "id": "C1",
      "x": 0.09,
      "y": 76.21,
      "time_window": [
        450.0,
        1735.07
      ],
      "demand": [
        1,
        4,
        2
      ]
    },
    {
      "id": "C2",
      "x": 84.47,
      "y": 23.62,
      "time_window": [
        450.0,
        1150.31
      ],
      "demand": [
        1,
        4,
        3
      ]
    },
    {
      "id": "C3",
      "x": 54.48,
      "y": 28.36,
      "time_window": [
        450.0,
        1935.27
      ],
      "demand": [
        2,
        2,
        3
      ]
    },
    {
      "id": "C4",
      "x": 67.07,
      "y": 32.06,
      "time_window": [
        450.0,
        968.82
      ],
      "demand": [
        4,
        4,
        4
      ]
    },
    {
      "id": "C5",
      "x": 59.89,
      "y": 53.27,
      "time_window": [
        450.0,
        1142.39
      ],
      "demand": [
        3,
        4,
        2
      ]
    },
    {
      "id": "C6",
      "x": 41.91,
      "y": 30.87,
      "time_window": [
        450.0,
        2031.42
      ],
      "demand": [
        3,
        3,
        1
      ]
    },
    {
      "id": "C7",
      "x": 49.42,
      "y": 39.68,
      "time_window": [
        450.0,
        2050.04
      ],
      "demand": [
        1,
        1,
        4
      ]
    },
    {
      "id": "C8",
      "x": 35.66,
      "y": 46.5,
      "time_window": [
        450.0,
        1604.78
      ],
      "demand": [
        1,
        4,
        2
      ]
    },
    {
      "id": "C9",
      "x": 81.07,
      "y": 1.88,
      "time_window": [
        450.0,
        2434.3
      ],
      "demand": [
        1,
        4,
        2
      ]
    },
    {
      "id": "C10",
      "x": 85.63,
      "y": 95.6,
      "time_window": [
        450.0,
        1562.88
      ],
      "demand": [
        3,
        2,
        2
      ]
    },
    {
      "id": "C11",
      "x": 39.35,
      "y": 52.2,
      "time_window": [
        450.0,
        1612.17
      ],
      "demand": [
        1,
        2,
        2
      ]
    },
    {
      "id": "C12",
      "x": 36.66,
      "y": 34.7,
      "time_window": [
        450.0,
        1091.56
      ],
      "demand": [
        4,
        1,
        2
      ]
    },
    {
      "id": "C13",
      "x": 85.14,
      "y": 6.1,
      "time_window": [
        450.0,
        2110.54
      ],
      "demand": [
        4,
        2,
        1
      ]
    },
    {
      "id": "C14",
      "x": 74.17,
      "y": 59.84,
      "time_window": [
        450.0,
        2390.7
      ],
      "demand": [
        4,
        3,
        3
      ]
    },
    {
      "id": "C15",
      "x": 0.66,
      "y": 90.54,
      "time_window": [
        450.0,
        1218.71
      ],
      "demand": [
        2,
        3,
        4
      ]
    },
    {
      "id": "C16",
      "x": 97.23,
      "y": 19.8,
      "time_window": [
        450.0,
        1153.38
      ],
      "demand": [
        4,
        4,
        1
      ]
    },
    {
      "id": "C17",
      "x": 66.61,
      "y": 72.88,
      "time_window": [
        450.0,
        2172.79
      ],
      "demand": [
        2,
        1,
        1
      ]
    },
    {
      "id": "C18",
      "x": 94.78,
      "y": 10.54,
      "time_window": [
        450.0,
        2230.73
      ],
      "demand": [
        2,
        1,
        3
      ]
    },
    {
      "id": "C19",
      "x": 9.93,
      "y": 98.66,
      "time_window": [
        450.0,
        1347.98
      ],
      "demand": [
        4,
        1,
        2
      ]
    },
    {
      "id": "C20",
      "x": 50.72,
      "y": 29.66,
      "time_window": [
        450.0,
        2355.78
      ],
      "demand": [
        4,
        3,
        4
      ]
    },
    {
      "id": "C21",
      "x": 37.45,
      "y": 41.07,
      "time_window": [
        450.0,
        1115.72
      ],
      "demand": [
        1,
        1,
        1
      ]
    },
    {
      "id": "C22",
      "x": 24.33,
      "y": 6.57,
      "time_window": [
        450.0,
        1766.53
      ],
      "demand": [
        3,
        1,
        2
      ]
    },
    {
      "id": "C23",
      "x": 26.95,
      "y": 66.65,
      "time_window": [
        450.0,
        1813.02
      ],
      "demand": [
        1,
        1,
        4
      ]
    },
    {
      "id": "C24",
      "x": 16.72,
      "y": 10.7,
      "time_window": [
        450.0,
        1689.98
      ],
      "demand": [
        3,
        2,
        4
      ]
    },
    {
      "id": "C25",
      "x": 26.61,
      "y": 57.5,
      "time_window": [
        450.0,
        1358.41
      ],
      "demand": [
        2,
        3,
        4
      ]
    },
    {
      "id": "C26",
      "x": 97.9,
      "y": 12.32,
      "time_window": [
        450.0,
        1422.93
      ],
      "demand": [
        1,
        4,
        4
      ]
    },
    {
      "id": "C27",
      "x": 60.48,
      "y": 40.28,
      "time_window": [
        450.0,
        1101.91
      ],
      "demand": [
        1,
        1,
        1
      ]
    },
    {
      "id": "C28",
      "x": 35.4,
      "y": 48.97,
      "time_window": [
        450.0,
        2091.32
      ],
      "demand": [
        4,
        1,
        2
      ]
    },
    {
      "id": "C29",
      "x": 70.45,
      "y": 28.77,
      "time_window": [
        450.0,
        1437.91
      ],
      "demand": [
        3,
        4,
        4
      ]
    },
    {
      "id": "C30",
      "x": 60.01,
      "y": 33.19,
      "time_window": [
        450.0,
        1906.64
      ],
      "demand": [
        3,
        4,
        1
      ]
    },
    {
      "id": "C31",
      "x": 55.42,
      "y": 66.48,
      "time_window": [
        450.0,
        1179.03
      ],
      "demand": [
        3,
        3,
        4
      ]
    },
    {
      "id": "C32",
      "x": 64.94,
      "y": 65.17,
      "time_window": [
        450.0,
        2378.23
      ],
      "demand": [
        3,
        4,
        2
      ]
    },
    {
      "id": "C33",
      "x": 31.58,
      "y": 45.46,
      "time_window": [
        450.0,
        962.23
      ],
      "demand": [
        2,
        2,
        3
      ]
    },
    {
      "id": "C34",
      "x": 2.45,
      "y": 87.83,
      "time_window": [
        450.0,
        2295.05
      ],
      "demand": [
        2,
        2,
        3
      ]
    },
    {
      "id": "C35",
      "x": 17.78,
      "y": 8.45,
      "time_window": [
        450.0,
        2531.19
      ],
      "demand": [
        1,
        4,
        4
      ]
    },
    {
      "id": "C36",
      "x": 52.71,
      "y": 43.95,
      "time_window": [
        450.0,
        2476.21
      ],
      "demand": [
        4,
        2,
        1
      ]
    }
  ]
}