{
  "set_id": 8,
  "inst_id": 3,
  "vehicles": {
    "CT": {
      "count": 20,
      "capacity": 1500,
      "fixed_cost": 1500,
      "unit_cost_factor": 1.2
    },
    "UV": {
      "count": 40,
      "capacity": 500,
      "fixed_cost": 500,
      "unit_cost_factor": 1.1
    }
  },
  "P": 3,
  "item_weights": [
    5,
    10,
    5
  ],
  "inventory_ratio": 1.1,
  "FCs": [
    {
      "id": "FC1",
      "x": 25,
      "y": 25,
      "time_window": [
        0.0,
        3000.0
      ],
      "inventory": [
        68,
        58,
        70
      ]
    },
    {
      "id": "FC2",
      "x": 25,
      "y": 75,
      "time_window": [
        0.0,
        3000.0
      ],
      "inventory": [
        62,
        68,
        68
      ]
    },
    {
      "id": "FC3",
      "x": 75,
      "y": 25,
      "time_window": [
        0.0,
        3000.0
      ],
      "inventory": [
        57,
        64,
        65
      ]
    },
    {
      "id": "FC4",
      "x": 75,
      "y": 75,
      "time_window": [
        0.0,
        3000.0
      ],
      "inventory": [
        64,
        72,
        65
      ]
    }
  ],
  "DCs": [
    {
      "id": "DC1",
      "x": 52.16,
      "y": 70.15,
      "time_window": [
        300.0,
        2700.0
      ]
    },
    {
      "id": "DC2",
      "x": 17.94,
      "y": 4.31,
      "time_window": [
        300.0,
        2700.0
      ]
    },
    {
      "id": "DC3",
      "x": 81.6,
      "y": 50.46,
      "time_window": [
        300.0,
        2700.0
      ]
    },
    {
      "id": "DC4",
      "x": 69.79,
      "y": 1.34,
      "time_window": [
        300.0,
        2700.0
      ]
    },
    {
      "id": "DC5",
      "x": 89.78,
      "y": 65.74,
      "time_window": [
        300.0,
        2700.0
      ]
    },
    {
      "id": "DC6",
      "x": 34.14,
      "y": 31.62,
      "time_window": [
        300.0,
        2700.0
      ]
    },
    {
      "id": "DC7",
      "x": 56.39,
      "y": 40.53,
      "time_window": [
        300.0,
        2700.0
      ]
    },
    {
      "id": "DC8",
      "x": 68.3,
      "y": 34.45,
      "time_window": [
        300.0,
        2700.0
      ]
    }
  ],
  "CDPs": [
    {
      "id": "CDP1",
      "x": 44.69,
      "y": 24.16,
      "time_window": [
        0.0,
        3000.0
      ],
      "capacity": 190
    },
    {
      "id": "CDP2",
      "x": 12.92,
      "y": 66.76,
      "time_window": [
        0.0,
        3000.0
      ],
      "capacity": 165
    },
    {
      "id": "CDP3",
      "x": 32.71,
      "y": 74.51,
      "time_window": [
        0.0,
        3000.0
      ],
      "capacity": 213
    },
    {
      "id": "CDP4",
      "x": 10.49,
      "y": 26.59,
      "time_window": [
        0.0,
        3000.0
      ],
      "capacity": 270
    },
    {
      "id": "CDP5",
      "x": 31.72,
      "y": 53.16,
      "time_window": [
        0.0,
        3000.0
      ],
      "capacity": 282
    },
    {
      "id": "CDP6",
      "x": 80.19,
      "y": 93.19,
      "time_window": [
        0.0,
        3000.0
      ],
      "capacity": 199
    },
    {
      "id": "CDP7",
      "x": 19.57,
      "y": 49.56,
      "time_window": [
        0.0,
        3000.0
      ],
      "capacity": 197
    },
    {
      "id": "CDP8",
      "x": 82.21,
      "y": 83.94,
      "time_window": [
        0.0,
        3000.0
      ],
      "capacity": 255
    },
    {
      "id": "CDP9",
      "x": 62.92,
      "y": 32.53,
      "time_window": [
        0.0,
        3000.0
      ],
      "capacity": 124
    },
    {
      "id": "CDP10",
      "x": 53.38,
      "y": 75.83,
      "time_window": [
        0.0,
        3000.0
      ],
      "capacity": 188
    },
    {
      "id": "CDP11",
      "x": 34.79,
      "y": 83.57,
      "time_window": [
        0.0,
        3000.0
      ],
      "capacity": 145
    },
    {
      "id": "CDP12",
      "x": 38.43,
      "y": 12.32,
      "time_window": [
        0.0,
        3000.0
      ],
      "capacity": 300
    },
    {
      "id": "CDP13",
      "x": 7.32,
      "y": 44.74,
      "time_window": [
        0.0,
        3000.0
      ],
      "capacity": 149
    },
    {
      "id": "CDP14",
      "x": 78.09,
      "y": 53.21,
      "time_window": [
        0.0,
        3000.0
      ],
      "capacity": 259
    },
    {
      "id": "CDP15",
      "x": 1.53,
      "y": 89.97,
      "time_window": [
        0.0,
        3000.0
      ],
      "capacity": 154
    },
    {
      "id": "CDP16",
      "x": 67.18,
      "y": 65.25,
      "time_window": [
        0.0,
        3000.0
      ],
      "capacity": 220
    },
    {
      "id": "CDP17",
      "x": 4.89,
      "y": 89.12,
      "time_window": [
        0.0,
        3000.0
      ],
      "capacity": 147
    },
    {
      "id": "CDP18",
      "x": 36.43,
      "y": 94.41,
      "time_window": [
        0.0,
        3000.0
      ],
      "capacity": 237
    },
    {
      "id": "CDP19",
      "x": 41.59,
      "y": 7.41,
      "time_window": [
        0.0,
        3000.0
      ],
      "capacity": 182
    },
    {
      "id": "CDP20",
      "x": 69.58,
      "y": 58.53,
      "time_window": [
        0.0,
        3000.0
      ],
      "capacity": 173
    },
    {
      "id": "CDP21",
      "x": 92.64,
      "y": 71.0,
      "time_window": [
        0.0,
        3000.0
      ],
      "capacity": 209
    },
    {
      "id": "CDP22",
      "x": 37.99,
      "y": 91.91,
      "time_window": [
        0.0,
        3000.0
      ],
      "capacity": 255
    },
    {
      "id": "CDP23",
      "x": 99.24,
      "y": 4.47,
      "time_window": [
        0.0,
        3000.0
      ],
      "capacity": 298
    },
    {
      "id": "CDP24",
      "x": 94.54,
      "y": 54.27,
      "time_window": [
        0.0,
        3000.0
      ],
      "capacity": 179
    },
    {
      "id": "CDP25",
      "x": 40.27,
      "y": 0.16,
      "time_window": [
        0.0,
        3000.0
      ],
      "capacity": 190
    },
    {
      "id": "CDP26",
      "x": 47.28,
      "y": 41.4,
      "time_window": [
        0.0,
        3000.0
      ],
      "capacity": 145
    },
    {
      "id": "CDP27",
      "x": 60.26,
      "y": 89.06,
      "time_window": [
        0.0,
        3000.0
      ],
      "capacity": 113
    },
    {
      "id": "CDP28",
      "x": 23.19,
      "y": 28.82,
      "time_window": [
        0.0,
        3000.0
      ],
      "capacity": 210
    },
    {
      "id": "CDP29",
      "x": 95.41,
      "y": 37.65,
      "time_window": [
        0.0,
        3000.0
      ],
      "capacity": 154
    },
    {
      "id": "CDP30",
      "x": 91.81,
      "y": 44.02,
      "time_window": [
        0.0,
        3000.0
      ],
      "capacity": 185
    },
    {
      "id": "CDP31",
      "x": 75.09,
      "y": 48.77,
      "time_window": [
        0.0,
        3000.0
      ],
      "capacity": 132
    },
    {
      "id": "CDP32",
      "x": 67.41,
      "y": 85.15,
      "time_window": [
        0.0,
        3000.0
      ],
      "capacity": 259
    },
    {
      "id": "CDP33",
      "x": 91.91,
      "y": 69.51,
      "time_window": [
        0.0,
        3000.0
      ],
      "capacity": 273
    },
    {
      "id": "CDP34",
      "x": 54.06,
      "y": 16.3,
      "time_window": [
        0.0,
        3000.0
      ],
      "capacity": 192
    },
    {
      "id": "CDP35",
      "x": 41.17,
      "y": 40.87,
      "time_window": [
        0.0,
        3000.0
      ],
      "capacity": 113
    },
    {
      "id": "CDP36",
      "x": 38.32,
      "y": 22.63,
      "time_window": [
        0.0,
        3000.0
      ],
      "capacity": 101
    },
    {
      "id": "CDP37",
      "x": 17.59,
      "y": 75.7,
      "time_window": [
        0.0,
        3000.0
      ],
      "capacity": 240
    },
    {
      "id": "CDP38",
      "x": 5.28,
      "y": 13.88,
      "time_window": [
        0.0,
        3000.0
      ],
      "capacity": 287
    },
    {
      "id": "CDP39",
      "x": 42.04,
      "y": 39.85,
      "time_window": [
        0.0,
        3000.0
      ],
      "capacity": 162
    },
    {
      "id": "CDP40",
      "x": 86.49,
      "y": 63.62,
      "time_window": [
        0.0,
        3000.0
      ],
      "capacity": 167
    },
    {
      "id": "CDP41",
      "x": 57.25,
      "y": 83.34,
      "time_window": [
        0.0,
        3000.0
      ],
      "capacity": 213
    },
    {
      "id": "CDP42",
      "x": 44.86,
      "y": 30.85,
      "time_window": [
        0.0,
        3000.0
      ],
      "capacity": 104
    },
    {
      "id": "CDP43",
      "x": 13.79,
      "y": 3.56,
      "time_window": [
        0.0,
        3000.0
      ],
      "capacity": 179
    },
    {
      "id": "CDP44",
      "x": 14.31,
      "y": 38.74,
      "time_window": [
        0.0,
        3000.0
      ],
      "capacity": 198
    },
    {
      "id": "CDP45",
      "x": 2.84,
      "y": 18.28,
      "time_window": [
        0.0,
        3000.0
      ],
      "capacity": 199
    },
    {
      "id": "CDP46",
      "x": 33.37,
      "y": 3.86,
      "time_window": [
        0.0,
        3000.0
      ],
      "capacity": 105
    },
    {
      "id": "CDP47",
      "x": 26.56,
      "y": 69.15,
      "time_window": [
        0.0,
        3000.0
      ],
      "capacity": 131
    },
    {
      "id": "CDP48",
      "x": 42.7,
      "y": 54.96,
      "time_window": [
        0.0,
        3000.0
      ],
      "capacity": 109
    },
    {
      "id": "CDP49",
      "x": 36.74,
      "y": 76.04,
      "time_window": [
        0.0,
        3000.0
      ],
      "capacity": 159
    },
    {
      "id": "CDP50",
      "x": 28.87,
      "y": 44.71,
      "time_window": [
        0.0,
        3000.0
      ],
      "capacity": 131
    }
  ],
  "Customers": [
    {
      "id": "C1",
      "x": 31.0,
      "y": 43.89,
      "time_window": [
        450.0,
        2315.2
      ],
      "demand": [
        3,
        2,
        2
      ]
    },
    {
      "id": "C2",
      "x": 23.13,
      "y": 87.67,
      "time_window": [
        450.0,
        1146.72
      ],
      "demand": [
        1,
        1,
        2
      ]
    },
    {
      "id": "C3",
      "x": 22.67,
      "y": 96.59,
      "time_window": [
        450.0,
        1448.49
      ],
      "demand": [
        4,
        2,
        3
      ]
    },
    {
      "id": "C4",
      "x": 55.13,
      "y": 74.41,
      "time_window": [
        450.0,
        2550
      ],
      "demand": [
        1,
        2,
        2
      ]
    },
    {
      "id": "C5",
      "x": 56.09,
      "y": 54.14,
      "time_window": [
        450.0,
        1345.81
      ],
      "demand": [
        1,
        3,
        4
      ]
    },
    {
      "id": "C6",
      "x": 35.03,
      "y": 28.21,
      "time_window": [
        450.0,
        2193.66
      ],
      "demand": [
        3,
        3,
        2
      ]
    },
    {
      "id": "C7",
      "x": 65.74,
      "y": 63.6,
      "time_window": [
        450.0,
        1705.99
      ],
      "demand": [
        4,
        4,
        4
      ]
    },
    {
      "id": "C8",
      "x": 61.55,
      "y": 66.03,
      "time_window": [
        450.0,
        2436.47
      ],
      "demand": [
        2,
        2,
        1
      ]
    },
    {
      "id": "C9",
      "x": 76.07,
      "y": 88.73,
      "time_window": [
        450.0,
        2309.02
      ],
      "demand": [
        2,
        1,
        2
      ]
    },
    {
      "id": "C10",
      "x": 25.13,
      "y": 72.48,
      "time_window": [
        450.0,
        2023.62
      ],
      "demand": [
        2,
        1,
        2
      ]
    },
    {
      "id": "C11",
      "x": 9.11,
      "y": 77.06,
      "time_window": [
        450.0,
        2193.56
      ],
      "demand": [
        4,
        1,
        3
      ]
    },
    {
      "id": "C12",
      "x": 3.78,
      "y": 1.73,
      "time_window": [
        450.0,
        2137.1
      ],
      "demand": [
        4,
        3,
        3
      ]
    },
    {
      "id": "C13",
      "x": 48.34,
      "y": 52.54,
      "time_window": [
        450.0,
        2259.27
      ],
      "demand": [
        1,
        3,
        4
      ]
    },
    {
      "id": "C14",
      "x": 26.89,
      "y": 42.54,
      "time_window": [
        450.0,
        1908.23
      ],
      "demand": [
        2,
        1,
        2
      ]
    },
    {
      "id": "C15",
      "x": 54.11,
      "y": 51.02,
      "time_window": [
        450.0,
        2226.4
      ],
      "demand": [
        3,
        3,
        1
      ]
    },
    {
      "id": "C16",
      "x": 26.38,
      "y": 29.57,
      "time_window": [
        450.0,
        1145.43
      ],
      "demand": [
        4,
        1,
        4
      ]
    },
    {
      "id": "C17",
      "x": 92.67,
      "y": 91.16,
      "time_window": [
        450.0,
        1207.09
      ],
      "demand": [
        3,
        1,
        1
      ]
    },
    {
      "id": "C18",
      "x": 69.72,
      "y": 64.31,
      "time_window": [
        450.0,
        1978.44
      ],
      "demand": [
        3,
        1,
        2
      ]
    },
    {
      "id": "C19",
      "x": 32.34,
      "y": 40.94,
      "time_window": [
        450.0,
        2392.74
      ],
      "demand": [
        3,
        1,
        1
      ]
    },
    {
      "id": "C20",
      "x": 63.13,
      "y": 57.84,
      "time_window": [
        450.0,
        2057.36
      ],
      "demand": [
        1,
        1,
        2
      ]
    },
    {
      "id": "C21",
      "x": 32.06,
      "y": 55.94,
      "time_window": [
        450.0,
        1181.82
      ],
      "demand": [
        3,
        1,
        4
      ]
    },
    {
      "id": "C22",
      "x": 27.52,
      "y": 33.76,
      "time_window": [
        450.0,
        1975.25
      ],
      "demand": [
        2,
        4,
        1
      ]
    },
    {
      "id": "C23",
      "x": 32.6,
      "y": 41.8,
      "time_window": [
        450.0,
        2114.47
      ],
      "demand": [
        2,
        1,
        4
      ]
    },
    {
      "id": "C24",
      "x": 46.73,
      "y": 59.1,
      "time_window": [
        450.0,
        2160.9
      ],
      "demand": [
        3,
        2,
        1
      ]
    },
    {
      "id": "C25",
      "x": 55.01,
      "y": 27.56,
      "time_window": [
        450.0,
        1084.0
      ],
      "demand": [
        1,
        2,
        4
      ]
    },
    {
      "id": "C26",
      "x": 22.12,
      "y": 20.26,
      "time_window": [
        450.0,
        1556.47
      ],
      "demand": [
        2,
        1,
        1
      ]
    },
    {
      "id": "C27",
      "x": 44.37,
      "y": 64.38,
      "time_window": [
        450.0,
        2131.05
      ],
      "demand": [
        4,
        3,
        1
      ]
    },
    {
      "id": "C28",
      "x": 33.48,
      "y": 55.4,
      "time_window": [
        450.0,
        2012.16
      ],
      "demand": [
        2,
        2,
        2
      ]
    },
    {
      "id": "C29",
      "x": 85.32,
      "y": 75.01,
      "time_window": [
        450.0,
        1185.11
      ],
      "demand": [
        2,
        4,
        4
      ]
    },
    {
      "id": "C30",
      "x": 0.86,
      "y": 14.58,
      "time_window": [
        450.0,
        2344.78
      ],
      "demand": [
        3,
        1,
        1
      ]
    },
    {
      "id": "C31",
      "x": 28.65,
      "y": 64.28,
      "time_window": [
        450.0,
        2550
      ],
      "demand": [
        1,
        3,
        2
      ]
    },
    {
      "id": "C32",
      "x": 33.83,
      "y": 61.8,
      "time_window": [
        450.0,
        1859.24
      ],
      "demand": [
        2,
        3,
        2
      ]
    },
    {
      "id": "C33",
      "x": 82.34,
      "y": 8.03,
      "time_window": [
        450.0,
        974.71
      ],
      "demand": [
        1,
        4,
        4
      ]
    },
    {
      "id": "C34",
      "x": 52.76,
      "y": 61.88,
      "time_window": [
        450.0,
        2505.89
      ],
      "demand": [
        1,
        1,
        2
      ]
    },
    {
      "id": "C35",
      "x": 79.67,
      "y": 23.63,
      "time_window": [
        450.0,
        2109.2
      ],
      "demand": [
        3,
        3,
        2
      ]
    },
    {
      "id": "C36",
      "x": 37.05,
      "y": 67.87,
      "time_window": [
        450.0,
        1689.97
      ],
      "demand": [
        2,
        2,
        4
      ]
    },
    {
      "id": "C37",
      "x": 49.66,
      "y": 69.59,
      "time_window": [
        450.0,
        2353.66
      ],
      "demand": [
        3,
        1,
        3
      ]
    },
    {
      "id": "C38",
      "x": 42.22,
      "y": 67.43,
      "time_window": [
        450.0,
        2550
      ],
      "demand": [
        1,
        3,
        3
      ]
    },
    {
      "id": "C39",
      "x": 20.55,
      "y": 85.14,
      "time_window": [
        450.0,
        1077.77
      ],
      "demand": [
        4,
        4,
        4
      ]
    },
    {
      "id": "C40",
      "x": 85.34,
      "y": 95.87,
      "time_window": [
        450.0,
        1725.57
      ],
      "demand": [
        2,
        2,
        2
      ]
    },
    {
      "id": "C41",
      "x": 54.86,
      "y": 69.86,
      "time_window": [
        450.0,
        2252.21
      ],
      "demand": [
        3,
        4,
        4
      ]
    },
    {
      "id": "C42",
      "x": 3.8,
      "y": 5.1,
      "time_window": [
        450.0,
        1812.56
      ],
      "demand": [
        1,
        1,
        1
      ]
    },
    {
      "id": "C43",
      "x": 92.87,
      "y": 6.75,
      "time_window": [
        450.0,
        2024.67
      ],
      "demand": [
        2,
        2,
        2
      ]
    },
    {
      "id": "C44",
      "x": 30.98,
      "y": 74.72,
      "time_window": [
        450.0,
        2430.55
      ],
      "demand": [
        2,
        2,
        4
      ]
    },
    {
      "id": "C45",
      "x": 31.56,
      "y": 60.24,
      "time_window": [
        450.0,
        1148.63
      ],
      "demand": [
        3,
        4,
        4
      ]
    },
    {
      "id": "C46",
      "x": 84.01,
      "y": 81.6,
      "time_window": [
        450.0,
        1379.85
      ],
      "demand": [
        3,
        1,
        4
      ]
    },
    {
      "id": "C47",
      "x": 46.69,
      "y": 51.48,
      "time_window": [
        450.0,
        2427.94
      ],
      "demand": [
        4,
        4,
        1
      ]
    },
    {
      "id": "C48",
      "x": 94.57,
      "y": 93.82,
      "time_window": [
        450.0,
        1671.72
      ],
      "demand": [
        1,
        4,
        3
      ]
    },
    {
      "id": "C49",
      "x": 94.28,
      "y": 0.11,
      "time_window": [
        450.0,
        1089.09
      ],
      "demand": [
        1,
        3,
        4
      ]
    },
    {
      "id": "C50",
      "x": 44.17,
      "y": 41.32,
      "time_window": [
        450.0,
        1029.14
      ],
      "demand": [
        3,
        3,
        4
      ]
    },
    {
      "id": "C51",
      "x": 73.94,
      "y": 57.09,
      "time_window": [
        450.0,
        1156.71
      ],
      "demand": [
        2,
        1,
        1
      ]
    },
    {
      "id": "C52",
      "x": 50.49,
      "y": 68.22,
      "time_window": [
        450.0,
        2038.16
      ],
      "demand": [
        2,
        3,
        4
      ]
    },
    {
      "id": "C53",
      "x": 41.56,
      "y": 63.45,
      "time_window": [
        450.0,
        2241.53
      ],
      "demand": [
        4,
        4,
        3
      ]
    },
    {
      "id": "C54",
      "x": 25.13,
      "y": 60.3,
      "time_window": [
        450.0,
        1850.45
      ],
      "demand": [
        1,
        4,
        2
      ]
    },
    {
      "id": "C55",
      "x": 50.61,
      "y": 53.01,
      "time_window": [
        450.0,
        2312.51
      ],
      "demand": [
        3,
        2,
        2
      ]
    },
    {
      "id": "C56",
      "x": 82.11,
      "y": 83.48,
      "time_window": [
        450.0,
        2550
      ],
      "demand": [
        1,
        2,
        1
      ]
    },
    {
      "id": "C57",
      "x": 40.0,
      "y": 50.03,
      "time_window": [
        450.0,
        2238.01
      ],
      "demand": [
        1,
        1,
        1
      ]
    },
    {
      "id": "C58",
      "x": 30.62,
      "y": 50.48,
      "time_window": [
        450.0,
        1037.67
      ],
      "demand": [
        2,
        4,
        3
      ]
    },
    {
      "id": "C59",
      "x": 97.78,
      "y": 13.16,
      "time_window": [
        450.0,
        2029.22
      ],
      "demand": [
        2,
        4,
        2
      ]
    },
    {
      "id": "C60",
      "x": 46.75,
      "y": 58.18,
      "time_window": [
        450.0,
        2388.63
      ],
      "demand": [
        1,
        4,
        3
      ]
    },
    {
      "id": "C61",
      "x": 42.23,
      "y": 72.13,
      "time_window": [
        450.0,
        1005.44
      ],
      "demand": [
        3,
        2,
        1
      ]
    },
    {
      "id": "C62",
      "x": 47.28,
      "y": 33.8,
      "time_window": [
        450.0,
        2039.43
      ],
      "demand": [
        2,
        1,
        2
      ]
    },
    {
      "id": "C63",
      "x": 99.66,
      "y": 20.75,
      "time_window": [
        450.0,
        2358.17
      ],
      "demand": [
        1,
        3,
        4
      ]
    },
    {
      "id": "C64",
      "x": 90.02,
      "y": 81.95,
      "time_window": [
        450.0,
        1561.7
      ],
      "demand": [
        4,
        3,
        3
      ]
    },
    {
      "id": "C65",
      "x": 61.73,
      "y": 38.76,
      "time_window": [
        450.0,
        1281.66
      ],
      "demand": [
        1,
        2,
        2
      ]
    },
    {
      "id": "C66",
      "x": 92.82,
      "y": 17.11,
      "time_window": [
        450.0,
        1286.85
      ],
      "demand": [
        1,
        1,
        1
      ]
    },
    {
      "id": "C67",
      "x": 4.32,
      "y": 96.17,
      "time_window": [
        450.0,
        1745.77
      ],
      "demand": [
        4,
        3,
        3
      ]
    },
    {
      "id": "C68",
      "x": 85.24,
      "y": 79.29,
      "time_window": [
        450.0,
        2026.32
      ],
      "demand": [
        1,
        1,
        1
      ]
    },
    {
      "id": "C69",
      "x": 30.38,
      "y": 68.38,
      "time_window": [
        450.0,
        1617.06
      ],
      "demand": [
        4,
        4,
        3
      ]
    },
    {
      "id": "C70",
      "x": 98.4,
      "y": 95.98,
      "time_window": [
        450.0,
        2463.88
      ],
      "demand": [
        1,
        2,
        3
      ]
    },
    {
      "id": "C71",
      "x": 54.11,
      "y": 60.29,
      "time_window": [
        450.0,
        2478.17
      ],
      "demand": [
        2,
        3,
        1
      ]
    },
    {
      "id": "C72",
      "x": 99.93,
      "y": 89.13,
      "time_window": [
        450.0,
        959.32
      ],
      "demand": [
        1,
        1,
        2
      ]
    },
    {
      "id": "C73",
      "x": 60.62,
      "y": 64.64,
      "time_window": [
        450.0,
        1348.34
      ],
      "demand": [
        1,
        4,
        4
      ]
    },
    {
      "id": "C74",
      "x": 73.85,
      "y": 44.35,
      "time_window": [
        450.0,
        1716.36
      ],
      "demand": [
        4,
        3,
        4
      ]
    },
    {
      "id": "C75",
      "x": 18.13,
      "y": 81.58,
      "time_window": [
        450.0,
        1364.27
      ],
      "demand": [
        2,
        2,
        1
      ]
    },
    {
      "id": "C76",
      "x": 30.29,
      "y": 32.25,
      "time_window": [
        450.0,
        1543.6
      ],
      "demand": [
        3,
        1,
        2
      ]
    },
    {
      "id": "C77",
      "x": 12.95,
      "y": 1.9,
      "time_window": [
        450.0,
        1893.62
      ],
      "demand": [
        4,
        1,
        2
      ]
    },
    {
      "id": "C78",
      "x": 20.14,
      "y": 2.87,
      "time_window": [
        450.0,
        1798.86
      ],
      "demand": [
        2,
        1,
        4
      ]
    },
    {
      "id": "C79",
      "x": 85.15,
      "y": 90.57,
      "time_window": [
        450.0,
        1038.96
      ],
      "demand": [
        3,
        4,
        2
      ]
    },
    {
      "id": "C80",
      "x": 23.31,
      "y": 83.85,
      "time_window": [
        450.0,
        1883.73
      ],
      "demand": [
        2,
        2,
        2
      ]
    },
    {
      "id": "C81",
      "x": 9.29,
      "y": 14.51,
      "time_window": [
        450.0,
        1188.85
      ],
      "demand": [
        1,
        3,
        3
      ]
    },
    {
      "id": "C82",
      "x": 37.86,
      "y": 68.35,
      "time_window": [
        450.0,
        981.67
      ],
      "demand": [
        2,
        3,
        1
      ]
    },
    {
      "id": "C83",
      "x": 38.76,
      "y": 72.01,
      "time_window": [
        450.0,
        2287.7
      ],
      "demand": [
        2,
        3,
        3
      ]
    },
    {
      "id": "C84",
      "x": 43.85,
      "y": 36.62,
      "time_window": [
        450.0,
        1360.05
      ],
      "demand": [
        3,
        4,
        2
      ]
    },
    {
      "id": "C85",
      "x": 43.4,
      "y": 44.0,
      "time_window": [
        450.0,
        1202.06
      ],
      "demand": [
        1,
        2,
        1
      ]
    },
    {
      "id": "C86",
      "x": 79.37,
      "y": 94.7,
      "time_window": [
        450.0,
        1927.42
      ],
      "demand": [
        1,
        2,
        2
      ]
    },
    {
      "id": "C87",
      "x": 28.53,
      "y": 60.56,
      "time_window": [
        450.0,
        962.09
      ],
      "demand": [
        2,
        1,
        3
      ]
    },
    {
      "id": "C88",
      "x": 48.13,
      "y": 49.91,
      "time_window": [
        450.0,
        1299.71
      ],
      "demand": [
        3,
        1,
        4
      ]
    },
    {
      "id": "C89",
      "x": 51.15,
      "y": 57.8,
      "time_window": [
        450.0,
        2498.91
      ],
      "demand": [
        1,
        2,
        1
      ]
    },
    {
      "id": "C90",
      "x": 91.38,
      "y": 94.75,
      "time_window": [
        450.0,
        2308.38
      ],
      "demand": [
        1,
        3,
        2
      ]
    },
    {
      "id": "C91",
      "x": 98.55,
      "y": 93.91,
      "time_window": [
        450.0,
        2082.59
      ],
      "demand": [
        2,
        3,
        2
      ]
    },
    {
      "id": "C92",
      "x": 37.5,
      "y": 58.75,
      "time_window": [
        450.0,
        1168.05
      ],
      "demand": [
        2,
        2,
        1
      ]
    },
    {
      "id": "C93",
      "x": 20.9,
      "y": 98.1,
      "time_window": [
        450.0,
        1335.2
      ],
      "demand": [
        3,
        3,
        2
      ]
    },
    {
      "id": "C94",
      "x": 92.21,
      "y": 0.32,
      "time_window": [
        450.0,
        2208.3
      ],
      "demand": [
        4,
        4,
        2
      ]
    },
    {
      "id": "C95",
      "x": 60.93,
      "y": 52.54,
      "time_window": [
        450.0,
        1432.03
      ],
      "demand": [
        3,
        3,
        2
      ]
    },
    {
      "id": "C96",
      "x": 46.56,
      "y": 57.45,
      "time_window": [
        450.0,
        2029.89
      ],
      "demand": [
        2,
        2,
        3
      ]
    },
    {
      "id": "C97",
      "x": 98.57,
      "y": 21.56,
      "time_window": [
        450.0,
        2302.1
      ],
      "demand": [
        4,
        4,
        3
      ]
    },
    {
      "id": "C98",
      "x": 67.76,
      "y": 65.83,
      "time_window": [
        450.0,
        2410.63
      ],
      "demand": [
        3,
        2,
        1
      ]
    },
    {
      "id": "C99",
      "x": 66.65,
      "y": 74.77,
      "time_window": [
        450.0,
        1209.29
      ],
      "demand": [
        2,
        3,
        4
      ]
    },
    {
      "id": "C100",
      "x": 5.6,
      "y": 98.78,
      "time_window": [
        450.0,
        1817.48
      ],
      "demand": [
        3,
        3,
        3
      ]
    }
  ]
}