{
  "set_id": 7,
  "inst_id": 2,
  "vehicles": {
    "CT": {
      "count": 16,
      "capacity": 1500,
      "fixed_cost": 1500,
      "unit_cost_factor": 1.2
    },
    "UV": {
      "count": 32,
      "capacity": 500,
      "fixed_cost": 500,
      "unit_cost_factor": 1.1
    }
  },
  "P": 3,
  "item_weights": [
    15,
    15,
    5
  ],
  "inventory_ratio": 1.2,
  "FCs": [
    {
      "id": "FC1",
      "x": 25,
      "y": 25,
      "time_window": [
        0.0,
        3000.0
      ],
      "inventory": [
        60,
        52,
        55
      ]
    },
    {
      "id": "FC2",
      "x": 25,
      "y": 75,
      "time_window": [
        0.0,
        3000.0
      ],
      "inventory": [
        57,
        72,
        63
      ]
    },
    {
      "id": "FC3",
      "x": 75,
      "y": 25,
      "time_window": [
        0.0,
        3000.0
      ],
      "inventory": [
        67,
        56,
        49
      ]
    },
    {
      "id": "FC4",
      "x": 75,
      "y": 75,
      "time_window": [
        0.0,
        3000.0
      ],
      "inventory": [
        50,
        66,
        67
      ]
    }
  ],
  "DCs": [
    {
      "id": "DC1",
      "x": 81.12,
      "y": 78.15,
      "time_window": [
        300.0,
        2700.0
      ]
    },
    {
      "id": "DC2",
      "x": 3.31,
      "y": 4.12,
      "time_window": [
        300.0,
        2700.0
      ]
    },
    {
      "id": "DC3",
      "x": 24.1,
      "y": 4.22,
      "time_window": [
        300.0,
        2700.0
      ]
    },
    {
      "id": "DC4",
      "x": 93.03,
      "y": 28.54,
      "time_window": [
        300.0,
        2700.0
      ]
    },
    {
      "id": "DC5",
      "x": 41.14,
      "y": 83.21,
      "time_window": [
        300.0,
        2700.0
      ]
    },
    {
      "id": "DC6",
      "x": 62.87,
      "y": 72.56,
      "time_window": [
        300.0,
        2700.0
      ]
    },
    {
      "id": "DC7",
      "x": 57.15,
      "y": 79.65,
      "time_window": [
        300.0,
        2700.0
      ]
    },
    {
      "id": "DC8",
      "x": 31.21,
      "y": 19.78,
      "time_window": [
        300.0,
        2700.0
      ]
    }
  ],
  "CDPs": [
    {
      "id": "CDP1",
      "x": 81.32,
      "y": 59.22,
      "time_window": [
        0.0,
        3000.0
      ],
      "capacity": 288
    },
    {
      "id": "CDP2",
      "x": 89.6,
      "y": 64.79,
      "time_window": [
        0.0,
        3000.0
      ],
      "capacity": 239
    },
    {
      "id": "CDP3",
      "x": 16.03,
      "y": 8.38,
      "time_window": [
        0.0,
        3000.0
      ],
      "capacity": 201
    },
    {
      "id": "CDP4",
      "x": 64.76,
      "y": 58.84,
      "time_window": [
        0.0,
        3000.0
      ],
      "capacity": 127
    },
    {
      "id": "CDP5",
      "x": 53.57,
      "y": 98.63,
      "time_window": [
        0.0,
        3000.0
      ],
      "capacity": 240
    },
    {
      "id": "CDP6",
      "x": 85.38,
      "y": 49.26,
      "time_window": [
        0.0,
        3000.0
      ],
      "capacity": 133
    },
    {
      "id": "CDP7",
      "x": 29.33,
      "y": 64.86,
      "time_window": [
        0.0,
        3000.0
      ],
      "capacity": 190
    },
    {
      "id": "CDP8",
      "x": 26.94,
      "y": 33.88,
      "time_window": [
        0.0,
        3000.0
      ],
      "capacity": 225
    },
    {
      "id": "CDP9",
      "x": 99.64,
      "y": 83.37,
      "time_window": [
        0.0,
        3000.0
      ],
      "capacity": 235
    },
    {
      "id": "CDP10",
      "x": 87.34,
      "y": 14.56,
      "time_window": [
        0.0,
        3000.0
      ],
      "capacity": 253
    },
    {
      "id": "CDP11",
      "x": 17.45,
      "y": 86.43,
      "time_window": [
        0.0,
        3000.0
      ],
      "capacity": 152
    },
    {
      "id": "CDP12",
      "x": 92.17,
      "y": 35.63,
      "time_window": [
        0.0,
        3000.0
      ],
      "capacity": 120
    },
    {
      "id": "CDP13",
      "x": 86.39,
      "y": 81.36,
      "time_window": [
        0.0,
        3000.0
      ],
      "capacity": 115
    },
    {
      "id": "CDP14",
      "x": 94.1,
      "y": 73.18,
      "time_window": [
        0.0,
        3000.0
      ],
      "capacity": 166
    },
    {
      "id": "CDP15",
      "x": 90.27,
      "y": 60.6,
      "time_window": [
        0.0,
        3000.0
      ],
      "capacity": 279
    },
    {
      "id": "CDP16",
      "x": 26.25,
      "y": 83.43,
      "time_window": [
        0.0,
        3000.0
      ],
      "capacity": 148
    },
    {
      "id": "CDP17",
      "x": 20.71,
      "y": 0.82,
      "time_window": [
        0.0,
        3000.0
      ],
      "capacity": 252
    },
    {
      "id": "CDP18",
      "x": 64.0,
      "y": 51.56,
      "time_window": [
        0.0,
        3000.0
      ],
      "capacity": 185
    },
    {
      "id": "CDP19",
      "x": 25.9,
      "y": 3.95,
      "time_window": [
        0.0,
        3000.0
      ],
      "capacity": 202
    },
    {
      "id": "CDP20",
      "x": 5.43,
      "y": 13.84,
      "time_window": [
        0.0,
        3000.0
      ],
      "capacity": 103
    },
    {
      "id": "CDP21",
      "x": 76.69,
      "y": 83.52,
      "time_window": [
        0.0,
        3000.0
      ],
      "capacity": 131
    },
    {
      "id": "CDP22",
      "x": 46.45,
      "y": 86.45,
      "time_window": [
        0.0,
        3000.0
      ],
      "capacity": 196
    },
    {
      "id": "CDP23",
      "x": 59.63,
      "y": 90.73,
      "time_window": [
        0.0,
        3000.0
      ],
      "capacity": 180
    },
    {
      "id": "CDP24",
      "x": 1.59,
      "y": 36.45,
      "time_window": [
        0.0,
        3000.0
      ],
      "capacity": 189
    },
    {
      "id": "CDP25",
      "x": 35.01,
      "y": 41.15,
      "time_window": [
        0.0,
        3000.0
      ],
      "capacity": 120
    },
    {
      "id": "CDP26",
      "x": 10.36,
      "y": 77.97,
      "time_window": [
        0.0,
        3000.0
      ],
      "capacity": 285
    },
    {
      "id": "CDP27",
      "x": 23.47,
      "y": 20.97,
      "time_window": [
        0.0,
        3000.0
      ],
      "capacity": 297
    },
    {
      "id": "CDP28",
      "x": 22.63,
      "y": 10.28,
      "time_window": [
        0.0,
        3000.0
      ],
      "capacity": 173
    },
    {
      "id": "CDP29",
      "x": 99.87,
      "y": 32.89,
      "time_window": [
        0.0,
        3000.0
      ],
      "capacity": 186
    },
    {
      "id": "CDP30",
      "x": 66.14,
      "y": 37.31,
      "time_window": [
        0.0,
        3000.0
      ],
      "capacity": 101
    },
    {
      "id": "CDP31",
      "x": 61.55,
      "y": 66.62,
      "time_window": [
        0.0,
        3000.0
      ],
      "capacity": 120
    },
    {
      "id": "CDP32",
      "x": 74.74,
      "y": 25.17,
      "time_window": [
        0.0,
        3000.0
      ],
      "capacity": 164
    },
    {
      "id": "CDP33",
      "x": 22.27,
      "y": 26.89,
      "time_window": [
        0.0,
        3000.0
      ],
      "capacity": 247
    },
    {
      "id": "CDP34",
      "x": 22.48,
      "y": 89.49,
      "time_window": [
        0.0,
        3000.0
      ],
      "capacity": 285
    },
    {
      "id": "CDP35",
      "x": 7.03,
      "y": 33.82,
      "time_window": [
        0.0,
        3000.0
      ],
      "capacity": 275
    },
    {
      "id": "CDP36",
      "x": 56.58,
      "y": 25.73,
      "time_window": [
        0.0,
        3000.0
      ],
      "capacity": 194
    },
    {
      "id": "CDP37",
      "x": 50.96,
      "y": 63.78,
      "time_window": [
        0.0,
        3000.0
      ],
      "capacity": 228
    },
    {
      "id": "CDP38",
      "x": 25.11,
      "y": 60.78,
      "time_window": [
        0.0,
        3000.0
      ],
      "capacity": 185
    },
    {
      "id": "CDP39",
      "x": 31.52,
      "y": 25.24,
      "time_window": [
        0.0,
        3000.0
      ],
      "capacity": 179
    },
    {
      "id": "CDP40",
      "x": 35.87,
      "y": 55.21,
      "time_window": [
        0.0,
        3000.0
      ],
      "capacity": 280
    }
  ],
  "Customers": [
    {
      "id": "C1",
      "x": 28.09,
      "y": 64.14,
      "time_window": [
        450.0,
        1203.04
      ],
      "demand": [
        1,
        3,
        2
      ]
    },
    {
      "id": "C2",
      "x": 68.28,
      "y": 30.1,
      "time_window": [
        450.0,
        1030.07
      ],
      "demand": [
        4,
        4,
        3
      ]
    },
    {
      "id": "C3",
      "x": 9.71,
      "y": 97.1,
      "time_window": [
        450.0,
        1053.35
      ],
      "demand": [
        2,
        1,
        2
      ]
    },
    {
      "id": "C4",
      "x": 47.52,
      "y": 38.92,
      "time_window": [
        450.0,
        2450.42
      ],
      "demand": [
        4,
        4,
        2
      ]
    },
    {
      "id": "C5",
      "x": 58.18,
      "y": 46.58,
      "time_window": [
        450.0,
        2012.54
      ],
      "demand": [
        1,
        1,
        2
      ]
    },
    {
      "id": "C6",
      "x": 68.7,
      "y": 52.96,
      "time_window": [
        450.0,
        2288.18
      ],
      "demand": [
        4,
        3,
        4
      ]
    },
    {
      "id": "C7",
      "x": 97.62,
      "y": 81.63,
      "time_window": [
        450.0,
        2043.08
      ],
      "demand": [
        4,
        4,
        1
      ]
    },
    {
      "id": "C8",
      "x": 93.7,
      "y": 86.03,
      "time_window": [
        450.0,
        1552.55
      ],
      "demand": [
        2,
        4,
        3
      ]
    },
    {
      "id": "C9",
      "x": 47.73,
      "y": 73.72,
      "time_window": [
        450.0,
        973.64
      ],
      "demand": [
        3,
        3,
        2
      ]
    },
    {
      "id": "C10",
      "x": 85.17,
      "y": 16.44,
      "time_window": [
        450.0,
        2123.52
      ],
      "demand": [
        4,
        2,
        1
      ]
    },
    {
      "id": "C11",
      "x": 11.12,
      "y": 75.53,
      "time_window": [
        450.0,
        2550
      ],
      "demand": [
        2,
        3,
        3
      ]
    },
    {
      "id": "C12",
      "x": 3.81,
      "y": 85.6,
      "time_window": [
        450.0,
        1142.4
      ],
      "demand": [
        4,
        2,
        2
      ]
    },
    {
      "id": "C13",
      "x": 29.53,
      "y": 68.87,
      "time_window": [
        450.0,
        2523.59
      ],
      "demand": [
        1,
        3,
        2
      ]
    },
    {
      "id": "C14",
      "x": 12.94,
      "y": 77.56,
      "time_window": [
        450.0,
        1405.42
      ],
      "demand": [
        2,
        2,
        2
      ]
    },
    {
      "id": "C15",
      "x": 37.48,
      "y": 74.48,
      "time_window": [
        450.0,
        1242.33
      ],
      "demand": [
        4,
        4,
        2
      ]
    },
    {
      "id": "C16",
      "x": 15.59,
      "y": 15.21,
      "time_window": [
        450.0,
        1102.59
      ],
      "demand": [
        1,
        1,
        4
      ]
    },
    {
      "id": "C17",
      "x": 52.18,
      "y": 35.56,
      "time_window": [
        450.0,
        1976.03
      ],
      "demand": [
        3,
        4,
        4
      ]
    },
    {
      "id": "C18",
      "x": 51.21,
      "y": 59.76,
      "time_window": [
        450.0,
        1533.19
      ],
      "demand": [
        4,
        2,
        4
      ]
    },
    {
      "id": "C19",
      "x": 53.39,
      "y": 28.78,
      "time_window": [
        450.0,
        2405.19
      ],
      "demand": [
        1,
        4,
        3
      ]
    },
    {
      "id": "C20",
      "x": 0.31,
      "y": 17.44,
      "time_window": [
        450.0,
        1748.4
      ],
      "demand": [
        3,
        1,
        4
      ]
    },
    {
      "id": "C21",
      "x": 54.57,
      "y": 49.56,
      "time_window": [
        450.0,
        1731.16
      ],
      "demand": [
        4,
        2,
        1
      ]
    },
    {
      "id": "C22",
      "x": 96.18,
      "y": 11.54,
      "time_window": [
        450.0,
        1330.9
      ],
      "demand": [
        4,
        3,
        1
      ]
    },
    {
      "id": "C23",
      "x": 64.79,
      "y": 28.94,
      "time_window": [
        450.0,
        2469.06
      ],
      "demand": [
        4,
        2,
        4
      ]
    },
    {
      "id": "C24",
      "x": 26.93,
      "y": 32.25,
      "time_window": [
        450.0,
        1413.5
      ],
      "demand": [
        3,
        2,
        1
      ]
    },
    {
      "id": "C25",
      "x": 76.76,
      "y": 80.23,
      "time_window": [
        450.0,
        1332.41
      ],
      "demand": [
        3,
        4,
        4
      ]
    },
    {
      "id": "C26",
      "x": 7.68,
      "y": 78.35,
      "time_window": [
        450.0,
        1161.1
      ],
      "demand": [
        1,
        1,
        1
      ]
    },
    {
      "id": "C27",
      "x": 42.39,
      "y": 70.88,
      "time_window": [
        450.0,
        1648.34
      ],
      "demand": [
        2,
        2,
        1
      ]
    },
    {
      "id": "C28",
      "x": 79.89,
      "y": 10.87,
      "time_window": [
        450.0,
        1991.63
      ],
      "demand": [
        1,
        2,
        4
      ]
    },
    {
      "id": "C29",
      "x": 72.29,
      "y": 37.91,
      "time_window": [
        450.0,
        1195.57
      ],
      "demand": [
        3,
        2,
        4
      ]
    },
    {
      "id": "C30",
      "x": 63.11,
      "y": 63.5,
      "time_window": [
        450.0,
        1258.52
      ],
      "demand": [
        4,
        4,
        1
      ]
    },
    {
      "id": "C31",
      "x": 65.55,
      "y": 37.9,
      "time_window": [
        450.0,
        1774.2
      ],
      "demand": [
        1,
        4,
        4
      ]
    },
    {
      "id": "C32",
      "x": 33.86,
      "y": 39.87,
      "time_window": [
        450.0,
        968.69
      ],
      "demand": [
        4,
        2,
        4
      ]
    },
    {
      "id": "C33",
      "x": 84.42,
      "y": 88.44,
      "time_window": [
        450.0,
        1057.71
      ],
      "demand": [
        1,
        3,
        4
      ]
    },
    {
      "id": "C34",
      "x": 63.54,
      "y": 42.06,
      "time_window": [
        450.0,
        2326.86
      ],
      "demand": [
        4,
        4,
        3
      ]
    },
    {
      "id": "C35",
      "x": 22.39,
      "y": 17.07,
      "time_window": [
        450.0,
        1948.94
      ],
      "demand": [
        2,
        2,
        2
      ]
    },
    {
      "id": "C36",
      "x": 72.96,
      "y": 46.54,
      "time_window": [
        450.0,
        1519.46
      ],
      "demand": [
        1,
        2,
        4
      ]
    },
    {
      "id": "C37",
      "x": 85.26,
      "y": 16.14,
      "time_window": [
        450.0,
        1362.27
      ],
      "demand": [
        3,
        2,
        3
      ]
    },
    {
      "id": "C38",
      "x": 97.97,
      "y": 20.68,
      "time_window": [
        450.0,
        1162.96
      ],
      "demand": [
        4,
        1,
        3
      ]
    },
    {
      "id": "C39",
      "x": 44.33,
      "y": 30.92,
      "time_window": [
        450.0,
        1150.14
      ],
      "demand": [
        1,
        4,
        1
      ]
    },
    {
      "id": "C40",
      "x": 34.33,
      "y": 41.14,
      "time_window": [
        450.0,
        2409.97
      ],
      "demand": [
        2,
        2,
        3
      ]
    },
    {
      "id": "C41",
      "x": 46.74,
      "y": 25.46,
      "time_window": [
        450.0,
        2029.26
      ],
      "demand": [
        1,
        2,
        2
      ]
    },
    {
      "id": "C42",
      "x": 42.72,
      "y": 42.86,
      "time_window": [
        450.0,
        2345.7
      ],
      "demand": [
        2,
        4,
        2
      ]
    },
    {
      "id": "C43",
      "x": 37.9,
      "y": 67.25,
      "time_window": [
        450.0,
        1431.78
      ],
      "demand": [
        1,
        2,
        2
      ]
    },
    {
      "id": "C44",
      "x": 1.73,
      "y": 89.72,
      "time_window": [
        450.0,
        2462.46
      ],
      "demand": [
        1,
        3,
        4
      ]
    },
    {
      "id": "C45",
      "x": 40.92,
      "y": 42.79,
      "time_window": [
        450.0,
        2550
      ],
      "demand": [
        1,
        3,
        4
      ]
    },
    {
      "id": "C46",
      "x": 43.47,
      "y": 69.13,
      "time_window": [
        450.0,
        1672.65
      ],
      "demand": [
        3,
        3,
        1
      ]
    },
    {
      "id": "C47",
      "x": 79.94,
      "y": 95.81,
      "time_window": [
        450.0,
        1478.39
      ],
      "demand": [
        2,
        4,
        1
      ]
    },
    {
      "id": "C48",
      "x": 7.01,
      "y": 1.46,
      "time_window": [
        450.0,
        1453.6
      ],
      "demand": [
        1,
        1,
        2
      ]
    },
    {
      "id": "C49",
      "x": 85.47,
      "y": 79.08,
      "time_window": [
        450.0,
        2354.32
      ],
      "demand": [
        1,
        2,
        2
      ]
    },
    {
      "id": "C50",
      "x": 6.62,
      "y": 21.66,
      "time_window": [
        450.0,
        1493.88
      ],
      "demand": [
        3,
        2,
        2
      ]
    },
    {
      "id": "C51",
      "x": 57.98,
      "y": 35.83,
      "time_window": [
        450.0,
        2251.56
      ],
      "demand": [
        2,
        1,
        1
      ]
    },
    {
      "id": "C52",
      "x": 100.0,
      "y": 96.37,
      "time_window": [
        450.0,
        2048.1
      ],
      "demand": [
        4,
        3,
        2
      ]
    },
    {
      "id": "C53",
      "x": 53.19,
      "y": 60.82,
      "time_window": [
        450.0,
        2236.39
      ],
      "demand": [
        2,
        1,
        2
      ]
    },
    {
      "id": "C54",
      "x": 28.09,
      "y": 46.25,
      "time_window": [
        450.0,
        1081.22
      ],
      "demand": [
        1,
        4,
        3
      ]
    },
    {
      "id": "C55",
      "x": 78.66,
      "y": 86.69,
      "time_window": [
        450.0,
        2346.97
      ],
      "demand": [
        2,
        3,
        4
      ]
    },
    {
      "id": "C56",
      "x": 56.3,
      "y": 34.25,
      "time_window": [
        450.0,
        1511.33
      ],
      "demand": [
        3,
        2,
        3
      ]
    },
    {
      "id": "C57",
      "x": 44.04,
      "y": 38.73,
      "time_window": [
        450.0,
        1138.13
      ],
      "demand": [
        2,
        2,
        1
      ]
    },
    {
      "id": "C58",
      "x": 68.56,
      "y": 59.34,
      "time_window": [
        450.0,
        1562.74
      ],
      "demand": [
        2,
        1,
        1
      ]
    },
    {
      "id": "C59",
      "x": 46.61,
      "y": 33.9,
      "time_window": [
        450.0,
        1960.45
      ],
      "demand": [
        2,
        3,
        1
      ]
    },
    {
      "id": "C60",
      "x": 0.56,
      "y": 75.26,
      "time_window": [
        450.0,
        1132.94
      ],
      "demand": [
        1,
        1,
        1
      ]
    },
    {
      "id": "C61",
      "x": 6.66,
      "y": 20.3,
      "time_window": [
        450.0,
        1368.47
      ],
      "demand": [
        3,
        3,
        4
      ]
    },
    {
      "id": "C62",
      "x": 54.95,
      "y": 64.74,
      "time_window": [
        450.0,
        1017.36
      ],
      "demand": [
        1,
        2,
        4
      ]
    },
    {
      "id": "C63",
      "x": 46.68,
      "y": 47.26,
      "time_window": [
        450.0,
        971.04
      ],
      "demand": [
        1,
        4,
        2
      ]
    },
    {
      "id": "C64",
      "x": 83.2,
      "y": 94.44,
      "time_window": [
        450.0,
        1788.92
      ],
      "demand": [
        1,
        1,
        3
      ]
    },
    {
      "id": "C65",
      "x": 46.86,
      "y": 72.15,
      "time_window": [
        450.0,
        1777.35
      ],
      "demand": [
        4,
        1,
        2
      ]
    },
    {
      "id": "C66",
      "x": 72.28,
      "y": 60.52,
      "time_window": [
        450.0,
        1366.58
      ],
      "demand": [
        4,
        3,
        2
      ]
    },
    {
      "id": "C67",
      "x": 86.21,
      "y": 77.1,
      "time_window": [
        450.0,
        1657.96
      ],
      "demand": [
        4,
        3,
        3
      ]
    },
    {
      "id": "C68",
      "x": 84.62,
      "y": 84.35,
      "time_window": [
        450.0,
        2065.37
      ],
      "demand": [
        3,
        4,
        2
      ]
    },
    {
      "id": "C69",
      "x": 67.52,
      "y": 28.81,
      "time_window": [
        450.0,
        1883.64
      ],
      "demand": [
        2,
        3,
        2
      ]
    },
    {
      "id": "C70",
      "x": 85.68,
      "y": 1.99,
      "time_window": [
        450.0,
        1457.13
      ],
      "demand": [
        4,
        2,
        2
      ]
    },
    {
      "id": "C71",
      "x": 49.2,
      "y": 26.02,
      "time_window": [
        450.0,
        2103.4
      ],
      "demand": [
        1,
        4,
        3
      ]
    },
    {
      "id": "C72",
      "x": 36.51,
      "y": 26.21,
      "time_window": [
        450.0,
        2090.13
      ],
      "demand": [
        3,
        4,
        2
      ]
    },
    {
      "id": "C73",
      "x": 33.73,
      "y": 66.17,
      "time_window": [
        450.0,
        2291.11
      ],
      "demand": [
        2,
        2,
        4
      ]
    },
    {
      "id": "C74",
      "x": 37.78,
      "y": 40.05,
      "time_window": [
        450.0,
        1069.78
      ],
      "demand": [
        1,
        2,
        1
      ]
    },
    {
      "id": "C75",
      "x": 73.8,
      "y": 56.55,
      "time_window": [
        450.0,
        2431.29
      ],
      "demand": [
        3,
        2,
        1
      ]
    },
    {
      "id": "C76",
      "x": 22.13,
      "y": 7.08,
      "time_window": [
        450.0,
        1991.7
      ],
      "demand": [
        3,
        3,
        4
      ]
    },
    {
      "id": "C77",
      "x": 33.36,
      "y": 28.62,
      "time_window": [
        450.0,
        1545.24
      ],
      "demand": [
        4,
        1,
        3
      ]
    },
    {
      "id": "C78",
      "x": 66.65,
      "y": 53.17,
      "time_window": [
        450.0,
        2406.6
      ],
      "demand": [
        2,
        3,
        1
      ]
    },
    {
      "id": "C79",
      "x": 10.87,
      "y": 91.84,
      "time_window": [
        450.0,
        1262.13
      ],
      "demand": [
        2,
        3,
        1
      ]
    },
    {
      "id": "C80",
      "x": 48.77,
      "y": 56.46,
      "time_window": [
        450.0,
        1418.12
      ],
      "demand": [
        4,
        3,
        3
      ]
    }
  ]
}