{
  "set_id": 9,
  "inst_id": 7,
  "vehicles": {
    "CT": {
      "count": 32,
      "capacity": 1500,
      "fixed_cost": 1500,
      "unit_cost_factor": 1.2
    },
    "UV": {
      "count": 64,
      "capacity": 500,
      "fixed_cost": 500,
      "unit_cost_factor": 1.1
    }
  },
  "P": 3,
  "item_weights": [
    5,
    15,
    15
  ],
  "inventory_ratio": 1.1,
  "FCs": [
    {
      "id": "FC1",
      "x": 25,
      "y": 25,
      "time_window": [
        0.0,
        3000.0
      ],
      "inventory": [
        134,
        147,
        133
      ]
    },
    {
      "id": "FC2",
      "x": 25,
      "y": 75,
      "time_window": [
        0.0,
        3000.0
      ],
      "inventory": [
        143,
        124,
        136
      ]
    },
    {
      "id": "FC3",
      "x": 75,
      "y": 25,
      "time_window": [
        0.0,
        3000.0
      ],
      "inventory": [
        130,
        155,
        143
      ]
    },
    {
      "id": "FC4",
      "x": 75,
      "y": 75,
      "time_window": [
        0.0,
        3000.0
      ],
      "inventory": [
        138,
        144,
        123
      ]
    }
  ],
  "DCs": [
    {
      "id": "DC1",
      "x": 42.47,
      "y": 32.01,
      "time_window": [
        300.0,
        2700.0
      ]
    },
    {
      "id": "DC2",
      "x": 75.53,
      "y": 20.47,
      "time_window": [
        300.0,
        2700.0
      ]
    },
    {
      "id": "DC3",
      "x": 45.86,
      "y": 25.58,
      "time_window": [
        300.0,
        2700.0
      ]
    },
    {
      "id": "DC4",
      "x": 23.07,
      "y": 77.77,
      "time_window": [
        300.0,
        2700.0
      ]
    },
    {
      "id": "DC5",
      "x": 34.48,
      "y": 23.21,
      "time_window": [
        300.0,
        2700.0
      ]
    },
    {
      "id": "DC6",
      "x": 5.58,
      "y": 27.49,
      "time_window": [
        300.0,
        2700.0
      ]
    },
    {
      "id": "DC7",
      "x": 7.29,
      "y": 80.94,
      "time_window": [
        300.0,
        2700.0
      ]
    },
    {
      "id": "DC8",
      "x": 96.37,
      "y": 93.37,
      "time_window": [
        300.0,
        2700.0
      ]
    }
  ],
  "CDPs": [
    {
      "id": "CDP1",
      "x": 79.85,
      "y": 74.41,
      "time_window": [
        0.0,
        3000.0
      ],
      "capacity": 124
    },
    {
      "id": "CDP2",
      "x": 59.44,
      "y": 27.92,
      "time_window": [
        0.0,
        3000.0
      ],
      "capacity": 298
    },
    {
      "id": "CDP3",
      "x": 55.47,
      "y": 2.49,
      "time_window": [
        0.0,
        3000.0
      ],
      "capacity": 141
    },
    {
      "id": "CDP4",
      "x": 6.88,
      "y": 55.16,
      "time_window": [
        0.0,
        3000.0
      ],
      "capacity": 107
    },
    {
      "id": "CDP5",
      "x": 24.91,
      "y": 32.08,
      "time_window": [
        0.0,
        3000.0
      ],
      "capacity": 189
    },
    {
      "id": "CDP6",
      "x": 87.96,
      "y": 74.06,
      "time_window": [
        0.0,
        3000.0
      ],
      "capacity": 297
    },
    {
      "id": "CDP7",
      "x": 36.05,
      "y": 90.91,
      "time_window": [
        0.0,
        3000.0
      ],
      "capacity": 212
    },
    {
      "id": "CDP8",
      "x": 7.04,
      "y": 70.56,
      "time_window": [
        0.0,
        3000.0
      ],
      "capacity": 296
    },
    {
      "id": "CDP9",
      "x": 93.15,
      "y": 13.53,
      "time_window": [
        0.0,
        3000.0
      ],
      "capacity": 142
    },
    {
      "id": "CDP10",
      "x": 10.27,
      "y": 10.73,
      "time_window": [
        0.0,
        3000.0
      ],
      "capacity": 107
    },
    {
      "id": "CDP11",
      "x": 75.74,
      "y": 37.5,
      "time_window": [
        0.0,
        3000.0
      ],
      "capacity": 153
    },
    {
      "id": "CDP12",
      "x": 38.75,
      "y": 82.58,
      "time_window": [
        0.0,
        3000.0
      ],
      "capacity": 233
    },
    {
      "id": "CDP13",
      "x": 32.88,
      "y": 39.47,
      "time_window": [
        0.0,
        3000.0
      ],
      "capacity": 103
    },
    {
      "id": "CDP14",
      "x": 44.41,
      "y": 47.51,
      "time_window": [
        0.0,
        3000.0
      ],
      "capacity": 274
    },
    {
      "id": "CDP15",
      "x": 78.66,
      "y": 76.01,
      "time_window": [
        0.0,
        3000.0
      ],
      "capacity": 284
    },
    {
      "id": "CDP16",
      "x": 76.49,
      "y": 62.81,
      "time_window": [
        0.0,
        3000.0
      ],
      "capacity": 269
    },
    {
      "id": "CDP17",
      "x": 26.88,
      "y": 93.8,
      "time_window": [
        0.0,
        3000.0
      ],
      "capacity": 163
    },
    {
      "id": "CDP18",
      "x": 73.76,
      "y": 65.33,
      "time_window": [
        0.0,
        3000.0
      ],
      "capacity": 283
    },
    {
      "id": "CDP19",
      "x": 7.76,
      "y": 97.74,
      "time_window": [
        0.0,
        3000.0
      ],
      "capacity": 106
    },
    {
      "id": "CDP20",
      "x": 11.47,
      "y": 4.45,
      "time_window": [
        0.0,
        3000.0
      ],
      "capacity": 188
    },
    {
      "id": "CDP21",
      "x": 4.42,
      "y": 76.73,
      "time_window": [
        0.0,
        3000.0
      ],
      "capacity": 143
    },
    {
      "id": "CDP22",
      "x": 92.11,
      "y": 38.8,
      "time_window": [
        0.0,
        3000.0
      ],
      "capacity": 151
    },
    {
      "id": "CDP23",
      "x": 32.79,
      "y": 87.13,
      "time_window": [
        0.0,
        3000.0
      ],
      "capacity": 254
    },
    {
      "id": "CDP24",
      "x": 99.59,
      "y": 39.34,
      "time_window": [
        0.0,
        3000.0
      ],
      "capacity": 180
    },
    {
      "id": "CDP25",
      "x": 93.83,
      "y": 4.02,
      "time_window": [
        0.0,
        3000.0
      ],
      "capacity": 289
    },
    {
      "id": "CDP26",
      "x": 38.74,
      "y": 45.9,
      "time_window": [
        0.0,
        3000.0
      ],
      "capacity": 154
    },
    {
      "id": "CDP27",
      "x": 80.44,
      "y": 88.94,
      "time_window": [
        0.0,
        3000.0
      ],
      "capacity": 192
    },
    {
      "id": "CDP28",
      "x": 48.93,
      "y": 65.83,
      "time_window": [
        0.0,
        3000.0
      ],
      "capacity": 118
    },
    {
      "id": "CDP29",
      "x": 97.21,
      "y": 65.21,
      "time_window": [
        0.0,
        3000.0
      ],
      "capacity": 276
    },
    {
      "id": "CDP30",
      "x": 9.92,
      "y": 97.34,
      "time_window": [
        0.0,
        3000.0
      ],
      "capacity": 221
    },
    {
      "id": "CDP31",
      "x": 49.96,
      "y": 83.77,
      "time_window": [
        0.0,
        3000.0
      ],
      "capacity": 153
    },
    {
      "id": "CDP32",
      "x": 12.31,
      "y": 92.39,
      "time_window": [
        0.0,
        3000.0
      ],
      "capacity": 174
    },
    {
      "id": "CDP33",
      "x": 77.89,
      "y": 49.68,
      "time_window": [
        0.0,
        3000.0
      ],
      "capacity": 221
    },
    {
      "id": "CDP34",
      "x": 43.38,
      "y": 61.6,
      "time_window": [
        0.0,
        3000.0
      ],
      "capacity": 166
    },
    {
      "id": "CDP35",
      "x": 20.86,
      "y": 75.14,
      "time_window": [
        0.0,
        3000.0
      ],
      "capacity": 199
    },
    {
      "id": "CDP36",
      "x": 58.57,
      "y": 75.31,
      "time_window": [
        0.0,
        3000.0
      ],
      "capacity": 211
    },
    {
      "id": "CDP37",
      "x": 9.86,
      "y": 31.97,
      "time_window": [
        0.0,
        3000.0
      ],
      "capacity": 126
    },
    {
      "id": "CDP38",
      "x": 73.7,
      "y": 39.53,
      "time_window": [
        0.0,
        3000.0
      ],
      "capacity": 184
    },
    {
      "id": "CDP39",
      "x": 88.89,
      "y": 68.97,
      "time_window": [
        0.0,
        3000.0
      ],
      "capacity": 112
    },
    {
      "id": "CDP40",
      "x": 63.54,
      "y": 62.68,
      "time_window": [
        0.0,
        3000.0
      ],
      "capacity": 300
    },
    {
      "id": "CDP41",
      "x": 46.53,
      "y": 91.7,
      "time_window": [
        0.0,
        3000.0
      ],
      "capacity": 295
    },
    {
      "id": "CDP42",
      "x": 87.21,
      "y": 50.62,
      "time_window": [
        0.0,
        3000.0
      ],
      "capacity": 129
    },
    {
      "id": "CDP43",
      "x": 23.12,
      "y": 24.48,
      "time_window": [
        0.0,
        3000.0
      ],
      "capacity": 294
    },
    {
      "id": "CDP44",
      "x": 16.75,
      "y": 72.25,
      "time_window": [
        0.0,
        3000.0
      ],
      "capacity": 248
    },
    {
      "id": "CDP45",
      "x": 1.35,
      "y": 10.97,
      "time_window": [
        0.0,
        3000.0
      ],
      "capacity": 107
    },
    {
      "id": "CDP46",
      "x": 53.99,
      "y": 44.24,
      "time_window": [
        0.0,
        3000.0
      ],
      "capacity": 272
    },
    {
      "id": "CDP47",
      "x": 78.4,
      "y": 4.93,
      "time_window": [
        0.0,
        3000.0
      ],
      "capacity": 177
    },
    {
      "id": "CDP48",
      "x": 17.96,
      "y": 18.99,
      "time_window": [
        0.0,
        3000.0
      ],
      "capacity": 237
    },
    {
      "id": "CDP49",
      "x": 44.57,
      "y": 63.71,
      "time_window": [
        0.0,
        3000.0
      ],
      "capacity": 278
    },
    {
      "id": "CDP50",
      "x": 10.52,
      "y": 90.3,
      "time_window": [
        0.0,
        3000.0
      ],
      "capacity": 180
    },
    {
      "id": "CDP51",
      "x": 50.35,
      "y": 48.14,
      "time_window": [
        0.0,
        3000.0
      ],
      "capacity": 184
    },
    {
      "id": "CDP52",
      "x": 56.79,
      "y": 75.26,
      "time_window": [
        0.0,
        3000.0
      ],
      "capacity": 100
    },
    {
      "id": "CDP53",
      "x": 80.79,
      "y": 72.77,
      "time_window": [
        0.0,
        3000.0
      ],
      "capacity": 233
    },
    {
      "id": "CDP54",
      "x": 33.67,
      "y": 72.97,
      "time_window": [
        0.0,
        3000.0
      ],
      "capacity": 117
    },
    {
      "id": "CDP55",
      "x": 68.8,
      "y": 86.79,
      "time_window": [
        0.0,
        3000.0
      ],
      "capacity": 214
    },
    {
      "id": "CDP56",
      "x": 29.66,
      "y": 15.35,
      "time_window": [
        0.0,
        3000.0
      ],
      "capacity": 162
    },
    {
      "id": "CDP57",
      "x": 98.76,
      "y": 25.66,
      "time_window": [
        0.0,
        3000.0
      ],
      "capacity": 237
    },
    {
      "id": "CDP58",
      "x": 51.52,
      "y": 54.84,
      "time_window": [
        0.0,
        3000.0
      ],
      "capacity": 130
    },
    {
      "id": "CDP59",
      "x": 95.92,
      "y": 76.64,
      "time_window": [
        0.0,
        3000.0
      ],
      "capacity": 293
    },
    {
      "id": "CDP60",
      "x": 45.43,
      "y": 59.43,
      "time_window": [
        0.0,
        3000.0
      ],
      "capacity": 234
    },
    {
      "id": "CDP61",
      "x": 99.34,
      "y": 7.36,
      "time_window": [
        0.0,
        3000.0
      ],
      "capacity": 238
    },
    {
      "id": "CDP62",
      "x": 53.68,
      "y": 99.33,
      "time_window": [
        0.0,
        3000.0
      ],
      "capacity": 255
    },
    {
      "id": "CDP63",
      "x": 35.18,
      "y": 30.47,
      "time_window": [
        0.0,
        3000.0
      ],
      "capacity": 140
    },
    {
      "id": "CDP64",
      "x": 20.38,
      "y": 86.64,
      "time_window": [
        0.0,
        3000.0
      ],
      "capacity": 151
    },
    {
      "id": "CDP65",
      "x": 14.55,
      "y": 95.59,
      "time_window": [
        0.0,
        3000.0
      ],
      "capacity": 281
    },
    {
      "id": "CDP66",
      "x": 11.05,
      "y": 94.69,
      "time_window": [
        0.0,
        3000.0
      ],
      "capacity": 166
    },
    {
      "id": "CDP67",
      "x": 83.34,
      "y": 40.26,
      "time_window": [
        0.0,
        3000.0
      ],
      "capacity": 178
    },
    {
      "id": "CDP68",
      "x": 17.56,
      "y": 67.94,
      "time_window": [
        0.0,
        3000.0
      ],
      "capacity": 250
    },
    {
      "id": "CDP69",
      "x": 62.45,
      "y": 68.54,
      "time_window": [
        0.0,
        3000.0
      ],
      "capacity": 296
    },
    {
      "id": "CDP70",
      "x": 60.75,
      "y": 51.5,
      "time_window": [
        0.0,
        3000.0
      ],
      "capacity": 160
    },
    {
      "id": "CDP71",
      "x": 73.29,
      "y": 52.97,
      "time_window": [
        0.0,
        3000.0
      ],
      "capacity": 245
    },
    {
      "id": "CDP72",
      "x": 84.68,
      "y": 70.74,
      "time_window": [
        0.0,
        3000.0
      ],
      "capacity": 113
    },
    {
      "id": "CDP73",
      "x": 89.96,
      "y": 82.6,
      "time_window": [
        0.0,
        3000.0
      ],
      "capacity": 220
    },
    {
      "id": "CDP74",
      "x": 87.62,
      "y": 81.77,
      "time_window": [
        0.0,
        3000.0
      ],
      "capacity": 238
    },
    {
      "id": "CDP75",
      "x": 25.84,
      "y": 73.0,
      "time_window": [
        0.0,
        3000.0
      ],
      "capacity": 278
    },
    {
      "id": "CDP76",
      "x": 12.76,
      "y": 57.54,
      "time_window": [
        0.0,
        3000.0
      ],
      "capacity": 137
    },
    {
      "id": "CDP77",
      "x": 42.6,
      "y": 2.13,
      "time_window": [
        0.0,
        3000.0
      ],
      "capacity": 290
    },
    {
      "id": "CDP78",
      "x": 83.07,
      "y": 18.04,
      "time_window": [
        0.0,
        3000.0
      ],
      "capacity": 119
    },
    {
      "id": "CDP79",
      "x": 11.47,
      "y": 1.64,
      "time_window": [
        0.0,
        3000.0
      ],
      "capacity": 294
    },
    {
      "id": "CDP80",
      "x": 38.56,
      "y": 90.39,
      "time_window": [
        0.0,
        3000.0
      ],
      "capacity": 258
    },
    {
      "id": "CDP81",
      "x": 64.12,
      "y": 10.84,
      "time_window": [
        0.0,
        3000.0
      ],
      "capacity": 152
    },
    {
      "id": "CDP82",
      "x": 64.68,
      "y": 24.45,
      "time_window": [
        0.0,
        3000.0
      ],
      "capacity": 261
    },
    {
      "id": "CDP83",
      "x": 46.0,
      "y": 12.18,
      "time_window": [
        0.0,
        3000.0
      ],
      "capacity": 187
    },
    {
      "id": "CDP84",
      "x": 15.69,
      "y": 5.28,
      "time_window": [
        0.0,
        3000.0
      ],
      "capacity": 192
    },
    {
      "id": "CDP85",
      "x": 13.8,
      "y": 49.8,
      "time_window": [
        0.0,
        3000.0
      ],
      "capacity": 229
    },
    {
      "id": "CDP86",
      "x": 22.75,
      "y": 3.77,
      "time_window": [
        0.0,
        3000.0
      ],
      "capacity": 154
    },
    {
      "id": "CDP87",
      "x": 15.99,
      "y": 25.62,
      "time_window": [
        0.0,
        3000.0
      ],
      "capacity": 260
    },
    {
      "id": "CDP88",
      "x": 47.71,
      "y": 51.88,
      "time_window": [
        0.0,
        3000.0
      ],
      "capacity": 137
    },
    {
      "id": "CDP89",
      "x": 75.51,
      "y": 40.1,
      "time_window": [
        0.0,
        3000.0
      ],
      "capacity": 180
    },
    {
      "id": "CDP90",
      "x": 10.9,
      "y": 39.61,
      "time_window": [
        0.0,
        3000.0
      ],
      "capacity": 297
    },
    {
      "id": "CDP91",
      "x": 18.82,
      "y": 67.78,
      "time_window": [
        0.0,
        3000.0
      ],
      "capacity": 289
    },
    {
      "id": "CDP92",
      "x": 11.47,
      "y": 86.3,
      "time_window": [
        0.0,
        3000.0
      ],
      "capacity": 219
    },
    {
      "id": "CDP93",
      "x": 53.25,
      "y": 48.73,
      "time_window": [
        0.0,
        3000.0
      ],
      "capacity": 244
    },
    {
      "id": "CDP94",
      "x": 96.81,
      "y": 80.32,
      "time_window": [
        0.0,
        3000.0
      ],
      "capacity": 128
    },
    {
      "id": "CDP95",
      "x": 88.97,
      "y": 36.46,
      "time_window": [
        0.0,
        3000.0
      ],
      "capacity": 171
    },
    {
      "id": "CDP96",
      "x": 56.03,
      "y": 9.82,
      "time_window": [
        0.0,
        3000.0
      ],
      "capacity": 233
    },
    {
      "id": "CDP97",
      "x": 81.53,
      "y": 12.78,
      "time_window": [
        0.0,
        3000.0
      ],
      "capacity": 186
    },
    {
      "id": "CDP98",
      "x": 39.65,
      "y": 31.18,
      "time_window": [
        0.0,
        3000.0
      ],
      "capacity": 217
    },
    {
      "id": "CDP99",
      "x": 61.26,
      "y": 98.72,
      "time_window": [
        0.0,
        3000.0
      ],
      "capacity": 248
    },
    {
      "id": "CDP100",
      "x": 70.77,
      "y": 32.31,
      "time_window": [
        0.0,
        3000.0
      ],
      "capacity": 246
    }
  ],
  "Customers": [
    {
      "id": "C1",
      "x": 56.17,
      "y": 40.34,
      "time_window": [
        450.0,
        1323.8
      ],
      "demand": [
        2,
        3,
        2
      ]
    },
    {
      "id": "C2",
      "x": 74.2,
      "y": 71.94,
      "time_window": [
        450.0,
        2194.3
      ],
      "demand": [
        2,
        4,
        3
      ]
    },
    {
      "id": "C3",
      "x": 62.72,
      "y": 27.08,
      "time_window": [
        450.0,
        952.4
      ],
      "demand": [
        2,
        2,
        2
      ]
    },
    {
      "id": "C4",
      "x": 34.11,
      "y": 27.47,
      "time_window": [
        450.0,
        2401.76
      ],
      "demand": [
        2,
        1,
        4
      ]
    },
    {
      "id": "C5",
      "x": 45.39,
      "y": 56.37,
      "time_window": [
        450.0,
        1089.09
      ],
      "demand": [
        1,
        3,
        3
      ]
    },
    {
      "id": "C6",
      "x": 27.53,
      "y": 27.99,
      "time_window": [
        450.0,
        1132.62
      ],
      "demand": [
        4,
        3,
        1
      ]
    },
    {
      "id": "C7",
      "x": 64.55,
      "y": 55.89,
      "time_window": [
        450.0,
        1259.04
      ],
      "demand": [
        4,
        2,
        4
      ]
    },
    {
      "id": "C8",
      "x": 51.65,
      "y": 69.07,
      "time_window": [
        450.0,
        2049.62
      ],
      "demand": [
        3,
        1,
        1
      ]
    },
    {
      "id": "C9",
      "x": 64.08,
      "y": 26.03,
      "time_window": [
        450.0,
        2549.59
      ],
      "demand": [
        2,
        3,
        4
      ]
    },
    {
      "id": "C10",
      "x": 86.65,
      "y": 5.72,
      "time_window": [
        450.0,
        2415.96
      ],
      "demand": [
        2,
        2,
        4
      ]
    },
    {
      "id": "C11",
      "x": 89.61,
      "y": 83.33,
      "time_window": [
        450.0,
        2302.16
      ],
      "demand": [
        3,
        4,
        1
      ]
    },
    {
      "id": "C12",
      "x": 23.94,
      "y": 8.91,
      "time_window": [
        450.0,
        1313.42
      ],
      "demand": [
        4,
        1,
        4
      ]
    },
    {
      "id": "C13",
      "x": 49.82,
      "y": 63.83,
      "time_window": [
        450.0,
        1361.13
      ],
      "demand": [
        3,
        2,
        2
      ]
    },
    {
      "id": "C14",
      "x": 66.71,
      "y": 34.0,
      "time_window": [
        450.0,
        1209.22
      ],
      "demand": [
        2,
        4,
        3
      ]
    },
    {
      "id": "C15",
      "x": 42.39,
      "y": 42.53,
      "time_window": [
        450.0,
        1718.47
      ],
      "demand": [
        3,
        2,
        4
      ]
    },
    {
      "id": "C16",
      "x": 35.62,
      "y": 44.22,
      "time_window": [
        450.0,
        2142.76
      ],
      "demand": [
        4,
        4,
        1
      ]
    },
    {
      "id": "C17",
      "x": 2.18,
      "y": 10.76,
      "time_window": [
        450.0,
        1206.29
      ],
      "demand": [
        2,
        1,
        4
      ]
    },
    {
      "id": "C18",
      "x": 61.62,
      "y": 40.85,
      "time_window": [
        450.0,
        2550
      ],
      "demand": [
        1,
        2,
        3
      ]
    },
    {
      "id": "C19",
      "x": 64.29,
      "y": 31.48,
      "time_window": [
        450.0,
        2061.38
      ],
      "demand": [
        1,
        1,
        1
      ]
    },
    {
      "id": "C20",
      "x": 39.72,
      "y": 38.62,
      "time_window": [
        450.0,
        1746.97
      ],
      "demand": [
        2,
        4,
        3
      ]
    },
    {
      "id": "C21",
      "x": 79.73,
      "y": 85.54,
      "time_window": [
        450.0,
        2485.78
      ],
      "demand": [
        3,
        4,
        2
      ]
    },
    {
      "id": "C22",
      "x": 96.86,
      "y": 91.38,
      "time_window": [
        450.0,
        981.28
      ],
      "demand": [
        4,
        3,
        1
      ]
    },
    {
      "id": "C23",
      "x": 54.65,
      "y": 44.85,
      "time_window": [
        450.0,
        1912.27
      ],
      "demand": [
        1,
        3,
        4
      ]
    },
    {
      "id": "C24",
      "x": 25.85,
      "y": 53.48,
      "time_window": [
        450.0,
        1072.72
      ],
      "demand": [
        1,
        1,
        4
      ]
    },
    {
      "id": "C25",
      "x": 9.79,
      "y": 6.21,
      "time_window": [
        450.0,
        950.47
      ],
      "demand": [
        1,
        1,
        3
      ]
    },
    {
      "id": "C26",
      "x": 58.95,
      "y": 73.84,
      "time_window": [
        450.0,
        1143.7
      ],
      "demand": [
        3,
        1,
        3
      ]
    },
    {
      "id": "C27",
      "x": 74.15,
      "y": 32.51,
      "time_window": [
        450.0,
        1807.19
      ],
      "demand": [
        1,
        4,
        1
      ]
    },
    {
      "id": "C28",
      "x": 6.63,
      "y": 24.34,
      "time_window": [
        450.0,
        1909.16
      ],
      "demand": [
        2,
        2,
        3
      ]
    },
    {
      "id": "C29",
      "x": 48.54,
      "y": 42.62,
      "time_window": [
        450.0,
        2550
      ],
      "demand": [
        4,
        4,
        3
      ]
    },
    {
      "id": "C30",
      "x": 27.94,
      "y": 26.72,
      "time_window": [
        450.0,
        1987.63
      ],
      "demand": [
        3,
        4,
        2
      ]
    },
    {
      "id": "C31",
      "x": 76.44,
      "y": 97.55,
      "time_window": [
        450.0,
        1888.14
      ],
      "demand": [
        2,
        2,
        4
      ]
    },
    {
      "id": "C32",
      "x": 79.0,
      "y": 8.64,
      "time_window": [
        450.0,
        1543.99
      ],
      "demand": [
        1,
        2,
        4
      ]
    },
    {
      "id": "C33",
      "x": 2.32,
      "y": 84.34,
      "time_window": [
        450.0,
        1879.01
      ],
      "demand": [
        2,
        3,
        1
      ]
    },
    {
      "id": "C34",
      "x": 26.99,
      "y": 34.75,
      "time_window": [
        450.0,
        1775.43
      ],
      "demand": [
        1,
        4,
        2
      ]
    },
    {
      "id": "C35",
      "x": 37.77,
      "y": 51.29,
      "time_window": [
        450.0,
        1098.76
      ],
      "demand": [
        2,
        3,
        1
      ]
    },
    {
      "id": "C36",
      "x": 37.89,
      "y": 30.26,
      "time_window": [
        450.0,
        1849.07
      ],
      "demand": [
        3,
        1,
        1
      ]
    },
    {
      "id": "C37",
      "x": 34.97,
      "y": 39.75,
      "time_window": [
        450.0,
        992.25
      ],
      "demand": [
        3,
        1,
        1
      ]
    },
    {
      "id": "C38",
      "x": 57.16,
      "y": 62.53,
      "time_window": [
        450.0,
        1425.55
      ],
      "demand": [
        2,
        4,
        4
      ]
    },
    {
      "id": "C39",
      "x": 34.66,
      "y": 43.09,
      "time_window": [
        450.0,
        1848.43
      ],
      "demand": [
        3,
        4,
        1
      ]
    },
    {
      "id": "C40",
      "x": 43.68,
      "y": 51.16,
      "time_window": [
        450.0,
        2175.67
      ],
      "demand": [
        3,
        2,
        2
      ]
    },
    {
      "id": "C41",
      "x": 25.12,
      "y": 45.86,
      "time_window": [
        450.0,
        1001.67
      ],
      "demand": [
        3,
        2,
        2
      ]
    },
    {
      "id": "C42",
      "x": 73.79,
      "y": 64.44,
      "time_window": [
        450.0,
        2535.21
      ],
      "demand": [
        2,
        2,
        1
      ]
    },
    {
      "id": "C43",
      "x": 19.85,
      "y": 19.04,
      "time_window": [
        450.0,
        1666.32
      ],
      "demand": [
        3,
        4,
        3
      ]
    },
    {
      "id": "C44",
      "x": 24.1,
      "y": 78.16,
      "time_window": [
        450.0,
        2550
      ],
      "demand": [
        2,
        4,
        3
      ]
    },
    {
      "id": "C45",
      "x": 89.69,
      "y": 82.24,
      "time_window": [
        450.0,
        1149.6
      ],
      "demand": [
        4,
        3,
        4
      ]
    },
    {
      "id": "C46",
      "x": 72.89,
      "y": 27.76,
      "time_window": [
        450.0,
        2368.85
      ],
      "demand": [
        3,
        1,
        1
      ]
    },
    {
      "id": "C47",
      "x": 95.15,
      "y": 22.28,
      "time_window": [
        450.0,
        2533.68
      ],
      "demand": [
        4,
        2,
        3
      ]
    },
    {
      "id": "C48",
      "x": 44.13,
      "y": 30.87,
      "time_window": [
        450.0,
        1071.61
      ],
      "demand": [
        4,
        2,
        2
      ]
    },
    {
      "id": "C49",
      "x": 51.17,
      "y": 37.77,
      "time_window": [
        450.0,
        1146.41
      ],
      "demand": [
        3,
        3,
        3
      ]
    },
    {
      "id": "C50",
      "x": 16.21,
      "y": 75.3,
      "time_window": [
        450.0,
        2501.51
      ],
      "demand": [
        3,
        3,
        1
      ]
    },
    {
      "id": "C51",
      "x": 72.88,
      "y": 64.13,
      "time_window": [
        450.0,
        1964.38
      ],
      "demand": [
        1,
        3,
        1
      ]
    },
    {
      "id": "C52",
      "x": 64.63,
      "y": 70.22,
      "time_window": [
        450.0,
        1089.67
      ],
      "demand": [
        4,
        3,
        1
      ]
    },
    {
      "id": "C53",
      "x": 78.24,
      "y": 10.36,
      "time_window": [
        450.0,
        2286.04
      ],
      "demand": [
        4,
        3,
        1
      ]
    },
    {
      "id": "C54",
      "x": 91.46,
      "y": 83.96,
      "time_window": [
        450.0,
        1182.8
      ],
      "demand": [
        1,
        1,
        3
      ]
    },
    {
      "id": "C55",
      "x": 95.76,
      "y": 78.03,
      "time_window": [
        450.0,
        1199.68
      ],
      "demand": [
        2,
        4,
        1
      ]
    },
    {
      "id": "C56",
      "x": 10.34,
      "y": 80.24,
      "time_window": [
        450.0,
        2245.27
      ],
      "demand": [
        3,
        1,
        3
      ]
    },
    {
      "id": "C57",
      "x": 88.73,
      "y": 10.61,
      "time_window": [
        450.0,
        2350.43
      ],
      "demand": [
        1,
        2,
        1
      ]
    },
    {
      "id": "C58",
      "x": 42.79,
      "y": 73.42,
      "time_window": [
        450.0,
        1987.04
      ],
      "demand": [
        1,
        2,
        2
      ]
    },
    {
      "id": "C59",
      "x": 29.58,
      "y": 30.41,
      "time_window": [
        450.0,
        2261.69
      ],
      "demand": [
        2,
        3,
        3
      ]
    },
    {
      "id": "C60",
      "x": 65.8,
      "y": 30.29,
      "time_window": [
        450.0,
        1029.51
      ],
      "demand": [
        2,
        2,
        3
      ]
    },
    {
      "id": "C61",
      "x": 56.7,
      "y": 46.7,
      "time_window": [
        450.0,
        2043.29
      ],
      "demand": [
        3,
        4,
        1
      ]
    },
    {
      "id": "C62",
      "x": 57.37,
      "y": 67.65,
      "time_window": [
        450.0,
        1536.89
      ],
      "demand": [
        3,
        1,
        2
      ]
    },
    {
      "id": "C63",
      "x": 7.64,
      "y": 85.04,
      "time_window": [
        450.0,
        1533.53
      ],
      "demand": [
        4,
        3,
        2
      ]
    },
    {
      "id": "C64",
      "x": 62.22,
      "y": 28.27,
      "time_window": [
        450.0,
        1354.79
      ],
      "demand": [
        2,
        4,
        3
      ]
    },
    {
      "id": "C65",
      "x": 77.87,
      "y": 12.14,
      "time_window": [
        450.0,
        1299.77
      ],
      "demand": [
        2,
        4,
        1
      ]
    },
    {
      "id": "C66",
      "x": 39.3,
      "y": 25.18,
      "time_window": [
        450.0,
        1752.96
      ],
      "demand": [
        4,
        3,
        2
      ]
    },
    {
      "id": "C67",
      "x": 82.02,
      "y": 76.07,
      "time_window": [
        450.0,
        1145.08
      ],
      "demand": [
        3,
        1,
        1
      ]
    },
    {
      "id": "C68",
      "x": 0.98,
      "y": 82.8,
      "time_window": [
        450.0,
        1963.04
      ],
      "demand": [
        2,
        1,
        2
      ]
    },
    {
      "id": "C69",
      "x": 42.36,
      "y": 25.66,
      "time_window": [
        450.0,
        1859.75
      ],
      "demand": [
        3,
        2,
        2
      ]
    },
    {
      "id": "C70",
      "x": 28.86,
      "y": 60.94,
      "time_window": [
        450.0,
        2108.65
      ],
      "demand": [
        3,
        1,
        2
      ]
    },
    {
      "id": "C71",
      "x": 51.37,
      "y": 57.7,
      "time_window": [
        450.0,
        1144.59
      ],
      "demand": [
        2,
        2,
        3
      ]
    },
    {
      "id": "C72",
      "x": 3.91,
      "y": 90.85,
      "time_window": [
        450.0,
        1577.7
      ],
      "demand": [
        3,
        1,
        3
      ]
    },
    {
      "id": "C73",
      "x": 67.68,
      "y": 67.31,
      "time_window": [
        450.0,
        2309.46
      ],
      "demand": [
        4,
        4,
        1
      ]
    },
    {
      "id": "C74",
      "x": 98.29,
      "y": 16.08,
      "time_window": [
        450.0,
        1627.99
      ],
      "demand": [
        4,
        3,
        4
      ]
    },
    {
      "id": "C75",
      "x": 99.83,
      "y": 92.22,
      "time_window": [
        450.0,
        1084.08
      ],
      "demand": [
        4,
        2,
        1
      ]
    },
    {
      "id": "C76",
      "x": 55.84,
      "y": 56.05,
      "time_window": [
        450.0,
        2156.01
      ],
      "demand": [
        1,
        1,
        3
      ]
    },
    {
      "id": "C77",
      "x": 61.31,
      "y": 62.94,
      "time_window": [
        450.0,
        1069.45
      ],
      "demand": [
        4,
        3,
        3
      ]
    },
    {
      "id": "C78",
      "x": 64.6,
      "y": 50.42,
      "time_window": [
        450.0,
        1321.75
      ],
      "demand": [
        1,
        3,
        4
      ]
    },
    {
      "id": "C79",
      "x": 34.91,
      "y": 61.26,
      "time_window": [
        450.0,
        1659.98
      ],
      "demand": [
        3,
        1,
        3
      ]
    },
    {
      "id": "C80",
      "x": 34.81,
      "y": 38.05,
      "time_window": [
        450.0,
        2177.99
      ],
      "demand": [
        2,
        1,
        3
      ]
    },
    {
      "id": "C81",
      "x": 28.48,
      "y": 52.5,
      "time_window": [
        450.0,
        1477.24
      ],
      "demand": [
        1,
        2,
        4
      ]
    },
    {
      "id": "C82",
      "x": 41.42,
      "y": 32.95,
      "time_window": [
        450.0,
        1349.41
      ],
      "demand": [
        2,
        2,
        3
      ]
    },
    {
      "id": "C83",
      "x": 19.08,
      "y": 6.22,
      "time_window": [
        450.0,
        1336.82
      ],
      "demand": [
        1,
        4,
        2
      ]
    },
    {
      "id": "C84",
      "x": 84.66,
      "y": 20.67,
      "time_window": [
        450.0,
        2386.15
      ],
      "demand": [
        2,
        1,
        1
      ]
    },
    {
      "id": "C85",
      "x": 29.65,
      "y": 36.83,
      "time_window": [
        450.0,
        1749.9
      ],
      "demand": [
        2,
        3,
        3
      ]
    },
    {
      "id": "C86",
      "x": 87.23,
      "y": 85.65,
      "time_window": [
        450.0,
        1778.24
      ],
      "demand": [
        1,
        2,
        3
      ]
    },
    {
      "id": "C87",
      "x": 26.93,
      "y": 43.1,
      "time_window": [
        450.0,
        2340.64
      ],
      "demand": [
        4,
        2,
        1
      ]
    },
    {
      "id": "C88",
      "x": 14.03,
      "y": 3.24,
      "time_window": [
        450.0,
        1013.07
      ],
      "demand": [
        2,
        3,
        1
      ]
    },
    {
      "id": "C89",
      "x": 44.58,
      "y": 63.03,
      "time_window": [
        450.0,
        1821.19
      ],
      "demand": [
        2,
        3,
        2
      ]
    },
    {
      "id": "C90",
      "x": 89.26,
      "y": 96.9,
      "time_window": [
        450.0,
        1761.69
      ],
      "demand": [
        1,
        4,
        1
      ]
    },
    {
      "id": "C91",
      "x": 9.58,
      "y": 75.22,
      "time_window": [
        450.0,
        2060.18
      ],
      "demand": [
        3,
        1,
        2
      ]
    },
    {
      "id": "C92",
      "x": 55.17,
      "y": 46.06,
      "time_window": [
        450.0,
        1534.71
      ],
      "demand": [
        4,
        3,
        4
      ]
    },
    {
      "id": "C93",
      "x": 6.62,
      "y": 90.06,
      "time_window": [
        450.0,
        1953.86
      ],
      "demand": [
        4,
        1,
        2
      ]
    },
    {
      "id": "C94",
      "x": 32.24,
      "y": 66.84,
      "time_window": [
        450.0,
        1920.18
      ],
      "demand": [
        2,
        3,
        2
      ]
    },
    {
      "id": "C95",
      "x": 12.59,
      "y": 10.73,
      "time_window": [
        450.0,
        963.96
      ],
      "demand": [
        1,
        4,
        4
      ]
    },
    {
      "id": "C96",
      "x": 81.52,
      "y": 93.46,
      "time_window": [
        450.0,
        2192.89
      ],
      "demand": [
        2,
        3,
        4
      ]
    },
    {
      "id": "C97",
      "x": 49.12,
      "y": 68.71,
      "time_window": [
        450.0,
        1578.46
      ],
      "demand": [
        1,
        3,
        2
      ]
    },
    {
      "id": "C98",
      "x": 81.56,
      "y": 85.11,
      "time_window": [
        450.0,
        1322.8
      ],
      "demand": [
        2,
        3,
        1
      ]
    },
    {
      "id": "C99",
      "x": 9.5,
      "y": 10.65,
      "time_window": [
        450.0,
        1886.26
      ],
      "demand": [
        3,
        2,
        2
      ]
    },
    {
      "id": "C100",
      "x": 87.72,
      "y": 0.27,
      "time_window": [
        450.0,
        2169.49
      ],
      "demand": [
        1,
        3,
        3
      ]
    },
    {
      "id": "C101",
      "x": 84.18,
      "y": 83.12,
      "time_window": [
        450.0,
        1436.7
      ],
      "demand": [
        1,
        3,
        1
      ]
    },
    {
      "id": "C102",
      "x": 49.76,
      "y": 38.66,
      "time_window": [
        450.0,
        1170.18
      ],
      "demand": [
        3,
        3,
        2
      ]
    },
    {
      "id": "C103",
      "x": 35.71,
      "y": 52.89,
      "time_window": [
        450.0,
        1887.65
      ],
      "demand": [
        1,
        4,
        1
      ]
    },
    {
      "id": "C104",
      "x": 57.06,
      "y": 72.93,
      "time_window": [
        450.0,
        2521.51
      ],
      "demand": [
        3,
        3,
        3
      ]
    },
    {
      "id": "C105",
      "x": 46.42,
      "y": 59.71,
      "time_window": [
        450.0,
        2134.15
      ],
      "demand": [
        1,
        3,
        1
      ]
    },
    {
      "id": "C106",
      "x": 25.08,
      "y": 25.59,
      "time_window": [
        450.0,
        2145.16
      ],
      "demand": [
        3,
        3,
        1
      ]
    },
    {
      "id": "C107",
      "x": 62.2,
      "y": 55.58,
      "time_window": [
        450.0,
        1695.1
      ],
      "demand": [
        1,
        1,
        3
      ]
    },
    {
      "id": "C108",
      "x": 95.36,
      "y": 85.39,
      "time_window": [
        450.0,
        2089.92
      ],
      "demand": [
        4,
        2,
        1
      ]
    },
    {
      "id": "C109",
      "x": 75.62,
      "y": 86.58,
      "time_window": [
        450.0,
        2377.52
      ],
      "demand": [
        3,
        3,
        3
      ]
    },
    {
      "id": "C110",
      "x": 91.06,
      "y": 5.89,
      "time_window": [
        450.0,
        1374.4
      ],
      "demand": [
        3,
        1,
        1
      ]
    },
    {
      "id": "C111",
      "x": 80.67,
      "y": 22.92,
      "time_window": [
        450.0,
        2405.24
      ],
      "demand": [
        2,
        4,
        1
      ]
    },
    {
      "id": "C112",
      "x": 24.15,
      "y": 7.25,
      "time_window": [
        450.0,
        1518.51
      ],
      "demand": [
        4,
        1,
        3
      ]
    },
    {
      "id": "C113",
      "x": 58.72,
      "y": 47.31,
      "time_window": [
        450.0,
        2317.75
      ],
      "demand": [
        4,
        3,
        1
      ]
    },
    {
      "id": "C114",
      "x": 75.29,
      "y": 80.74,
      "time_window": [
        450.0,
        1145.18
      ],
      "demand": [
        2,
        4,
        2
      ]
    },
    {
      "id": "C115",
      "x": 44.36,
      "y": 36.86,
      "time_window": [
        450.0,
        2253.4
      ],
      "demand": [
        2,
        2,
        2
      ]
    },
    {
      "id": "C116",
      "x": 99.45,
      "y": 76.01,
      "time_window": [
        450.0,
        2118.8
      ],
      "demand": [
        4,
        1,
        1
      ]
    },
    {
      "id": "C117",
      "x": 58.32,
      "y": 40.39,
      "time_window": [
        450.0,
        2140.16
      ],
      "demand": [
        2,
        4,
        4
      ]
    },
    {
      "id": "C118",
      "x": 41.13,
      "y": 47.11,
      "time_window": [
        450.0,
        2420.28
      ],
      "demand": [
        4,
        4,
        4
      ]
    },
    {
      "id": "C119",
      "x": 73.53,
      "y": 60.58,
      "time_window": [
        450.0,
        2196.22
      ],
      "demand": [
        2,
        1,
        4
      ]
    },
    {
      "id": "C120",
      "x": 5.08,
      "y": 78.71,
      "time_window": [
        450.0,
        2120.49
      ],
      "demand": [
        2,
        3,
        3
      ]
    },
    {
      "id": "C121",
      "x": 69.48,
      "y": 63.53,
      "time_window": [
        450.0,
        1819.13
      ],
      "demand": [
        1,
        4,
        4
      ]
    },
    {
      "id": "C122",
      "x": 71.51,
      "y": 69.38,
      "time_window": [
        450.0,
        2246.38
      ],
      "demand": [
        1,
        2,
        1
      ]
    },
    {
      "id": "C123",
      "x": 72.68,
      "y": 72.21,
      "time_window": [
        450.0,
        1583.41
      ],
      "demand": [
        4,
        1,
        1
      ]
    },
    {
      "id": "C124",
      "x": 78.01,
      "y": 99.41,
      "time_window": [
        450.0,
        2510.83
      ],
      "demand": [
        2,
        3,
        3
      ]
    },
    {
      "id": "C125",
      "x": 32.16,
      "y": 40.27,
      "time_window": [
        450.0,
        1341.98
      ],
      "demand": [
        3,
        4,
        2
      ]
    },
    {
      "id": "C126",
      "x": 29.8,
      "y": 34.3,
      "time_window": [
        450.0,
        1855.12
      ],
      "demand": [
        2,
        3,
        3
      ]
    },
    {
      "id": "C127",
      "x": 61.58,
      "y": 39.32,
      "time_window": [
        450.0,
        1763.57
      ],
      "demand": [
        2,
        2,
        4
      ]
    },
    {
      "id": "C128",
      "x": 24.23,
      "y": 0.17,
      "time_window": [
        450.0,
        2300.78
      ],
      "demand": [
        2,
        4,
        2
      ]
    },
    {
      "id": "C129",
      "x": 85.99,
      "y": 96.58,
      "time_window": [
        450.0,
        2247.22
      ],
      "demand": [
        2,
        3,
        4
      ]
    },
    {
      "id": "C130",
      "x": 40.22,
      "y": 26.97,
      "time_window": [
        450.0,
        1776.35
      ],
      "demand": [
        3,
        1,
        2
      ]
    },
    {
      "id": "C131",
      "x": 96.92,
      "y": 7.71,
      "time_window": [
        450.0,
        2060.62
      ],
      "demand": [
        2,
        1,
        1
      ]
    },
    {
      "id": "C132",
      "x": 67.67,
      "y": 59.83,
      "time_window": [
        450.0,
        2225.6
      ],
      "demand": [
        2,
        2,
        4
      ]
    },
    {
      "id": "C133",
      "x": 49.54,
      "y": 25.35,
      "time_window": [
        450.0,
        1521.97
      ],
      "demand": [
        4,
        4,
        2
      ]
    },
    {
      "id": "C134",
      "x": 93.95,
      "y": 79.57,
      "time_window": [
        450.0,
        1435.4
      ],
      "demand": [
        3,
        4,
        4
      ]
    },
    {
      "id": "C135",
      "x": 56.35,
      "y": 67.3,
      "time_window": [
        450.0,
        1185.41
      ],
      "demand": [
        2,
        3,
        4
      ]
    },
    {
      "id": "C136",
      "x": 97.54,
      "y": 6.63,
      "time_window": [
        450.0,
        1418.22
      ],
      "demand": [
        3,
        3,
        1
      ]
    },
    {
      "id": "C137",
      "x": 48.41,
      "y": 63.51,
      "time_window": [
        450.0,
        2550
      ],
      "demand": [
        3,
        2,
        4
      ]
    },
    {
      "id": "C138",
      "x": 50.45,
      "y": 71.14,
      "time_window": [
        450.0,
        1152.88
      ],
      "demand": [
        3,
        1,
        3
      ]
    },
    {
      "id": "C139",
      "x": 23.9,
      "y": 2.45,
      "time_window": [
        450.0,
        2332.39
      ],
      "demand": [
        4,
        2,
        4
      ]
    },
    {
      "id": "C140",
      "x": 79.72,
      "y": 8.99,
      "time_window": [
        450.0,
        1481.45
      ],
      "demand": [
        2,
        1,
        3
      ]
    },
    {
      "id": "C141",
      "x": 96.65,
      "y": 7.37,
      "time_window": [
        450.0,
        1226.14
      ],
      "demand": [
        3,
        1,
        1
      ]
    },
    {
      "id": "C142",
      "x": 31.07,
      "y": 31.99,
      "time_window": [
        450.0,
        1090.34
      ],
      "demand": [
        1,
        1,
        3
      ]
    },
    {
      "id": "C143",
      "x": 94.29,
      "y": 16.94,
      "time_window": [
        450.0,
        2043.35
      ],
      "demand": [
        3,
        3,
        1
      ]
    },
    {
      "id": "C144",
      "x": 55.57,
      "y": 62.14,
      "time_window": [
        450.0,
        1180.92
      ],
      "demand": [
        2,
        4,
        3
      ]
    },
    {
      "id": "C145",
      "x": 10.09,
      "y": 13.1,
      "time_window": [
        450.0,
        1627.72
      ],
      "demand": [
        2,
        3,
        3
      ]
    },
    {
      "id": "C146",
      "x": 23.95,
      "y": 96.47,
      "time_window": [
        450.0,
        1805.84
      ],
      "demand": [
        3,
        1,
        4
      ]
    },
    {
      "id": "C147",
      "x": 28.55,
      "y": 31.21,
      "time_window": [
        450.0,
        1770.82
      ],
      "demand": [
        2,
        4,
        4
      ]
    },
    {
      "id": "C148",
      "x": 0.33,
      "y": 0.97,
      "time_window": [
        450.0,
        1061.14
      ],
      "demand": [
        1,
        3,
        1
      ]
    },
    {
      "id": "C149",
      "x": 42.27,
      "y": 29.07,
      "time_window": [
        450.0,
        2185.13
      ],
      "demand": [
        3,
        4,
        3
      ]
    },
    {
      "id": "C150",
      "x": 31.18,
      "y": 67.02,
      "time_window": [
        450.0,
        1646.26
      ],
      "demand": [
        2,
        2,
        2
      ]
    },
    {
      "id": "C151",
      "x": 72.24,
      "y": 49.05,
      "time_window": [
        450.0,
        1882.15
      ],
      "demand": [
        2,
        3,
        4
      ]
    },
    {
      "id": "C152",
      "x": 58.54,
      "y": 42.35,
      "time_window": [
        450.0,
        2318.53
      ],
      "demand": [
        3,
        2,
        1
      ]
    },
    {
      "id": "C153",
      "x": 64.94,
      "y": 57.12,
      "time_window": [
        450.0,
        2251.17
      ],
      "demand": [
        4,
        4,
        4
      ]
    },
    {
      "id": "C154",
      "x": 40.84,
      "y": 65.77,
      "time_window": [
        450.0,
        1151.01
      ],
      "demand": [
        2,
        4,
        4
      ]
    },
    {
      "id": "C155",
      "x": 86.45,
      "y": 0.37,
      "time_window": [
        450.0,
        2157.81
      ],
      "demand": [
        2,
        4,
        4
      ]
    },
    {
      "id": "C156",
      "x": 64.67,
      "y": 34.85,
      "time_window": [
        450.0,
        1687.2
      ],
      "demand": [
        4,
        1,
        1
      ]
    },
    {
      "id": "C157",
      "x": 25.15,
      "y": 45.99,
      "time_window": [
        450.0,
        1119.35
      ],
      "demand": [
        1,
        1,
        3
      ]
    },
    {
      "id": "C158",
      "x": 66.34,
      "y": 46.9,
      "time_window": [
        450.0,
        1812.22
      ],
      "demand": [
        2,
        3,
        1
      ]
    },
    {
      "id": "C159",
      "x": 27.08,
      "y": 38.15,
      "time_window": [
        450.0,
        2494.71
      ],
      "demand": [
        1,
        4,
        4
      ]
    },
    {
      "id": "C160",
      "x": 77.69,
      "y": 94.12,
      "time_window": [
        450.0,
        2538.41
      ],
      "demand": [
        3,
        2,
        2
      ]
    },
    {
      "id": "C161",
      "x": 43.68,
      "y": 54.12,
      "time_window": [
        450.0,
        1320.86
      ],
      "demand": [
        4,
        3,
        2
      ]
    },
    {
      "id": "C162",
      "x": 79.47,
      "y": 24.84,
      "time_window": [
        450.0,
        1394.0
      ],
      "demand": [
        3,
        3,
        4
      ]
    },
    {
      "id": "C163",
      "x": 70.71,
      "y": 73.15,
      "time_window": [
        450.0,
        2181.23
      ],
      "demand": [
        1,
        2,
        4
      ]
    },
    {
      "id": "C164",
      "x": 74.32,
      "y": 46.24,
      "time_window": [
        450.0,
        1531.08
      ],
      "demand": [
        3,
        3,
        1
      ]
    },
    {
      "id": "C165",
      "x": 80.68,
      "y": 76.46,
      "time_window": [
        450.0,
        1115.28
      ],
      "demand": [
        3,
        3,
        2
      ]
    },
    {
      "id": "C166",
      "x": 44.97,
      "y": 59.67,
      "time_window": [
        450.0,
        2214.98
      ],
      "demand": [
        2,
        3,
        4
      ]
    },
    {
      "id": "C167",
      "x": 54.14,
      "y": 30.52,
      "time_window": [
        450.0,
        2026.3
      ],
      "demand": [
        3,
        4,
        1
      ]
    },
    {
      "id": "C168",
      "x": 61.47,
      "y": 38.98,
      "time_window": [
        450.0,
        2075.42
      ],
      "demand": [
        3,
        3,
        2
      ]
    },
    {
      "id": "C169",
      "x": 77.07,
      "y": 3.7,
      "time_window": [
        450.0,
        1584.13
      ],
      "demand": [
        3,
        1,
        2
      ]
    },
    {
      "id": "C170",
      "x": 45.93,
      "y": 74.65,
      "time_window": [
        450.0,
        2293.66
      ],
      "demand": [
        4,
        4,
        1
      ]
    },
    {
      "id": "C171",
      "x": 72.87,
      "y": 46.26,
      "time_window": [
        450.0,
        1104.52
      ],
      "demand": [
        3,
        4,
        4
      ]
    },
    {
      "id": "C172",
      "x": 94.26,
      "y": 90.39,
      "time_window": [
        450.0,
        1018.43
      ],
      "demand": [
        1,
        4,
        1
      ]
    },
    {
      "id": "C173",
      "x": 8.0,
      "y": 17.19,
      "time_window": [
        450.0,
        1413.17
      ],
      "demand": [
        1,
        2,
        2
      ]
    },
    {
      "id": "C174",
      "x": 31.92,
      "y": 46.03,
      "time_window": [
        450.0,
        1136.1
      ],
      "demand": [
        3,
        3,
        2
      ]
    },
    {
      "id": "C175",
      "x": 45.11,
      "y": 54.2,
      "time_window": [
        450.0,
        1627.1
      ],
      "demand": [
        1,
        3,
        3
      ]
    },
    {
      "id": "C176",
      "x": 9.93,
      "y": 92.37,
      "time_window": [
        450.0,
        2009.05
      ],
      "demand": [
        1,
        3,
        3
      ]
    },
    {
      "id": "C177",
      "x": 65.22,
      "y": 65.87,
      "time_window": [
        450.0,
        2541.25
      ],
      "demand": [
        2,
        4,
        3
      ]
    },
    {
      "id": "C178",
      "x": 42.53,
      "y": 34.26,
      "time_window": [
        450.0,
        1657.91
      ],
      "demand": [
        2,
        4,
        3
      ]
    },
    {
      "id": "C179",
      "x": 32.85,
      "y": 59.49,
      "time_window": [
        450.0,
        1902.1
      ],
      "demand": [
        4,
        1,
        2
      ]
    },
    {
      "id": "C180",
      "x": 71.01,
      "y": 61.76,
      "time_window": [
        450.0,
        1886.59
      ],
      "demand": [
        3,
        2,
        3
      ]
    },
    {
      "id": "C181",
      "x": 68.36,
      "y": 61.68,
      "time_window": [
        450.0,
        1293.38
      ],
      "demand": [
        1,
        1,
        3
      ]
    },
    {
      "id": "C182",
      "x": 53.59,
      "y": 62.02,
      "time_window": [
        450.0,
        1688.8
      ],
      "demand": [
        4,
        4,
        4
      ]
    },
    {
      "id": "C183",
      "x": 19.53,
      "y": 87.63,
      "time_window": [
        450.0,
        1211.15
      ],
      "demand": [
        3,
        4,
        1
      ]
    },
    {
      "id": "C184",
      "x": 68.76,
      "y": 25.6,
      "time_window": [
        450.0,
        1765.95
      ],
      "demand": [
        2,
        4,
        4
      ]
    },
    {
      "id": "C185",
      "x": 97.74,
      "y": 78.42,
      "time_window": [
        450.0,
        1704.64
      ],
      "demand": [
        4,
        3,
        3
      ]
    },
    {
      "id": "C186",
      "x": 26.26,
      "y": 42.85,
      "time_window": [
        450.0,
        2321.65
      ],
      "demand": [
        4,
        2,
        4
      ]
    },
    {
      "id": "C187",
      "x": 40.14,
      "y": 48.52,
      "time_window": [
        450.0,
        1932.65
      ],
      "demand": [
        3,
        3,
        3
      ]
    },
    {
      "id": "C188",
      "x": 94.79,
      "y": 1.77,
      "time_window": [
        450.0,
        1219.56
      ],
      "demand": [
        3,
        3,
        1
      ]
    },
    {
      "id": "C189",
      "x": 35.47,
      "y": 26.42,
      "time_window": [
        450.0,
        2284.56
      ],
      "demand": [
        3,
        2,
        2
      ]
    },
    {
      "id": "C190",
      "x": 83.67,
      "y": 12.33,
      "time_window": [
        450.0,
        1622.86
      ],
      "demand": [
        3,
        4,
        2
      ]
    },
    {
      "id": "C191",
      "x": 35.06,
      "y": 42.41,
      "time_window": [
        450.0,
        2313.0
      ],
      "demand": [
        2,
        3,
        1
      ]
    },
    {
      "id": "C192",
      "x": 47.11,
      "y": 51.34,
      "time_window": [
        450.0,
        1212.68
      ],
      "demand": [
        1,
        1,
        1
      ]
    },
    {
      "id": "C193",
      "x": 77.41,
      "y": 76.26,
      "time_window": [
        450.0,
        2046.74
      ],
      "demand": [
        4,
        1,
        2
      ]
    },
    {
      "id": "C194",
      "x": 16.53,
      "y": 21.92,
      "time_window": [
        450.0,
        2457.54
      ],
      "demand": [
        4,
        4,
        4
      ]
    },
    {
      "id": "C195",
      "x": 79.93,
      "y": 13.14,
      "time_window": [
        450.0,
        2465.33
      ],
      "demand": [
        2,
        1,
        1
      ]
    },
    {
      "id": "C196",
      "x": 62.58,
      "y": 58.99,
      "time_window": [
        450.0,
        1109.69
      ],
      "demand": [
        4,
        2,
        2
      ]
    },
    {
      "id": "C197",
      "x": 33.97,
      "y": 63.06,
      "time_window": [
        450.0,
        2387.03
      ],
      "demand": [
        1,
        3,
        4
      ]
    },
    {
      "id": "C198",
      "x": 83.45,
      "y": 7.18,
      "time_window": [
        450.0,
        2092.37
      ],
      "demand": [
        1,
        2,
        3
      ]
    },
    {
      "id": "C199",
      "x": 81.45,
      "y": 89.52,
      "time_window": [
        450.0,
        983.43
      ],
      "demand": [
        2,
        3,
        1
      ]
    },
    {
      "id": "C200",
      "x": 86.85,
      "y": 1.82,
      "time_window": [
        450.0,
        2169.58
      ],
      "demand": [
        3,
        3,
        4
      ]
    }
  ]
}