{
  "set_id": 5,
  "inst_id": 2,
  "vehicles": {
    "CT": {
      "count": 10,
      "capacity": 1500,
      "fixed_cost": 1500,
      "unit_cost_factor": 1.2
    },
    "UV": {
      "count": 20,
      "capacity": 500,
      "fixed_cost": 500,
      "unit_cost_factor": 1.1
    }
  },
  "P": 3,
  "item_weights": [
    10,
    10,
    5
  ],
  "inventory_ratio": 1.3,
  "FCs": [
    {
      "id": "FC1",
      "x": 25,
      "y": 25,
      "time_window": [
        0.0,
        3000.0
      ],
      "inventory": [
        75,
        77,
        76
      ]
    },
    {
      "id": "FC2",
      "x": 75,
      "y": 75,
      "time_window": [
        0.0,
        3000.0
      ],
      "inventory": [
        88,
        82,
        86
      ]
    }
  ],
  "DCs": [
    {
      "id": "DC1",
      "x": 61.78,
      "y": 92.38,
      "time_window": [
        300.0,
        2700.0
      ]
    },
    {
      "id": "DC2",
      "x": 30.27,
      "y": 76.55,
      "time_window": [
        300.0,
        2700.0
      ]
    },
    {
      "id": "DC3",
      "x": 94.66,
      "y": 68.13,
      "time_window": [
        300.0,
        2700.0
      ]
    },
    {
      "id": "DC4",
      "x": 96.75,
      "y": 4.19,
      "time_window": [
        300.0,
        2700.0
      ]
    }
  ],
  "CDPs": [
    {
      "id": "CDP1",
      "x": 82.87,
      "y": 36.22,
      "time_window": [
        0.0,
        3000.0
      ],
      "capacity": 253
    },
    {
      "id": "CDP2",
      "x": 94.18,
      "y": 86.83,
      "time_window": [
        0.0,
        3000.0
      ],
      "capacity": 127
    },
    {
      "id": "CDP3",
      "x": 66.35,
      "y": 19.2,
      "time_window": [
        0.0,
        3000.0
      ],
      "capacity": 260
    },
    {
      "id": "CDP4",
      "x": 36.34,
      "y": 78.39,
      "time_window": [
        0.0,
        3000.0
      ],
      "capacity": 196
    },
    {
      "id": "CDP5",
      "x": 76.29,
      "y": 73.98,
      "time_window": [
        0.0,
        3000.0
      ],
      "capacity": 189
    },
    {
      "id": "CDP6",
      "x": 40.51,
      "y": 96.49,
      "time_window": [
        0.0,
        3000.0
      ],
      "capacity": 279
    },
    {
      "id": "CDP7",
      "x": 22.05,
      "y": 67.97,
      "time_window": [
        0.0,
        3000.0
      ],
      "capacity": 143
    },
    {
      "id": "CDP8",
      "x": 5.14,
      "y": 95.74,
      "time_window": [
        0.0,
        3000.0
      ],
      "capacity": 143
    },
    {
      "id": "CDP9",
      "x": 66.58,
      "y": 56.66,
      "time_window": [
        0.0,
        3000.0
      ],
      "capacity": 277
    },
    {
      "id": "CDP10",
      "x": 38.29,
      "y": 51.32,
      "time_window": [
        0.0,
        3000.0
      ],
      "capacity": 261
    },
    {
      "id": "CDP11",
      "x": 64.57,
      "y": 71.12,
      "time_window": [
        0.0,
        3000.0
      ],
      "capacity": 285
    },
    {
      "id": "CDP12",
      "x": 14.97,
      "y": 81.03,
      "time_window": [
        0.0,
        3000.0
      ],
      "capacity": 127
    },
    {
      "id": "CDP13",
      "x": 66.32,
      "y": 59.05,
      "time_window": [
        0.0,
        3000.0
      ],
      "capacity": 253
    },
    {
      "id": "CDP14",
      "x": 84.66,
      "y": 80.69,
      "time_window": [
        0.0,
        3000.0
      ],
      "capacity": 299
    },
    {
      "id": "CDP15",
      "x": 1.53,
      "y": 64.33,
      "time_window": [
        0.0,
        3000.0
      ],
      "capacity": 234
    },
    {
      "id": "CDP16",
      "x": 44.34,
      "y": 69.55,
      "time_window": [
        0.0,
        3000.0
      ],
      "capacity": 182
    },
    {
      "id": "CDP17",
      "x": 54.88,
      "y": 51.94,
      "time_window": [
        0.0,
        3000.0
      ],
      "capacity": 139
    },
    {
      "id": "CDP18",
      "x": 65.83,
      "y": 78.38,
      "time_window": [
        0.0,
        3000.0
      ],
      "capacity": 246
    },
    {
      "id": "CDP19",
      "x": 77.67,
      "y": 61.41,
      "time_window": [
        0.0,
        3000.0
      ],
      "capacity": 199
    },
    {
      "id": "CDP20",
      "x": 40.06,
      "y": 82.55,
      "time_window": [
        0.0,
        3000.0
      ],
      "capacity": 268
    }
  ],
  "Customers": [
    {
      "id": "C1",
      "x": 55.53,
      "y": 47.78,
      "time_window": [
        450.0,
        2003.7
      ],
      "demand": [
        3,
        3,
        3
      ]
    },
    {
      "id": "C2",
      "x": 74.26,
      "y": 25.68,
      "time_window": [
        450.0,
        2550
      ],
      "demand": [
        4,
        4,
        1
      ]
    },
    {
      "id": "C3",
      "x": 96.71,
      "y": 75.95,
      "time_window": [
        450.0,
        2104.21
      ],
      "demand": [
        1,
        2,
        1
      ]
    },
    {
      "id": "C4",
      "x": 86.24,
      "y": 6.72,
      "time_window": [
        450.0,
        1317.16
      ],
      "demand": [
        3,
        2,
        1
      ]
    },
    {
      "id": "C5",
      "x": 11.67,
      "y": 1.1,
      "time_window": [
        450.0,
        1258.08
      ],
      "demand": [
        3,
        2,
        4
      ]
    },
    {
      "id": "C6",
      "x": 29.32,
      "y": 32.22,
      "time_window": [
        450.0,
        1737.57
      ],
      "demand": [
        3,
        4,
        1
      ]
    },
    {
      "id": "C7",
      "x": 21.29,
      "y": 76.72,
      "time_window": [
        450.0,
        1633.86
      ],
      "demand": [
        1,
        1,
        4
      ]
    },
    {
      "id": "C8",
      "x": 56.51,
      "y": 43.86,
      "time_window": [
        450.0,
        2136.26
      ],
      "demand": [
        3,
        2,
        2
      ]
    },
    {
      "id": "C9",
      "x": 7.73,
      "y": 82.62,
      "time_window": [
        450.0,
        2164.65
      ],
      "demand": [
        2,
        4,
        4
      ]
    },
    {
      "id": "C10",
      "x": 63.41,
      "y": 70.89,
      "time_window": [
        450.0,
        1799.87
      ],
      "demand": [
        2,
        1,
        3
      ]
    },
    {
      "id": "C11",
      "x": 36.13,
      "y": 72.99,
      "time_window": [
        450.0,
        1487.85
      ],
      "demand": [
        1,
        4,
        2
      ]
    },
    {
      "id": "C12",
      "x": 56.28,
      "y": 65.23,
      "time_window": [
        450.0,
        1848.29
      ],
      "demand": [
        4,
        3,
        2
      ]
    },
    {
      "id": "C13",
      "x": 70.26,
      "y": 25.32,
      "time_window": [
        450.0,
        1739.35
      ],
      "demand": [
        2,
        2,
        2
      ]
    },
    {
      "id": "C14",
      "x": 57.87,
      "y": 46.75,
      "time_window": [
        450.0,
        1731.11
      ],
      "demand": [
        3,
        1,
        2
      ]
    },
    {
      "id": "C15",
      "x": 21.89,
      "y": 99.34,
      "time_window": [
        450.0,
        1873.24
      ],
      "demand": [
        1,
        1,
        2
      ]
    },
    {
      "id": "C16",
      "x": 26.73,
      "y": 26.63,
      "time_window": [
        450.0,
        1555.38
      ],
      "demand": [
        1,
        3,
        3
      ]
    },
    {
      "id": "C17",
      "x": 98.36,
      "y": 14.2,
      "time_window": [
        450.0,
        1687.94
      ],
      "demand": [
        3,
        4,
        3
      ]
    },
    {
      "id": "C18",
      "x": 40.38,
      "y": 33.76,
      "time_window": [
        450.0,
        2466.3
      ],
      "demand": [
        3,
        3,
        2
      ]
    },
    {
      "id": "C19",
      "x": 31.34,
      "y": 62.57,
      "time_window": [
        450.0,
        2516.82
      ],
      "demand": [
        4,
        2,
        3
      ]
    },
    {
      "id": "C20",
      "x": 0.67,
      "y": 12.22,
      "time_window": [
        450.0,
        2520.47
      ],
      "demand": [
        3,
        2,
        2
      ]
    },
    {
      "id": "C21",
      "x": 27.46,
      "y": 60.14,
      "time_window": [
        450.0,
        1214.96
      ],
      "demand": [
        4,
        2,
        4
      ]
    },
    {
      "id": "C22",
      "x": 96.0,
      "y": 88.93,
      "time_window": [
        450.0,
        1262.24
      ],
      "demand": [
        1,
        3,
        3
      ]
    },
    {
      "id": "C23",
      "x": 82.55,
      "y": 94.25,
      "time_window": [
        450.0,
        2374.63
      ],
      "demand": [
        2,
        2,
        3
      ]
    },
    {
      "id": "C24",
      "x": 37.01,
      "y": 27.87,
      "time_window": [
        450.0,
        1231.57
      ],
      "demand": [
        1,
        1,
        2
      ]
    },
    {
      "id": "C25",
      "x": 80.27,
      "y": 13.44,
      "time_window": [
        450.0,
        1462.62
      ],
      "demand": [
        3,
        3,
        2
      ]
    },
    {
      "id": "C26",
      "x": 46.13,
      "y": 72.14,
      "time_window": [
        450.0,
        1826.07
      ],
      "demand": [
        2,
        2,
        3
      ]
    },
    {
      "id": "C27",
      "x": 94.39,
      "y": 86.46,
      "time_window": [
        450.0,
        1560.74
      ],
      "demand": [
        2,
        3,
        2
      ]
    },
    {
      "id": "C28",
      "x": 93.04,
      "y": 84.26,
      "time_window": [
        450.0,
        2385.97
      ],
      "demand": [
        4,
        1,
        3
      ]
    },
    {
      "id": "C29",
      "x": 7.85,
      "y": 98.65,
      "time_window": [
        450.0,
        1245.05
      ],
      "demand": [
        3,
        1,
        2
      ]
    },
    {
      "id": "C30",
      "x": 33.3,
      "y": 27.24,
      "time_window": [
        450.0,
        1084.56
      ],
      "demand": [
        3,
        4,
        3
      ]
    },
    {
      "id": "C31",
      "x": 74.13,
      "y": 67.47,
      "time_window": [
        450.0,
        2125.13
      ],
      "demand": [
        2,
        1,
        1
      ]
    },
    {
      "id": "C32",
      "x": 82.03,
      "y": 82.78,
      "time_window": [
        450.0,
        2327.38
      ],
      "demand": [
        1,
        1,
        4
      ]
    },
    {
      "id": "C33",
      "x": 14.32,
      "y": 91.77,
      "time_window": [
        450.0,
        2222.59
      ],
      "demand": [
        3,
        3,
        4
      ]
    },
    {
      "id": "C34",
      "x": 59.63,
      "y": 44.6,
      "time_window": [
        450.0,
        1812.51
      ],
      "demand": [
        2,
        3,
        3
      ]
    },
    {
      "id": "C35",
      "x": 93.62,
      "y": 77.48,
      "time_window": [
        450.0,
        2393.37
      ],
      "demand": [
        1,
        2,
        2
      ]
    },
    {
      "id": "C36",
      "x": 86.08,
      "y": 78.58,
      "time_window": [
        450.0,
        1193.98
      ],
      "demand": [
        1,
        4,
        3
      ]
    },
    {
      "id": "C37",
      "x": 74.21,
      "y": 69.43,
      "time_window": [
        450.0,
        1178.82
      ],
      "demand": [
        4,
        4,
        2
      ]
    },
    {
      "id": "C38",
      "x": 22.06,
      "y": 1.27,
      "time_window": [
        450.0,
        2534.94
      ],
      "demand": [
        2,
        1,
        3
      ]
    },
    {
      "id": "C39",
      "x": 71.3,
      "y": 55.87,
      "time_window": [
        450.0,
        1821.25
      ],
      "demand": [
        1,
        4,
        1
      ]
    },
    {
      "id": "C40",
      "x": 44.8,
      "y": 51.51,
      "time_window": [
        450.0,
        1967.36
      ],
      "demand": [
        2,
        2,
        2
      ]
    },
    {
      "id": "C41",
      "x": 68.59,
      "y": 64.76,
      "time_window": [
        450.0,
        2438.1
      ],
      "demand": [
        1,
        3,
        4
      ]
    },
    {
      "id": "C42",
      "x": 60.66,
      "y": 37.78,
      "time_window": [
        450.0,
        2049.11
      ],
      "demand": [
        4,
        4,
        1
      ]
    },
    {
      "id": "C43",
      "x": 69.65,
      "y": 32.18,
      "time_window": [
        450.0,
        1957.72
      ],
      "demand": [
        3,
        1,
        4
      ]
    },
    {
      "id": "C44",
      "x": 58.55,
      "y": 34.46,
      "time_window": [
        450.0,
        1028.44
      ],
      "demand": [
        3,
        1,
        1
      ]
    },
    {
      "id": "C45",
      "x": 48.4,
      "y": 44.81,
      "time_window": [
        450.0,
        1733.35
      ],
      "demand": [
        4,
        3,
        4
      ]
    },
    {
      "id": "C46",
      "x": 56.42,
      "y": 59.43,
      "time_window": [
        450.0,
        1017.22
      ],
      "demand": [
        4,
        4,
        1
      ]
    },
    {
      "id": "C47",
      "x": 60.77,
      "y": 71.66,
      "time_window": [
        450.0,
        1190.25
      ],
      "demand": [
        4,
        3,
        4
      ]
    },
    {
      "id": "C48",
      "x": 13.48,
      "y": 88.7,
      "time_window": [
        450.0,
        1855.31
      ],
      "demand": [
        2,
        1,
        2
      ]
    },
    {
      "id": "C49",
      "x": 55.96,
      "y": 55.41,
      "time_window": [
        450.0,
        2550
      ],
      "demand": [
        2,
        3,
        1
      ]
    },
    {
      "id": "C50",
      "x": 48.58,
      "y": 39.67,
      "time_window": [
        450.0,
        2299.63
      ],
      "demand": [
        4,
        2,
        3
      ]
    }
  ]
}