{
  "set_id": 3,
  "inst_id": 1,
  "vehicles": {
    "CT": {
      "count": 8,
      "capacity": 1500,
      "fixed_cost": 1500,
      "unit_cost_factor": 1.2
    },
    "UV": {
      "count": 12,
      "capacity": 500,
      "fixed_cost": 500,
      "unit_cost_factor": 1.1
    }
  },
  "P": 4,
  "item_weights": [
    15,
    10,
    15,
    10
  ],
  "inventory_ratio": 1.4,
  "FCs": [
    {
      "id": "FC1",
      "x": 25,
      "y": 25,
      "time_window": [
        0.0,
        3000.0
      ],
      "inventory": [
        32,
        39,
        28,
        40
      ]
    },
    {
      "id": "FC2",
      "x": 75,
      "y": 75,
      "time_window": [
        0.0,
        3000.0
      ],
      "inventory": [
        48,
        34,
        38,
        28
      ]
    }
  ],
  "DCs": [
    {
      "id": "DC1",
      "x": 25.68,
      "y": 84.86,
      "time_window": [
        300.0,
        2700.0
      ]
    },
    {
      "id": "DC2",
      "x": 3.75,
      "y": 0.59,
      "time_window": [
        300.0,
        2700.0
      ]
    },
    {
      "id": "DC3",
      "x": 96.21,
      "y": 65.6,
      "time_window": [
        300.0,
        2700.0
      ]
    },
    {
      "id": "DC4",
      "x": 45.02,
      "y": 8.89,
      "time_window": [
        300.0,
        2700.0
      ]
    }
  ],
  "CDPs": [
    {
      "id": "CDP1",
      "x": 27.46,
      "y": 0.97,
      "time_window": [
        0.0,
        3000.0
      ],
      "capacity": 297
    },
    {
      "id": "CDP2",
      "x": 14.88,
      "y": 99.3,
      "time_window": [
        0.0,
        3000.0
      ],
      "capacity": 160
    },
    {
      "id": "CDP3",
      "x": 93.09,
      "y": 17.73,
      "time_window": [
        0.0,
        3000.0
      ],
      "capacity": 179
    },
    {
      "id": "CDP4",
      "x": 24.73,
      "y": 6.33,
      "time_window": [
        0.0,
        3000.0
      ],
      "capacity": 200
    },
    {
      "id": "CDP5",
      "x": 61.2,
      "y": 70.08,
      "time_window": [
        0.0,
        3000.0
      ],
      "capacity": 221
    },
    {
      "id": "CDP6",
      "x": 39.47,
      "y": 85.93,
      "time_window": [
        0.0,
        3000.0
      ],
      "capacity": 221
    },
    {
      "id": "CDP7",
      "x": 31.06,
      "y": 72.72,
      "time_window": [
        0.0,
        3000.0
      ],
      "capacity": 134
    },
    {
      "id": "CDP8",
      "x": 63.54,
      "y": 42.51,
      "time_window": [
        0.0,
        3000.0
      ],
      "capacity": 241
    },
    {
      "id": "CDP9",
      "x": 9.35,
      "y": 22.75,
      "time_window": [
        0.0,
        3000.0
      ],
      "capacity": 195
    },
    {
      "id": "CDP10",
      "x": 16.57,
      "y": 31.9,
      "time_window": [
        0.0,
        3000.0
      ],
      "capacity": 179
    },
    {
      "id": "CDP11",
      "x": 27.64,
      "y": 84.07,
      "time_window": [
        0.0,
        3000.0
      ],
      "capacity": 157
    },
    {
      "id": "CDP12",
      "x": 2.44,
      "y": 18.68,
      "time_window": [
        0.0,
        3000.0
      ],
      "capacity": 201
    },
    {
      "id": "CDP13",
      "x": 87.04,
      "y": 45.48,
      "time_window": [
        0.0,
        3000.0
      ],
      "capacity": 299
    },
    {
      "id": "CDP14",
      "x": 6.42,
      "y": 11.32,
      "time_window": [
        0.0,
        3000.0
      ],
      "capacity": 187
    },
    {
      "id": "CDP15",
      "x": 94.45,
      "y": 70.12,
      "time_window": [
        0.0,
        3000.0
      ],
      "capacity": 190
    },
    {
      "id": "CDP16",
      "x": 94.15,
      "y": 11.22,
      "time_window": [
        0.0,
        3000.0
      ],
      "capacity": 180
    }
  ],
  "Customers": [
    {
      "id": "C1",
      "x": 86.08,
      "y": 24.77,
      "time_window": [
        450.0,
        2379.7
      ],
      "demand": [
        3,
        4,
        1,
        1
      ]
    },
    {
      "id": "C2",
      "x": 39.51,
      "y": 65.79,
      "time_window": [
        450.0,
        1965.77
      ],
      "demand": [
        4,
        3,
        2,
        1
      ]
    },
    {
      "id": "C3",
      "x": 50.33,
      "y": 46.38,
      "time_window": [
        450.0,
        2270.82
      ],
      "demand": [
        1,
        3,
        4,
        4
      ]
    },
    {
      "id": "C4",
      "x": 86.9,
      "y": 98.73,
      "time_window": [
        450.0,
        1906.58
      ],
      "demand": [
        4,
        4,
        3,
        4
      ]
    },
    {
      "id": "C5",
      "x": 34.59,
      "y": 53.8,
      "time_window": [
        450.0,
        2447.54
      ],
      "demand": [
        4,
        1,
        3,
        4
      ]
    },
    {
      "id": "C6",
      "x": 92.47,
      "y": 78.64,
      "time_window": [
        450.0,
        2405.43
      ],
      "demand": [
        4,
        2,
        3,
        2
      ]
    },
    {
      "id": "C7",
      "x": 53.99,
      "y": 44.18,
      "time_window": [
        450.0,
        1961.83
      ],
      "demand": [
        1,
        3,
        3,
        3
      ]
    },
    {
      "id": "C8",
      "x": 19.68,
      "y": 12.77,
      "time_window": [
        450.0,
        1456.44
      ],
      "demand": [
        4,
        2,
        2,
        4
      ]
    },
    {
      "id": "C9",
      "x": 71.53,
      "y": 71.44,
      "time_window": [
        450.0,
        2542.01
      ],
      "demand": [
        1,
        1,
        4,
        2
      ]
    },
    {
      "id": "C10",
      "x": 68.77,
      "y": 39.82,
      "time_window": [
        450.0,
        2131.33
      ],
      "demand": [
        2,
        3,
        1,
        4
      ]
    },
    {
      "id": "C11",
      "x": 6.51,
      "y": 97.62,
      "time_window": [
        450.0,
        1017.37
      ],
      "demand": [
        4,
        4,
        2,
        1
      ]
    },
    {
      "id": "C12",
      "x": 42.53,
      "y": 41.92,
      "time_window": [
        450.0,
        2156.07
      ],
      "demand": [
        3,
        4,
        2,
        3
      ]
    },
    {
      "id": "C13",
      "x": 61.96,
      "y": 44.17,
      "time_window": [
        450.0,
        2016.38
      ],
      "demand": [
        2,
        2,
        1,
        1
      ]
    },
    {
      "id": "C14",
      "x": 85.63,
      "y": 8.5,
      "time_window": [
        450.0,
        1495.0
      ],
      "demand": [
        1,
        1,
        2,
        2
      ]
    },
    {
      "id": "C15",
      "x": 24.34,
      "y": 83.96,
      "time_window": [
        450.0,
        2134.43
      ],
      "demand": [
        3,
        2,
        3,
        2
      ]
    },
    {
      "id": "C16",
      "x": 68.91,
      "y": 30.07,
      "time_window": [
        450.0,
        1192.38
      ],
      "demand": [
        3,
        2,
        2,
        2
      ]
    },
    {
      "id": "C17",
      "x": 34.72,
      "y": 55.72,
      "time_window": [
        450.0,
        2122.99
      ],
      "demand": [
        4,
        4,
        3,
        2
      ]
    },
    {
      "id": "C18",
      "x": 72.67,
      "y": 26.53,
      "time_window": [
        450.0,
        1352.86
      ],
      "demand": [
        4,
        2,
        1,
        1
      ]
    },
    {
      "id": "C19",
      "x": 30.38,
      "y": 36.14,
      "time_window": [
        450.0,
        1059.38
      ],
      "demand": [
        2,
        1,
        2,
        3
      ]
    },
    {
      "id": "C20",
      "x": 80.29,
      "y": 77.22,
      "time_window": [
        450.0,
        1383.42
      ],
      "demand": [
        3,
        4,
        3,
        2
      ]
    }
  ]
}