{
  "set_id": 1,
  "inst_id": 8,
  "vehicles": {
    "CT": {
      "count": 4,
      "capacity": 1500,
      "fixed_cost": 1500,
      "unit_cost_factor": 1.2
    },
    "UV": {
      "count": 8,
      "capacity": 500,
      "fixed_cost": 500,
      "unit_cost_factor": 1.1
    }
  },
  "P": 2,
  "item_weights": [
    5,
    5
  ],
  "inventory_ratio": 1.3,
  "FCs": [
    {
      "id": "FC1",
      "x": 25,
      "y": 25,
      "time_window": [
        0.0,
        3000.0
      ],
      "inventory": [
        34,
        29
      ]
    },
    {
      "id": "FC2",
      "x": 75,
      "y": 75,
      "time_window": [
        0.0,
        3000.0
      ],
      "inventory": [
        29,
        36
      ]
    }
  ],
  "DCs": [
    {
      "id": "DC1",
      "x": 61.4,
      "y": 34.8,
      "time_window": [
        300.0,
        2700.0
      ]
    },
    {
      "id": "DC2",
      "x": 92.97,
      "y": 10.04,
      "time_window": [
        300.0,
        2700.0
      ]
    },
    {
      "id": "DC3",
      "x": 25.49,
      "y": 81.06,
      "time_window": [
        300.0,
        2700.0
      ]
    },
    {
      "id": "DC4",
      "x": 61.64,
      "y": 92.52,
      "time_window": [
        300.0,
        2700.0
      ]
    }
  ],
  "CDPs": [
    {
      "id": "CDP1",
      "x": 51.47,
      "y": 2.25,
      "time_window": [
        0.0,
        3000.0
      ],
      "capacity": 162
    },
    {
      "id": "CDP2",
      "x": 20.83,
      "y": 38.45,
      "time_window": [
        0.0,
        3000.0
      ],
      "capacity": 286
    },
    {
      "id": "CDP3",
      "x": 94.48,
      "y": 28.47,
      "time_window": [
        0.0,
        3000.0
      ],
      "capacity": 232
    },
    {
      "id": "CDP4",
      "x": 43.56,
      "y": 80.39,
      "time_window": [
        0.0,
        3000.0
      ],
      "capacity": 174
    },
    {
      "id": "CDP5",
      "x": 53.36,
      "y": 35.37,
      "time_window": [
        0.0,
        3000.0
      ],
      "capacity": 274
    },
    {
      "id": "CDP6",
      "x": 44.71,
      "y": 31.89,
      "time_window": [
        0.0,
        3000.0
      ],
      "capacity": 125
    },
    {
      "id": "CDP7",
      "x": 10.56,
      "y": 8.72,
      "time_window": [
        0.0,
        3000.0
      ],
      "capacity": 142
    },
    {
      "id": "CDP8",
      "x": 22.03,
      "y": 95.22,
      "time_window": [
        0.0,
        3000.0
      ],
      "capacity": 142
    },
    {
      "id": "CDP9",
      "x": 83.74,
      "y": 76.58,
      "time_window": [
        0.0,
        3000.0
      ],
      "capacity": 295
    },
    {
      "id": "CDP10",
      "x": 75.66,
      "y": 56.95,
      "time_window": [
        0.0,
        3000.0
      ],
      "capacity": 180
    }
  ],
  "Customers": [
    {
      "id": "C1",
      "x": 30.06,
      "y": 52.82,
      "time_window": [
        450.0,
        1028.87
      ],
      "demand": [
        1,
        2
      ]
    },
    {
      "id": "C2",
      "x": 47.92,
      "y": 68.1,
      "time_window": [
        450.0,
        1776.08
      ],
      "demand": [
        4,
        2
      ]
    },
    {
      "id": "C3",
      "x": 72.65,
      "y": 68.89,
      "time_window": [
        450.0,
        1773.93
      ],
      "demand": [
        2,
        4
      ]
    },
    {
      "id": "C4",
      "x": 14.8,
      "y": 16.73,
      "time_window": [
        450.0,
        1443.55
      ],
      "demand": [
        2,
        3
      ]
    },
    {
      "id": "C5",
      "x": 74.69,
      "y": 62.03,
      "time_window": [
        450.0,
        1311.26
      ],
      "demand": [
        1,
        1
      ]
    },
    {
      "id": "C6",
      "x": 5.44,
      "y": 18.36,
      "time_window": [
        450.0,
        1407.8
      ],
      "demand": [
        4,
        2
      ]
    },
    {
      "id": "C7",
      "x": 58.36,
      "y": 59.15,
      "time_window": [
        450.0,
        1694.89
      ],
      "demand": [
        2,
        4
      ]
    },
    {
      "id": "C8",
      "x": 74.13,
      "y": 67.01,
      "time_window": [
        450.0,
        2056.58
      ],
      "demand": [
        2,
        3
      ]
    },
    {
      "id": "C9",
      "x": 57.98,
      "y": 57.56,
      "time_window": [
        450.0,
        1759.39
      ],
      "demand": [
        3,
        1
      ]
    },
    {
      "id": "C10",
      "x": 1.26,
      "y": 16.53,
      "time_window": [
        450.0,
        1315.6
      ],
      "demand": [
        2,
        4
      ]
    },
    {
      "id": "C11",
      "x": 9.38,
      "y": 77.69,
      "time_window": [
        450.0,
        2020.28
      ],
      "demand": [
        3,
        1
      ]
    },
    {
      "id": "C12",
      "x": 28.1,
      "y": 53.33,
      "time_window": [
        450.0,
        1019.58
      ],
      "demand": [
        3,
        2
      ]
    },
    {
      "id": "C13",
      "x": 83.51,
      "y": 17.7,
      "time_window": [
        450.0,
        2088.69
      ],
      "demand": [
        1,
        4
      ]
    },
    {
      "id": "C14",
      "x": 55.09,
      "y": 73.27,
      "time_window": [
        450.0,
        1136.59
      ],
      "demand": [
        1,
        2
      ]
    },
    {
      "id": "C15",
      "x": 32.39,
      "y": 31.52,
      "time_window": [
        450.0,
        1853.94
      ],
      "demand": [
        3,
        4
      ]
    },
    {
      "id": "C16",
      "x": 81.45,
      "y": 87.13,
      "time_window": [
        450.0,
        1742.54
      ],
      "demand": [
        1,
        4
      ]
    },
    {
      "id": "C17",
      "x": 21.84,
      "y": 89.78,
      "time_window": [
        450.0,
        1017.63
      ],
      "demand": [
        4,
        2
      ]
    },
    {
      "id": "C18",
      "x": 51.09,
      "y": 43.21,
      "time_window": [
        450.0,
        1188.21
      ],
      "demand": [
        4,
        1
      ]
    },
    {
      "id": "C19",
      "x": 3.69,
      "y": 5.6,
      "time_window": [
        450.0,
        1797.2
      ],
      "demand": [
        2,
        3
      ]
    },
    {
      "id": "C20",
      "x": 58.03,
      "y": 40.01,
      "time_window": [
        450.0,
        1766.26
      ],
      "demand": [
        3,
        1
      ]
    }
  ]
}