{
  "set_id": 5,
  "inst_id": 4,
  "vehicles": {
    "CT": {
      "count": 10,
      "capacity": 1500,
      "fixed_cost": 1500,
      "unit_cost_factor": 1.2
    },
    "UV": {
      "count": 20,
      "capacity": 500,
      "fixed_cost": 500,
      "unit_cost_factor": 1.1
    }
  },
  "P": 3,
  "item_weights": [
    10,
    15,
    10
  ],
  "inventory_ratio": 1.3,
  "FCs": [
    {
      "id": "FC1",
      "x": 25,
      "y": 25,
      "time_window": [
        0.0,
        3000.0
      ],
      "inventory": [
        80,
        76,
        79
      ]
    },
    {
      "id": "FC2",
      "x": 75,
      "y": 75,
      "time_window": [
        0.0,
        3000.0
      ],
      "inventory": [
        80,
        83,
        90
      ]
    }
  ],
  "DCs": [
    {
      "id": "DC1",
      "x": 78.23,
      "y": 76.7,
      "time_window": [
        300.0,
        2700.0
      ]
    },
    {
      "id": "DC2",
      "x": 74.76,
      "y": 71.31,
      "time_window": [
        300.0,
        2700.0
      ]
    },
    {
      "id": "DC3",
      "x": 91.95,
      "y": 85.09,
      "time_window": [
        300.0,
        2700.0
      ]
    },
    {
      "id": "DC4",
      "x": 44.91,
      "y": 7.1,
      "time_window": [
        300.0,
        2700.0
      ]
    }
  ],
  "CDPs": [
    {
      "id": "CDP1",
      "x": 41.31,
      "y": 52.75,
      "time_window": [
        0.0,
        3000.0
      ],
      "capacity": 118
    },
    {
      "id": "CDP2",
      "x": 85.18,
      "y": 84.47,
      "time_window": [
        0.0,
        3000.0
      ],
      "capacity": 124
    },
    {
      "id": "CDP3",
      "x": 64.74,
      "y": 70.65,
      "time_window": [
        0.0,
        3000.0
      ],
      "capacity": 219
    },
    {
      "id": "CDP4",
      "x": 53.64,
      "y": 11.57,
      "time_window": [
        0.0,
        3000.0
      ],
      "capacity": 250
    },
    {
      "id": "CDP5",
      "x": 34.02,
      "y": 31.94,
      "time_window": [
        0.0,
        3000.0
      ],
      "capacity": 246
    },
    {
      "id": "CDP6",
      "x": 99.49,
      "y": 28.15,
      "time_window": [
        0.0,
        3000.0
      ],
      "capacity": 173
    },
    {
      "id": "CDP7",
      "x": 73.41,
      "y": 10.03,
      "time_window": [
        0.0,
        3000.0
      ],
      "capacity": 295
    },
    {
      "id": "CDP8",
      "x": 87.73,
      "y": 24.12,
      "time_window": [
        0.0,
        3000.0
      ],
      "capacity": 124
    },
    {
      "id": "CDP9",
      "x": 38.38,
      "y": 46.36,
      "time_window": [
        0.0,
        3000.0
      ],
      "capacity": 129
    },
    {
      "id": "CDP10",
      "x": 10.72,
      "y": 83.72,
      "time_window": [
        0.0,
        3000.0
      ],
      "capacity": 179
    },
    {
      "id": "CDP11",
      "x": 95.5,
      "y": 26.97,
      "time_window": [
        0.0,
        3000.0
      ],
      "capacity": 168
    },
    {
      "id": "CDP12",
      "x": 94.72,
      "y": 59.07,
      "time_window": [
        0.0,
        3000.0
      ],
      "capacity": 212
    },
    {
      "id": "CDP13",
      "x": 23.71,
      "y": 99.38,
      "time_window": [
        0.0,
        3000.0
      ],
      "capacity": 198
    },
    {
      "id": "CDP14",
      "x": 97.08,
      "y": 8.07,
      "time_window": [
        0.0,
        3000.0
      ],
      "capacity": 169
    },
    {
      "id": "CDP15",
      "x": 61.77,
      "y": 12.51,
      "time_window": [
        0.0,
        3000.0
      ],
      "capacity": 161
    },
    {
      "id": "CDP16",
      "x": 68.47,
      "y": 32.98,
      "time_window": [
        0.0,
        3000.0
      ],
      "capacity": 263
    },
    {
      "id": "CDP17",
      "x": 51.63,
      "y": 63.21,
      "time_window": [
        0.0,
        3000.0
      ],
      "capacity": 154
    },
    {
      "id": "CDP18",
      "x": 19.68,
      "y": 47.78,
      "time_window": [
        0.0,
        3000.0
      ],
      "capacity": 184
    },
    {
      "id": "CDP19",
      "x": 23.83,
      "y": 46.02,
      "time_window": [
        0.0,
        3000.0
      ],
      "capacity": 168
    },
    {
      "id": "CDP20",
      "x": 51.33,
      "y": 66.75,
      "time_window": [
        0.0,
        3000.0
      ],
      "capacity": 185
    }
  ],
  "Customers": [
    {
      "id": "C1",
      "x": 63.97,
      "y": 65.02,
      "time_window": [
        450.0,
        1985.86
      ],
      "demand": [
        3,
        3,
        3
      ]
    },
    {
      "id": "C2",
      "x": 37.74,
      "y": 30.62,
      "time_window": [
        450.0,
        2407.1
      ],
      "demand": [
        1,
        3,
        3
      ]
    },
    {
      "id": "C3",
      "x": 73.07,
      "y": 74.63,
      "time_window": [
        450.0,
        1763.34
      ],
      "demand": [
        3,
        4,
        2
      ]
    },
    {
      "id": "C4",
      "x": 62.55,
      "y": 49.91,
      "time_window": [
        450.0,
        1846.44
      ],
      "demand": [
        4,
        2,
        4
      ]
    },
    {
      "id": "C5",
      "x": 0.44,
      "y": 7.71,
      "time_window": [
        450.0,
        2489.1
      ],
      "demand": [
        3,
        1,
        3
      ]
    },
    {
      "id": "C6",
      "x": 61.95,
      "y": 41.5,
      "time_window": [
        450.0,
        1718.14
      ],
      "demand": [
        4,
        4,
        3
      ]
    },
    {
      "id": "C7",
      "x": 47.76,
      "y": 66.67,
      "time_window": [
        450.0,
        1275.39
      ],
      "demand": [
        2,
        1,
        1
      ]
    },
    {
      "id": "C8",
      "x": 38.75,
      "y": 43.51,
      "time_window": [
        450.0,
        1866.21
      ],
      "demand": [
        4,
        2,
        2
      ]
    },
    {
      "id": "C9",
      "x": 61.22,
      "y": 69.62,
      "time_window": [
        450.0,
        2146.76
      ],
      "demand": [
        3,
        3,
        4
      ]
    },
    {
      "id": "C10",
      "x": 42.59,
      "y": 35.34,
      "time_window": [
        450.0,
        1337.28
      ],
      "demand": [
        1,
        3,
        1
      ]
    },
    {
      "id": "C11",
      "x": 4.7,
      "y": 90.17,
      "time_window": [
        450.0,
        1140.15
      ],
      "demand": [
        1,
        2,
        1
      ]
    },
    {
      "id": "C12",
      "x": 41.5,
      "y": 25.05,
      "time_window": [
        450.0,
        1931.76
      ],
      "demand": [
        1,
        1,
        1
      ]
    },
    {
      "id": "C13",
      "x": 20.68,
      "y": 1.07,
      "time_window": [
        450.0,
        2550
      ],
      "demand": [
        4,
        2,
        2
      ]
    },
    {
      "id": "C14",
      "x": 42.11,
      "y": 65.08,
      "time_window": [
        450.0,
        1500.86
      ],
      "demand": [
        2,
        2,
        3
      ]
    },
    {
      "id": "C15",
      "x": 65.92,
      "y": 55.94,
      "time_window": [
        450.0,
        1438.42
      ],
      "demand": [
        2,
        1,
        4
      ]
    },
    {
      "id": "C16",
      "x": 90.02,
      "y": 5.62,
      "time_window": [
        450.0,
        1739.51
      ],
      "demand": [
        1,
        2,
        2
      ]
    },
    {
      "id": "C17",
      "x": 97.39,
      "y": 83.39,
      "time_window": [
        450.0,
        2321.13
      ],
      "demand": [
        1,
        3,
        2
      ]
    },
    {
      "id": "C18",
      "x": 41.6,
      "y": 62.5,
      "time_window": [
        450.0,
        1117.49
      ],
      "demand": [
        2,
        4,
        1
      ]
    },
    {
      "id": "C19",
      "x": 99.46,
      "y": 83.65,
      "time_window": [
        450.0,
        1471.97
      ],
      "demand": [
        4,
        1,
        3
      ]
    },
    {
      "id": "C20",
      "x": 91.08,
      "y": 3.45,
      "time_window": [
        450.0,
        2546.11
      ],
      "demand": [
        2,
        3,
        3
      ]
    },
    {
      "id": "C21",
      "x": 70.05,
      "y": 52.78,
      "time_window": [
        450.0,
        2008.85
      ],
      "demand": [
        1,
        1,
        1
      ]
    },
    {
      "id": "C22",
      "x": 85.59,
      "y": 87.16,
      "time_window": [
        450.0,
        1458.35
      ],
      "demand": [
        2,
        1,
        4
      ]
    },
    {
      "id": "C23",
      "x": 11.48,
      "y": 83.71,
      "time_window": [
        450.0,
        2441.04
      ],
      "demand": [
        3,
        2,
        2
      ]
    },
    {
      "id": "C24",
      "x": 42.84,
      "y": 73.57,
      "time_window": [
        450.0,
        1811.27
      ],
      "demand": [
        1,
        1,
        4
      ]
    },
    {
      "id": "C25",
      "x": 20.75,
      "y": 1.39,
      "time_window": [
        450.0,
        1876.62
      ],
      "demand": [
        1,
        3,
        3
      ]
    },
    {
      "id": "C26",
      "x": 69.09,
      "y": 71.79,
      "time_window": [
        450.0,
        2297.57
      ],
      "demand": [
        3,
        3,
        4
      ]
    },
    {
      "id": "C27",
      "x": 48.51,
      "y": 50.44,
      "time_window": [
        450.0,
        1569.82
      ],
      "demand": [
        1,
        4,
        4
      ]
    },
    {
      "id": "C28",
      "x": 26.09,
      "y": 74.87,
      "time_window": [
        450.0,
        1549.05
      ],
      "demand": [
        4,
        2,
        3
      ]
    },
    {
      "id": "C29",
      "x": 30.58,
      "y": 28.0,
      "time_window": [
        450.0,
        2444.29
      ],
      "demand": [
        3,
        1,
        3
      ]
    },
    {
      "id": "C30",
      "x": 34.65,
      "y": 46.74,
      "time_window": [
        450.0,
        1067.55
      ],
      "demand": [
        1,
        1,
        2
      ]
    },
    {
      "id": "C31",
      "x": 10.57,
      "y": 78.79,
      "time_window": [
        450.0,
        1820.88
      ],
      "demand": [
        2,
        2,
        1
      ]
    },
    {
      "id": "C32",
      "x": 7.62,
      "y": 94.04,
      "time_window": [
        450.0,
        1591.31
      ],
      "demand": [
        3,
        2,
        2
      ]
    },
    {
      "id": "C33",
      "x": 99.25,
      "y": 7.0,
      "time_window": [
        450.0,
        2077.14
      ],
      "demand": [
        2,
        2,
        1
      ]
    },
    {
      "id": "C34",
      "x": 17.29,
      "y": 98.12,
      "time_window": [
        450.0,
        2550
      ],
      "demand": [
        3,
        4,
        3
      ]
    },
    {
      "id": "C35",
      "x": 1.14,
      "y": 2.09,
      "time_window": [
        450.0,
        1193.09
      ],
      "demand": [
        4,
        4,
        3
      ]
    },
    {
      "id": "C36",
      "x": 32.48,
      "y": 61.88,
      "time_window": [
        450.0,
        2190.22
      ],
      "demand": [
        2,
        2,
        3
      ]
    },
    {
      "id": "C37",
      "x": 58.01,
      "y": 37.65,
      "time_window": [
        450.0,
        1660.62
      ],
      "demand": [
        4,
        1,
        4
      ]
    },
    {
      "id": "C38",
      "x": 52.06,
      "y": 54.82,
      "time_window": [
        450.0,
        2550
      ],
      "demand": [
        2,
        3,
        1
      ]
    },
    {
      "id": "C39",
      "x": 53.32,
      "y": 55.39,
      "time_window": [
        450.0,
        1072.9
      ],
      "demand": [
        3,
        1,
        3
      ]
    },
    {
      "id": "C40",
      "x": 82.7,
      "y": 8.81,
      "time_window": [
        450.0,
        1375.51
      ],
      "demand": [
        2,
        4,
        3
      ]
    },
    {
      "id": "C41",
      "x": 4.55,
      "y": 2.15,
      "time_window": [
        450.0,
        1748.53
      ],
      "demand": [
        2,
        2,
        1
      ]
    },
    {
      "id": "C42",
      "x": 26.79,
      "y": 41.13,
      "time_window": [
        450.0,
        1573.14
      ],
      "demand": [
        2,
        3,
        3
      ]
    },
    {
      "id": "C43",
      "x": 12.22,
      "y": 76.56,
      "time_window": [
        450.0,
        1086.68
      ],
      "demand": [
        3,
        4,
        1
      ]
    },
    {
      "id": "C44",
      "x": 0.81,
      "y": 86.24,
      "time_window": [
        450.0,
        2184.26
      ],
      "demand": [
        4,
        3,
        3
      ]
    },
    {
      "id": "C45",
      "x": 59.39,
      "y": 43.44,
      "time_window": [
        450.0,
        1850.16
      ],
      "demand": [
        4,
        1,
        3
      ]
    },
    {
      "id": "C46",
      "x": 0.76,
      "y": 86.79,
      "time_window": [
        450.0,
        1712.46
      ],
      "demand": [
        1,
        4,
        3
      ]
    },
    {
      "id": "C47",
      "x": 74.1,
      "y": 51.28,
      "time_window": [
        450.0,
        1078.19
      ],
      "demand": [
        3,
        3,
        4
      ]
    },
    {
      "id": "C48",
      "x": 42.41,
      "y": 28.27,
      "time_window": [
        450.0,
        1699.09
      ],
      "demand": [
        4,
        4,
        4
      ]
    },
    {
      "id": "C49",
      "x": 73.16,
      "y": 37.7,
      "time_window": [
        450.0,
        1732.19
      ],
      "demand": [
        4,
        3,
        4
      ]
    },
    {
      "id": "C50",
      "x": 36.3,
      "y": 55.68,
      "time_window": [
        450.0,
        1873.66
      ],
      "demand": [
        1,
        4,
        2
      ]
    }
  ]
}