{
  "set_id": 5,
  "inst_id": 7,
  "vehicles": {
    "CT": {
      "count": 10,
      "capacity": 1500,
      "fixed_cost": 1500,
      "unit_cost_factor": 1.2
    },
    "UV": {
      "count": 20,
      "capacity": 500,
      "fixed_cost": 500,
      "unit_cost_factor": 1.1
    }
  },
  "P": 3,
  "item_weights": [
    10,
    5,
    15
  ],
  "inventory_ratio": 1.3,
  "FCs": [
    {
      "id": "FC1",
      "x": 25,
      "y": 25,
      "time_window": [
        0.0,
        3000.0
      ],
      "inventory": [
        80,
        90,
        97
      ]
    },
    {
      "id": "FC2",
      "x": 75,
      "y": 75,
      "time_window": [
        0.0,
        3000.0
      ],
      "inventory": [
        84,
        91,
        69
      ]
    }
  ],
  "DCs": [
    {
      "id": "DC1",
      "x": 24.13,
      "y": 88.25,
      "time_window": [
        300.0,
        2700.0
      ]
    },
    {
      "id": "DC2",
      "x": 63.34,
      "y": 41.29,
      "time_window": [
        300.0,
        2700.0
      ]
    },
    {
      "id": "DC3",
      "x": 4.23,
      "y": 52.04,
      "time_window": [
        300.0,
        2700.0
      ]
    },
    {
      "id": "DC4",
      "x": 67.55,
      "y": 68.09,
      "time_window": [
        300.0,
        2700.0
      ]
    }
  ],
  "CDPs": [
    {
      "id": "CDP1",
      "x": 41.01,
      "y": 70.21,
      "time_window": [
        0.0,
        3000.0
      ],
      "capacity": 181
    },
    {
      "id": "CDP2",
      "x": 12.75,
      "y": 42.06,
      "time_window": [
        0.0,
        3000.0
      ],
      "capacity": 270
    },
    {
      "id": "CDP3",
      "x": 44.17,
      "y": 60.37,
      "time_window": [
        0.0,
        3000.0
      ],
      "capacity": 249
    },
    {
      "id": "CDP4",
      "x": 55.83,
      "y": 14.48,
      "time_window": [
        0.0,
        3000.0
      ],
      "capacity": 259
    },
    {
      "id": "CDP5",
      "x": 72.05,
      "y": 99.62,
      "time_window": [
        0.0,
        3000.0
      ],
      "capacity": 100
    },
    {
      "id": "CDP6",
      "x": 51.32,
      "y": 29.69,
      "time_window": [
        0.0,
        3000.0
      ],
      "capacity": 221
    },
    {
      "id": "CDP7",
      "x": 54.75,
      "y": 32.47,
      "time_window": [
        0.0,
        3000.0
      ],
      "capacity": 139
    },
    {
      "id": "CDP8",
      "x": 59.43,
      "y": 52.1,
      "time_window": [
        0.0,
        3000.0
      ],
      "capacity": 275
    },
    {
      "id": "CDP9",
      "x": 75.88,
      "y": 19.8,
      "time_window": [
        0.0,
        3000.0
      ],
      "capacity": 143
    },
    {
      "id": "CDP10",
      "x": 53.7,
      "y": 66.8,
      "time_window": [
        0.0,
        3000.0
      ],
      "capacity": 105
    },
    {
      "id": "CDP11",
      "x": 63.76,
      "y": 20.66,
      "time_window": [
        0.0,
        3000.0
      ],
      "capacity": 188
    },
    {
      "id": "CDP12",
      "x": 56.06,
      "y": 71.65,
      "time_window": [
        0.0,
        3000.0
      ],
      "capacity": 287
    },
    {
      "id": "CDP13",
      "x": 90.56,
      "y": 36.35,
      "time_window": [
        0.0,
        3000.0
      ],
      "capacity": 279
    },
    {
      "id": "CDP14",
      "x": 86.56,
      "y": 46.55,
      "time_window": [
        0.0,
        3000.0
      ],
      "capacity": 114
    },
    {
      "id": "CDP15",
      "x": 30.32,
      "y": 89.99,
      "time_window": [
        0.0,
        3000.0
      ],
      "capacity": 262
    },
    {
      "id": "CDP16",
      "x": 97.04,
      "y": 47.04,
      "time_window": [
        0.0,
        3000.0
      ],
      "capacity": 218
    },
    {
      "id": "CDP17",
      "x": 14.65,
      "y": 71.24,
      "time_window": [
        0.0,
        3000.0
      ],
      "capacity": 170
    },
    {
      "id": "CDP18",
      "x": 92.17,
      "y": 66.28,
      "time_window": [
        0.0,
        3000.0
      ],
      "capacity": 168
    },
    {
      "id": "CDP19",
      "x": 25.66,
      "y": 36.61,
      "time_window": [
        0.0,
        3000.0
      ],
      "capacity": 293
    },
    {
      "id": "CDP20",
      "x": 87.73,
      "y": 64.48,
      "time_window": [
        0.0,
        3000.0
      ],
      "capacity": 252
    }
  ],
  "Customers": [
    {
      "id": "C1",
      "x": 23.01,
      "y": 18.93,
      "time_window": [
        450.0,
        1433.03
      ],
      "demand": [
        3,
        4,
        3
      ]
    },
    {
      "id": "C2",
      "x": 9.29,
      "y": 91.54,
      "time_window": [
        450.0,
        982.69
      ],
      "demand": [
        4,
        3,
        4
      ]
    },
    {
      "id": "C3",
      "x": 60.29,
      "y": 64.33,
      "time_window": [
        450.0,
        1730.35
      ],
      "demand": [
        1,
        3,
        4
      ]
    },
    {
      "id": "C4",
      "x": 59.7,
      "y": 30.34,
      "time_window": [
        450.0,
        2550
      ],
      "demand": [
        3,
        2,
        1
      ]
    },
    {
      "id": "C5",
      "x": 6.59,
      "y": 13.25,
      "time_window": [
        450.0,
        2550
      ],
      "demand": [
        1,
        1,
        3
      ]
    },
    {
      "id": "C6",
      "x": 59.75,
      "y": 32.9,
      "time_window": [
        450.0,
        2524.39
      ],
      "demand": [
        4,
        3,
        1
      ]
    },
    {
      "id": "C7",
      "x": 68.08,
      "y": 29.51,
      "time_window": [
        450.0,
        2550
      ],
      "demand": [
        2,
        4,
        3
      ]
    },
    {
      "id": "C8",
      "x": 4.24,
      "y": 6.35,
      "time_window": [
        450.0,
        1570.87
      ],
      "demand": [
        3,
        2,
        2
      ]
    },
    {
      "id": "C9",
      "x": 8.62,
      "y": 99.59,
      "time_window": [
        450.0,
        1972.62
      ],
      "demand": [
        1,
        4,
        3
      ]
    },
    {
      "id": "C10",
      "x": 32.31,
      "y": 42.51,
      "time_window": [
        450.0,
        1757.05
      ],
      "demand": [
        3,
        3,
        4
      ]
    },
    {
      "id": "C11",
      "x": 62.03,
      "y": 39.93,
      "time_window": [
        450.0,
        2373.76
      ],
      "demand": [
        2,
        1,
        1
      ]
    },
    {
      "id": "C12",
      "x": 63.39,
      "y": 60.62,
      "time_window": [
        450.0,
        1914.46
      ],
      "demand": [
        3,
        1,
        1
      ]
    },
    {
      "id": "C13",
      "x": 7.03,
      "y": 82.62,
      "time_window": [
        450.0,
        1285.72
      ],
      "demand": [
        3,
        4,
        2
      ]
    },
    {
      "id": "C14",
      "x": 27.18,
      "y": 54.3,
      "time_window": [
        450.0,
        1077.65
      ],
      "demand": [
        1,
        3,
        2
      ]
    },
    {
      "id": "C15",
      "x": 62.62,
      "y": 71.7,
      "time_window": [
        450.0,
        1458.39
      ],
      "demand": [
        1,
        3,
        1
      ]
    },
    {
      "id": "C16",
      "x": 24.19,
      "y": 85.66,
      "time_window": [
        450.0,
        1769.56
      ],
      "demand": [
        1,
        1,
        3
      ]
    },
    {
      "id": "C17",
      "x": 34.26,
      "y": 71.34,
      "time_window": [
        450.0,
        2504.78
      ],
      "demand": [
        2,
        2,
        2
      ]
    },
    {
      "id": "C18",
      "x": 94.92,
      "y": 15.47,
      "time_window": [
        450.0,
        2173.31
      ],
      "demand": [
        4,
        4,
        4
      ]
    },
    {
      "id": "C19",
      "x": 55.83,
      "y": 73.1,
      "time_window": [
        450.0,
        1397.65
      ],
      "demand": [
        2,
        4,
        1
      ]
    },
    {
      "id": "C20",
      "x": 74.76,
      "y": 74.26,
      "time_window": [
        450.0,
        1255.73
      ],
      "demand": [
        1,
        4,
        1
      ]
    },
    {
      "id": "C21",
      "x": 50.75,
      "y": 47.86,
      "time_window": [
        450.0,
        1277.77
      ],
      "demand": [
        3,
        4,
        2
      ]
    },
    {
      "id": "C22",
      "x": 47.42,
      "y": 59.8,
      "time_window": [
        450.0,
        1387.47
      ],
      "demand": [
        3,
        1,
        4
      ]
    },
    {
      "id": "C23",
      "x": 9.07,
      "y": 75.24,
      "time_window": [
        450.0,
        2373.21
      ],
      "demand": [
        4,
        2,
        3
      ]
    },
    {
      "id": "C24",
      "x": 32.95,
      "y": 53.26,
      "time_window": [
        450.0,
        1146.88
      ],
      "demand": [
        1,
        3,
        4
      ]
    },
    {
      "id": "C25",
      "x": 36.48,
      "y": 42.03,
      "time_window": [
        450.0,
        1141.47
      ],
      "demand": [
        3,
        2,
        3
      ]
    },
    {
      "id": "C26",
      "x": 44.96,
      "y": 25.82,
      "time_window": [
        450.0,
        1901.38
      ],
      "demand": [
        3,
        1,
        3
      ]
    },
    {
      "id": "C27",
      "x": 47.72,
      "y": 28.51,
      "time_window": [
        450.0,
        1562.45
      ],
      "demand": [
        3,
        2,
        4
      ]
    },
    {
      "id": "C28",
      "x": 50.73,
      "y": 70.05,
      "time_window": [
        450.0,
        2514.99
      ],
      "demand": [
        1,
        2,
        1
      ]
    },
    {
      "id": "C29",
      "x": 8.57,
      "y": 83.93,
      "time_window": [
        450.0,
        1139.35
      ],
      "demand": [
        4,
        4,
        1
      ]
    },
    {
      "id": "C30",
      "x": 2.72,
      "y": 14.47,
      "time_window": [
        450.0,
        1784.39
      ],
      "demand": [
        1,
        4,
        4
      ]
    },
    {
      "id": "C31",
      "x": 0.52,
      "y": 19.44,
      "time_window": [
        450.0,
        1197.19
      ],
      "demand": [
        3,
        2,
        2
      ]
    },
    {
      "id": "C32",
      "x": 4.49,
      "y": 79.38,
      "time_window": [
        450.0,
        2046.66
      ],
      "demand": [
        4,
        3,
        1
      ]
    },
    {
      "id": "C33",
      "x": 20.0,
      "y": 90.99,
      "time_window": [
        450.0,
        1424.71
      ],
      "demand": [
        1,
        3,
        1
      ]
    },
    {
      "id": "C34",
      "x": 67.75,
      "y": 30.54,
      "time_window": [
        450.0,
        2550
      ],
      "demand": [
        3,
        4,
        1
      ]
    },
    {
      "id": "C35",
      "x": 34.73,
      "y": 49.02,
      "time_window": [
        450.0,
        977.94
      ],
      "demand": [
        2,
        4,
        3
      ]
    },
    {
      "id": "C36",
      "x": 63.75,
      "y": 58.57,
      "time_window": [
        450.0,
        1289.17
      ],
      "demand": [
        2,
        2,
        2
      ]
    },
    {
      "id": "C37",
      "x": 68.19,
      "y": 64.41,
      "time_window": [
        450.0,
        2246.34
      ],
      "demand": [
        4,
        4,
        4
      ]
    },
    {
      "id": "C38",
      "x": 33.89,
      "y": 27.68,
      "time_window": [
        450.0,
        2319.24
      ],
      "demand": [
        2,
        2,
        4
      ]
    },
    {
      "id": "C39",
      "x": 27.5,
      "y": 45.32,
      "time_window": [
        450.0,
        1553.08
      ],
      "demand": [
        4,
        3,
        1
      ]
    },
    {
      "id": "C40",
      "x": 7.25,
      "y": 89.47,
      "time_window": [
        450.0,
        951.98
      ],
      "demand": [
        3,
        2,
        2
      ]
    },
    {
      "id": "C41",
      "x": 88.16,
      "y": 5.81,
      "time_window": [
        450.0,
        1187.98
      ],
      "demand": [
        3,
        4,
        3
      ]
    },
    {
      "id": "C42",
      "x": 94.58,
      "y": 0.77,
      "time_window": [
        450.0,
        1116.18
      ],
      "demand": [
        3,
        3,
        3
      ]
    },
    {
      "id": "C43",
      "x": 35.24,
      "y": 55.01,
      "time_window": [
        450.0,
        2367.16
      ],
      "demand": [
        3,
        3,
        4
      ]
    },
    {
      "id": "C44",
      "x": 84.62,
      "y": 87.88,
      "time_window": [
        450.0,
        1389.51
      ],
      "demand": [
        2,
        1,
        4
      ]
    },
    {
      "id": "C45",
      "x": 26.76,
      "y": 52.95,
      "time_window": [
        450.0,
        1664.08
      ],
      "demand": [
        2,
        2,
        3
      ]
    },
    {
      "id": "C46",
      "x": 73.16,
      "y": 34.25,
      "time_window": [
        450.0,
        1758.33
      ],
      "demand": [
        3,
        4,
        2
      ]
    },
    {
      "id": "C47",
      "x": 23.35,
      "y": 99.98,
      "time_window": [
        450.0,
        2008.05
      ],
      "demand": [
        1,
        2,
        3
      ]
    },
    {
      "id": "C48",
      "x": 27.6,
      "y": 53.91,
      "time_window": [
        450.0,
        1824.96
      ],
      "demand": [
        4,
        4,
        4
      ]
    },
    {
      "id": "C49",
      "x": 94.81,
      "y": 21.65,
      "time_window": [
        450.0,
        2041.41
      ],
      "demand": [
        3,
        4,
        1
      ]
    },
    {
      "id": "C50",
      "x": 68.75,
      "y": 70.05,
      "time_window": [
        450.0,
        1798.47
      ],
      "demand": [
        3,
        2,
        4
      ]
    }
  ]
}