{
  "set_id": 3,
  "inst_id": 8,
  "vehicles": {
    "CT": {
      "count": 8,
      "capacity": 1500,
      "fixed_cost": 1500,
      "unit_cost_factor": 1.2
    },
    "UV": {
      "count": 12,
      "capacity": 500,
      "fixed_cost": 500,
      "unit_cost_factor": 1.1
    }
  },
  "P": 4,
  "item_weights": [
    10,
    5,
    10,
    5
  ],
  "inventory_ratio": 1.2,
  "FCs": [
    {
      "id": "FC1",
      "x": 25,
      "y": 25,
      "time_window": [
        0.0,
        3000.0
      ],
      "inventory": [
        32,
        34,
        31,
        34
      ]
    },
    {
      "id": "FC2",
      "x": 75,
      "y": 75,
      "time_window": [
        0.0,
        3000.0
      ],
      "inventory": [
        33,
        20,
        40,
        26
      ]
    }
  ],
  "DCs": [
    {
      "id": "DC1",
      "x": 91.22,
      "y": 14.68,
      "time_window": [
        300.0,
        2700.0
      ]
    },
    {
      "id": "DC2",
      "x": 46.58,
      "y": 3.93,
      "time_window": [
        300.0,
        2700.0
      ]
    },
    {
      "id": "DC3",
      "x": 50.93,
      "y": 42.74,
      "time_window": [
        300.0,
        2700.0
      ]
    },
    {
      "id": "DC4",
      "x": 20.25,
      "y": 85.14,
      "time_window": [
        300.0,
        2700.0
      ]
    }
  ],
  "CDPs": [
    {
      "id": "CDP1",
      "x": 87.5,
      "y": 98.13,
      "time_window": [
        0.0,
        3000.0
      ],
      "capacity": 100
    },
    {
      "id": "CDP2",
      "x": 97.44,
      "y": 92.47,
      "time_window": [
        0.0,
        3000.0
      ],
      "capacity": 130
    },
    {
      "id": "CDP3",
      "x": 87.68,
      "y": 66.6,
      "time_window": [
        0.0,
        3000.0
      ],
      "capacity": 169
    },
    {
      "id": "CDP4",
      "x": 67.25,
      "y": 46.31,
      "time_window": [
        0.0,
        3000.0
      ],
      "capacity": 117
    },
    {
      "id": "CDP5",
      "x": 74.89,
      "y": 6.16,
      "time_window": [
        0.0,
        3000.0
      ],
      "capacity": 114
    },
    {
      "id": "CDP6",
      "x": 78.22,
      "y": 90.39,
      "time_window": [
        0.0,
        3000.0
      ],
      "capacity": 116
    },
    {
      "id": "CDP7",
      "x": 35.57,
      "y": 56.21,
      "time_window": [
        0.0,
        3000.0
      ],
      "capacity": 294
    },
    {
      "id": "CDP8",
      "x": 96.11,
      "y": 11.02,
      "time_window": [
        0.0,
        3000.0
      ],
      "capacity": 286
    },
    {
      "id": "CDP9",
      "x": 58.28,
      "y": 86.97,
      "time_window": [
        0.0,
        3000.0
      ],
      "capacity": 169
    },
    {
      "id": "CDP10",
      "x": 66.17,
      "y": 17.58,
      "time_window": [
        0.0,
        3000.0
      ],
      "capacity": 115
    },
    {
      "id": "CDP11",
      "x": 36.84,
      "y": 19.84,
      "time_window": [
        0.0,
        3000.0
      ],
      "capacity": 280
    },
    {
      "id": "CDP12",
      "x": 61.89,
      "y": 55.91,
      "time_window": [
        0.0,
        3000.0
      ],
      "capacity": 120
    },
    {
      "id": "CDP13",
      "x": 99.74,
      "y": 71.29,
      "time_window": [
        0.0,
        3000.0
      ],
      "capacity": 278
    },
    {
      "id": "CDP14",
      "x": 47.84,
      "y": 23.47,
      "time_window": [
        0.0,
        3000.0
      ],
      "capacity": 209
    },
    {
      "id": "CDP15",
      "x": 24.83,
      "y": 99.14,
      "time_window": [
        0.0,
        3000.0
      ],
      "capacity": 243
    },
    {
      "id": "CDP16",
      "x": 62.5,
      "y": 67.94,
      "time_window": [
        0.0,
        3000.0
      ],
      "capacity": 197
    }
  ],
  "Customers": [
    {
      "id": "C1",
      "x": 1.9,
      "y": 22.65,
      "time_window": [
        450.0,
        1482.17
      ],
      "demand": [
        3,
        1,
        2,
        3
      ]
    },
    {
      "id": "C2",
      "x": 54.13,
      "y": 35.33,
      "time_window": [
        450.0,
        2359.94
      ],
      "demand": [
        2,
        4,
        4,
        3
      ]
    },
    {
      "id": "C3",
      "x": 46.34,
      "y": 59.49,
      "time_window": [
        450.0,
        1993.71
      ],
      "demand": [
        2,
        1,
        3,
        3
      ]
    },
    {
      "id": "C4",
      "x": 60.23,
      "y": 65.5,
      "time_window": [
        450.0,
        2167.37
      ],
      "demand": [
        3,
        1,
        1,
        3
      ]
    },
    {
      "id": "C5",
      "x": 64.16,
      "y": 63.76,
      "time_window": [
        450.0,
        1311.68
      ],
      "demand": [
        3,
        3,
        2,
        2
      ]
    },
    {
      "id": "C6",
      "x": 51.71,
      "y": 37.71,
      "time_window": [
        450.0,
        1408.98
      ],
      "demand": [
        2,
        1,
        3,
        3
      ]
    },
    {
      "id": "C7",
      "x": 95.43,
      "y": 90.15,
      "time_window": [
        450.0,
        1807.37
      ],
      "demand": [
        2,
        1,
        3,
        2
      ]
    },
    {
      "id": "C8",
      "x": 31.23,
      "y": 56.75,
      "time_window": [
        450.0,
        1170.49
      ],
      "demand": [
        2,
        2,
        4,
        4
      ]
    },
    {
      "id": "C9",
      "x": 87.19,
      "y": 78.98,
      "time_window": [
        450.0,
        1473.28
      ],
      "demand": [
        4,
        3,
        2,
        4
      ]
    },
    {
      "id": "C10",
      "x": 59.9,
      "y": 30.13,
      "time_window": [
        450.0,
        2107.61
      ],
      "demand": [
        3,
        4,
        4,
        2
      ]
    },
    {
      "id": "C11",
      "x": 16.73,
      "y": 18.98,
      "time_window": [
        450.0,
        2245.32
      ],
      "demand": [
        4,
        3,
        4,
        1
      ]
    },
    {
      "id": "C12",
      "x": 1.75,
      "y": 18.45,
      "time_window": [
        450.0,
        1655.46
      ],
      "demand": [
        1,
        3,
        2,
        3
      ]
    },
    {
      "id": "C13",
      "x": 92.07,
      "y": 12.06,
      "time_window": [
        450.0,
        1146.49
      ],
      "demand": [
        3,
        1,
        2,
        3
      ]
    },
    {
      "id": "C14",
      "x": 24.65,
      "y": 17.84,
      "time_window": [
        450.0,
        1311.99
      ],
      "demand": [
        4,
        4,
        3,
        3
      ]
    },
    {
      "id": "C15",
      "x": 66.43,
      "y": 55.72,
      "time_window": [
        450.0,
        1829.51
      ],
      "demand": [
        3,
        2,
        1,
        3
      ]
    },
    {
      "id": "C16",
      "x": 59.23,
      "y": 28.7,
      "time_window": [
        450.0,
        1579.22
      ],
      "demand": [
        3,
        4,
        4,
        1
      ]
    },
    {
      "id": "C17",
      "x": 35.04,
      "y": 54.96,
      "time_window": [
        450.0,
        1263.17
      ],
      "demand": [
        1,
        2,
        4,
        1
      ]
    },
    {
      "id": "C18",
      "x": 38.42,
      "y": 66.77,
      "time_window": [
        450.0,
        1715.04
      ],
      "demand": [
        3,
        1,
        4,
        2
      ]
    },
    {
      "id": "C19",
      "x": 63.99,
      "y": 32.52,
      "time_window": [
        450.0,
        1076.35
      ],
      "demand": [
        4,
        2,
        3,
        1
      ]
    },
    {
      "id": "C20",
      "x": 85.55,
      "y": 22.06,
      "time_window": [
        450.0,
        2006.1
      ],
      "demand": [
        2,
        2,
        4,
        3
      ]
    }
  ]
}