{
  "set_id": 1,
  "inst_id": 9,
  "vehicles": {
    "CT": {
      "count": 4,
      "capacity": 1500,
      "fixed_cost": 1500,
      "unit_cost_factor": 1.2
    },
    "UV": {
      "count": 8,
      "capacity": 500,
      "fixed_cost": 500,
      "unit_cost_factor": 1.1
    }
  },
  "P": 2,
  "item_weights": [
    15,
    5
  ],
  "inventory_ratio": 1.3,
  "FCs": [
    {
      "id": "FC1",
      "x": 25,
      "y": 25,
      "time_window": [
        0.0,
        3000.0
      ],
      "inventory": [
        36,
        20
      ]
    },
    {
      "id": "FC2",
      "x": 75,
      "y": 75,
      "time_window": [
        0.0,
        3000.0
      ],
      "inventory": [
        40,
        29
      ]
    }
  ],
  "DCs": [
    {
      "id": "DC1",
      "x": 61.49,
      "y": 79.51,
      "time_window": [
        300.0,
        2700.0
      ]
    },
    {
      "id": "DC2",
      "x": 16.46,
      "y": 54.82,
      "time_window": [
        300.0,
        2700.0
      ]
    },
    {
      "id": "DC3",
      "x": 30.1,
      "y": 48.2,
      "time_window": [
        300.0,
        2700.0
      ]
    },
    {
      "id": "DC4",
      "x": 27.34,
      "y": 84.69,
      "time_window": [
        300.0,
        2700.0
      ]
    }
  ],
  "CDPs": [
    {
      "id": "CDP1",
      "x": 36.98,
      "y": 4.48,
      "time_window": [
        0.0,
        3000.0
      ],
      "capacity": 136
    },
    {
      "id": "CDP2",
      "x": 62.53,
      "y": 98.8,
      "time_window": [
        0.0,
        3000.0
      ],
      "capacity": 201
    },
    {
      "id": "CDP3",
      "x": 40.32,
      "y": 64.42,
      "time_window": [
        0.0,
        3000.0
      ],
      "capacity": 239
    },
    {
      "id": "CDP4",
      "x": 69.29,
      "y": 31.78,
      "time_window": [
        0.0,
        3000.0
      ],
      "capacity": 106
    },
    {
      "id": "CDP5",
      "x": 0.41,
      "y": 43.68,
      "time_window": [
        0.0,
        3000.0
      ],
      "capacity": 207
    },
    {
      "id": "CDP6",
      "x": 22.1,
      "y": 80.85,
      "time_window": [
        0.0,
        3000.0
      ],
      "capacity": 175
    },
    {
      "id": "CDP7",
      "x": 12.46,
      "y": 65.16,
      "time_window": [
        0.0,
        3000.0
      ],
      "capacity": 182
    },
    {
      "id": "CDP8",
      "x": 63.28,
      "y": 9.0,
      "time_window": [
        0.0,
        3000.0
      ],
      "capacity": 294
    },
    {
      "id": "CDP9",
      "x": 82.88,
      "y": 71.48,
      "time_window": [
        0.0,
        3000.0
      ],
      "capacity": 218
    },
    {
      "id": "CDP10",
      "x": 9.91,
      "y": 53.51,
      "time_window": [
        0.0,
        3000.0
      ],
      "capacity": 135
    }
  ],
  "Customers": [
    {
      "id": "C1",
      "x": 39.41,
      "y": 66.39,
      "time_window": [
        450.0,
        2072.11
      ],
      "demand": [
        2,
        1
      ]
    },
    {
      "id": "C2",
      "x": 4.91,
      "y": 76.95,
      "time_window": [
        450.0,
        1179.42
      ],
      "demand": [
        4,
        3
      ]
    },
    {
      "id": "C3",
      "x": 38.52,
      "y": 35.98,
      "time_window": [
        450.0,
        2231.74
      ],
      "demand": [
        2,
        1
      ]
    },
    {
      "id": "C4",
      "x": 71.99,
      "y": 71.82,
      "time_window": [
        450.0,
        1513.25
      ],
      "demand": [
        2,
        1
      ]
    },
    {
      "id": "C5",
      "x": 54.49,
      "y": 35.11,
      "time_window": [
        450.0,
        2424.52
      ],
      "demand": [
        2,
        1
      ]
    },
    {
      "id": "C6",
      "x": 86.59,
      "y": 87.77,
      "time_window": [
        450.0,
        2308.9
      ],
      "demand": [
        3,
        3
      ]
    },
    {
      "id": "C7",
      "x": 30.04,
      "y": 40.44,
      "time_window": [
        450.0,
        2364.04
      ],
      "demand": [
        3,
        3
      ]
    },
    {
      "id": "C8",
      "x": 56.5,
      "y": 70.7,
      "time_window": [
        450.0,
        2530.42
      ],
      "demand": [
        2,
        1
      ]
    },
    {
      "id": "C9",
      "x": 79.02,
      "y": 18.66,
      "time_window": [
        450.0,
        1059.12
      ],
      "demand": [
        4,
        1
      ]
    },
    {
      "id": "C10",
      "x": 3.51,
      "y": 91.01,
      "time_window": [
        450.0,
        2550
      ],
      "demand": [
        4,
        1
      ]
    },
    {
      "id": "C11",
      "x": 74.97,
      "y": 40.87,
      "time_window": [
        450.0,
        2388.27
      ],
      "demand": [
        3,
        2
      ]
    },
    {
      "id": "C12",
      "x": 0.3,
      "y": 99.88,
      "time_window": [
        450.0,
        1354.5
      ],
      "demand": [
        2,
        1
      ]
    },
    {
      "id": "C13",
      "x": 21.62,
      "y": 83.84,
      "time_window": [
        450.0,
        1691.33
      ],
      "demand": [
        4,
        2
      ]
    },
    {
      "id": "C14",
      "x": 58.98,
      "y": 31.91,
      "time_window": [
        450.0,
        2271.92
      ],
      "demand": [
        2,
        1
      ]
    },
    {
      "id": "C15",
      "x": 67.29,
      "y": 61.39,
      "time_window": [
        450.0,
        1274.7
      ],
      "demand": [
        2,
        3
      ]
    },
    {
      "id": "C16",
      "x": 5.35,
      "y": 77.2,
      "time_window": [
        450.0,
        1845.0
      ],
      "demand": [
        4,
        2
      ]
    },
    {
      "id": "C17",
      "x": 26.06,
      "y": 49.16,
      "time_window": [
        450.0,
        2550
      ],
      "demand": [
        4,
        1
      ]
    },
    {
      "id": "C18",
      "x": 41.36,
      "y": 28.31,
      "time_window": [
        450.0,
        1401.37
      ],
      "demand": [
        3,
        2
      ]
    },
    {
      "id": "C19",
      "x": 97.99,
      "y": 21.91,
      "time_window": [
        450.0,
        1825.45
      ],
      "demand": [
        3,
        3
      ]
    },
    {
      "id": "C20",
      "x": 27.11,
      "y": 69.74,
      "time_window": [
        450.0,
        2379.8
      ],
      "demand": [
        3,
        4
      ]
    }
  ]
}