{
  "set_id": 1,
  "inst_id": 10,
  "vehicles": {
    "CT": {
      "count": 4,
      "capacity": 1500,
      "fixed_cost": 1500,
      "unit_cost_factor": 1.2
    },
    "UV": {
      "count": 8,
      "capacity": 500,
      "fixed_cost": 500,
      "unit_cost_factor": 1.1
    }
  },
  "P": 2,
  "item_weights": [
    5,
    10
  ],
  "inventory_ratio": 1.2,
  "FCs": [
    {
      "id": "FC1",
      "x": 25,
      "y": 25,
      "time_window": [
        0.0,
        3000.0
      ],
      "inventory": [
        23,
        31
      ]
    },
    {
      "id": "FC2",
      "x": 75,
      "y": 75,
      "time_window": [
        0.0,
        3000.0
      ],
      "inventory": [
        41,
        35
      ]
    }
  ],
  "DCs": [
    {
      "id": "DC1",
      "x": 39.43,
      "y": 39.98,
      "time_window": [
        300.0,
        2700.0
      ]
    },
    {
      "id": "DC2",
      "x": 17.56,
      "y": 41.81,
      "time_window": [
        300.0,
        2700.0
      ]
    },
    {
      "id": "DC3",
      "x": 7.27,
      "y": 76.26,
      "time_window": [
        300.0,
        2700.0
      ]
    },
    {
      "id": "DC4",
      "x": 19.19,
      "y": 52.14,
      "time_window": [
        300.0,
        2700.0
      ]
    }
  ],
  "CDPs": [
    {
      "id": "CDP1",
      "x": 41.09,
      "y": 57.67,
      "time_window": [
        0.0,
        3000.0
      ],
      "capacity": 163
    },
    {
      "id": "CDP2",
      "x": 53.74,
      "y": 20.7,
      "time_window": [
        0.0,
        3000.0
      ],
      "capacity": 112
    },
    {
      "id": "CDP3",
      "x": 27.06,
      "y": 29.62,
      "time_window": [
        0.0,
        3000.0
      ],
      "capacity": 125
    },
    {
      "id": "CDP4",
      "x": 43.33,
      "y": 89.74,
      "time_window": [
        0.0,
        3000.0
      ],
      "capacity": 224
    },
    {
      "id": "CDP5",
      "x": 82.73,
      "y": 23.23,
      "time_window": [
        0.0,
        3000.0
      ],
      "capacity": 213
    },
    {
      "id": "CDP6",
      "x": 27.19,
      "y": 70.45,
      "time_window": [
        0.0,
        3000.0
      ],
      "capacity": 190
    },
    {
      "id": "CDP7",
      "x": 72.74,
      "y": 40.9,
      "time_window": [
        0.0,
        3000.0
      ],
      "capacity": 109
    },
    {
      "id": "CDP8",
      "x": 10.02,
      "y": 87.07,
      "time_window": [
        0.0,
        3000.0
      ],
      "capacity": 177
    },
    {
      "id": "CDP9",
      "x": 49.78,
      "y": 52.3,
      "time_window": [
        0.0,
        3000.0
      ],
      "capacity": 286
    },
    {
      "id": "CDP10",
      "x": 58.03,
      "y": 42.16,
      "time_window": [
        0.0,
        3000.0
      ],
      "capacity": 127
    }
  ],
  "Customers": [
    {
      "id": "C1",
      "x": 93.66,
      "y": 99.83,
      "time_window": [
        450.0,
        1888.77
      ],
      "demand": [
        3,
        2
      ]
    },
    {
      "id": "C2",
      "x": 42.31,
      "y": 46.97,
      "time_window": [
        450.0,
        1342.88
      ],
      "demand": [
        2,
        3
      ]
    },
    {
      "id": "C3",
      "x": 9.8,
      "y": 90.04,
      "time_window": [
        450.0,
        1823.06
      ],
      "demand": [
        1,
        4
      ]
    },
    {
      "id": "C4",
      "x": 65.4,
      "y": 38.42,
      "time_window": [
        450.0,
        1286.72
      ],
      "demand": [
        4,
        4
      ]
    },
    {
      "id": "C5",
      "x": 32.11,
      "y": 35.68,
      "time_window": [
        450.0,
        1181.18
      ],
      "demand": [
        2,
        3
      ]
    },
    {
      "id": "C6",
      "x": 2.67,
      "y": 93.26,
      "time_window": [
        450.0,
        2523.06
      ],
      "demand": [
        4,
        4
      ]
    },
    {
      "id": "C7",
      "x": 63.48,
      "y": 42.36,
      "time_window": [
        450.0,
        1096.88
      ],
      "demand": [
        1,
        2
      ]
    },
    {
      "id": "C8",
      "x": 61.96,
      "y": 43.26,
      "time_window": [
        450.0,
        1742.99
      ],
      "demand": [
        4,
        3
      ]
    },
    {
      "id": "C9",
      "x": 13.36,
      "y": 85.27,
      "time_window": [
        450.0,
        2543.74
      ],
      "demand": [
        4,
        1
      ]
    },
    {
      "id": "C10",
      "x": 30.14,
      "y": 38.33,
      "time_window": [
        450.0,
        1015.74
      ],
      "demand": [
        2,
        3
      ]
    },
    {
      "id": "C11",
      "x": 41.07,
      "y": 35.79,
      "time_window": [
        450.0,
        1246.11
      ],
      "demand": [
        2,
        2
      ]
    },
    {
      "id": "C12",
      "x": 99.92,
      "y": 89.39,
      "time_window": [
        450.0,
        1980.73
      ],
      "demand": [
        3,
        3
      ]
    },
    {
      "id": "C13",
      "x": 64.95,
      "y": 47.8,
      "time_window": [
        450.0,
        2154.9
      ],
      "demand": [
        3,
        1
      ]
    },
    {
      "id": "C14",
      "x": 39.97,
      "y": 73.49,
      "time_window": [
        450.0,
        2353.41
      ],
      "demand": [
        1,
        1
      ]
    },
    {
      "id": "C15",
      "x": 87.97,
      "y": 75.36,
      "time_window": [
        450.0,
        2389.61
      ],
      "demand": [
        3,
        4
      ]
    },
    {
      "id": "C16",
      "x": 12.63,
      "y": 97.74,
      "time_window": [
        450.0,
        991.24
      ],
      "demand": [
        4,
        2
      ]
    },
    {
      "id": "C17",
      "x": 73.7,
      "y": 73.59,
      "time_window": [
        450.0,
        1026.26
      ],
      "demand": [
        4,
        3
      ]
    },
    {
      "id": "C18",
      "x": 79.11,
      "y": 10.92,
      "time_window": [
        450.0,
        1975.71
      ],
      "demand": [
        2,
        3
      ]
    },
    {
      "id": "C19",
      "x": 68.51,
      "y": 65.79,
      "time_window": [
        450.0,
        1137.6
      ],
      "demand": [
        2,
        4
      ]
    },
    {
      "id": "C20",
      "x": 46.08,
      "y": 43.71,
      "time_window": [
        450.0,
        2379.37
      ],
      "demand": [
        2,
        3
      ]
    }
  ]
}