{
  "set_id": 8,
  "inst_id": 5,
  "vehicles": {
    "CT": {
      "count": 20,
      "capacity": 1500,
      "fixed_cost": 1500,
      "unit_cost_factor": 1.2
    },
    "UV": {
      "count": 40,
      "capacity": 500,
      "fixed_cost": 500,
      "unit_cost_factor": 1.1
    }
  },
  "P": 3,
  "item_weights": [
    15,
    10,
    5
  ],
  "inventory_ratio": 1.4,
  "FCs": [
    {
      "id": "FC1",
      "x": 25,
      "y": 25,
      "time_window": [
        0.0,
        3000.0
      ],
      "inventory": [
        76,
        83,
        89
      ]
    },
    {
      "id": "FC2",
      "x": 25,
      "y": 75,
      "time_window": [
        0.0,
        3000.0
      ],
      "inventory": [
        91,
        92,
        89
      ]
    },
    {
      "id": "FC3",
      "x": 75,
      "y": 25,
      "time_window": [
        0.0,
        3000.0
      ],
      "inventory": [
        77,
        89,
        93
      ]
    },
    {
      "id": "FC4",
      "x": 75,
      "y": 75,
      "time_window": [
        0.0,
        3000.0
      ],
      "inventory": [
        76,
        88,
        79
      ]
    }
  ],
  "DCs": [
    {
      "id": "DC1",
      "x": 75.59,
      "y": 22.6,
      "time_window": [
        300.0,
        2700.0
      ]
    },
    {
      "id": "DC2",
      "x": 38.53,
      "y": 40.07,
      "time_window": [
        300.0,
        2700.0
      ]
    },
    {
      "id": "DC3",
      "x": 46.0,
      "y": 70.28,
      "time_window": [
        300.0,
        2700.0
      ]
    },
    {
      "id": "DC4",
      "x": 12.85,
      "y": 74.4,
      "time_window": [
        300.0,
        2700.0
      ]
    },
    {
      "id": "DC5",
      "x": 18.06,
      "y": 72.59,
      "time_window": [
        300.0,
        2700.0
      ]
    },
    {
      "id": "DC6",
      "x": 43.28,
      "y": 83.19,
      "time_window": [
        300.0,
        2700.0
      ]
    },
    {
      "id": "DC7",
      "x": 12.84,
      "y": 76.54,
      "time_window": [
        300.0,
        2700.0
      ]
    },
    {
      "id": "DC8",
      "x": 47.86,
      "y": 8.23,
      "time_window": [
        300.0,
        2700.0
      ]
    }
  ],
  "CDPs": [
    {
      "id": "CDP1",
      "x": 65.08,
      "y": 22.48,
      "time_window": [
        0.0,
        3000.0
      ],
      "capacity": 117
    },
    {
      "id": "CDP2",
      "x": 84.85,
      "y": 12.56,
      "time_window": [
        0.0,
        3000.0
      ],
      "capacity": 147
    },
    {
      "id": "CDP3",
      "x": 52.72,
      "y": 16.29,
      "time_window": [
        0.0,
        3000.0
      ],
      "capacity": 168
    },
    {
      "id": "CDP4",
      "x": 16.43,
      "y": 61.63,
      "time_window": [
        0.0,
        3000.0
      ],
      "capacity": 218
    },
    {
      "id": "CDP5",
      "x": 54.11,
      "y": 66.44,
      "time_window": [
        0.0,
        3000.0
      ],
      "capacity": 153
    },
    {
      "id": "CDP6",
      "x": 38.98,
      "y": 60.3,
      "time_window": [
        0.0,
        3000.0
      ],
      "capacity": 174
    },
    {
      "id": "CDP7",
      "x": 8.98,
      "y": 84.14,
      "time_window": [
        0.0,
        3000.0
      ],
      "capacity": 176
    },
    {
      "id": "CDP8",
      "x": 97.22,
      "y": 66.57,
      "time_window": [
        0.0,
        3000.0
      ],
      "capacity": 213
    },
    {
      "id": "CDP9",
      "x": 23.82,
      "y": 45.34,
      "time_window": [
        0.0,
        3000.0
      ],
      "capacity": 265
    },
    {
      "id": "CDP10",
      "x": 99.74,
      "y": 88.39,
      "time_window": [
        0.0,
        3000.0
      ],
      "capacity": 184
    },
    {
      "id": "CDP11",
      "x": 6.34,
      "y": 55.52,
      "time_window": [
        0.0,
        3000.0
      ],
      "capacity": 265
    },
    {
      "id": "CDP12",
      "x": 1.4,
      "y": 52.36,
      "time_window": [
        0.0,
        3000.0
      ],
      "capacity": 238
    },
    {
      "id": "CDP13",
      "x": 79.12,
      "y": 68.66,
      "time_window": [
        0.0,
        3000.0
      ],
      "capacity": 201
    },
    {
      "id": "CDP14",
      "x": 72.13,
      "y": 26.32,
      "time_window": [
        0.0,
        3000.0
      ],
      "capacity": 240
    },
    {
      "id": "CDP15",
      "x": 55.78,
      "y": 81.29,
      "time_window": [
        0.0,
        3000.0
      ],
      "capacity": 225
    },
    {
      "id": "CDP16",
      "x": 41.07,
      "y": 29.09,
      "time_window": [
        0.0,
        3000.0
      ],
      "capacity": 300
    },
    {
      "id": "CDP17",
      "x": 28.7,
      "y": 92.67,
      "time_window": [
        0.0,
        3000.0
      ],
      "capacity": 223
    },
    {
      "id": "CDP18",
      "x": 3.69,
      "y": 90.51,
      "time_window": [
        0.0,
        3000.0
      ],
      "capacity": 151
    },
    {
      "id": "CDP19",
      "x": 3.87,
      "y": 2.26,
      "time_window": [
        0.0,
        3000.0
      ],
      "capacity": 105
    },
    {
      "id": "CDP20",
      "x": 71.02,
      "y": 24.41,
      "time_window": [
        0.0,
        3000.0
      ],
      "capacity": 233
    },
    {
      "id": "CDP21",
      "x": 48.05,
      "y": 96.67,
      "time_window": [
        0.0,
        3000.0
      ],
      "capacity": 107
    },
    {
      "id": "CDP22",
      "x": 15.2,
      "y": 35.58,
      "time_window": [
        0.0,
        3000.0
      ],
      "capacity": 131
    },
    {
      "id": "CDP23",
      "x": 65.98,
      "y": 89.95,
      "time_window": [
        0.0,
        3000.0
      ],
      "capacity": 101
    },
    {
      "id": "CDP24",
      "x": 8.07,
      "y": 39.2,
      "time_window": [
        0.0,
        3000.0
      ],
      "capacity": 110
    },
    {
      "id": "CDP25",
      "x": 25.56,
      "y": 91.22,
      "time_window": [
        0.0,
        3000.0
      ],
      "capacity": 232
    },
    {
      "id": "CDP26",
      "x": 58.82,
      "y": 30.23,
      "time_window": [
        0.0,
        3000.0
      ],
      "capacity": 176
    },
    {
      "id": "CDP27",
      "x": 54.79,
      "y": 96.9,
      "time_window": [
        0.0,
        3000.0
      ],
      "capacity": 154
    },
    {
      "id": "CDP28",
      "x": 90.16,
      "y": 77.49,
      "time_window": [
        0.0,
        3000.0
      ],
      "capacity": 205
    },
    {
      "id": "CDP29",
      "x": 34.57,
      "y": 24.32,
      "time_window": [
        0.0,
        3000.0
      ],
      "capacity": 150
    },
    {
      "id": "CDP30",
      "x": 39.97,
      "y": 56.55,
      "time_window": [
        0.0,
        3000.0
      ],
      "capacity": 119
    },
    {
      "id": "CDP31",
      "x": 67.92,
      "y": 62.89,
      "time_window": [
        0.0,
        3000.0
      ],
      "capacity": 271
    },
    {
      "id": "CDP32",
      "x": 68.23,
      "y": 9.46,
      "time_window": [
        0.0,
        3000.0
      ],
      "capacity": 287
    },
    {
      "id": "CDP33",
      "x": 70.11,
      "y": 58.29,
      "time_window": [
        0.0,
        3000.0
      ],
      "capacity": 162
    },
    {
      "id": "CDP34",
      "x": 53.75,
      "y": 59.79,
      "time_window": [
        0.0,
        3000.0
      ],
      "capacity": 238
    },
    {
      "id": "CDP35",
      "x": 12.13,
      "y": 94.32,
      "time_window": [
        0.0,
        3000.0
      ],
      "capacity": 121
    },
    {
      "id": "CDP36",
      "x": 12.41,
      "y": 53.52,
      "time_window": [
        0.0,
        3000.0
      ],
      "capacity": 199
    },
    {
      "id": "CDP37",
      "x": 1.24,
      "y": 46.8,
      "time_window": [
        0.0,
        3000.0
      ],
      "capacity": 284
    },
    {
      "id": "CDP38",
      "x": 85.35,
      "y": 51.85,
      "time_window": [
        0.0,
        3000.0
      ],
      "capacity": 253
    },
    {
      "id": "CDP39",
      "x": 99.22,
      "y": 29.07,
      "time_window": [
        0.0,
        3000.0
      ],
      "capacity": 173
    },
    {
      "id": "CDP40",
      "x": 7.64,
      "y": 60.77,
      "time_window": [
        0.0,
        3000.0
      ],
      "capacity": 283
    },
    {
      "id": "CDP41",
      "x": 25.68,
      "y": 82.94,
      "time_window": [
        0.0,
        3000.0
      ],
      "capacity": 266
    },
    {
      "id": "CDP42",
      "x": 24.36,
      "y": 92.91,
      "time_window": [
        0.0,
        3000.0
      ],
      "capacity": 141
    },
    {
      "id": "CDP43",
      "x": 28.91,
      "y": 47.91,
      "time_window": [
        0.0,
        3000.0
      ],
      "capacity": 127
    },
    {
      "id": "CDP44",
      "x": 80.7,
      "y": 17.1,
      "time_window": [
        0.0,
        3000.0
      ],
      "capacity": 274
    },
    {
      "id": "CDP45",
      "x": 35.6,
      "y": 84.33,
      "time_window": [
        0.0,
        3000.0
      ],
      "capacity": 229
    },
    {
      "id": "CDP46",
      "x": 18.0,
      "y": 17.89,
      "time_window": [
        0.0,
        3000.0
      ],
      "capacity": 250
    },
    {
      "id": "CDP47",
      "x": 58.52,
      "y": 22.8,
      "time_window": [
        0.0,
        3000.0
      ],
      "capacity": 174
    },
    {
      "id": "CDP48",
      "x": 53.96,
      "y": 37.93,
      "time_window": [
        0.0,
        3000.0
      ],
      "capacity": 190
    },
    {
      "id": "CDP49",
      "x": 77.13,
      "y": 5.3,
      "time_window": [
        0.0,
        3000.0
      ],
      "capacity": 285
    },
    {
      "id": "CDP50",
      "x": 33.77,
      "y": 67.49,
      "time_window": [
        0.0,
        3000.0
      ],
      "capacity": 105
    }
  ],
  "Customers": [
    {
      "id": "C1",
      "x": 98.91,
      "y": 99.87,
      "time_window": [
        450.0,
        1443.77
      ],
      "demand": [
        4,
        1,
        2
      ]
    },
    {
      "id": "C2",
      "x": 63.95,
      "y": 50.16,
      "time_window": [
        450.0,
        2236.5
      ],
      "demand": [
        1,
        4,
        1
      ]
    },
    {
      "id": "C3",
      "x": 6.79,
      "y": 87.59,
      "time_window": [
        450.0,
        2086.5
      ],
      "demand": [
        4,
        3,
        2
      ]
    },
    {
      "id": "C4",
      "x": 11.09,
      "y": 24.69,
      "time_window": [
        450.0,
        1273.78
      ],
      "demand": [
        3,
        4,
        4
      ]
    },
    {
      "id": "C5",
      "x": 34.63,
      "y": 48.57,
      "time_window": [
        450.0,
        2057.51
      ],
      "demand": [
        1,
        3,
        4
      ]
    },
    {
      "id": "C6",
      "x": 68.63,
      "y": 72.87,
      "time_window": [
        450.0,
        2293.31
      ],
      "demand": [
        1,
        4,
        3
      ]
    },
    {
      "id": "C7",
      "x": 68.09,
      "y": 43.87,
      "time_window": [
        450.0,
        2301.04
      ],
      "demand": [
        3,
        2,
        3
      ]
    },
    {
      "id": "C8",
      "x": 64.3,
      "y": 37.51,
      "time_window": [
        450.0,
        1051.0
      ],
      "demand": [
        4,
        4,
        2
      ]
    },
    {
      "id": "C9",
      "x": 66.83,
      "y": 66.19,
      "time_window": [
        450.0,
        1532.34
      ],
      "demand": [
        4,
        4,
        1
      ]
    },
    {
      "id": "C10",
      "x": 46.84,
      "y": 33.53,
      "time_window": [
        450.0,
        2289.34
      ],
      "demand": [
        1,
        3,
        4
      ]
    },
    {
      "id": "C11",
      "x": 32.29,
      "y": 66.39,
      "time_window": [
        450.0,
        1227.95
      ],
      "demand": [
        1,
        3,
        4
      ]
    },
    {
      "id": "C12",
      "x": 30.08,
      "y": 54.37,
      "time_window": [
        450.0,
        1166.68
      ],
      "demand": [
        1,
        1,
        1
      ]
    },
    {
      "id": "C13",
      "x": 69.47,
      "y": 70.56,
      "time_window": [
        450.0,
        1391.64
      ],
      "demand": [
        3,
        4,
        1
      ]
    },
    {
      "id": "C14",
      "x": 9.62,
      "y": 4.57,
      "time_window": [
        450.0,
        2359.69
      ],
      "demand": [
        2,
        2,
        4
      ]
    },
    {
      "id": "C15",
      "x": 90.01,
      "y": 89.42,
      "time_window": [
        450.0,
        1273.34
      ],
      "demand": [
        1,
        1,
        1
      ]
    },
    {
      "id": "C16",
      "x": 52.21,
      "y": 40.26,
      "time_window": [
        450.0,
        2225.15
      ],
      "demand": [
        3,
        1,
        2
      ]
    },
    {
      "id": "C17",
      "x": 68.89,
      "y": 57.8,
      "time_window": [
        450.0,
        2247.94
      ],
      "demand": [
        2,
        3,
        1
      ]
    },
    {
      "id": "C18",
      "x": 66.36,
      "y": 60.84,
      "time_window": [
        450.0,
        2550
      ],
      "demand": [
        2,
        2,
        3
      ]
    },
    {
      "id": "C19",
      "x": 79.25,
      "y": 97.05,
      "time_window": [
        450.0,
        1273.89
      ],
      "demand": [
        3,
        2,
        2
      ]
    },
    {
      "id": "C20",
      "x": 84.01,
      "y": 82.86,
      "time_window": [
        450.0,
        1826.48
      ],
      "demand": [
        3,
        2,
        1
      ]
    },
    {
      "id": "C21",
      "x": 15.1,
      "y": 87.17,
      "time_window": [
        450.0,
        2140.18
      ],
      "demand": [
        2,
        3,
        3
      ]
    },
    {
      "id": "C22",
      "x": 10.55,
      "y": 91.25,
      "time_window": [
        450.0,
        2184.02
      ],
      "demand": [
        1,
        1,
        4
      ]
    },
    {
      "id": "C23",
      "x": 52.0,
      "y": 73.48,
      "time_window": [
        450.0,
        2298.36
      ],
      "demand": [
        1,
        3,
        4
      ]
    },
    {
      "id": "C24",
      "x": 43.26,
      "y": 66.77,
      "time_window": [
        450.0,
        983.52
      ],
      "demand": [
        4,
        2,
        1
      ]
    },
    {
      "id": "C25",
      "x": 46.33,
      "y": 71.19,
      "time_window": [
        450.0,
        2323.06
      ],
      "demand": [
        3,
        4,
        2
      ]
    },
    {
      "id": "C26",
      "x": 3.74,
      "y": 89.05,
      "time_window": [
        450.0,
        1607.44
      ],
      "demand": [
        2,
        1,
        4
      ]
    },
    {
      "id": "C27",
      "x": 13.46,
      "y": 84.35,
      "time_window": [
        450.0,
        1718.05
      ],
      "demand": [
        2,
        4,
        3
      ]
    },
    {
      "id": "C28",
      "x": 94.26,
      "y": 24.62,
      "time_window": [
        450.0,
        1242.79
      ],
      "demand": [
        1,
        4,
        4
      ]
    },
    {
      "id": "C29",
      "x": 44.96,
      "y": 38.29,
      "time_window": [
        450.0,
        1395.99
      ],
      "demand": [
        1,
        1,
        3
      ]
    },
    {
      "id": "C30",
      "x": 57.2,
      "y": 58.0,
      "time_window": [
        450.0,
        2003.9
      ],
      "demand": [
        2,
        3,
        2
      ]
    },
    {
      "id": "C31",
      "x": 79.28,
      "y": 22.93,
      "time_window": [
        450.0,
        1931.82
      ],
      "demand": [
        3,
        1,
        4
      ]
    },
    {
      "id": "C32",
      "x": 11.08,
      "y": 8.62,
      "time_window": [
        450.0,
        1203.44
      ],
      "demand": [
        2,
        3,
        1
      ]
    },
    {
      "id": "C33",
      "x": 23.45,
      "y": 8.01,
      "time_window": [
        450.0,
        2310.63
      ],
      "demand": [
        2,
        2,
        1
      ]
    },
    {
      "id": "C34",
      "x": 73.36,
      "y": 65.96,
      "time_window": [
        450.0,
        1514.49
      ],
      "demand": [
        1,
        4,
        2
      ]
    },
    {
      "id": "C35",
      "x": 85.33,
      "y": 16.66,
      "time_window": [
        450.0,
        1193.31
      ],
      "demand": [
        2,
        4,
        3
      ]
    },
    {
      "id": "C36",
      "x": 31.71,
      "y": 29.96,
      "time_window": [
        450.0,
        2484.27
      ],
      "demand": [
        2,
        2,
        2
      ]
    },
    {
      "id": "C37",
      "x": 74.92,
      "y": 46.55,
      "time_window": [
        450.0,
        2210.28
      ],
      "demand": [
        1,
        2,
        2
      ]
    },
    {
      "id": "C38",
      "x": 48.14,
      "y": 56.48,
      "time_window": [
        450.0,
        1175.34
      ],
      "demand": [
        3,
        1,
        4
      ]
    },
    {
      "id": "C39",
      "x": 72.27,
      "y": 64.21,
      "time_window": [
        450.0,
        1294.07
      ],
      "demand": [
        4,
        4,
        1
      ]
    },
    {
      "id": "C40",
      "x": 65.7,
      "y": 36.08,
      "time_window": [
        450.0,
        1038.77
      ],
      "demand": [
        1,
        2,
        3
      ]
    },
    {
      "id": "C41",
      "x": 54.7,
      "y": 53.54,
      "time_window": [
        450.0,
        1308.09
      ],
      "demand": [
        1,
        1,
        4
      ]
    },
    {
      "id": "C42",
      "x": 34.09,
      "y": 52.61,
      "time_window": [
        450.0,
        1529.27
      ],
      "demand": [
        3,
        1,
        3
      ]
    },
    {
      "id": "C43",
      "x": 26.87,
      "y": 38.08,
      "time_window": [
        450.0,
        990.65
      ],
      "demand": [
        1,
        2,
        2
      ]
    },
    {
      "id": "C44",
      "x": 49.95,
      "y": 55.19,
      "time_window": [
        450.0,
        2082.48
      ],
      "demand": [
        4,
        4,
        2
      ]
    },
    {
      "id": "C45",
      "x": 34.93,
      "y": 55.08,
      "time_window": [
        450.0,
        1458.88
      ],
      "demand": [
        1,
        3,
        2
      ]
    },
    {
      "id": "C46",
      "x": 70.62,
      "y": 25.17,
      "time_window": [
        450.0,
        1388.05
      ],
      "demand": [
        1,
        4,
        3
      ]
    },
    {
      "id": "C47",
      "x": 40.58,
      "y": 67.73,
      "time_window": [
        450.0,
        2367.94
      ],
      "demand": [
        3,
        4,
        1
      ]
    },
    {
      "id": "C48",
      "x": 13.98,
      "y": 12.45,
      "time_window": [
        450.0,
        2000.72
      ],
      "demand": [
        3,
        1,
        4
      ]
    },
    {
      "id": "C49",
      "x": 17.87,
      "y": 23.38,
      "time_window": [
        450.0,
        2390.09
      ],
      "demand": [
        2,
        3,
        1
      ]
    },
    {
      "id": "C50",
      "x": 10.68,
      "y": 18.69,
      "time_window": [
        450.0,
        2440.35
      ],
      "demand": [
        2,
        1,
        2
      ]
    },
    {
      "id": "C51",
      "x": 54.07,
      "y": 49.7,
      "time_window": [
        450.0,
        950.17
      ],
      "demand": [
        2,
        3,
        3
      ]
    },
    {
      "id": "C52",
      "x": 33.34,
      "y": 58.33,
      "time_window": [
        450.0,
        1849.87
      ],
      "demand": [
        3,
        4,
        2
      ]
    },
    {
      "id": "C53",
      "x": 73.26,
      "y": 41.54,
      "time_window": [
        450.0,
        2395.49
      ],
      "demand": [
        1,
        3,
        1
      ]
    },
    {
      "id": "C54",
      "x": 71.45,
      "y": 52.27,
      "time_window": [
        450.0,
        1770.68
      ],
      "demand": [
        1,
        1,
        1
      ]
    },
    {
      "id": "C55",
      "x": 16.87,
      "y": 86.46,
      "time_window": [
        450.0,
        1419.39
      ],
      "demand": [
        2,
        4,
        3
      ]
    },
    {
      "id": "C56",
      "x": 57.27,
      "y": 26.46,
      "time_window": [
        450.0,
        1438.83
      ],
      "demand": [
        3,
        1,
        1
      ]
    },
    {
      "id": "C57",
      "x": 60.69,
      "y": 33.61,
      "time_window": [
        450.0,
        2397.68
      ],
      "demand": [
        1,
        4,
        3
      ]
    },
    {
      "id": "C58",
      "x": 63.18,
      "y": 43.42,
      "time_window": [
        450.0,
        955.81
      ],
      "demand": [
        3,
        1,
        4
      ]
    },
    {
      "id": "C59",
      "x": 61.17,
      "y": 53.7,
      "time_window": [
        450.0,
        2390.33
      ],
      "demand": [
        3,
        4,
        2
      ]
    },
    {
      "id": "C60",
      "x": 73.03,
      "y": 28.16,
      "time_window": [
        450.0,
        2165.72
      ],
      "demand": [
        4,
        2,
        1
      ]
    },
    {
      "id": "C61",
      "x": 37.78,
      "y": 29.44,
      "time_window": [
        450.0,
        2154.96
      ],
      "demand": [
        3,
        4,
        2
      ]
    },
    {
      "id": "C62",
      "x": 17.69,
      "y": 4.17,
      "time_window": [
        450.0,
        1356.67
      ],
      "demand": [
        3,
        3,
        1
      ]
    },
    {
      "id": "C63",
      "x": 42.73,
      "y": 42.41,
      "time_window": [
        450.0,
        1924.04
      ],
      "demand": [
        2,
        1,
        4
      ]
    },
    {
      "id": "C64",
      "x": 54.1,
      "y": 48.0,
      "time_window": [
        450.0,
        967.57
      ],
      "demand": [
        4,
        4,
        4
      ]
    },
    {
      "id": "C65",
      "x": 65.34,
      "y": 62.1,
      "time_window": [
        450.0,
        1750.18
      ],
      "demand": [
        1,
        1,
        1
      ]
    },
    {
      "id": "C66",
      "x": 92.04,
      "y": 82.34,
      "time_window": [
        450.0,
        1344.34
      ],
      "demand": [
        3,
        2,
        2
      ]
    },
    {
      "id": "C67",
      "x": 56.94,
      "y": 70.5,
      "time_window": [
        450.0,
        2535.94
      ],
      "demand": [
        2,
        3,
        1
      ]
    },
    {
      "id": "C68",
      "x": 76.21,
      "y": 12.54,
      "time_window": [
        450.0,
        1723.94
      ],
      "demand": [
        4,
        1,
        3
      ]
    },
    {
      "id": "C69",
      "x": 21.32,
      "y": 24.9,
      "time_window": [
        450.0,
        1588.59
      ],
      "demand": [
        4,
        3,
        1
      ]
    },
    {
      "id": "C70",
      "x": 63.95,
      "y": 33.05,
      "time_window": [
        450.0,
        2310.6
      ],
      "demand": [
        4,
        4,
        4
      ]
    },
    {
      "id": "C71",
      "x": 89.39,
      "y": 19.49,
      "time_window": [
        450.0,
        2020.86
      ],
      "demand": [
        1,
        2,
        1
      ]
    },
    {
      "id": "C72",
      "x": 71.25,
      "y": 56.38,
      "time_window": [
        450.0,
        1936.56
      ],
      "demand": [
        2,
        2,
        1
      ]
    },
    {
      "id": "C73",
      "x": 67.07,
      "y": 51.26,
      "time_window": [
        450.0,
        1287.86
      ],
      "demand": [
        1,
        2,
        3
      ]
    },
    {
      "id": "C74",
      "x": 96.11,
      "y": 80.6,
      "time_window": [
        450.0,
        2550
      ],
      "demand": [
        1,
        2,
        2
      ]
    },
    {
      "id": "C75",
      "x": 99.56,
      "y": 96.97,
      "time_window": [
        450.0,
        2079.35
      ],
      "demand": [
        1,
        2,
        4
      ]
    },
    {
      "id": "C76",
      "x": 1.89,
      "y": 1.38,
      "time_window": [
        450.0,
        1872.7
      ],
      "demand": [
        1,
        1,
        2
      ]
    },
    {
      "id": "C77",
      "x": 33.38,
      "y": 31.58,
      "time_window": [
        450.0,
        2217.59
      ],
      "demand": [
        1,
        3,
        3
      ]
    },
    {
      "id": "C78",
      "x": 96.44,
      "y": 81.66,
      "time_window": [
        450.0,
        2150.94
      ],
      "demand": [
        4,
        2,
        3
      ]
    },
    {
      "id": "C79",
      "x": 43.39,
      "y": 71.52,
      "time_window": [
        450.0,
        1125.66
      ],
      "demand": [
        3,
        1,
        4
      ]
    },
    {
      "id": "C80",
      "x": 36.57,
      "y": 45.48,
      "time_window": [
        450.0,
        1845.9
      ],
      "demand": [
        4,
        2,
        3
      ]
    },
    {
      "id": "C81",
      "x": 49.99,
      "y": 29.33,
      "time_window": [
        450.0,
        2179.0
      ],
      "demand": [
        1,
        4,
        4
      ]
    },
    {
      "id": "C82",
      "x": 88.04,
      "y": 76.04,
      "time_window": [
        450.0,
        2471.85
      ],
      "demand": [
        1,
        1,
        4
      ]
    },
    {
      "id": "C83",
      "x": 74.41,
      "y": 39.58,
      "time_window": [
        450.0,
        2376.66
      ],
      "demand": [
        1,
        4,
        2
      ]
    },
    {
      "id": "C84",
      "x": 0.28,
      "y": 80.12,
      "time_window": [
        450.0,
        1625.58
      ],
      "demand": [
        1,
        3,
        3
      ]
    },
    {
      "id": "C85",
      "x": 83.48,
      "y": 75.72,
      "time_window": [
        450.0,
        2273.83
      ],
      "demand": [
        4,
        3,
        2
      ]
    },
    {
      "id": "C86",
      "x": 40.32,
      "y": 58.12,
      "time_window": [
        450.0,
        2019.73
      ],
      "demand": [
        1,
        3,
        4
      ]
    },
    {
      "id": "C87",
      "x": 68.25,
      "y": 52.55,
      "time_window": [
        450.0,
        1350.03
      ],
      "demand": [
        4,
        3,
        4
      ]
    },
    {
      "id": "C88",
      "x": 82.2,
      "y": 4.84,
      "time_window": [
        450.0,
        1139.43
      ],
      "demand": [
        4,
        3,
        3
      ]
    },
    {
      "id": "C89",
      "x": 9.83,
      "y": 15.29,
      "time_window": [
        450.0,
        2288.92
      ],
      "demand": [
        4,
        4,
        3
      ]
    },
    {
      "id": "C90",
      "x": 33.73,
      "y": 35.13,
      "time_window": [
        450.0,
        1783.45
      ],
      "demand": [
        3,
        3,
        4
      ]
    },
    {
      "id": "C91",
      "x": 92.52,
      "y": 17.97,
      "time_window": [
        450.0,
        1899.53
      ],
      "demand": [
        4,
        1,
        2
      ]
    },
    {
      "id": "C92",
      "x": 81.39,
      "y": 84.36,
      "time_window": [
        450.0,
        1947.73
      ],
      "demand": [
        1,
        4,
        3
      ]
    },
    {
      "id": "C93",
      "x": 78.59,
      "y": 77.6,
      "time_window": [
        450.0,
        1073.27
      ],
      "demand": [
        2,
        1,
        1
      ]
    },
    {
      "id": "C94",
      "x": 12.85,
      "y": 3.34,
      "time_window": [
        450.0,
        1066.78
      ],
      "demand": [
        1,
        1,
        2
      ]
    },
    {
      "id": "C95",
      "x": 87.72,
      "y": 80.68,
      "time_window": [
        450.0,
        2314.69
      ],
      "demand": [
        4,
        2,
        1
      ]
    },
    {
      "id": "C96",
      "x": 72.23,
      "y": 31.44,
      "time_window": [
        450.0,
        1315.53
      ],
      "demand": [
        3,
        2,
        3
      ]
    },
    {
      "id": "C97",
      "x": 27.76,
      "y": 49.7,
      "time_window": [
        450.0,
        1474.6
      ],
      "demand": [
        4,
        3,
        3
      ]
    },
    {
      "id": "C98",
      "x": 36.74,
      "y": 64.2,
      "time_window": [
        450.0,
        2433.26
      ],
      "demand": [
        2,
        1,
        4
      ]
    },
    {
      "id": "C99",
      "x": 15.29,
      "y": 0.87,
      "time_window": [
        450.0,
        1855.25
      ],
      "demand": [
        1,
        4,
        2
      ]
    },
    {
      "id": "C100",
      "x": 29.97,
      "y": 66.23,
      "time_window": [
        450.0,
        1669.36
      ],
      "demand": [
        2,
        1,
        3
      ]
    }
  ]
}