{
  "set_id": 6,
  "inst_id": 9,
  "vehicles": {
    "CT": {
      "count": 10,
      "capacity": 1500,
      "fixed_cost": 1500,
      "unit_cost_factor": 1.2
    },
    "UV": {
      "count": 20,
      "capacity": 500,
      "fixed_cost": 500,
      "unit_cost_factor": 1.1
    }
  },
  "P": 3,
  "item_weights": [
    10,
    5,
    5
  ],
  "inventory_ratio": 1.2,
  "FCs": [
    {
      "id": "FC1",
      "x": 25,
      "y": 25,
      "time_window": [
        0.0,
        3000.0
      ],
      "inventory": [
        75,
        74,
        68
      ]
    },
    {
      "id": "FC2",
      "x": 75,
      "y": 75,
      "time_window": [
        0.0,
        3000.0
      ],
      "inventory": [
        79,
        76,
        74
      ]
    }
  ],
  "DCs": [
    {
      "id": "DC1",
      "x": 16.94,
      "y": 46.77,
      "time_window": [
        300.0,
        2700.0
      ]
    },
    {
      "id": "DC2",
      "x": 88.87,
      "y": 63.22,
      "time_window": [
        300.0,
        2700.0
      ]
    },
    {
      "id": "DC3",
      "x": 56.42,
      "y": 67.88,
      "time_window": [
        300.0,
        2700.0
      ]
    },
    {
      "id": "DC4",
      "x": 40.92,
      "y": 43.57,
      "time_window": [
        300.0,
        2700.0
      ]
    }
  ],
  "CDPs": [
    {
      "id": "CDP1",
      "x": 81.41,
      "y": 91.83,
      "time_window": [
        0.0,
        3000.0
      ],
      "capacity": 270
    },
    {
      "id": "CDP2",
      "x": 52.59,
      "y": 2.8,
      "time_window": [
        0.0,
        3000.0
      ],
      "capacity": 142
    },
    {
      "id": "CDP3",
      "x": 79.94,
      "y": 25.58,
      "time_window": [
        0.0,
        3000.0
      ],
      "capacity": 276
    },
    {
      "id": "CDP4",
      "x": 35.52,
      "y": 40.15,
      "time_window": [
        0.0,
        3000.0
      ],
      "capacity": 221
    },
    {
      "id": "CDP5",
      "x": 37.59,
      "y": 69.88,
      "time_window": [
        0.0,
        3000.0
      ],
      "capacity": 292
    },
    {
      "id": "CDP6",
      "x": 56.66,
      "y": 73.8,
      "time_window": [
        0.0,
        3000.0
      ],
      "capacity": 134
    },
    {
      "id": "CDP7",
      "x": 78.89,
      "y": 17.69,
      "time_window": [
        0.0,
        3000.0
      ],
      "capacity": 109
    },
    {
      "id": "CDP8",
      "x": 85.08,
      "y": 20.44,
      "time_window": [
        0.0,
        3000.0
      ],
      "capacity": 141
    },
    {
      "id": "CDP9",
      "x": 27.54,
      "y": 65.86,
      "time_window": [
        0.0,
        3000.0
      ],
      "capacity": 295
    },
    {
      "id": "CDP10",
      "x": 11.56,
      "y": 64.41,
      "time_window": [
        0.0,
        3000.0
      ],
      "capacity": 128
    },
    {
      "id": "CDP11",
      "x": 68.67,
      "y": 34.19,
      "time_window": [
        0.0,
        3000.0
      ],
      "capacity": 119
    },
    {
      "id": "CDP12",
      "x": 68.33,
      "y": 74.36,
      "time_window": [
        0.0,
        3000.0
      ],
      "capacity": 116
    },
    {
      "id": "CDP13",
      "x": 38.0,
      "y": 9.97,
      "time_window": [
        0.0,
        3000.0
      ],
      "capacity": 141
    },
    {
      "id": "CDP14",
      "x": 27.66,
      "y": 93.47,
      "time_window": [
        0.0,
        3000.0
      ],
      "capacity": 248
    },
    {
      "id": "CDP15",
      "x": 19.81,
      "y": 6.3,
      "time_window": [
        0.0,
        3000.0
      ],
      "capacity": 286
    },
    {
      "id": "CDP16",
      "x": 75.14,
      "y": 70.98,
      "time_window": [
        0.0,
        3000.0
      ],
      "capacity": 222
    },
    {
      "id": "CDP17",
      "x": 28.46,
      "y": 52.54,
      "time_window": [
        0.0,
        3000.0
      ],
      "capacity": 228
    },
    {
      "id": "CDP18",
      "x": 37.9,
      "y": 9.68,
      "time_window": [
        0.0,
        3000.0
      ],
      "capacity": 103
    },
    {
      "id": "CDP19",
      "x": 82.7,
      "y": 10.95,
      "time_window": [
        0.0,
        3000.0
      ],
      "capacity": 266
    },
    {
      "id": "CDP20",
      "x": 23.4,
      "y": 52.14,
      "time_window": [
        0.0,
        3000.0
      ],
      "capacity": 161
    },
    {
      "id": "CDP21",
      "x": 66.83,
      "y": 15.39,
      "time_window": [
        0.0,
        3000.0
      ],
      "capacity": 277
    },
    {
      "id": "CDP22",
      "x": 72.87,
      "y": 99.81,
      "time_window": [
        0.0,
        3000.0
      ],
      "capacity": 209
    },
    {
      "id": "CDP23",
      "x": 29.25,
      "y": 2.96,
      "time_window": [
        0.0,
        3000.0
      ],
      "capacity": 117
    },
    {
      "id": "CDP24",
      "x": 12.63,
      "y": 62.93,
      "time_window": [
        0.0,
        3000.0
      ],
      "capacity": 209
    },
    {
      "id": "CDP25",
      "x": 43.73,
      "y": 48.39,
      "time_window": [
        0.0,
        3000.0
      ],
      "capacity": 237
    },
    {
      "id": "CDP26",
      "x": 7.05,
      "y": 82.12,
      "time_window": [
        0.0,
        3000.0
      ],
      "capacity": 234
    },
    {
      "id": "CDP27",
      "x": 32.59,
      "y": 18.27,
      "time_window": [
        0.0,
        3000.0
      ],
      "capacity": 193
    },
    {
      "id": "CDP28",
      "x": 80.11,
      "y": 92.18,
      "time_window": [
        0.0,
        3000.0
      ],
      "capacity": 128
    },
    {
      "id": "CDP29",
      "x": 73.67,
      "y": 44.5,
      "time_window": [
        0.0,
        3000.0
      ],
      "capacity": 249
    },
    {
      "id": "CDP30",
      "x": 64.51,
      "y": 48.68,
      "time_window": [
        0.0,
        3000.0
      ],
      "capacity": 138
    }
  ],
  "Customers": [
    {
      "id": "C1",
      "x": 70.15,
      "y": 25.38,
      "time_window": [
        450.0,
        1088.68
      ],
      "demand": [
        1,
        3,
        1
      ]
    },
    {
      "id": "C2",
      "x": 99.44,
      "y": 92.66,
      "time_window": [
        450.0,
        2220.48
      ],
      "demand": [
        2,
        3,
        2
      ]
    },
    {
      "id": "C3",
      "x": 65.23,
      "y": 64.54,
      "time_window": [
        450.0,
        1166.6
      ],
      "demand": [
        1,
        2,
        2
      ]
    },
    {
      "id": "C4",
      "x": 66.67,
      "y": 57.59,
      "time_window": [
        450.0,
        1324.95
      ],
      "demand": [
        4,
        2,
        1
      ]
    },
    {
      "id": "C5",
      "x": 61.42,
      "y": 71.0,
      "time_window": [
        450.0,
        1221.03
      ],
      "demand": [
        4,
        2,
        4
      ]
    },
    {
      "id": "C6",
      "x": 34.63,
      "y": 68.74,
      "time_window": [
        450.0,
        1811.19
      ],
      "demand": [
        4,
        1,
        2
      ]
    },
    {
      "id": "C7",
      "x": 74.08,
      "y": 63.51,
      "time_window": [
        450.0,
        1942.28
      ],
      "demand": [
        4,
        4,
        3
      ]
    },
    {
      "id": "C8",
      "x": 6.01,
      "y": 82.85,
      "time_window": [
        450.0,
        1338.57
      ],
      "demand": [
        1,
        2,
        4
      ]
    },
    {
      "id": "C9",
      "x": 18.81,
      "y": 87.96,
      "time_window": [
        450.0,
        1682.31
      ],
      "demand": [
        4,
        2,
        3
      ]
    },
    {
      "id": "C10",
      "x": 18.37,
      "y": 99.21,
      "time_window": [
        450.0,
        2175.58
      ],
      "demand": [
        2,
        2,
        1
      ]
    },
    {
      "id": "C11",
      "x": 40.69,
      "y": 69.71,
      "time_window": [
        450.0,
        1150.61
      ],
      "demand": [
        3,
        2,
        1
      ]
    },
    {
      "id": "C12",
      "x": 76.17,
      "y": 98.18,
      "time_window": [
        450.0,
        1401.66
      ],
      "demand": [
        4,
        1,
        2
      ]
    },
    {
      "id": "C13",
      "x": 21.13,
      "y": 76.07,
      "time_window": [
        450.0,
        2082.29
      ],
      "demand": [
        1,
        3,
        1
      ]
    },
    {
      "id": "C14",
      "x": 81.43,
      "y": 3.0,
      "time_window": [
        450.0,
        1321.94
      ],
      "demand": [
        2,
        1,
        2
      ]
    },
    {
      "id": "C15",
      "x": 70.85,
      "y": 57.11,
      "time_window": [
        450.0,
        1133.98
      ],
      "demand": [
        1,
        4,
        2
      ]
    },
    {
      "id": "C16",
      "x": 31.69,
      "y": 46.4,
      "time_window": [
        450.0,
        2062.91
      ],
      "demand": [
        3,
        3,
        4
      ]
    },
    {
      "id": "C17",
      "x": 33.23,
      "y": 61.28,
      "time_window": [
        450.0,
        1712.77
      ],
      "demand": [
        3,
        2,
        1
      ]
    },
    {
      "id": "C18",
      "x": 36.8,
      "y": 33.24,
      "time_window": [
        450.0,
        1529.25
      ],
      "demand": [
        1,
        1,
        4
      ]
    },
    {
      "id": "C19",
      "x": 3.69,
      "y": 87.63,
      "time_window": [
        450.0,
        1089.83
      ],
      "demand": [
        3,
        2,
        1
      ]
    },
    {
      "id": "C20",
      "x": 9.98,
      "y": 86.48,
      "time_window": [
        450.0,
        1739.02
      ],
      "demand": [
        2,
        4,
        4
      ]
    },
    {
      "id": "C21",
      "x": 29.53,
      "y": 43.24,
      "time_window": [
        450.0,
        1369.57
      ],
      "demand": [
        2,
        4,
        3
      ]
    },
    {
      "id": "C22",
      "x": 47.07,
      "y": 42.05,
      "time_window": [
        450.0,
        1100.29
      ],
      "demand": [
        4,
        3,
        2
      ]
    },
    {
      "id": "C23",
      "x": 66.75,
      "y": 29.04,
      "time_window": [
        450.0,
        1971.18
      ],
      "demand": [
        2,
        2,
        3
      ]
    },
    {
      "id": "C24",
      "x": 46.79,
      "y": 72.05,
      "time_window": [
        450.0,
        2443.83
      ],
      "demand": [
        2,
        1,
        3
      ]
    },
    {
      "id": "C25",
      "x": 44.62,
      "y": 61.56,
      "time_window": [
        450.0,
        1163.95
      ],
      "demand": [
        4,
        4,
        3
      ]
    },
    {
      "id": "C26",
      "x": 46.33,
      "y": 44.73,
      "time_window": [
        450.0,
        1596.61
      ],
      "demand": [
        4,
        2,
        2
      ]
    },
    {
      "id": "C27",
      "x": 66.34,
      "y": 62.59,
      "time_window": [
        450.0,
        1284.63
      ],
      "demand": [
        4,
        4,
        3
      ]
    },
    {
      "id": "C28",
      "x": 77.35,
      "y": 93.37,
      "time_window": [
        450.0,
        2048.23
      ],
      "demand": [
        1,
        3,
        2
      ]
    },
    {
      "id": "C29",
      "x": 7.65,
      "y": 8.64,
      "time_window": [
        450.0,
        2106.41
      ],
      "demand": [
        4,
        3,
        4
      ]
    },
    {
      "id": "C30",
      "x": 53.93,
      "y": 34.77,
      "time_window": [
        450.0,
        1730.41
      ],
      "demand": [
        1,
        4,
        2
      ]
    },
    {
      "id": "C31",
      "x": 94.03,
      "y": 76.72,
      "time_window": [
        450.0,
        1381.74
      ],
      "demand": [
        3,
        3,
        1
      ]
    },
    {
      "id": "C32",
      "x": 54.41,
      "y": 38.84,
      "time_window": [
        450.0,
        1422.85
      ],
      "demand": [
        1,
        2,
        4
      ]
    },
    {
      "id": "C33",
      "x": 63.8,
      "y": 44.05,
      "time_window": [
        450.0,
        2086.27
      ],
      "demand": [
        4,
        2,
        1
      ]
    },
    {
      "id": "C34",
      "x": 42.81,
      "y": 71.62,
      "time_window": [
        450.0,
        2081.36
      ],
      "demand": [
        1,
        1,
        3
      ]
    },
    {
      "id": "C35",
      "x": 45.68,
      "y": 27.43,
      "time_window": [
        450.0,
        2206.35
      ],
      "demand": [
        3,
        3,
        1
      ]
    },
    {
      "id": "C36",
      "x": 32.92,
      "y": 70.16,
      "time_window": [
        450.0,
        1940.1
      ],
      "demand": [
        4,
        1,
        3
      ]
    },
    {
      "id": "C37",
      "x": 20.39,
      "y": 21.65,
      "time_window": [
        450.0,
        2394.68
      ],
      "demand": [
        4,
        1,
        4
      ]
    },
    {
      "id": "C38",
      "x": 47.37,
      "y": 60.51,
      "time_window": [
        450.0,
        1222.91
      ],
      "demand": [
        1,
        3,
        1
      ]
    },
    {
      "id": "C39",
      "x": 12.46,
      "y": 99.27,
      "time_window": [
        450.0,
        1764.76
      ],
      "demand": [
        1,
        4,
        2
      ]
    },
    {
      "id": "C40",
      "x": 64.6,
      "y": 60.33,
      "time_window": [
        450.0,
        2129.71
      ],
      "demand": [
        3,
        4,
        4
      ]
    },
    {
      "id": "C41",
      "x": 7.85,
      "y": 99.39,
      "time_window": [
        450.0,
        2518.04
      ],
      "demand": [
        4,
        2,
        2
      ]
    },
    {
      "id": "C42",
      "x": 50.57,
      "y": 34.95,
      "time_window": [
        450.0,
        1220.88
      ],
      "demand": [
        4,
        3,
        1
      ]
    },
    {
      "id": "C43",
      "x": 68.06,
      "y": 31.54,
      "time_window": [
        450.0,
        1437.51
      ],
      "demand": [
        1,
        4,
        1
      ]
    },
    {
      "id": "C44",
      "x": 55.1,
      "y": 27.37,
      "time_window": [
        450.0,
        1130.75
      ],
      "demand": [
        4,
        3,
        2
      ]
    },
    {
      "id": "C45",
      "x": 62.4,
      "y": 47.9,
      "time_window": [
        450.0,
        1351.75
      ],
      "demand": [
        2,
        3,
        2
      ]
    },
    {
      "id": "C46",
      "x": 83.48,
      "y": 10.86,
      "time_window": [
        450.0,
        1240.42
      ],
      "demand": [
        1,
        2,
        3
      ]
    },
    {
      "id": "C47",
      "x": 87.49,
      "y": 88.79,
      "time_window": [
        450.0,
        1377.79
      ],
      "demand": [
        1,
        2,
        3
      ]
    },
    {
      "id": "C48",
      "x": 81.82,
      "y": 97.16,
      "time_window": [
        450.0,
        1096.26
      ],
      "demand": [
        3,
        2,
        3
      ]
    },
    {
      "id": "C49",
      "x": 20.3,
      "y": 86.05,
      "time_window": [
        450.0,
        1190.74
      ],
      "demand": [
        1,
        3,
        3
      ]
    },
    {
      "id": "C50",
      "x": 80.8,
      "y": 95.95,
      "time_window": [
        450.0,
        2550
      ],
      "demand": [
        4,
        1,
        2
      ]
    }
  ]
}