{
  "set_id": 5,
  "inst_id": 6,
  "vehicles": {
    "CT": {
      "count": 10,
      "capacity": 1500,
      "fixed_cost": 1500,
      "unit_cost_factor": 1.2
    },
    "UV": {
      "count": 20,
      "capacity": 500,
      "fixed_cost": 500,
      "unit_cost_factor": 1.1
    }
  },
  "P": 3,
  "item_weights": [
    15,
    15,
    10
  ],
  "inventory_ratio": 1.3,
  "FCs": [
    {
      "id": "FC1",
      "x": 25,
      "y": 25,
      "time_window": [
        0.0,
        3000.0
      ],
      "inventory": [
        80,
        81,
        92
      ]
    },
    {
      "id": "FC2",
      "x": 75,
      "y": 75,
      "time_window": [
        0.0,
        3000.0
      ],
      "inventory": [
        97,
        90,
        70
      ]
    }
  ],
  "DCs": [
    {
      "id": "DC1",
      "x": 17.62,
      "y": 23.42,
      "time_window": [
        300.0,
        2700.0
      ]
    },
    {
      "id": "DC2",
      "x": 69.15,
      "y": 67.63,
      "time_window": [
        300.0,
        2700.0
      ]
    },
    {
      "id": "DC3",
      "x": 57.69,
      "y": 48.88,
      "time_window": [
        300.0,
        2700.0
      ]
    },
    {
      "id": "DC4",
      "x": 95.07,
      "y": 12.51,
      "time_window": [
        300.0,
        2700.0
      ]
    }
  ],
  "CDPs": [
    {
      "id": "CDP1",
      "x": 47.77,
      "y": 13.67,
      "time_window": [
        0.0,
        3000.0
      ],
      "capacity": 145
    },
    {
      "id": "CDP2",
      "x": 50.23,
      "y": 42.84,
      "time_window": [
        0.0,
        3000.0
      ],
      "capacity": 129
    },
    {
      "id": "CDP3",
      "x": 93.96,
      "y": 3.04,
      "time_window": [
        0.0,
        3000.0
      ],
      "capacity": 169
    },
    {
      "id": "CDP4",
      "x": 19.63,
      "y": 13.08,
      "time_window": [
        0.0,
        3000.0
      ],
      "capacity": 163
    },
    {
      "id": "CDP5",
      "x": 98.09,
      "y": 38.83,
      "time_window": [
        0.0,
        3000.0
      ],
      "capacity": 257
    },
    {
      "id": "CDP6",
      "x": 76.83,
      "y": 3.99,
      "time_window": [
        0.0,
        3000.0
      ],
      "capacity": 261
    },
    {
      "id": "CDP7",
      "x": 69.25,
      "y": 76.04,
      "time_window": [
        0.0,
        3000.0
      ],
      "capacity": 134
    },
    {
      "id": "CDP8",
      "x": 71.17,
      "y": 41.92,
      "time_window": [
        0.0,
        3000.0
      ],
      "capacity": 182
    },
    {
      "id": "CDP9",
      "x": 51.33,
      "y": 3.8,
      "time_window": [
        0.0,
        3000.0
      ],
      "capacity": 131
    },
    {
      "id": "CDP10",
      "x": 61.68,
      "y": 12.99,
      "time_window": [
        0.0,
        3000.0
      ],
      "capacity": 273
    },
    {
      "id": "CDP11",
      "x": 37.93,
      "y": 86.54,
      "time_window": [
        0.0,
        3000.0
      ],
      "capacity": 291
    },
    {
      "id": "CDP12",
      "x": 4.19,
      "y": 72.36,
      "time_window": [
        0.0,
        3000.0
      ],
      "capacity": 243
    },
    {
      "id": "CDP13",
      "x": 21.14,
      "y": 94.94,
      "time_window": [
        0.0,
        3000.0
      ],
      "capacity": 106
    },
    {
      "id": "CDP14",
      "x": 49.74,
      "y": 65.85,
      "time_window": [
        0.0,
        3000.0
      ],
      "capacity": 208
    },
    {
      "id": "CDP15",
      "x": 11.0,
      "y": 3.76,
      "time_window": [
        0.0,
        3000.0
      ],
      "capacity": 249
    },
    {
      "id": "CDP16",
      "x": 82.08,
      "y": 84.52,
      "time_window": [
        0.0,
        3000.0
      ],
      "capacity": 144
    },
    {
      "id": "CDP17",
      "x": 93.32,
      "y": 37.79,
      "time_window": [
        0.0,
        3000.0
      ],
      "capacity": 231
    },
    {
      "id": "CDP18",
      "x": 74.03,
      "y": 76.42,
      "time_window": [
        0.0,
        3000.0
      ],
      "capacity": 259
    },
    {
      "id": "CDP19",
      "x": 28.37,
      "y": 82.04,
      "time_window": [
        0.0,
        3000.0
      ],
      "capacity": 171
    },
    {
      "id": "CDP20",
      "x": 62.23,
      "y": 11.71,
      "time_window": [
        0.0,
        3000.0
      ],
      "capacity": 155
    }
  ],
  "Customers": [
    {
      "id": "C1",
      "x": 93.84,
      "y": 82.96,
      "time_window": [
        450.0,
        2491.57
      ],
      "demand": [
        2,
        1,
        4
      ]
    },
    {
      "id": "C2",
      "x": 33.13,
      "y": 51.94,
      "time_window": [
        450.0,
        2298.76
      ],
      "demand": [
        3,
        4,
        1
      ]
    },
    {
      "id": "C3",
      "x": 4.5,
      "y": 83.64,
      "time_window": [
        450.0,
        1777.15
      ],
      "demand": [
        3,
        1,
        3
      ]
    },
    {
      "id": "C4",
      "x": 99.57,
      "y": 97.18,
      "time_window": [
        450.0,
        1004.58
      ],
      "demand": [
        3,
        1,
        1
      ]
    },
    {
      "id": "C5",
      "x": 9.57,
      "y": 16.43,
      "time_window": [
        450.0,
        1429.13
      ],
      "demand": [
        3,
        4,
        1
      ]
    },
    {
      "id": "C6",
      "x": 62.23,
      "y": 41.97,
      "time_window": [
        450.0,
        1599.49
      ],
      "demand": [
        4,
        3,
        3
      ]
    },
    {
      "id": "C7",
      "x": 49.05,
      "y": 41.88,
      "time_window": [
        450.0,
        1112.49
      ],
      "demand": [
        3,
        1,
        4
      ]
    },
    {
      "id": "C8",
      "x": 79.47,
      "y": 86.43,
      "time_window": [
        450.0,
        2385.36
      ],
      "demand": [
        1,
        1,
        1
      ]
    },
    {
      "id": "C9",
      "x": 80.24,
      "y": 83.93,
      "time_window": [
        450.0,
        1840.11
      ],
      "demand": [
        1,
        2,
        3
      ]
    },
    {
      "id": "C10",
      "x": 73.64,
      "y": 42.82,
      "time_window": [
        450.0,
        1681.22
      ],
      "demand": [
        3,
        2,
        1
      ]
    },
    {
      "id": "C11",
      "x": 52.86,
      "y": 35.85,
      "time_window": [
        450.0,
        2413.54
      ],
      "demand": [
        1,
        3,
        2
      ]
    },
    {
      "id": "C12",
      "x": 25.0,
      "y": 92.11,
      "time_window": [
        450.0,
        2001.67
      ],
      "demand": [
        1,
        1,
        4
      ]
    },
    {
      "id": "C13",
      "x": 95.68,
      "y": 97.16,
      "time_window": [
        450.0,
        1205.44
      ],
      "demand": [
        3,
        2,
        1
      ]
    },
    {
      "id": "C14",
      "x": 70.96,
      "y": 33.54,
      "time_window": [
        450.0,
        2550
      ],
      "demand": [
        2,
        4,
        1
      ]
    },
    {
      "id": "C15",
      "x": 82.34,
      "y": 22.7,
      "time_window": [
        450.0,
        1290.52
      ],
      "demand": [
        3,
        2,
        1
      ]
    },
    {
      "id": "C16",
      "x": 43.32,
      "y": 60.77,
      "time_window": [
        450.0,
        1683.66
      ],
      "demand": [
        2,
        4,
        4
      ]
    },
    {
      "id": "C17",
      "x": 78.26,
      "y": 23.68,
      "time_window": [
        450.0,
        2339.37
      ],
      "demand": [
        4,
        4,
        2
      ]
    },
    {
      "id": "C18",
      "x": 99.25,
      "y": 4.43,
      "time_window": [
        450.0,
        1963.51
      ],
      "demand": [
        3,
        4,
        3
      ]
    },
    {
      "id": "C19",
      "x": 6.41,
      "y": 90.15,
      "time_window": [
        450.0,
        1057.96
      ],
      "demand": [
        3,
        1,
        4
      ]
    },
    {
      "id": "C20",
      "x": 24.45,
      "y": 9.87,
      "time_window": [
        450.0,
        1537.91
      ],
      "demand": [
        3,
        3,
        4
      ]
    },
    {
      "id": "C21",
      "x": 29.73,
      "y": 62.36,
      "time_window": [
        450.0,
        1269.96
      ],
      "demand": [
        3,
        2,
        2
      ]
    },
    {
      "id": "C22",
      "x": 44.57,
      "y": 34.06,
      "time_window": [
        450.0,
        2002.24
      ],
      "demand": [
        1,
        4,
        1
      ]
    },
    {
      "id": "C23",
      "x": 66.74,
      "y": 48.38,
      "time_window": [
        450.0,
        2267.47
      ],
      "demand": [
        3,
        4,
        3
      ]
    },
    {
      "id": "C24",
      "x": 29.67,
      "y": 36.03,
      "time_window": [
        450.0,
        1036.18
      ],
      "demand": [
        4,
        4,
        3
      ]
    },
    {
      "id": "C25",
      "x": 47.3,
      "y": 58.54,
      "time_window": [
        450.0,
        2229.98
      ],
      "demand": [
        4,
        2,
        4
      ]
    },
    {
      "id": "C26",
      "x": 63.65,
      "y": 29.93,
      "time_window": [
        450.0,
        1186.03
      ],
      "demand": [
        4,
        2,
        4
      ]
    },
    {
      "id": "C27",
      "x": 74.59,
      "y": 25.45,
      "time_window": [
        450.0,
        1247.43
      ],
      "demand": [
        4,
        2,
        4
      ]
    },
    {
      "id": "C28",
      "x": 71.48,
      "y": 59.35,
      "time_window": [
        450.0,
        1145.46
      ],
      "demand": [
        4,
        4,
        1
      ]
    },
    {
      "id": "C29",
      "x": 29.03,
      "y": 61.93,
      "time_window": [
        450.0,
        1787.29
      ],
      "demand": [
        4,
        3,
        3
      ]
    },
    {
      "id": "C30",
      "x": 50.2,
      "y": 30.16,
      "time_window": [
        450.0,
        1550.33
      ],
      "demand": [
        4,
        3,
        1
      ]
    },
    {
      "id": "C31",
      "x": 6.07,
      "y": 2.11,
      "time_window": [
        450.0,
        2252.16
      ],
      "demand": [
        3,
        4,
        3
      ]
    },
    {
      "id": "C32",
      "x": 10.43,
      "y": 81.88,
      "time_window": [
        450.0,
        2337.93
      ],
      "demand": [
        2,
        4,
        3
      ]
    },
    {
      "id": "C33",
      "x": 25.21,
      "y": 34.17,
      "time_window": [
        450.0,
        1526.49
      ],
      "demand": [
        3,
        2,
        3
      ]
    },
    {
      "id": "C34",
      "x": 66.29,
      "y": 36.71,
      "time_window": [
        450.0,
        2537.44
      ],
      "demand": [
        2,
        3,
        3
      ]
    },
    {
      "id": "C35",
      "x": 44.03,
      "y": 31.87,
      "time_window": [
        450.0,
        1237.95
      ],
      "demand": [
        1,
        3,
        1
      ]
    },
    {
      "id": "C36",
      "x": 28.01,
      "y": 59.78,
      "time_window": [
        450.0,
        1754.73
      ],
      "demand": [
        3,
        2,
        3
      ]
    },
    {
      "id": "C37",
      "x": 89.5,
      "y": 18.29,
      "time_window": [
        450.0,
        1748.64
      ],
      "demand": [
        2,
        3,
        1
      ]
    },
    {
      "id": "C38",
      "x": 67.24,
      "y": 44.12,
      "time_window": [
        450.0,
        1561.49
      ],
      "demand": [
        2,
        1,
        1
      ]
    },
    {
      "id": "C39",
      "x": 11.89,
      "y": 77.91,
      "time_window": [
        450.0,
        2452.74
      ],
      "demand": [
        2,
        3,
        3
      ]
    },
    {
      "id": "C40",
      "x": 65.51,
      "y": 62.26,
      "time_window": [
        450.0,
        962.71
      ],
      "demand": [
        3,
        3,
        1
      ]
    },
    {
      "id": "C41",
      "x": 0.23,
      "y": 77.67,
      "time_window": [
        450.0,
        1380.11
      ],
      "demand": [
        3,
        1,
        3
      ]
    },
    {
      "id": "C42",
      "x": 61.79,
      "y": 56.2,
      "time_window": [
        450.0,
        2502.28
      ],
      "demand": [
        4,
        2,
        4
      ]
    },
    {
      "id": "C43",
      "x": 35.07,
      "y": 69.71,
      "time_window": [
        450.0,
        1475.22
      ],
      "demand": [
        2,
        2,
        3
      ]
    },
    {
      "id": "C44",
      "x": 2.06,
      "y": 87.85,
      "time_window": [
        450.0,
        1235.18
      ],
      "demand": [
        4,
        3,
        2
      ]
    },
    {
      "id": "C45",
      "x": 72.42,
      "y": 38.27,
      "time_window": [
        450.0,
        2381.44
      ],
      "demand": [
        2,
        4,
        3
      ]
    },
    {
      "id": "C46",
      "x": 70.31,
      "y": 29.98,
      "time_window": [
        450.0,
        2420.38
      ],
      "demand": [
        4,
        2,
        2
      ]
    },
    {
      "id": "C47",
      "x": 32.25,
      "y": 46.1,
      "time_window": [
        450.0,
        1992.31
      ],
      "demand": [
        3,
        3,
        3
      ]
    },
    {
      "id": "C48",
      "x": 71.66,
      "y": 29.13,
      "time_window": [
        450.0,
        1214.43
      ],
      "demand": [
        1,
        4,
        4
      ]
    },
    {
      "id": "C49",
      "x": 87.36,
      "y": 84.56,
      "time_window": [
        450.0,
        1866.79
      ],
      "demand": [
        3,
        3,
        2
      ]
    },
    {
      "id": "C50",
      "x": 28.17,
      "y": 64.79,
      "time_window": [
        450.0,
        2147.75
      ],
      "demand": [
        1,
        1,
        2
      ]
    }
  ]
}