{
  "set_id": 9,
  "inst_id": 5,
  "vehicles": {
    "CT": {
      "count": 32,
      "capacity": 1500,
      "fixed_cost": 1500,
      "unit_cost_factor": 1.2
    },
    "UV": {
      "count": 64,
      "capacity": 500,
      "fixed_cost": 500,
      "unit_cost_factor": 1.1
    }
  },
  "P": 3,
  "item_weights": [
    15,
    15,
    10
  ],
  "inventory_ratio": 1.3,
  "FCs": [
    {
      "id": "FC1",
      "x": 25,
      "y": 25,
      "time_window": [
        0.0,
        3000.0
      ],
      "inventory": [
        156,
        167,
        183
      ]
    },
    {
      "id": "FC2",
      "x": 25,
      "y": 75,
      "time_window": [
        0.0,
        3000.0
      ],
      "inventory": [
        166,
        168,
        164
      ]
    },
    {
      "id": "FC3",
      "x": 75,
      "y": 25,
      "time_window": [
        0.0,
        3000.0
      ],
      "inventory": [
        148,
        160,
        183
      ]
    },
    {
      "id": "FC4",
      "x": 75,
      "y": 75,
      "time_window": [
        0.0,
        3000.0
      ],
      "inventory": [
        140,
        166,
        137
      ]
    }
  ],
  "DCs": [
    {
      "id": "DC1",
      "x": 47.6,
      "y": 56.45,
      "time_window": [
        300.0,
        2700.0
      ]
    },
    {
      "id": "DC2",
      "x": 85.55,
      "y": 43.72,
      "time_window": [
        300.0,
        2700.0
      ]
    },
    {
      "id": "DC3",
      "x": 64.53,
      "y": 20.29,
      "time_window": [
        300.0,
        2700.0
      ]
    },
    {
      "id": "DC4",
      "x": 57.63,
      "y": 34.43,
      "time_window": [
        300.0,
        2700.0
      ]
    },
    {
      "id": "DC5",
      "x": 86.77,
      "y": 93.21,
      "time_window": [
        300.0,
        2700.0
      ]
    },
    {
      "id": "DC6",
      "x": 93.09,
      "y": 50.63,
      "time_window": [
        300.0,
        2700.0
      ]
    },
    {
      "id": "DC7",
      "x": 76.57,
      "y": 39.18,
      "time_window": [
        300.0,
        2700.0
      ]
    },
    {
      "id": "DC8",
      "x": 46.53,
      "y": 76.01,
      "time_window": [
        300.0,
        2700.0
      ]
    }
  ],
  "CDPs": [
    {
      "id": "CDP1",
      "x": 98.79,
      "y": 61.47,
      "time_window": [
        0.0,
        3000.0
      ],
      "capacity": 193
    },
    {
      "id": "CDP2",
      "x": 52.09,
      "y": 63.44,
      "time_window": [
        0.0,
        3000.0
      ],
      "capacity": 163
    },
    {
      "id": "CDP3",
      "x": 59.24,
      "y": 53.1,
      "time_window": [
        0.0,
        3000.0
      ],
      "capacity": 105
    },
    {
      "id": "CDP4",
      "x": 85.23,
      "y": 16.97,
      "time_window": [
        0.0,
        3000.0
      ],
      "capacity": 225
    },
    {
      "id": "CDP5",
      "x": 83.62,
      "y": 83.35,
      "time_window": [
        0.0,
        3000.0
      ],
      "capacity": 218
    },
    {
      "id": "CDP6",
      "x": 92.13,
      "y": 31.43,
      "time_window": [
        0.0,
        3000.0
      ],
      "capacity": 166
    },
    {
      "id": "CDP7",
      "x": 23.89,
      "y": 51.43,
      "time_window": [
        0.0,
        3000.0
      ],
      "capacity": 134
    },
    {
      "id": "CDP8",
      "x": 92.74,
      "y": 71.11,
      "time_window": [
        0.0,
        3000.0
      ],
      "capacity": 134
    },
    {
      "id": "CDP9",
      "x": 94.4,
      "y": 58.44,
      "time_window": [
        0.0,
        3000.0
      ],
      "capacity": 185
    },
    {
      "id": "CDP10",
      "x": 38.58,
      "y": 24.9,
      "time_window": [
        0.0,
        3000.0
      ],
      "capacity": 123
    },
    {
      "id": "CDP11",
      "x": 10.83,
      "y": 2.69,
      "time_window": [
        0.0,
        3000.0
      ],
      "capacity": 296
    },
    {
      "id": "CDP12",
      "x": 69.4,
      "y": 41.35,
      "time_window": [
        0.0,
        3000.0
      ],
      "capacity": 209
    },
    {
      "id": "CDP13",
      "x": 94.5,
      "y": 31.17,
      "time_window": [
        0.0,
        3000.0
      ],
      "capacity": 295
    },
    {
      "id": "CDP14",
      "x": 0.65,
      "y": 29.14,
      "time_window": [
        0.0,
        3000.0
      ],
      "capacity": 120
    },
    {
      "id": "CDP15",
      "x": 38.84,
      "y": 18.89,
      "time_window": [
        0.0,
        3000.0
      ],
      "capacity": 117
    },
    {
      "id": "CDP16",
      "x": 48.53,
      "y": 58.89,
      "time_window": [
        0.0,
        3000.0
      ],
      "capacity": 222
    },
    {
      "id": "CDP17",
      "x": 41.72,
      "y": 97.39,
      "time_window": [
        0.0,
        3000.0
      ],
      "capacity": 183
    },
    {
      "id": "CDP18",
      "x": 22.09,
      "y": 29.93,
      "time_window": [
        0.0,
        3000.0
      ],
      "capacity": 275
    },
    {
      "id": "CDP19",
      "x": 63.9,
      "y": 87.83,
      "time_window": [
        0.0,
        3000.0
      ],
      "capacity": 160
    },
    {
      "id": "CDP20",
      "x": 12.77,
      "y": 39.79,
      "time_window": [
        0.0,
        3000.0
      ],
      "capacity": 176
    },
    {
      "id": "CDP21",
      "x": 46.22,
      "y": 61.84,
      "time_window": [
        0.0,
        3000.0
      ],
      "capacity": 103
    },
    {
      "id": "CDP22",
      "x": 18.74,
      "y": 70.43,
      "time_window": [
        0.0,
        3000.0
      ],
      "capacity": 154
    },
    {
      "id": "CDP23",
      "x": 57.77,
      "y": 96.8,
      "time_window": [
        0.0,
        3000.0
      ],
      "capacity": 261
    },
    {
      "id": "CDP24",
      "x": 94.83,
      "y": 19.9,
      "time_window": [
        0.0,
        3000.0
      ],
      "capacity": 196
    },
    {
      "id": "CDP25",
      "x": 16.73,
      "y": 75.4,
      "time_window": [
        0.0,
        3000.0
      ],
      "capacity": 261
    },
    {
      "id": "CDP26",
      "x": 83.86,
      "y": 10.11,
      "time_window": [
        0.0,
        3000.0
      ],
      "capacity": 221
    },
    {
      "id": "CDP27",
      "x": 1.33,
      "y": 5.46,
      "time_window": [
        0.0,
        3000.0
      ],
      "capacity": 214
    },
    {
      "id": "CDP28",
      "x": 63.07,
      "y": 58.5,
      "time_window": [
        0.0,
        3000.0
      ],
      "capacity": 130
    },
    {
      "id": "CDP29",
      "x": 54.01,
      "y": 30.47,
      "time_window": [
        0.0,
        3000.0
      ],
      "capacity": 103
    },
    {
      "id": "CDP30",
      "x": 64.29,
      "y": 99.16,
      "time_window": [
        0.0,
        3000.0
      ],
      "capacity": 134
    },
    {
      "id": "CDP31",
      "x": 89.89,
      "y": 54.28,
      "time_window": [
        0.0,
        3000.0
      ],
      "capacity": 185
    },
    {
      "id": "CDP32",
      "x": 18.96,
      "y": 0.39,
      "time_window": [
        0.0,
        3000.0
      ],
      "capacity": 289
    },
    {
      "id": "CDP33",
      "x": 88.98,
      "y": 57.84,
      "time_window": [
        0.0,
        3000.0
      ],
      "capacity": 128
    },
    {
      "id": "CDP34",
      "x": 9.02,
      "y": 2.66,
      "time_window": [
        0.0,
        3000.0
      ],
      "capacity": 267
    },
    {
      "id": "CDP35",
      "x": 99.63,
      "y": 93.41,
      "time_window": [
        0.0,
        3000.0
      ],
      "capacity": 195
    },
    {
      "id": "CDP36",
      "x": 33.74,
      "y": 87.77,
      "time_window": [
        0.0,
        3000.0
      ],
      "capacity": 178
    },
    {
      "id": "CDP37",
      "x": 2.24,
      "y": 25.61,
      "time_window": [
        0.0,
        3000.0
      ],
      "capacity": 206
    },
    {
      "id": "CDP38",
      "x": 29.24,
      "y": 69.76,
      "time_window": [
        0.0,
        3000.0
      ],
      "capacity": 114
    },
    {
      "id": "CDP39",
      "x": 47.38,
      "y": 50.97,
      "time_window": [
        0.0,
        3000.0
      ],
      "capacity": 153
    },
    {
      "id": "CDP40",
      "x": 66.2,
      "y": 67.5,
      "time_window": [
        0.0,
        3000.0
      ],
      "capacity": 136
    },
    {
      "id": "CDP41",
      "x": 81.9,
      "y": 71.12,
      "time_window": [
        0.0,
        3000.0
      ],
      "capacity": 214
    },
    {
      "id": "CDP42",
      "x": 82.67,
      "y": 87.44,
      "time_window": [
        0.0,
        3000.0
      ],
      "capacity": 264
    },
    {
      "id": "CDP43",
      "x": 22.27,
      "y": 89.82,
      "time_window": [
        0.0,
        3000.0
      ],
      "capacity": 276
    },
    {
      "id": "CDP44",
      "x": 26.57,
      "y": 96.17,
      "time_window": [
        0.0,
        3000.0
      ],
      "capacity": 233
    },
    {
      "id": "CDP45",
      "x": 17.18,
      "y": 59.88,
      "time_window": [
        0.0,
        3000.0
      ],
      "capacity": 166
    },
    {
      "id": "CDP46",
      "x": 48.33,
      "y": 2.43,
      "time_window": [
        0.0,
        3000.0
      ],
      "capacity": 205
    },
    {
      "id": "CDP47",
      "x": 97.01,
      "y": 1.83,
      "time_window": [
        0.0,
        3000.0
      ],
      "capacity": 177
    },
    {
      "id": "CDP48",
      "x": 98.05,
      "y": 3.38,
      "time_window": [
        0.0,
        3000.0
      ],
      "capacity": 205
    },
    {
      "id": "CDP49",
      "x": 59.5,
      "y": 8.15,
      "time_window": [
        0.0,
        3000.0
      ],
      "capacity": 184
    },
    {
      "id": "CDP50",
      "x": 82.33,
      "y": 9.02,
      "time_window": [
        0.0,
        3000.0
      ],
      "capacity": 174
    },
    {
      "id": "CDP51",
      "x": 4.41,
      "y": 28.09,
      "time_window": [
        0.0,
        3000.0
      ],
      "capacity": 120
    },
    {
      "id": "CDP52",
      "x": 13.93,
      "y": 42.53,
      "time_window": [
        0.0,
        3000.0
      ],
      "capacity": 270
    },
    {
      "id": "CDP53",
      "x": 91.61,
      "y": 66.31,
      "time_window": [
        0.0,
        3000.0
      ],
      "capacity": 245
    },
    {
      "id": "CDP54",
      "x": 42.68,
      "y": 33.05,
      "time_window": [
        0.0,
        3000.0
      ],
      "capacity": 174
    },
    {
      "id": "CDP55",
      "x": 44.67,
      "y": 49.99,
      "time_window": [
        0.0,
        3000.0
      ],
      "capacity": 143
    },
    {
      "id": "CDP56",
      "x": 80.89,
      "y": 65.12,
      "time_window": [
        0.0,
        3000.0
      ],
      "capacity": 216
    },
    {
      "id": "CDP57",
      "x": 76.07,
      "y": 61.14,
      "time_window": [
        0.0,
        3000.0
      ],
      "capacity": 178
    },
    {
      "id": "CDP58",
      "x": 0.32,
      "y": 76.85,
      "time_window": [
        0.0,
        3000.0
      ],
      "capacity": 152
    },
    {
      "id": "CDP59",
      "x": 96.9,
      "y": 28.65,
      "time_window": [
        0.0,
        3000.0
      ],
      "capacity": 208
    },
    {
      "id": "CDP60",
      "x": 19.81,
      "y": 95.74,
      "time_window": [
        0.0,
        3000.0
      ],
      "capacity": 172
    },
    {
      "id": "CDP61",
      "x": 51.28,
      "y": 34.38,
      "time_window": [
        0.0,
        3000.0
      ],
      "capacity": 251
    },
    {
      "id": "CDP62",
      "x": 94.66,
      "y": 81.31,
      "time_window": [
        0.0,
        3000.0
      ],
      "capacity": 127
    },
    {
      "id": "CDP63",
      "x": 11.54,
      "y": 94.1,
      "time_window": [
        0.0,
        3000.0
      ],
      "capacity": 205
    },
    {
      "id": "CDP64",
      "x": 71.83,
      "y": 27.62,
      "time_window": [
        0.0,
        3000.0
      ],
      "capacity": 242
    },
    {
      "id": "CDP65",
      "x": 94.02,
      "y": 1.01,
      "time_window": [
        0.0,
        3000.0
      ],
      "capacity": 247
    },
    {
      "id": "CDP66",
      "x": 24.21,
      "y": 81.06,
      "time_window": [
        0.0,
        3000.0
      ],
      "capacity": 120
    },
    {
      "id": "CDP67",
      "x": 18.17,
      "y": 8.24,
      "time_window": [
        0.0,
        3000.0
      ],
      "capacity": 166
    },
    {
      "id": "CDP68",
      "x": 40.64,
      "y": 39.05,
      "time_window": [
        0.0,
        3000.0
      ],
      "capacity": 199
    },
    {
      "id": "CDP69",
      "x": 64.15,
      "y": 51.06,
      "time_window": [
        0.0,
        3000.0
      ],
      "capacity": 214
    },
    {
      "id": "CDP70",
      "x": 91.46,
      "y": 80.22,
      "time_window": [
        0.0,
        3000.0
      ],
      "capacity": 260
    },
    {
      "id": "CDP71",
      "x": 50.37,
      "y": 96.18,
      "time_window": [
        0.0,
        3000.0
      ],
      "capacity": 205
    },
    {
      "id": "CDP72",
      "x": 92.87,
      "y": 3.2,
      "time_window": [
        0.0,
        3000.0
      ],
      "capacity": 235
    },
    {
      "id": "CDP73",
      "x": 91.17,
      "y": 72.7,
      "time_window": [
        0.0,
        3000.0
      ],
      "capacity": 295
    },
    {
      "id": "CDP74",
      "x": 60.11,
      "y": 11.26,
      "time_window": [
        0.0,
        3000.0
      ],
      "capacity": 219
    },
    {
      "id": "CDP75",
      "x": 34.14,
      "y": 46.7,
      "time_window": [
        0.0,
        3000.0
      ],
      "capacity": 297
    },
    {
      "id": "CDP76",
      "x": 61.92,
      "y": 14.75,
      "time_window": [
        0.0,
        3000.0
      ],
      "capacity": 247
    },
    {
      "id": "CDP77",
      "x": 71.3,
      "y": 3.35,
      "time_window": [
        0.0,
        3000.0
      ],
      "capacity": 228
    },
    {
      "id": "CDP78",
      "x": 23.77,
      "y": 81.01,
      "time_window": [
        0.0,
        3000.0
      ],
      "capacity": 258
    },
    {
      "id": "CDP79",
      "x": 59.71,
      "y": 17.93,
      "time_window": [
        0.0,
        3000.0
      ],
      "capacity": 105
    },
    {
      "id": "CDP80",
      "x": 10.37,
      "y": 77.02,
      "time_window": [
        0.0,
        3000.0
      ],
      "capacity": 256
    },
    {
      "id": "CDP81",
      "x": 58.19,
      "y": 62.22,
      "time_window": [
        0.0,
        3000.0
      ],
      "capacity": 164
    },
    {
      "id": "CDP82",
      "x": 54.36,
      "y": 93.66,
      "time_window": [
        0.0,
        3000.0
      ],
      "capacity": 117
    },
    {
      "id": "CDP83",
      "x": 40.24,
      "y": 44.13,
      "time_window": [
        0.0,
        3000.0
      ],
      "capacity": 235
    },
    {
      "id": "CDP84",
      "x": 52.0,
      "y": 67.98,
      "time_window": [
        0.0,
        3000.0
      ],
      "capacity": 107
    },
    {
      "id": "CDP85",
      "x": 47.41,
      "y": 30.3,
      "time_window": [
        0.0,
        3000.0
      ],
      "capacity": 258
    },
    {
      "id": "CDP86",
      "x": 40.73,
      "y": 87.71,
      "time_window": [
        0.0,
        3000.0
      ],
      "capacity": 251
    },
    {
      "id": "CDP87",
      "x": 0.24,
      "y": 86.08,
      "time_window": [
        0.0,
        3000.0
      ],
      "capacity": 166
    },
    {
      "id": "CDP88",
      "x": 92.01,
      "y": 54.08,
      "time_window": [
        0.0,
        3000.0
      ],
      "capacity": 178
    },
    {
      "id": "CDP89",
      "x": 51.74,
      "y": 4.27,
      "time_window": [
        0.0,
        3000.0
      ],
      "capacity": 133
    },
    {
      "id": "CDP90",
      "x": 3.59,
      "y": 14.76,
      "time_window": [
        0.0,
        3000.0
      ],
      "capacity": 192
    },
    {
      "id": "CDP91",
      "x": 39.45,
      "y": 90.32,
      "time_window": [
        0.0,
        3000.0
      ],
      "capacity": 104
    },
    {
      "id": "CDP92",
      "x": 28.77,
      "y": 12.18,
      "time_window": [
        0.0,
        3000.0
      ],
      "capacity": 161
    },
    {
      "id": "CDP93",
      "x": 6.98,
      "y": 55.23,
      "time_window": [
        0.0,
        3000.0
      ],
      "capacity": 208
    },
    {
      "id": "CDP94",
      "x": 99.45,
      "y": 12.63,
      "time_window": [
        0.0,
        3000.0
      ],
      "capacity": 288
    },
    {
      "id": "CDP95",
      "x": 41.04,
      "y": 42.69,
      "time_window": [
        0.0,
        3000.0
      ],
      "capacity": 270
    },
    {
      "id": "CDP96",
      "x": 74.28,
      "y": 95.11,
      "time_window": [
        0.0,
        3000.0
      ],
      "capacity": 188
    },
    {
      "id": "CDP97",
      "x": 80.97,
      "y": 77.65,
      "time_window": [
        0.0,
        3000.0
      ],
      "capacity": 150
    },
    {
      "id": "CDP98",
      "x": 52.14,
      "y": 18.5,
      "time_window": [
        0.0,
        3000.0
      ],
      "capacity": 265
    },
    {
      "id": "CDP99",
      "x": 11.8,
      "y": 36.37,
      "time_window": [
        0.0,
        3000.0
      ],
      "capacity": 108
    },
    {
      "id": "CDP100",
      "x": 10.77,
      "y": 71.98,
      "time_window": [
        0.0,
        3000.0
      ],
      "capacity": 116
    }
  ],
  "Customers": [
    {
      "id": "C1",
      "x": 63.26,
      "y": 30.66,
      "time_window": [
        450.0,
        1037.18
      ],
      "demand": [
        3,
        1,
        2
      ]
    },
    {
      "id": "C2",
      "x": 99.21,
      "y": 13.39,
      "time_window": [
        450.0,
        1107.89
      ],
      "demand": [
        1,
        4,
        4
      ]
    },
    {
      "id": "C3",
      "x": 95.4,
      "y": 5.06,
      "time_window": [
        450.0,
        2167.76
      ],
      "demand": [
        4,
        1,
        3
      ]
    },
    {
      "id": "C4",
      "x": 45.0,
      "y": 52.83,
      "time_window": [
        450.0,
        2550
      ],
      "demand": [
        1,
        4,
        4
      ]
    },
    {
      "id": "C5",
      "x": 38.43,
      "y": 66.07,
      "time_window": [
        450.0,
        1946.99
      ],
      "demand": [
        2,
        2,
        1
      ]
    },
    {
      "id": "C6",
      "x": 70.49,
      "y": 29.99,
      "time_window": [
        450.0,
        2369.19
      ],
      "demand": [
        4,
        4,
        1
      ]
    },
    {
      "id": "C7",
      "x": 38.54,
      "y": 42.42,
      "time_window": [
        450.0,
        2489.49
      ],
      "demand": [
        3,
        3,
        4
      ]
    },
    {
      "id": "C8",
      "x": 10.23,
      "y": 4.63,
      "time_window": [
        450.0,
        2517.63
      ],
      "demand": [
        3,
        2,
        3
      ]
    },
    {
      "id": "C9",
      "x": 71.08,
      "y": 50.24,
      "time_window": [
        450.0,
        1073.04
      ],
      "demand": [
        4,
        4,
        2
      ]
    },
    {
      "id": "C10",
      "x": 16.85,
      "y": 84.94,
      "time_window": [
        450.0,
        1217.05
      ],
      "demand": [
        2,
        2,
        3
      ]
    },
    {
      "id": "C11",
      "x": 46.9,
      "y": 61.37,
      "time_window": [
        450.0,
        2193.76
      ],
      "demand": [
        4,
        2,
        1
      ]
    },
    {
      "id": "C12",
      "x": 8.47,
      "y": 81.14,
      "time_window": [
        450.0,
        1153.01
      ],
      "demand": [
        2,
        1,
        3
      ]
    },
    {
      "id": "C13",
      "x": 18.91,
      "y": 78.77,
      "time_window": [
        450.0,
        2228.12
      ],
      "demand": [
        1,
        3,
        4
      ]
    },
    {
      "id": "C14",
      "x": 65.66,
      "y": 32.19,
      "time_window": [
        450.0,
        1656.12
      ],
      "demand": [
        2,
        2,
        3
      ]
    },
    {
      "id": "C15",
      "x": 30.15,
      "y": 69.59,
      "time_window": [
        450.0,
        1551.2
      ],
      "demand": [
        1,
        4,
        1
      ]
    },
    {
      "id": "C16",
      "x": 64.32,
      "y": 58.6,
      "time_window": [
        450.0,
        1308.73
      ],
      "demand": [
        4,
        4,
        1
      ]
    },
    {
      "id": "C17",
      "x": 52.53,
      "y": 32.82,
      "time_window": [
        450.0,
        1355.52
      ],
      "demand": [
        2,
        1,
        3
      ]
    },
    {
      "id": "C18",
      "x": 62.6,
      "y": 51.79,
      "time_window": [
        450.0,
        1560.16
      ],
      "demand": [
        4,
        1,
        3
      ]
    },
    {
      "id": "C19",
      "x": 34.01,
      "y": 58.91,
      "time_window": [
        450.0,
        2332.72
      ],
      "demand": [
        2,
        2,
        1
      ]
    },
    {
      "id": "C20",
      "x": 70.41,
      "y": 38.51,
      "time_window": [
        450.0,
        1561.02
      ],
      "demand": [
        2,
        3,
        4
      ]
    },
    {
      "id": "C21",
      "x": 76.49,
      "y": 98.9,
      "time_window": [
        450.0,
        1888.37
      ],
      "demand": [
        3,
        3,
        2
      ]
    },
    {
      "id": "C22",
      "x": 36.35,
      "y": 49.94,
      "time_window": [
        450.0,
        1988.11
      ],
      "demand": [
        1,
        1,
        4
      ]
    },
    {
      "id": "C23",
      "x": 99.1,
      "y": 5.67,
      "time_window": [
        450.0,
        2100.77
      ],
      "demand": [
        4,
        2,
        1
      ]
    },
    {
      "id": "C24",
      "x": 74.59,
      "y": 48.39,
      "time_window": [
        450.0,
        1446.9
      ],
      "demand": [
        1,
        3,
        4
      ]
    },
    {
      "id": "C25",
      "x": 71.77,
      "y": 44.35,
      "time_window": [
        450.0,
        2105.16
      ],
      "demand": [
        3,
        4,
        2
      ]
    },
    {
      "id": "C26",
      "x": 10.97,
      "y": 0.98,
      "time_window": [
        450.0,
        1439.28
      ],
      "demand": [
        3,
        4,
        1
      ]
    },
    {
      "id": "C27",
      "x": 95.22,
      "y": 83.54,
      "time_window": [
        450.0,
        1711.68
      ],
      "demand": [
        3,
        1,
        1
      ]
    },
    {
      "id": "C28",
      "x": 67.06,
      "y": 53.43,
      "time_window": [
        450.0,
        1171.11
      ],
      "demand": [
        1,
        4,
        1
      ]
    },
    {
      "id": "C29",
      "x": 66.04,
      "y": 66.78,
      "time_window": [
        450.0,
        2504.65
      ],
      "demand": [
        4,
        1,
        2
      ]
    },
    {
      "id": "C30",
      "x": 41.59,
      "y": 61.35,
      "time_window": [
        450.0,
        2528.62
      ],
      "demand": [
        3,
        4,
        2
      ]
    },
    {
      "id": "C31",
      "x": 34.63,
      "y": 33.21,
      "time_window": [
        450.0,
        1029.2
      ],
      "demand": [
        3,
        3,
        2
      ]
    },
    {
      "id": "C32",
      "x": 30.48,
      "y": 51.77,
      "time_window": [
        450.0,
        1160.26
      ],
      "demand": [
        1,
        4,
        2
      ]
    },
    {
      "id": "C33",
      "x": 83.62,
      "y": 97.03,
      "time_window": [
        450.0,
        1272.03
      ],
      "demand": [
        1,
        1,
        3
      ]
    },
    {
      "id": "C34",
      "x": 50.88,
      "y": 70.45,
      "time_window": [
        450.0,
        2227.06
      ],
      "demand": [
        1,
        3,
        3
      ]
    },
    {
      "id": "C35",
      "x": 10.54,
      "y": 75.29,
      "time_window": [
        450.0,
        2051.37
      ],
      "demand": [
        1,
        2,
        4
      ]
    },
    {
      "id": "C36",
      "x": 56.15,
      "y": 40.05,
      "time_window": [
        450.0,
        2459.98
      ],
      "demand": [
        1,
        2,
        2
      ]
    },
    {
      "id": "C37",
      "x": 69.56,
      "y": 56.79,
      "time_window": [
        450.0,
        1477.44
      ],
      "demand": [
        1,
        4,
        1
      ]
    },
    {
      "id": "C38",
      "x": 35.72,
      "y": 26.08,
      "time_window": [
        450.0,
        2415.69
      ],
      "demand": [
        2,
        2,
        4
      ]
    },
    {
      "id": "C39",
      "x": 7.48,
      "y": 79.43,
      "time_window": [
        450.0,
        1099.56
      ],
      "demand": [
        2,
        2,
        1
      ]
    },
    {
      "id": "C40",
      "x": 62.38,
      "y": 67.89,
      "time_window": [
        450.0,
        2082.33
      ],
      "demand": [
        1,
        3,
        1
      ]
    },
    {
      "id": "C41",
      "x": 51.1,
      "y": 27.76,
      "time_window": [
        450.0,
        972.7
      ],
      "demand": [
        2,
        4,
        4
      ]
    },
    {
      "id": "C42",
      "x": 69.02,
      "y": 53.33,
      "time_window": [
        450.0,
        1348.08
      ],
      "demand": [
        1,
        2,
        4
      ]
    },
    {
      "id": "C43",
      "x": 91.33,
      "y": 7.57,
      "time_window": [
        450.0,
        1519.22
      ],
      "demand": [
        2,
        2,
        1
      ]
    },
    {
      "id": "C44",
      "x": 61.26,
      "y": 49.9,
      "time_window": [
        450.0,
        2510.82
      ],
      "demand": [
        3,
        2,
        4
      ]
    },
    {
      "id": "C45",
      "x": 69.99,
      "y": 33.98,
      "time_window": [
        450.0,
        1307.84
      ],
      "demand": [
        2,
        2,
        3
      ]
    },
    {
      "id": "C46",
      "x": 89.23,
      "y": 22.6,
      "time_window": [
        450.0,
        2008.14
      ],
      "demand": [
        1,
        2,
        3
      ]
    },
    {
      "id": "C47",
      "x": 78.37,
      "y": 76.72,
      "time_window": [
        450.0,
        1692.18
      ],
      "demand": [
        3,
        2,
        4
      ]
    },
    {
      "id": "C48",
      "x": 87.6,
      "y": 76.13,
      "time_window": [
        450.0,
        1106.44
      ],
      "demand": [
        4,
        3,
        3
      ]
    },
    {
      "id": "C49",
      "x": 54.85,
      "y": 68.22,
      "time_window": [
        450.0,
        2144.82
      ],
      "demand": [
        4,
        3,
        2
      ]
    },
    {
      "id": "C50",
      "x": 51.83,
      "y": 64.1,
      "time_window": [
        450.0,
        2171.68
      ],
      "demand": [
        3,
        3,
        3
      ]
    },
    {
      "id": "C51",
      "x": 59.7,
      "y": 36.38,
      "time_window": [
        450.0,
        2550
      ],
      "demand": [
        1,
        3,
        3
      ]
    },
    {
      "id": "C52",
      "x": 93.61,
      "y": 89.94,
      "time_window": [
        450.0,
        1139.06
      ],
      "demand": [
        1,
        2,
        2
      ]
    },
    {
      "id": "C53",
      "x": 77.21,
      "y": 93.43,
      "time_window": [
        450.0,
        2539.66
      ],
      "demand": [
        1,
        3,
        1
      ]
    },
    {
      "id": "C54",
      "x": 36.65,
      "y": 31.24,
      "time_window": [
        450.0,
        1985.18
      ],
      "demand": [
        2,
        3,
        4
      ]
    },
    {
      "id": "C55",
      "x": 75.76,
      "y": 7.63,
      "time_window": [
        450.0,
        2327.04
      ],
      "demand": [
        4,
        4,
        4
      ]
    },
    {
      "id": "C56",
      "x": 80.57,
      "y": 13.4,
      "time_window": [
        450.0,
        1960.47
      ],
      "demand": [
        2,
        4,
        1
      ]
    },
    {
      "id": "C57",
      "x": 46.44,
      "y": 44.08,
      "time_window": [
        450.0,
        1718.76
      ],
      "demand": [
        4,
        1,
        4
      ]
    },
    {
      "id": "C58",
      "x": 90.45,
      "y": 96.93,
      "time_window": [
        450.0,
        2226.9
      ],
      "demand": [
        2,
        1,
        4
      ]
    },
    {
      "id": "C59",
      "x": 19.77,
      "y": 97.64,
      "time_window": [
        450.0,
        2216.57
      ],
      "demand": [
        1,
        3,
        2
      ]
    },
    {
      "id": "C60",
      "x": 55.41,
      "y": 32.27,
      "time_window": [
        450.0,
        1462.55
      ],
      "demand": [
        1,
        4,
        3
      ]
    },
    {
      "id": "C61",
      "x": 61.54,
      "y": 72.21,
      "time_window": [
        450.0,
        1288.38
      ],
      "demand": [
        1,
        3,
        4
      ]
    },
    {
      "id": "C62",
      "x": 70.76,
      "y": 45.86,
      "time_window": [
        450.0,
        1046.19
      ],
      "demand": [
        4,
        4,
        1
      ]
    },
    {
      "id": "C63",
      "x": 10.08,
      "y": 91.16,
      "time_window": [
        450.0,
        2323.26
      ],
      "demand": [
        4,
        3,
        3
      ]
    },
    {
      "id": "C64",
      "x": 86.36,
      "y": 77.12,
      "time_window": [
        450.0,
        979.01
      ],
      "demand": [
        2,
        2,
        4
      ]
    },
    {
      "id": "C65",
      "x": 56.18,
      "y": 25.75,
      "time_window": [
        450.0,
        2238.72
      ],
      "demand": [
        1,
        2,
        2
      ]
    },
    {
      "id": "C66",
      "x": 68.52,
      "y": 31.89,
      "time_window": [
        450.0,
        1721.48
      ],
      "demand": [
        1,
        3,
        2
      ]
    },
    {
      "id": "C67",
      "x": 7.05,
      "y": 85.04,
      "time_window": [
        450.0,
        1724.1
      ],
      "demand": [
        4,
        2,
        1
      ]
    },
    {
      "id": "C68",
      "x": 26.1,
      "y": 30.31,
      "time_window": [
        450.0,
        1732.97
      ],
      "demand": [
        3,
        3,
        4
      ]
    },
    {
      "id": "C69",
      "x": 67.53,
      "y": 26.92,
      "time_window": [
        450.0,
        2463.04
      ],
      "demand": [
        2,
        3,
        2
      ]
    },
    {
      "id": "C70",
      "x": 91.67,
      "y": 15.49,
      "time_window": [
        450.0,
        1144.19
      ],
      "demand": [
        3,
        1,
        3
      ]
    },
    {
      "id": "C71",
      "x": 74.28,
      "y": 32.89,
      "time_window": [
        450.0,
        2475.21
      ],
      "demand": [
        1,
        3,
        3
      ]
    },
    {
      "id": "C72",
      "x": 37.78,
      "y": 51.13,
      "time_window": [
        450.0,
        1663.79
      ],
      "demand": [
        3,
        3,
        3
      ]
    },
    {
      "id": "C73",
      "x": 76.73,
      "y": 8.34,
      "time_window": [
        450.0,
        2214.85
      ],
      "demand": [
        4,
        1,
        3
      ]
    },
    {
      "id": "C74",
      "x": 51.32,
      "y": 59.33,
      "time_window": [
        450.0,
        2126.63
      ],
      "demand": [
        2,
        4,
        2
      ]
    },
    {
      "id": "C75",
      "x": 46.86,
      "y": 27.82,
      "time_window": [
        450.0,
        1030.98
      ],
      "demand": [
        1,
        1,
        1
      ]
    },
    {
      "id": "C76",
      "x": 46.28,
      "y": 59.21,
      "time_window": [
        450.0,
        2485.62
      ],
      "demand": [
        4,
        4,
        1
      ]
    },
    {
      "id": "C77",
      "x": 43.39,
      "y": 74.9,
      "time_window": [
        450.0,
        2114.44
      ],
      "demand": [
        3,
        1,
        4
      ]
    },
    {
      "id": "C78",
      "x": 54.3,
      "y": 45.07,
      "time_window": [
        450.0,
        2070.37
      ],
      "demand": [
        4,
        1,
        4
      ]
    },
    {
      "id": "C79",
      "x": 83.55,
      "y": 76.71,
      "time_window": [
        450.0,
        1803.72
      ],
      "demand": [
        2,
        2,
        4
      ]
    },
    {
      "id": "C80",
      "x": 15.34,
      "y": 87.74,
      "time_window": [
        450.0,
        1750.27
      ],
      "demand": [
        1,
        1,
        2
      ]
    },
    {
      "id": "C81",
      "x": 78.3,
      "y": 94.3,
      "time_window": [
        450.0,
        1779.99
      ],
      "demand": [
        3,
        2,
        4
      ]
    },
    {
      "id": "C82",
      "x": 19.95,
      "y": 94.08,
      "time_window": [
        450.0,
        1020.45
      ],
      "demand": [
        2,
        3,
        4
      ]
    },
    {
      "id": "C83",
      "x": 21.69,
      "y": 7.42,
      "time_window": [
        450.0,
        1512.67
      ],
      "demand": [
        4,
        4,
        2
      ]
    },
    {
      "id": "C84",
      "x": 62.05,
      "y": 31.35,
      "time_window": [
        450.0,
        1065.03
      ],
      "demand": [
        3,
        1,
        4
      ]
    },
    {
      "id": "C85",
      "x": 79.43,
      "y": 98.32,
      "time_window": [
        450.0,
        1704.29
      ],
      "demand": [
        3,
        3,
        4
      ]
    },
    {
      "id": "C86",
      "x": 47.82,
      "y": 70.11,
      "time_window": [
        450.0,
        1577.3
      ],
      "demand": [
        1,
        3,
        4
      ]
    },
    {
      "id": "C87",
      "x": 52.82,
      "y": 33.12,
      "time_window": [
        450.0,
        2306.46
      ],
      "demand": [
        3,
        3,
        3
      ]
    },
    {
      "id": "C88",
      "x": 74.71,
      "y": 68.39,
      "time_window": [
        450.0,
        987.35
      ],
      "demand": [
        1,
        2,
        2
      ]
    },
    {
      "id": "C89",
      "x": 81.12,
      "y": 95.43,
      "time_window": [
        450.0,
        2550
      ],
      "demand": [
        3,
        2,
        3
      ]
    },
    {
      "id": "C90",
      "x": 87.91,
      "y": 94.34,
      "time_window": [
        450.0,
        1276.43
      ],
      "demand": [
        3,
        3,
        1
      ]
    },
    {
      "id": "C91",
      "x": 70.92,
      "y": 72.95,
      "time_window": [
        450.0,
        2067.47
      ],
      "demand": [
        2,
        4,
        4
      ]
    },
    {
      "id": "C92",
      "x": 55.36,
      "y": 69.23,
      "time_window": [
        450.0,
        2445.23
      ],
      "demand": [
        1,
        3,
        4
      ]
    },
    {
      "id": "C93",
      "x": 69.81,
      "y": 61.28,
      "time_window": [
        450.0,
        1902.17
      ],
      "demand": [
        4,
        2,
        3
      ]
    },
    {
      "id": "C94",
      "x": 50.11,
      "y": 66.86,
      "time_window": [
        450.0,
        1113.38
      ],
      "demand": [
        2,
        1,
        1
      ]
    },
    {
      "id": "C95",
      "x": 87.06,
      "y": 91.03,
      "time_window": [
        450.0,
        1224.98
      ],
      "demand": [
        1,
        3,
        2
      ]
    },
    {
      "id": "C96",
      "x": 82.44,
      "y": 75.32,
      "time_window": [
        450.0,
        1394.7
      ],
      "demand": [
        1,
        4,
        2
      ]
    },
    {
      "id": "C97",
      "x": 1.72,
      "y": 15.85,
      "time_window": [
        450.0,
        2550
      ],
      "demand": [
        3,
        2,
        3
      ]
    },
    {
      "id": "C98",
      "x": 69.32,
      "y": 61.01,
      "time_window": [
        450.0,
        1500.35
      ],
      "demand": [
        2,
        3,
        3
      ]
    },
    {
      "id": "C99",
      "x": 94.66,
      "y": 84.52,
      "time_window": [
        450.0,
        1692.87
      ],
      "demand": [
        3,
        1,
        3
      ]
    },
    {
      "id": "C100",
      "x": 95.93,
      "y": 16.63,
      "time_window": [
        450.0,
        1522.66
      ],
      "demand": [
        2,
        3,
        2
      ]
    },
    {
      "id": "C101",
      "x": 66.41,
      "y": 74.24,
      "time_window": [
        450.0,
        1113.18
      ],
      "demand": [
        1,
        1,
        2
      ]
    },
    {
      "id": "C102",
      "x": 47.38,
      "y": 60.16,
      "time_window": [
        450.0,
        2246.12
      ],
      "demand": [
        3,
        1,
        2
      ]
    },
    {
      "id": "C103",
      "x": 42.08,
      "y": 74.6,
      "time_window": [
        450.0,
        980.48
      ],
      "demand": [
        1,
        4,
        3
      ]
    },
    {
      "id": "C104",
      "x": 54.26,
      "y": 74.68,
      "time_window": [
        450.0,
        994.17
      ],
      "demand": [
        3,
        4,
        2
      ]
    },
    {
      "id": "C105",
      "x": 72.65,
      "y": 39.22,
      "time_window": [
        450.0,
        2310.56
      ],
      "demand": [
        1,
        1,
        1
      ]
    },
    {
      "id": "C106",
      "x": 85.94,
      "y": 99.2,
      "time_window": [
        450.0,
        1745.04
      ],
      "demand": [
        2,
        1,
        3
      ]
    },
    {
      "id": "C107",
      "x": 27.8,
      "y": 63.96,
      "time_window": [
        450.0,
        2532.51
      ],
      "demand": [
        2,
        3,
        1
      ]
    },
    {
      "id": "C108",
      "x": 62.17,
      "y": 25.92,
      "time_window": [
        450.0,
        2359.41
      ],
      "demand": [
        3,
        4,
        1
      ]
    },
    {
      "id": "C109",
      "x": 38.67,
      "y": 48.2,
      "time_window": [
        450.0,
        1334.97
      ],
      "demand": [
        2,
        3,
        1
      ]
    },
    {
      "id": "C110",
      "x": 51.85,
      "y": 52.73,
      "time_window": [
        450.0,
        2496.5
      ],
      "demand": [
        4,
        1,
        2
      ]
    },
    {
      "id": "C111",
      "x": 67.89,
      "y": 56.88,
      "time_window": [
        450.0,
        1221.73
      ],
      "demand": [
        1,
        2,
        2
      ]
    },
    {
      "id": "C112",
      "x": 34.65,
      "y": 50.23,
      "time_window": [
        450.0,
        1963.81
      ],
      "demand": [
        1,
        1,
        3
      ]
    },
    {
      "id": "C113",
      "x": 13.29,
      "y": 5.39,
      "time_window": [
        450.0,
        2221.51
      ],
      "demand": [
        4,
        4,
        3
      ]
    },
    {
      "id": "C114",
      "x": 54.37,
      "y": 32.56,
      "time_window": [
        450.0,
        1992.7
      ],
      "demand": [
        4,
        4,
        1
      ]
    },
    {
      "id": "C115",
      "x": 59.16,
      "y": 37.37,
      "time_window": [
        450.0,
        1436.78
      ],
      "demand": [
        1,
        2,
        2
      ]
    },
    {
      "id": "C116",
      "x": 63.4,
      "y": 43.06,
      "time_window": [
        450.0,
        1429.47
      ],
      "demand": [
        2,
        3,
        3
      ]
    },
    {
      "id": "C117",
      "x": 91.17,
      "y": 89.55,
      "time_window": [
        450.0,
        1707.78
      ],
      "demand": [
        3,
        2,
        1
      ]
    },
    {
      "id": "C118",
      "x": 46.09,
      "y": 68.33,
      "time_window": [
        450.0,
        1380.43
      ],
      "demand": [
        3,
        4,
        3
      ]
    },
    {
      "id": "C119",
      "x": 57.34,
      "y": 71.7,
      "time_window": [
        450.0,
        1878.66
      ],
      "demand": [
        2,
        1,
        3
      ]
    },
    {
      "id": "C120",
      "x": 4.45,
      "y": 81.12,
      "time_window": [
        450.0,
        2407.94
      ],
      "demand": [
        3,
        2,
        1
      ]
    },
    {
      "id": "C121",
      "x": 75.79,
      "y": 9.17,
      "time_window": [
        450.0,
        2550
      ],
      "demand": [
        4,
        1,
        1
      ]
    },
    {
      "id": "C122",
      "x": 14.9,
      "y": 16.87,
      "time_window": [
        450.0,
        1405.47
      ],
      "demand": [
        2,
        2,
        3
      ]
    },
    {
      "id": "C123",
      "x": 72.81,
      "y": 61.21,
      "time_window": [
        450.0,
        1947.57
      ],
      "demand": [
        1,
        4,
        4
      ]
    },
    {
      "id": "C124",
      "x": 61.64,
      "y": 59.08,
      "time_window": [
        450.0,
        2158.18
      ],
      "demand": [
        2,
        1,
        1
      ]
    },
    {
      "id": "C125",
      "x": 61.64,
      "y": 41.73,
      "time_window": [
        450.0,
        2037.44
      ],
      "demand": [
        3,
        3,
        4
      ]
    },
    {
      "id": "C126",
      "x": 99.14,
      "y": 12.73,
      "time_window": [
        450.0,
        1847.05
      ],
      "demand": [
        1,
        2,
        4
      ]
    },
    {
      "id": "C127",
      "x": 12.13,
      "y": 3.61,
      "time_window": [
        450.0,
        2260.5
      ],
      "demand": [
        3,
        2,
        2
      ]
    },
    {
      "id": "C128",
      "x": 86.94,
      "y": 0.32,
      "time_window": [
        450.0,
        2067.5
      ],
      "demand": [
        2,
        2,
        2
      ]
    },
    {
      "id": "C129",
      "x": 40.63,
      "y": 72.33,
      "time_window": [
        450.0,
        1480.35
      ],
      "demand": [
        1,
        4,
        2
      ]
    },
    {
      "id": "C130",
      "x": 28.5,
      "y": 69.99,
      "time_window": [
        450.0,
        1759.22
      ],
      "demand": [
        3,
        3,
        1
      ]
    },
    {
      "id": "C131",
      "x": 40.57,
      "y": 57.67,
      "time_window": [
        450.0,
        2461.59
      ],
      "demand": [
        4,
        3,
        3
      ]
    },
    {
      "id": "C132",
      "x": 97.18,
      "y": 21.47,
      "time_window": [
        450.0,
        2184.6
      ],
      "demand": [
        4,
        2,
        4
      ]
    },
    {
      "id": "C133",
      "x": 31.06,
      "y": 65.17,
      "time_window": [
        450.0,
        2536.25
      ],
      "demand": [
        3,
        1,
        1
      ]
    },
    {
      "id": "C134",
      "x": 33.77,
      "y": 72.32,
      "time_window": [
        450.0,
        2489.85
      ],
      "demand": [
        3,
        4,
        2
      ]
    },
    {
      "id": "C135",
      "x": 63.62,
      "y": 68.28,
      "time_window": [
        450.0,
        1056.29
      ],
      "demand": [
        1,
        1,
        1
      ]
    },
    {
      "id": "C136",
      "x": 35.49,
      "y": 73.67,
      "time_window": [
        450.0,
        987.23
      ],
      "demand": [
        4,
        3,
        3
      ]
    },
    {
      "id": "C137",
      "x": 59.15,
      "y": 33.23,
      "time_window": [
        450.0,
        1986.25
      ],
      "demand": [
        1,
        1,
        1
      ]
    },
    {
      "id": "C138",
      "x": 18.61,
      "y": 82.32,
      "time_window": [
        450.0,
        1794.84
      ],
      "demand": [
        1,
        4,
        2
      ]
    },
    {
      "id": "C139",
      "x": 54.04,
      "y": 55.66,
      "time_window": [
        450.0,
        2072.39
      ],
      "demand": [
        4,
        3,
        2
      ]
    },
    {
      "id": "C140",
      "x": 61.78,
      "y": 51.37,
      "time_window": [
        450.0,
        1678.06
      ],
      "demand": [
        2,
        1,
        4
      ]
    },
    {
      "id": "C141",
      "x": 90.96,
      "y": 13.76,
      "time_window": [
        450.0,
        2316.07
      ],
      "demand": [
        1,
        3,
        4
      ]
    },
    {
      "id": "C142",
      "x": 55.27,
      "y": 47.82,
      "time_window": [
        450.0,
        1039.66
      ],
      "demand": [
        3,
        2,
        2
      ]
    },
    {
      "id": "C143",
      "x": 45.28,
      "y": 27.48,
      "time_window": [
        450.0,
        1348.96
      ],
      "demand": [
        1,
        3,
        3
      ]
    },
    {
      "id": "C144",
      "x": 20.51,
      "y": 1.85,
      "time_window": [
        450.0,
        1490.53
      ],
      "demand": [
        3,
        3,
        2
      ]
    },
    {
      "id": "C145",
      "x": 94.94,
      "y": 79.33,
      "time_window": [
        450.0,
        1761.64
      ],
      "demand": [
        3,
        4,
        3
      ]
    },
    {
      "id": "C146",
      "x": 73.37,
      "y": 39.93,
      "time_window": [
        450.0,
        1055.12
      ],
      "demand": [
        4,
        1,
        4
      ]
    },
    {
      "id": "C147",
      "x": 5.71,
      "y": 99.45,
      "time_window": [
        450.0,
        1592.35
      ],
      "demand": [
        1,
        4,
        2
      ]
    },
    {
      "id": "C148",
      "x": 25.97,
      "y": 59.71,
      "time_window": [
        450.0,
        1019.33
      ],
      "demand": [
        1,
        4,
        2
      ]
    },
    {
      "id": "C149",
      "x": 50.26,
      "y": 48.09,
      "time_window": [
        450.0,
        1689.31
      ],
      "demand": [
        1,
        3,
        2
      ]
    },
    {
      "id": "C150",
      "x": 46.35,
      "y": 35.26,
      "time_window": [
        450.0,
        1303.06
      ],
      "demand": [
        4,
        2,
        3
      ]
    },
    {
      "id": "C151",
      "x": 22.57,
      "y": 2.51,
      "time_window": [
        450.0,
        2212.42
      ],
      "demand": [
        4,
        3,
        3
      ]
    },
    {
      "id": "C152",
      "x": 70.74,
      "y": 49.41,
      "time_window": [
        450.0,
        2367.53
      ],
      "demand": [
        3,
        1,
        2
      ]
    },
    {
      "id": "C153",
      "x": 17.89,
      "y": 77.79,
      "time_window": [
        450.0,
        1964.17
      ],
      "demand": [
        1,
        2,
        3
      ]
    },
    {
      "id": "C154",
      "x": 43.88,
      "y": 51.71,
      "time_window": [
        450.0,
        2419.24
      ],
      "demand": [
        1,
        2,
        1
      ]
    },
    {
      "id": "C155",
      "x": 30.78,
      "y": 47.94,
      "time_window": [
        450.0,
        2550
      ],
      "demand": [
        2,
        3,
        4
      ]
    },
    {
      "id": "C156",
      "x": 9.49,
      "y": 92.21,
      "time_window": [
        450.0,
        2550
      ],
      "demand": [
        3,
        1,
        4
      ]
    },
    {
      "id": "C157",
      "x": 39.48,
      "y": 54.32,
      "time_window": [
        450.0,
        1513.02
      ],
      "demand": [
        1,
        4,
        3
      ]
    },
    {
      "id": "C158",
      "x": 23.82,
      "y": 5.94,
      "time_window": [
        450.0,
        1311.28
      ],
      "demand": [
        3,
        4,
        3
      ]
    },
    {
      "id": "C159",
      "x": 70.28,
      "y": 33.38,
      "time_window": [
        450.0,
        1081.16
      ],
      "demand": [
        1,
        3,
        2
      ]
    },
    {
      "id": "C160",
      "x": 85.94,
      "y": 76.51,
      "time_window": [
        450.0,
        1538.08
      ],
      "demand": [
        2,
        2,
        4
      ]
    },
    {
      "id": "C161",
      "x": 60.19,
      "y": 60.73,
      "time_window": [
        450.0,
        1747.39
      ],
      "demand": [
        4,
        2,
        1
      ]
    },
    {
      "id": "C162",
      "x": 93.22,
      "y": 81.79,
      "time_window": [
        450.0,
        1408.4
      ],
      "demand": [
        2,
        4,
        4
      ]
    },
    {
      "id": "C163",
      "x": 87.3,
      "y": 20.79,
      "time_window": [
        450.0,
        1831.22
      ],
      "demand": [
        2,
        1,
        1
      ]
    },
    {
      "id": "C164",
      "x": 86.12,
      "y": 83.23,
      "time_window": [
        450.0,
        2234.15
      ],
      "demand": [
        3,
        1,
        2
      ]
    },
    {
      "id": "C165",
      "x": 57.25,
      "y": 52.91,
      "time_window": [
        450.0,
        1237.95
      ],
      "demand": [
        3,
        4,
        3
      ]
    },
    {
      "id": "C166",
      "x": 87.67,
      "y": 77.04,
      "time_window": [
        450.0,
        1714.26
      ],
      "demand": [
        2,
        1,
        4
      ]
    },
    {
      "id": "C167",
      "x": 13.31,
      "y": 6.18,
      "time_window": [
        450.0,
        1505.72
      ],
      "demand": [
        1,
        4,
        3
      ]
    },
    {
      "id": "C168",
      "x": 33.28,
      "y": 54.64,
      "time_window": [
        450.0,
        1840.41
      ],
      "demand": [
        2,
        3,
        2
      ]
    },
    {
      "id": "C169",
      "x": 28.64,
      "y": 64.05,
      "time_window": [
        450.0,
        2368.61
      ],
      "demand": [
        3,
        2,
        2
      ]
    },
    {
      "id": "C170",
      "x": 21.81,
      "y": 23.82,
      "time_window": [
        450.0,
        1092.49
      ],
      "demand": [
        4,
        4,
        1
      ]
    },
    {
      "id": "C171",
      "x": 25.96,
      "y": 40.15,
      "time_window": [
        450.0,
        1025.63
      ],
      "demand": [
        3,
        3,
        2
      ]
    },
    {
      "id": "C172",
      "x": 90.23,
      "y": 98.54,
      "time_window": [
        450.0,
        963.9
      ],
      "demand": [
        3,
        3,
        1
      ]
    },
    {
      "id": "C173",
      "x": 24.89,
      "y": 76.92,
      "time_window": [
        450.0,
        1038.92
      ],
      "demand": [
        3,
        2,
        3
      ]
    },
    {
      "id": "C174",
      "x": 30.89,
      "y": 36.23,
      "time_window": [
        450.0,
        2391.39
      ],
      "demand": [
        3,
        4,
        4
      ]
    },
    {
      "id": "C175",
      "x": 61.18,
      "y": 74.25,
      "time_window": [
        450.0,
        1981.32
      ],
      "demand": [
        3,
        1,
        4
      ]
    },
    {
      "id": "C176",
      "x": 56.83,
      "y": 48.96,
      "time_window": [
        450.0,
        2290.6
      ],
      "demand": [
        1,
        4,
        4
      ]
    },
    {
      "id": "C177",
      "x": 78.53,
      "y": 23.6,
      "time_window": [
        450.0,
        1591.55
      ],
      "demand": [
        2,
        4,
        4
      ]
    },
    {
      "id": "C178",
      "x": 13.25,
      "y": 18.79,
      "time_window": [
        450.0,
        1348.3
      ],
      "demand": [
        4,
        1,
        4
      ]
    },
    {
      "id": "C179",
      "x": 64.71,
      "y": 35.57,
      "time_window": [
        450.0,
        2355.4
      ],
      "demand": [
        3,
        4,
        2
      ]
    },
    {
      "id": "C180",
      "x": 73.03,
      "y": 48.19,
      "time_window": [
        450.0,
        2357.08
      ],
      "demand": [
        2,
        2,
        4
      ]
    },
    {
      "id": "C181",
      "x": 10.96,
      "y": 16.2,
      "time_window": [
        450.0,
        1273.67
      ],
      "demand": [
        1,
        2,
        1
      ]
    },
    {
      "id": "C182",
      "x": 36.22,
      "y": 41.47,
      "time_window": [
        450.0,
        1003.1
      ],
      "demand": [
        2,
        1,
        1
      ]
    },
    {
      "id": "C183",
      "x": 52.16,
      "y": 67.72,
      "time_window": [
        450.0,
        2220.12
      ],
      "demand": [
        3,
        3,
        1
      ]
    },
    {
      "id": "C184",
      "x": 74.9,
      "y": 57.76,
      "time_window": [
        450.0,
        2159.32
      ],
      "demand": [
        2,
        3,
        4
      ]
    },
    {
      "id": "C185",
      "x": 5.88,
      "y": 5.32,
      "time_window": [
        450.0,
        2380.41
      ],
      "demand": [
        1,
        2,
        4
      ]
    },
    {
      "id": "C186",
      "x": 52.1,
      "y": 46.4,
      "time_window": [
        450.0,
        1322.71
      ],
      "demand": [
        1,
        4,
        4
      ]
    },
    {
      "id": "C187",
      "x": 2.34,
      "y": 5.5,
      "time_window": [
        450.0,
        1653.66
      ],
      "demand": [
        4,
        1,
        3
      ]
    },
    {
      "id": "C188",
      "x": 38.77,
      "y": 45.61,
      "time_window": [
        450.0,
        1974.32
      ],
      "demand": [
        2,
        3,
        1
      ]
    },
    {
      "id": "C189",
      "x": 42.29,
      "y": 73.47,
      "time_window": [
        450.0,
        2387.77
      ],
      "demand": [
        1,
        1,
        3
      ]
    },
    {
      "id": "C190",
      "x": 66.06,
      "y": 45.51,
      "time_window": [
        450.0,
        1003.92
      ],
      "demand": [
        4,
        4,
        3
      ]
    },
    {
      "id": "C191",
      "x": 63.05,
      "y": 50.81,
      "time_window": [
        450.0,
        1618.4
      ],
      "demand": [
        4,
        4,
        1
      ]
    },
    {
      "id": "C192",
      "x": 71.41,
      "y": 60.65,
      "time_window": [
        450.0,
        1674.22
      ],
      "demand": [
        3,
        1,
        3
      ]
    },
    {
      "id": "C193",
      "x": 5.38,
      "y": 82.69,
      "time_window": [
        450.0,
        1175.75
      ],
      "demand": [
        3,
        3,
        1
      ]
    },
    {
      "id": "C194",
      "x": 70.86,
      "y": 61.04,
      "time_window": [
        450.0,
        2383.67
      ],
      "demand": [
        1,
        1,
        4
      ]
    },
    {
      "id": "C195",
      "x": 16.44,
      "y": 6.98,
      "time_window": [
        450.0,
        1252.55
      ],
      "demand": [
        2,
        3,
        2
      ]
    },
    {
      "id": "C196",
      "x": 85.4,
      "y": 90.37,
      "time_window": [
        450.0,
        2550
      ],
      "demand": [
        1,
        2,
        3
      ]
    },
    {
      "id": "C197",
      "x": 40.51,
      "y": 54.78,
      "time_window": [
        450.0,
        1984.79
      ],
      "demand": [
        4,
        4,
        4
      ]
    },
    {
      "id": "C198",
      "x": 84.39,
      "y": 83.72,
      "time_window": [
        450.0,
        1728.41
      ],
      "demand": [
        3,
        3,
        3
      ]
    },
    {
      "id": "C199",
      "x": 21.82,
      "y": 1.97,
      "time_window": [
        450.0,
        1818.0
      ],
      "demand": [
        1,
        3,
        1
      ]
    },
    {
      "id": "C200",
      "x": 19.52,
      "y": 11.44,
      "time_window": [
        450.0,
        957.08
      ],
      "demand": [
        3,
        2,
        4
      ]
    }
  ]
}