{
  "set_id": 3,
  "inst_id": 7,
  "vehicles": {
    "CT": {
      "count": 8,
      "capacity": 1500,
      "fixed_cost": 1500,
      "unit_cost_factor": 1.2
    },
    "UV": {
      "count": 12,
      "capacity": 500,
      "fixed_cost": 500,
      "unit_cost_factor": 1.1
    }
  },
  "P": 4,
  "item_weights": [
    15,
    5,
    15,
    15
  ],
  "inventory_ratio": 1.2,
  "FCs": [
    {
      "id": "FC1",
      "x": 25,
      "y": 25,
      "time_window": [
        0.0,
        3000.0
      ],
      "inventory": [
        31,
        36,
        28,
        30
      ]
    },
    {
      "id": "FC2",
      "x": 75,
      "y": 75,
      "time_window": [
        0.0,
        3000.0
      ],
      "inventory": [
        35,
        32,
        26,
        39
      ]
    }
  ],
  "DCs": [
    {
      "id": "DC1",
      "x": 73.84,
      "y": 83.97,
      "time_window": [
        300.0,
        2700.0
      ]
    },
    {
      "id": "DC2",
      "x": 4.89,
      "y": 64.23,
      "time_window": [
        300.0,
        2700.0
      ]
    },
    {
      "id": "DC3",
      "x": 57.82,
      "y": 52.14,
      "time_window": [
        300.0,
        2700.0
      ]
    },
    {
      "id": "DC4",
      "x": 88.9,
      "y": 64.47,
      "time_window": [
        300.0,
        2700.0
      ]
    }
  ],
  "CDPs": [
    {
      "id": "CDP1",
      "x": 6.94,
      "y": 97.86,
      "time_window": [
        0.0,
        3000.0
      ],
      "capacity": 143
    },
    {
      "id": "CDP2",
      "x": 10.78,
      "y": 88.26,
      "time_window": [
        0.0,
        3000.0
      ],
      "capacity": 145
    },
    {
      "id": "CDP3",
      "x": 96.64,
      "y": 92.22,
      "time_window": [
        0.0,
        3000.0
      ],
      "capacity": 108
    },
    {
      "id": "CDP4",
      "x": 8.72,
      "y": 42.92,
      "time_window": [
        0.0,
        3000.0
      ],
      "capacity": 235
    },
    {
      "id": "CDP5",
      "x": 11.7,
      "y": 18.97,
      "time_window": [
        0.0,
        3000.0
      ],
      "capacity": 168
    },
    {
      "id": "CDP6",
      "x": 2.76,
      "y": 13.93,
      "time_window": [
        0.0,
        3000.0
      ],
      "capacity": 207
    },
    {
      "id": "CDP7",
      "x": 0.98,
      "y": 30.67,
      "time_window": [
        0.0,
        3000.0
      ],
      "capacity": 147
    },
    {
      "id": "CDP8",
      "x": 49.68,
      "y": 85.82,
      "time_window": [
        0.0,
        3000.0
      ],
      "capacity": 194
    },
    {
      "id": "CDP9",
      "x": 73.39,
      "y": 43.48,
      "time_window": [
        0.0,
        3000.0
      ],
      "capacity": 113
    },
    {
      "id": "CDP10",
      "x": 6.3,
      "y": 70.3,
      "time_window": [
        0.0,
        3000.0
      ],
      "capacity": 169
    },
    {
      "id": "CDP11",
      "x": 99.2,
      "y": 80.91,
      "time_window": [
        0.0,
        3000.0
      ],
      "capacity": 226
    },
    {
      "id": "CDP12",
      "x": 79.94,
      "y": 77.95,
      "time_window": [
        0.0,
        3000.0
      ],
      "capacity": 202
    },
    {
      "id": "CDP13",
      "x": 70.61,
      "y": 57.04,
      "time_window": [
        0.0,
        3000.0
      ],
      "capacity": 287
    },
    {
      "id": "CDP14",
      "x": 20.01,
      "y": 59.6,
      "time_window": [
        0.0,
        3000.0
      ],
      "capacity": 276
    },
    {
      "id": "CDP15",
      "x": 31.11,
      "y": 10.84,
      "time_window": [
        0.0,
        3000.0
      ],
      "capacity": 190
    },
    {
      "id": "CDP16",
      "x": 46.02,
      "y": 28.07,
      "time_window": [
        0.0,
        3000.0
      ],
      "capacity": 132
    }
  ],
  "Customers": [
    {
      "id": "C1",
      "x": 80.11,
      "y": 2.28,
      "time_window": [
        450.0,
        1025.76
      ],
      "demand": [
        3,
        4,
        4,
        3
      ]
    },
    {
      "id": "C2",
      "x": 86.96,
      "y": 79.88,
      "time_window": [
        450.0,
        1467.05
      ],
      "demand": [
        4,
        2,
        3,
        2
      ]
    },
    {
      "id": "C3",
      "x": 48.97,
      "y": 35.89,
      "time_window": [
        450.0,
        2352.66
      ],
      "demand": [
        4,
        1,
        3,
        3
      ]
    },
    {
      "id": "C4",
      "x": 74.7,
      "y": 53.11,
      "time_window": [
        450.0,
        1486.9
      ],
      "demand": [
        3,
        1,
        3,
        4
      ]
    },
    {
      "id": "C5",
      "x": 99.06,
      "y": 94.62,
      "time_window": [
        450.0,
        1259.88
      ],
      "demand": [
        4,
        3,
        2,
        1
      ]
    },
    {
      "id": "C6",
      "x": 63.07,
      "y": 36.68,
      "time_window": [
        450.0,
        2292.08
      ],
      "demand": [
        3,
        2,
        3,
        1
      ]
    },
    {
      "id": "C7",
      "x": 88.86,
      "y": 78.55,
      "time_window": [
        450.0,
        1307.03
      ],
      "demand": [
        2,
        4,
        2,
        2
      ]
    },
    {
      "id": "C8",
      "x": 30.99,
      "y": 48.48,
      "time_window": [
        450.0,
        1492.02
      ],
      "demand": [
        2,
        4,
        3,
        4
      ]
    },
    {
      "id": "C9",
      "x": 60.16,
      "y": 28.52,
      "time_window": [
        450.0,
        1869.11
      ],
      "demand": [
        2,
        4,
        1,
        4
      ]
    },
    {
      "id": "C10",
      "x": 86.66,
      "y": 2.31,
      "time_window": [
        450.0,
        2060.87
      ],
      "demand": [
        1,
        4,
        1,
        4
      ]
    },
    {
      "id": "C11",
      "x": 26.78,
      "y": 39.39,
      "time_window": [
        450.0,
        2473.79
      ],
      "demand": [
        1,
        4,
        2,
        4
      ]
    },
    {
      "id": "C12",
      "x": 74.24,
      "y": 37.33,
      "time_window": [
        450.0,
        2128.76
      ],
      "demand": [
        4,
        1,
        1,
        1
      ]
    },
    {
      "id": "C13",
      "x": 30.22,
      "y": 25.14,
      "time_window": [
        450.0,
        2546.94
      ],
      "demand": [
        1,
        3,
        2,
        4
      ]
    },
    {
      "id": "C14",
      "x": 59.94,
      "y": 37.58,
      "time_window": [
        450.0,
        1023.46
      ],
      "demand": [
        3,
        1,
        1,
        2
      ]
    },
    {
      "id": "C15",
      "x": 50.59,
      "y": 29.58,
      "time_window": [
        450.0,
        1782.51
      ],
      "demand": [
        2,
        4,
        4,
        4
      ]
    },
    {
      "id": "C16",
      "x": 14.35,
      "y": 76.73,
      "time_window": [
        450.0,
        1585.46
      ],
      "demand": [
        3,
        1,
        3,
        2
      ]
    },
    {
      "id": "C17",
      "x": 60.13,
      "y": 72.9,
      "time_window": [
        450.0,
        1281.42
      ],
      "demand": [
        3,
        3,
        1,
        1
      ]
    },
    {
      "id": "C18",
      "x": 84.45,
      "y": 99.55,
      "time_window": [
        450.0,
        1328.92
      ],
      "demand": [
        2,
        4,
        1,
        4
      ]
    },
    {
      "id": "C19",
      "x": 93.33,
      "y": 19.58,
      "time_window": [
        450.0,
        1264.26
      ],
      "demand": [
        4,
        2,
        3,
        4
      ]
    },
    {
      "id": "C20",
      "x": 40.85,
      "y": 66.29,
      "time_window": [
        450.0,
        2036.93
      ],
      "demand": [
        4,
        4,
        2,
        3
      ]
    }
  ]
}