{
  "set_id": 9,
  "inst_id": 2,
  "vehicles": {
    "CT": {
      "count": 32,
      "capacity": 1500,
      "fixed_cost": 1500,
      "unit_cost_factor": 1.2
    },
    "UV": {
      "count": 64,
      "capacity": 500,
      "fixed_cost": 500,
      "unit_cost_factor": 1.1
    }
  },
  "P": 3,
  "item_weights": [
    10,
    10,
    5
  ],
  "inventory_ratio": 1.1,
  "FCs": [
    {
      "id": "FC1",
      "x": 25,
      "y": 25,
      "time_window": [
        0.0,
        3000.0
      ],
      "inventory": [
        141,
        138,
        121
      ]
    },
    {
      "id": "FC2",
      "x": 25,
      "y": 75,
      "time_window": [
        0.0,
        3000.0
      ],
      "inventory": [
        137,
        161,
        120
      ]
    },
    {
      "id": "FC3",
      "x": 75,
      "y": 25,
      "time_window": [
        0.0,
        3000.0
      ],
      "inventory": [
        128,
        128,
        139
      ]
    },
    {
      "id": "FC4",
      "x": 75,
      "y": 75,
      "time_window": [
        0.0,
        3000.0
      ],
      "inventory": [
        154,
        144,
        142
      ]
    }
  ],
  "DCs": [
    {
      "id": "DC1",
      "x": 25.44,
      "y": 90.23,
      "time_window": [
        300.0,
        2700.0
      ]
    },
    {
      "id": "DC2",
      "x": 99.67,
      "y": 48.09,
      "time_window": [
        300.0,
        2700.0
      ]
    },
    {
      "id": "DC3",
      "x": 45.31,
      "y": 13.78,
      "time_window": [
        300.0,
        2700.0
      ]
    },
    {
      "id": "DC4",
      "x": 99.96,
      "y": 77.84,
      "time_window": [
        300.0,
        2700.0
      ]
    },
    {
      "id": "DC5",
      "x": 57.78,
      "y": 39.14,
      "time_window": [
        300.0,
        2700.0
      ]
    },
    {
      "id": "DC6",
      "x": 42.89,
      "y": 54.19,
      "time_window": [
        300.0,
        2700.0
      ]
    },
    {
      "id": "DC7",
      "x": 79.85,
      "y": 5.55,
      "time_window": [
        300.0,
        2700.0
      ]
    },
    {
      "id": "DC8",
      "x": 53.15,
      "y": 8.13,
      "time_window": [
        300.0,
        2700.0
      ]
    }
  ],
  "CDPs": [
    {
      "id": "CDP1",
      "x": 1.68,
      "y": 72.52,
      "time_window": [
        0.0,
        3000.0
      ],
      "capacity": 263
    },
    {
      "id": "CDP2",
      "x": 41.01,
      "y": 80.68,
      "time_window": [
        0.0,
        3000.0
      ],
      "capacity": 146
    },
    {
      "id": "CDP3",
      "x": 56.76,
      "y": 94.3,
      "time_window": [
        0.0,
        3000.0
      ],
      "capacity": 117
    },
    {
      "id": "CDP4",
      "x": 21.78,
      "y": 16.12,
      "time_window": [
        0.0,
        3000.0
      ],
      "capacity": 263
    },
    {
      "id": "CDP5",
      "x": 74.51,
      "y": 65.64,
      "time_window": [
        0.0,
        3000.0
      ],
      "capacity": 286
    },
    {
      "id": "CDP6",
      "x": 99.93,
      "y": 50.6,
      "time_window": [
        0.0,
        3000.0
      ],
      "capacity": 162
    },
    {
      "id": "CDP7",
      "x": 83.19,
      "y": 18.83,
      "time_window": [
        0.0,
        3000.0
      ],
      "capacity": 211
    },
    {
      "id": "CDP8",
      "x": 11.11,
      "y": 66.19,
      "time_window": [
        0.0,
        3000.0
      ],
      "capacity": 128
    },
    {
      "id": "CDP9",
      "x": 67.95,
      "y": 55.86,
      "time_window": [
        0.0,
        3000.0
      ],
      "capacity": 130
    },
    {
      "id": "CDP10",
      "x": 15.58,
      "y": 80.81,
      "time_window": [
        0.0,
        3000.0
      ],
      "capacity": 229
    },
    {
      "id": "CDP11",
      "x": 98.56,
      "y": 7.65,
      "time_window": [
        0.0,
        3000.0
      ],
      "capacity": 245
    },
    {
      "id": "CDP12",
      "x": 19.83,
      "y": 67.59,
      "time_window": [
        0.0,
        3000.0
      ],
      "capacity": 294
    },
    {
      "id": "CDP13",
      "x": 33.56,
      "y": 28.86,
      "time_window": [
        0.0,
        3000.0
      ],
      "capacity": 256
    },
    {
      "id": "CDP14",
      "x": 0.51,
      "y": 66.57,
      "time_window": [
        0.0,
        3000.0
      ],
      "capacity": 288
    },
    {
      "id": "CDP15",
      "x": 21.13,
      "y": 24.16,
      "time_window": [
        0.0,
        3000.0
      ],
      "capacity": 176
    },
    {
      "id": "CDP16",
      "x": 54.65,
      "y": 80.83,
      "time_window": [
        0.0,
        3000.0
      ],
      "capacity": 238
    },
    {
      "id": "CDP17",
      "x": 93.85,
      "y": 67.18,
      "time_window": [
        0.0,
        3000.0
      ],
      "capacity": 113
    },
    {
      "id": "CDP18",
      "x": 82.05,
      "y": 7.34,
      "time_window": [
        0.0,
        3000.0
      ],
      "capacity": 262
    },
    {
      "id": "CDP19",
      "x": 15.63,
      "y": 52.58,
      "time_window": [
        0.0,
        3000.0
      ],
      "capacity": 189
    },
    {
      "id": "CDP20",
      "x": 73.54,
      "y": 19.29,
      "time_window": [
        0.0,
        3000.0
      ],
      "capacity": 264
    },
    {
      "id": "CDP21",
      "x": 83.22,
      "y": 68.02,
      "time_window": [
        0.0,
        3000.0
      ],
      "capacity": 250
    },
    {
      "id": "CDP22",
      "x": 32.38,
      "y": 36.19,
      "time_window": [
        0.0,
        3000.0
      ],
      "capacity": 251
    },
    {
      "id": "CDP23",
      "x": 79.44,
      "y": 80.51,
      "time_window": [
        0.0,
        3000.0
      ],
      "capacity": 175
    },
    {
      "id": "CDP24",
      "x": 2.0,
      "y": 54.51,
      "time_window": [
        0.0,
        3000.0
      ],
      "capacity": 241
    },
    {
      "id": "CDP25",
      "x": 28.57,
      "y": 91.74,
      "time_window": [
        0.0,
        3000.0
      ],
      "capacity": 227
    },
    {
      "id": "CDP26",
      "x": 20.87,
      "y": 37.13,
      "time_window": [
        0.0,
        3000.0
      ],
      "capacity": 203
    },
    {
      "id": "CDP27",
      "x": 93.88,
      "y": 38.52,
      "time_window": [
        0.0,
        3000.0
      ],
      "capacity": 274
    },
    {
      "id": "CDP28",
      "x": 15.9,
      "y": 87.56,
      "time_window": [
        0.0,
        3000.0
      ],
      "capacity": 237
    },
    {
      "id": "CDP29",
      "x": 65.56,
      "y": 65.67,
      "time_window": [
        0.0,
        3000.0
      ],
      "capacity": 256
    },
    {
      "id": "CDP30",
      "x": 89.07,
      "y": 72.17,
      "time_window": [
        0.0,
        3000.0
      ],
      "capacity": 116
    },
    {
      "id": "CDP31",
      "x": 7.76,
      "y": 83.06,
      "time_window": [
        0.0,
        3000.0
      ],
      "capacity": 108
    },
    {
      "id": "CDP32",
      "x": 29.91,
      "y": 51.47,
      "time_window": [
        0.0,
        3000.0
      ],
      "capacity": 126
    },
    {
      "id": "CDP33",
      "x": 59.56,
      "y": 29.12,
      "time_window": [
        0.0,
        3000.0
      ],
      "capacity": 128
    },
    {
      "id": "CDP34",
      "x": 14.12,
      "y": 12.79,
      "time_window": [
        0.0,
        3000.0
      ],
      "capacity": 266
    },
    {
      "id": "CDP35",
      "x": 68.34,
      "y": 4.41,
      "time_window": [
        0.0,
        3000.0
      ],
      "capacity": 185
    },
    {
      "id": "CDP36",
      "x": 63.3,
      "y": 53.17,
      "time_window": [
        0.0,
        3000.0
      ],
      "capacity": 248
    },
    {
      "id": "CDP37",
      "x": 22.97,
      "y": 84.76,
      "time_window": [
        0.0,
        3000.0
      ],
      "capacity": 149
    },
    {
      "id": "CDP38",
      "x": 81.14,
      "y": 24.72,
      "time_window": [
        0.0,
        3000.0
      ],
      "capacity": 109
    },
    {
      "id": "CDP39",
      "x": 15.47,
      "y": 49.48,
      "time_window": [
        0.0,
        3000.0
      ],
      "capacity": 295
    },
    {
      "id": "CDP40",
      "x": 24.51,
      "y": 24.05,
      "time_window": [
        0.0,
        3000.0
      ],
      "capacity": 199
    },
    {
      "id": "CDP41",
      "x": 56.69,
      "y": 63.24,
      "time_window": [
        0.0,
        3000.0
      ],
      "capacity": 222
    },
    {
      "id": "CDP42",
      "x": 24.5,
      "y": 11.38,
      "time_window": [
        0.0,
        3000.0
      ],
      "capacity": 293
    },
    {
      "id": "CDP43",
      "x": 24.08,
      "y": 51.19,
      "time_window": [
        0.0,
        3000.0
      ],
      "capacity": 139
    },
    {
      "id": "CDP44",
      "x": 88.4,
      "y": 64.21,
      "time_window": [
        0.0,
        3000.0
      ],
      "capacity": 239
    },
    {
      "id": "CDP45",
      "x": 60.0,
      "y": 92.06,
      "time_window": [
        0.0,
        3000.0
      ],
      "capacity": 264
    },
    {
      "id": "CDP46",
      "x": 26.93,
      "y": 8.81,
      "time_window": [
        0.0,
        3000.0
      ],
      "capacity": 149
    },
    {
      "id": "CDP47",
      "x": 17.13,
      "y": 96.25,
      "time_window": [
        0.0,
        3000.0
      ],
      "capacity": 232
    },
    {
      "id": "CDP48",
      "x": 18.54,
      "y": 53.5,
      "time_window": [
        0.0,
        3000.0
      ],
      "capacity": 211
    },
    {
      "id": "CDP49",
      "x": 49.85,
      "y": 88.48,
      "time_window": [
        0.0,
        3000.0
      ],
      "capacity": 291
    },
    {
      "id": "CDP50",
      "x": 27.12,
      "y": 57.95,
      "time_window": [
        0.0,
        3000.0
      ],
      "capacity": 289
    },
    {
      "id": "CDP51",
      "x": 36.05,
      "y": 97.79,
      "time_window": [
        0.0,
        3000.0
      ],
      "capacity": 210
    },
    {
      "id": "CDP52",
      "x": 65.77,
      "y": 64.7,
      "time_window": [
        0.0,
        3000.0
      ],
      "capacity": 150
    },
    {
      "id": "CDP53",
      "x": 90.08,
      "y": 39.51,
      "time_window": [
        0.0,
        3000.0
      ],
      "capacity": 289
    },
    {
      "id": "CDP54",
      "x": 19.07,
      "y": 5.24,
      "time_window": [
        0.0,
        3000.0
      ],
      "capacity": 215
    },
    {
      "id": "CDP55",
      "x": 91.92,
      "y": 18.96,
      "time_window": [
        0.0,
        3000.0
      ],
      "capacity": 262
    },
    {
      "id": "CDP56",
      "x": 24.72,
      "y": 8.88,
      "time_window": [
        0.0,
        3000.0
      ],
      "capacity": 178
    },
    {
      "id": "CDP57",
      "x": 49.67,
      "y": 2.48,
      "time_window": [
        0.0,
        3000.0
      ],
      "capacity": 198
    },
    {
      "id": "CDP58",
      "x": 46.33,
      "y": 94.1,
      "time_window": [
        0.0,
        3000.0
      ],
      "capacity": 120
    },
    {
      "id": "CDP59",
      "x": 20.26,
      "y": 71.09,
      "time_window": [
        0.0,
        3000.0
      ],
      "capacity": 172
    },
    {
      "id": "CDP60",
      "x": 65.52,
      "y": 35.56,
      "time_window": [
        0.0,
        3000.0
      ],
      "capacity": 289
    },
    {
      "id": "CDP61",
      "x": 78.43,
      "y": 26.83,
      "time_window": [
        0.0,
        3000.0
      ],
      "capacity": 225
    },
    {
      "id": "CDP62",
      "x": 17.23,
      "y": 30.05,
      "time_window": [
        0.0,
        3000.0
      ],
      "capacity": 294
    },
    {
      "id": "CDP63",
      "x": 7.68,
      "y": 63.5,
      "time_window": [
        0.0,
        3000.0
      ],
      "capacity": 137
    },
    {
      "id": "CDP64",
      "x": 61.05,
      "y": 53.12,
      "time_window": [
        0.0,
        3000.0
      ],
      "capacity": 179
    },
    {
      "id": "CDP65",
      "x": 74.99,
      "y": 72.47,
      "time_window": [
        0.0,
        3000.0
      ],
      "capacity": 245
    },
    {
      "id": "CDP66",
      "x": 81.47,
      "y": 45.47,
      "time_window": [
        0.0,
        3000.0
      ],
      "capacity": 156
    },
    {
      "id": "CDP67",
      "x": 36.74,
      "y": 7.03,
      "time_window": [
        0.0,
        3000.0
      ],
      "capacity": 177
    },
    {
      "id": "CDP68",
      "x": 28.39,
      "y": 33.65,
      "time_window": [
        0.0,
        3000.0
      ],
      "capacity": 173
    },
    {
      "id": "CDP69",
      "x": 34.46,
      "y": 33.02,
      "time_window": [
        0.0,
        3000.0
      ],
      "capacity": 178
    },
    {
      "id": "CDP70",
      "x": 98.63,
      "y": 47.44,
      "time_window": [
        0.0,
        3000.0
      ],
      "capacity": 256
    },
    {
      "id": "CDP71",
      "x": 50.09,
      "y": 32.94,
      "time_window": [
        0.0,
        3000.0
      ],
      "capacity": 206
    },
    {
      "id": "CDP72",
      "x": 62.04,
      "y": 3.24,
      "time_window": [
        0.0,
        3000.0
      ],
      "capacity": 173
    },
    {
      "id": "CDP73",
      "x": 93.88,
      "y": 8.08,
      "time_window": [
        0.0,
        3000.0
      ],
      "capacity": 168
    },
    {
      "id": "CDP74",
      "x": 4.35,
      "y": 79.09,
      "time_window": [
        0.0,
        3000.0
      ],
      "capacity": 223
    },
    {
      "id": "CDP75",
      "x": 42.57,
      "y": 37.36,
      "time_window": [
        0.0,
        3000.0
      ],
      "capacity": 176
    },
    {
      "id": "CDP76",
      "x": 73.78,
      "y": 61.68,
      "time_window": [
        0.0,
        3000.0
      ],
      "capacity": 206
    },
    {
      "id": "CDP77",
      "x": 72.02,
      "y": 28.38,
      "time_window": [
        0.0,
        3000.0
      ],
      "capacity": 105
    },
    {
      "id": "CDP78",
      "x": 93.78,
      "y": 72.02,
      "time_window": [
        0.0,
        3000.0
      ],
      "capacity": 164
    },
    {
      "id": "CDP79",
      "x": 79.35,
      "y": 28.72,
      "time_window": [
        0.0,
        3000.0
      ],
      "capacity": 261
    },
    {
      "id": "CDP80",
      "x": 65.75,
      "y": 32.15,
      "time_window": [
        0.0,
        3000.0
      ],
      "capacity": 148
    },
    {
      "id": "CDP81",
      "x": 19.06,
      "y": 92.35,
      "time_window": [
        0.0,
        3000.0
      ],
      "capacity": 101
    },
    {
      "id": "CDP82",
      "x": 12.54,
      "y": 42.1,
      "time_window": [
        0.0,
        3000.0
      ],
      "capacity": 174
    },
    {
      "id": "CDP83",
      "x": 95.86,
      "y": 23.9,
      "time_window": [
        0.0,
        3000.0
      ],
      "capacity": 193
    },
    {
      "id": "CDP84",
      "x": 67.71,
      "y": 53.97,
      "time_window": [
        0.0,
        3000.0
      ],
      "capacity": 134
    },
    {
      "id": "CDP85",
      "x": 75.35,
      "y": 63.93,
      "time_window": [
        0.0,
        3000.0
      ],
      "capacity": 177
    },
    {
      "id": "CDP86",
      "x": 56.46,
      "y": 95.14,
      "time_window": [
        0.0,
        3000.0
      ],
      "capacity": 155
    },
    {
      "id": "CDP87",
      "x": 57.14,
      "y": 47.33,
      "time_window": [
        0.0,
        3000.0
      ],
      "capacity": 181
    },
    {
      "id": "CDP88",
      "x": 92.41,
      "y": 75.46,
      "time_window": [
        0.0,
        3000.0
      ],
      "capacity": 213
    },
    {
      "id": "CDP89",
      "x": 53.17,
      "y": 62.85,
      "time_window": [
        0.0,
        3000.0
      ],
      "capacity": 243
    },
    {
      "id": "CDP90",
      "x": 12.55,
      "y": 92.72,
      "time_window": [
        0.0,
        3000.0
      ],
      "capacity": 144
    },
    {
      "id": "CDP91",
      "x": 28.04,
      "y": 78.11,
      "time_window": [
        0.0,
        3000.0
      ],
      "capacity": 162
    },
    {
      "id": "CDP92",
      "x": 43.0,
      "y": 85.62,
      "time_window": [
        0.0,
        3000.0
      ],
      "capacity": 119
    },
    {
      "id": "CDP93",
      "x": 68.69,
      "y": 79.47,
      "time_window": [
        0.0,
        3000.0
      ],
      "capacity": 139
    },
    {
      "id": "CDP94",
      "x": 42.78,
      "y": 83.47,
      "time_window": [
        0.0,
        3000.0
      ],
      "capacity": 170
    },
    {
      "id": "CDP95",
      "x": 23.31,
      "y": 44.4,
      "time_window": [
        0.0,
        3000.0
      ],
      "capacity": 213
    },
    {
      "id": "CDP96",
      "x": 85.02,
      "y": 56.44,
      "time_window": [
        0.0,
        3000.0
      ],
      "capacity": 282
    },
    {
      "id": "CDP97",
      "x": 64.02,
      "y": 99.35,
      "time_window": [
        0.0,
        3000.0
      ],
      "capacity": 201
    },
    {
      "id": "CDP98",
      "x": 24.69,
      "y": 26.8,
      "time_window": [
        0.0,
        3000.0
      ],
      "capacity": 294
    },
    {
      "id": "CDP99",
      "x": 29.85,
      "y": 11.83,
      "time_window": [
        0.0,
        3000.0
      ],
      "capacity": 283
    },
    {
      "id": "CDP100",
      "x": 28.74,
      "y": 23.92,
      "time_window": [
        0.0,
        3000.0
      ],
      "capacity": 298
    }
  ],
  "Customers": [
    {
      "id": "C1",
      "x": 34.62,
      "y": 55.79,
      "time_window": [
        450.0,
        1805.41
      ],
      "demand": [
        2,
        1,
        2
      ]
    },
    {
      "id": "C2",
      "x": 62.06,
      "y": 35.2,
      "time_window": [
        450.0,
        2285.14
      ],
      "demand": [
        4,
        2,
        3
      ]
    },
    {
      "id": "C3",
      "x": 70.24,
      "y": 40.05,
      "time_window": [
        450.0,
        1177.58
      ],
      "demand": [
        4,
        3,
        2
      ]
    },
    {
      "id": "C4",
      "x": 17.34,
      "y": 83.61,
      "time_window": [
        450.0,
        1351.5
      ],
      "demand": [
        2,
        4,
        4
      ]
    },
    {
      "id": "C5",
      "x": 17.44,
      "y": 7.41,
      "time_window": [
        450.0,
        1161.19
      ],
      "demand": [
        4,
        3,
        2
      ]
    },
    {
      "id": "C6",
      "x": 93.03,
      "y": 19.71,
      "time_window": [
        450.0,
        1160.34
      ],
      "demand": [
        2,
        2,
        1
      ]
    },
    {
      "id": "C7",
      "x": 24.39,
      "y": 5.02,
      "time_window": [
        450.0,
        1015.39
      ],
      "demand": [
        2,
        2,
        3
      ]
    },
    {
      "id": "C8",
      "x": 58.3,
      "y": 33.23,
      "time_window": [
        450.0,
        1759.1
      ],
      "demand": [
        4,
        1,
        1
      ]
    },
    {
      "id": "C9",
      "x": 1.35,
      "y": 95.97,
      "time_window": [
        450.0,
        2497.47
      ],
      "demand": [
        3,
        3,
        1
      ]
    },
    {
      "id": "C10",
      "x": 63.39,
      "y": 34.77,
      "time_window": [
        450.0,
        2004.7
      ],
      "demand": [
        3,
        1,
        1
      ]
    },
    {
      "id": "C11",
      "x": 25.84,
      "y": 47.98,
      "time_window": [
        450.0,
        1695.52
      ],
      "demand": [
        2,
        1,
        4
      ]
    },
    {
      "id": "C12",
      "x": 33.93,
      "y": 71.18,
      "time_window": [
        450.0,
        2049.08
      ],
      "demand": [
        1,
        2,
        1
      ]
    },
    {
      "id": "C13",
      "x": 34.73,
      "y": 41.41,
      "time_window": [
        450.0,
        2488.31
      ],
      "demand": [
        3,
        2,
        2
      ]
    },
    {
      "id": "C14",
      "x": 60.93,
      "y": 26.3,
      "time_window": [
        450.0,
        1940.94
      ],
      "demand": [
        2,
        3,
        1
      ]
    },
    {
      "id": "C15",
      "x": 66.95,
      "y": 48.59,
      "time_window": [
        450.0,
        2379.44
      ],
      "demand": [
        2,
        4,
        4
      ]
    },
    {
      "id": "C16",
      "x": 26.77,
      "y": 25.78,
      "time_window": [
        450.0,
        1148.52
      ],
      "demand": [
        4,
        4,
        1
      ]
    },
    {
      "id": "C17",
      "x": 35.33,
      "y": 51.16,
      "time_window": [
        450.0,
        957.59
      ],
      "demand": [
        4,
        3,
        4
      ]
    },
    {
      "id": "C18",
      "x": 6.58,
      "y": 80.79,
      "time_window": [
        450.0,
        962.51
      ],
      "demand": [
        3,
        2,
        2
      ]
    },
    {
      "id": "C19",
      "x": 62.17,
      "y": 27.32,
      "time_window": [
        450.0,
        2226.19
      ],
      "demand": [
        2,
        2,
        2
      ]
    },
    {
      "id": "C20",
      "x": 42.26,
      "y": 32.9,
      "time_window": [
        450.0,
        2407.27
      ],
      "demand": [
        2,
        4,
        4
      ]
    },
    {
      "id": "C21",
      "x": 20.39,
      "y": 86.48,
      "time_window": [
        450.0,
        1158.49
      ],
      "demand": [
        4,
        4,
        1
      ]
    },
    {
      "id": "C22",
      "x": 88.85,
      "y": 4.44,
      "time_window": [
        450.0,
        2390.67
      ],
      "demand": [
        1,
        4,
        3
      ]
    },
    {
      "id": "C23",
      "x": 63.68,
      "y": 67.56,
      "time_window": [
        450.0,
        1305.42
      ],
      "demand": [
        2,
        1,
        2
      ]
    },
    {
      "id": "C24",
      "x": 16.9,
      "y": 18.86,
      "time_window": [
        450.0,
        2183.06
      ],
      "demand": [
        1,
        3,
        1
      ]
    },
    {
      "id": "C25",
      "x": 53.16,
      "y": 66.98,
      "time_window": [
        450.0,
        2437.83
      ],
      "demand": [
        3,
        2,
        1
      ]
    },
    {
      "id": "C26",
      "x": 56.22,
      "y": 44.93,
      "time_window": [
        450.0,
        1950.2
      ],
      "demand": [
        4,
        1,
        2
      ]
    },
    {
      "id": "C27",
      "x": 73.93,
      "y": 52.63,
      "time_window": [
        450.0,
        1119.22
      ],
      "demand": [
        4,
        4,
        1
      ]
    },
    {
      "id": "C28",
      "x": 37.51,
      "y": 26.89,
      "time_window": [
        450.0,
        1913.36
      ],
      "demand": [
        4,
        1,
        4
      ]
    },
    {
      "id": "C29",
      "x": 79.9,
      "y": 99.84,
      "time_window": [
        450.0,
        1688.71
      ],
      "demand": [
        2,
        2,
        4
      ]
    },
    {
      "id": "C30",
      "x": 2.19,
      "y": 75.67,
      "time_window": [
        450.0,
        1460.76
      ],
      "demand": [
        2,
        2,
        2
      ]
    },
    {
      "id": "C31",
      "x": 50.0,
      "y": 56.32,
      "time_window": [
        450.0,
        1390.48
      ],
      "demand": [
        4,
        1,
        1
      ]
    },
    {
      "id": "C32",
      "x": 98.63,
      "y": 4.75,
      "time_window": [
        450.0,
        1831.63
      ],
      "demand": [
        1,
        2,
        1
      ]
    },
    {
      "id": "C33",
      "x": 66.78,
      "y": 27.01,
      "time_window": [
        450.0,
        1138.29
      ],
      "demand": [
        4,
        2,
        3
      ]
    },
    {
      "id": "C34",
      "x": 92.81,
      "y": 9.59,
      "time_window": [
        450.0,
        2550
      ],
      "demand": [
        1,
        3,
        3
      ]
    },
    {
      "id": "C35",
      "x": 24.75,
      "y": 75.22,
      "time_window": [
        450.0,
        1248.35
      ],
      "demand": [
        1,
        4,
        2
      ]
    },
    {
      "id": "C36",
      "x": 25.89,
      "y": 50.21,
      "time_window": [
        450.0,
        1750.71
      ],
      "demand": [
        1,
        3,
        2
      ]
    },
    {
      "id": "C37",
      "x": 1.6,
      "y": 86.93,
      "time_window": [
        450.0,
        2365.56
      ],
      "demand": [
        4,
        3,
        2
      ]
    },
    {
      "id": "C38",
      "x": 58.52,
      "y": 52.72,
      "time_window": [
        450.0,
        1266.81
      ],
      "demand": [
        3,
        2,
        2
      ]
    },
    {
      "id": "C39",
      "x": 50.2,
      "y": 53.85,
      "time_window": [
        450.0,
        1966.93
      ],
      "demand": [
        3,
        4,
        2
      ]
    },
    {
      "id": "C40",
      "x": 99.98,
      "y": 22.11,
      "time_window": [
        450.0,
        2536.85
      ],
      "demand": [
        3,
        4,
        1
      ]
    },
    {
      "id": "C41",
      "x": 44.32,
      "y": 72.19,
      "time_window": [
        450.0,
        1065.58
      ],
      "demand": [
        2,
        2,
        3
      ]
    },
    {
      "id": "C42",
      "x": 48.81,
      "y": 66.52,
      "time_window": [
        450.0,
        2531.35
      ],
      "demand": [
        3,
        1,
        1
      ]
    },
    {
      "id": "C43",
      "x": 8.81,
      "y": 98.74,
      "time_window": [
        450.0,
        1425.24
      ],
      "demand": [
        3,
        1,
        1
      ]
    },
    {
      "id": "C44",
      "x": 26.02,
      "y": 31.66,
      "time_window": [
        450.0,
        1473.07
      ],
      "demand": [
        4,
        2,
        1
      ]
    },
    {
      "id": "C45",
      "x": 78.5,
      "y": 21.3,
      "time_window": [
        450.0,
        1557.55
      ],
      "demand": [
        1,
        1,
        3
      ]
    },
    {
      "id": "C46",
      "x": 56.06,
      "y": 73.46,
      "time_window": [
        450.0,
        1649.57
      ],
      "demand": [
        2,
        3,
        2
      ]
    },
    {
      "id": "C47",
      "x": 43.81,
      "y": 67.24,
      "time_window": [
        450.0,
        2218.78
      ],
      "demand": [
        2,
        4,
        1
      ]
    },
    {
      "id": "C48",
      "x": 8.37,
      "y": 21.75,
      "time_window": [
        450.0,
        2550
      ],
      "demand": [
        3,
        1,
        1
      ]
    },
    {
      "id": "C49",
      "x": 95.58,
      "y": 81.64,
      "time_window": [
        450.0,
        2310.47
      ],
      "demand": [
        2,
        3,
        4
      ]
    },
    {
      "id": "C50",
      "x": 68.89,
      "y": 70.41,
      "time_window": [
        450.0,
        1065.1
      ],
      "demand": [
        4,
        3,
        3
      ]
    },
    {
      "id": "C51",
      "x": 98.36,
      "y": 1.7,
      "time_window": [
        450.0,
        2010.29
      ],
      "demand": [
        1,
        2,
        4
      ]
    },
    {
      "id": "C52",
      "x": 36.55,
      "y": 58.52,
      "time_window": [
        450.0,
        1750.66
      ],
      "demand": [
        4,
        2,
        3
      ]
    },
    {
      "id": "C53",
      "x": 40.45,
      "y": 63.55,
      "time_window": [
        450.0,
        2372.26
      ],
      "demand": [
        1,
        4,
        1
      ]
    },
    {
      "id": "C54",
      "x": 45.53,
      "y": 42.2,
      "time_window": [
        450.0,
        1277.34
      ],
      "demand": [
        4,
        2,
        3
      ]
    },
    {
      "id": "C55",
      "x": 18.45,
      "y": 77.02,
      "time_window": [
        450.0,
        1209.78
      ],
      "demand": [
        2,
        3,
        1
      ]
    },
    {
      "id": "C56",
      "x": 69.96,
      "y": 63.19,
      "time_window": [
        450.0,
        1424.01
      ],
      "demand": [
        3,
        4,
        4
      ]
    },
    {
      "id": "C57",
      "x": 53.75,
      "y": 41.41,
      "time_window": [
        450.0,
        2134.37
      ],
      "demand": [
        1,
        4,
        4
      ]
    },
    {
      "id": "C58",
      "x": 40.21,
      "y": 62.37,
      "time_window": [
        450.0,
        2550
      ],
      "demand": [
        4,
        3,
        2
      ]
    },
    {
      "id": "C59",
      "x": 50.24,
      "y": 51.23,
      "time_window": [
        450.0,
        1569.15
      ],
      "demand": [
        2,
        1,
        3
      ]
    },
    {
      "id": "C60",
      "x": 29.6,
      "y": 54.3,
      "time_window": [
        450.0,
        1505.72
      ],
      "demand": [
        3,
        3,
        4
      ]
    },
    {
      "id": "C61",
      "x": 81.46,
      "y": 86.01,
      "time_window": [
        450.0,
        2123.72
      ],
      "demand": [
        2,
        2,
        2
      ]
    },
    {
      "id": "C62",
      "x": 8.96,
      "y": 86.16,
      "time_window": [
        450.0,
        1774.47
      ],
      "demand": [
        4,
        3,
        2
      ]
    },
    {
      "id": "C63",
      "x": 31.85,
      "y": 74.31,
      "time_window": [
        450.0,
        2547.22
      ],
      "demand": [
        3,
        4,
        2
      ]
    },
    {
      "id": "C64",
      "x": 44.63,
      "y": 34.58,
      "time_window": [
        450.0,
        1796.37
      ],
      "demand": [
        1,
        2,
        2
      ]
    },
    {
      "id": "C65",
      "x": 48.22,
      "y": 60.91,
      "time_window": [
        450.0,
        1015.66
      ],
      "demand": [
        1,
        3,
        2
      ]
    },
    {
      "id": "C66",
      "x": 52.19,
      "y": 63.12,
      "time_window": [
        450.0,
        1499.51
      ],
      "demand": [
        3,
        1,
        3
      ]
    },
    {
      "id": "C67",
      "x": 17.64,
      "y": 1.5,
      "time_window": [
        450.0,
        2541.65
      ],
      "demand": [
        1,
        2,
        4
      ]
    },
    {
      "id": "C68",
      "x": 95.29,
      "y": 6.25,
      "time_window": [
        450.0,
        1596.11
      ],
      "demand": [
        2,
        3,
        2
      ]
    },
    {
      "id": "C69",
      "x": 0.16,
      "y": 80.03,
      "time_window": [
        450.0,
        1187.43
      ],
      "demand": [
        2,
        1,
        3
      ]
    },
    {
      "id": "C70",
      "x": 16.71,
      "y": 90.65,
      "time_window": [
        450.0,
        990.15
      ],
      "demand": [
        2,
        1,
        4
      ]
    },
    {
      "id": "C71",
      "x": 24.4,
      "y": 4.77,
      "time_window": [
        450.0,
        1993.67
      ],
      "demand": [
        3,
        1,
        3
      ]
    },
    {
      "id": "C72",
      "x": 0.21,
      "y": 8.65,
      "time_window": [
        450.0,
        1779.1
      ],
      "demand": [
        3,
        4,
        2
      ]
    },
    {
      "id": "C73",
      "x": 3.5,
      "y": 0.96,
      "time_window": [
        450.0,
        1154.22
      ],
      "demand": [
        2,
        4,
        1
      ]
    },
    {
      "id": "C74",
      "x": 57.93,
      "y": 38.82,
      "time_window": [
        450.0,
        1576.21
      ],
      "demand": [
        1,
        3,
        1
      ]
    },
    {
      "id": "C75",
      "x": 56.71,
      "y": 60.43,
      "time_window": [
        450.0,
        1248.5
      ],
      "demand": [
        3,
        4,
        2
      ]
    },
    {
      "id": "C76",
      "x": 40.9,
      "y": 61.12,
      "time_window": [
        450.0,
        2324.54
      ],
      "demand": [
        2,
        4,
        3
      ]
    },
    {
      "id": "C77",
      "x": 5.93,
      "y": 9.98,
      "time_window": [
        450.0,
        1064.58
      ],
      "demand": [
        2,
        3,
        1
      ]
    },
    {
      "id": "C78",
      "x": 82.03,
      "y": 79.57,
      "time_window": [
        450.0,
        1814.09
      ],
      "demand": [
        1,
        4,
        3
      ]
    },
    {
      "id": "C79",
      "x": 63.22,
      "y": 47.66,
      "time_window": [
        450.0,
        2139.0
      ],
      "demand": [
        2,
        3,
        4
      ]
    },
    {
      "id": "C80",
      "x": 76.55,
      "y": 5.46,
      "time_window": [
        450.0,
        1471.75
      ],
      "demand": [
        2,
        1,
        2
      ]
    },
    {
      "id": "C81",
      "x": 55.7,
      "y": 45.43,
      "time_window": [
        450.0,
        1147.87
      ],
      "demand": [
        2,
        4,
        1
      ]
    },
    {
      "id": "C82",
      "x": 25.64,
      "y": 35.97,
      "time_window": [
        450.0,
        2191.77
      ],
      "demand": [
        4,
        4,
        2
      ]
    },
    {
      "id": "C83",
      "x": 51.38,
      "y": 45.87,
      "time_window": [
        450.0,
        1570.96
      ],
      "demand": [
        1,
        1,
        1
      ]
    },
    {
      "id": "C84",
      "x": 52.0,
      "y": 32.7,
      "time_window": [
        450.0,
        1649.15
      ],
      "demand": [
        2,
        3,
        1
      ]
    },
    {
      "id": "C85",
      "x": 43.57,
      "y": 67.97,
      "time_window": [
        450.0,
        1990.62
      ],
      "demand": [
        3,
        3,
        4
      ]
    },
    {
      "id": "C86",
      "x": 90.67,
      "y": 97.75,
      "time_window": [
        450.0,
        1401.07
      ],
      "demand": [
        4,
        4,
        3
      ]
    },
    {
      "id": "C87",
      "x": 51.57,
      "y": 62.04,
      "time_window": [
        450.0,
        1371.12
      ],
      "demand": [
        2,
        4,
        4
      ]
    },
    {
      "id": "C88",
      "x": 49.86,
      "y": 28.08,
      "time_window": [
        450.0,
        1413.79
      ],
      "demand": [
        4,
        2,
        3
      ]
    },
    {
      "id": "C89",
      "x": 88.95,
      "y": 14.06,
      "time_window": [
        450.0,
        1410.58
      ],
      "demand": [
        4,
        3,
        3
      ]
    },
    {
      "id": "C90",
      "x": 84.49,
      "y": 94.31,
      "time_window": [
        450.0,
        1954.24
      ],
      "demand": [
        1,
        1,
        1
      ]
    },
    {
      "id": "C91",
      "x": 90.09,
      "y": 3.73,
      "time_window": [
        450.0,
        1880.81
      ],
      "demand": [
        1,
        1,
        1
      ]
    },
    {
      "id": "C92",
      "x": 15.77,
      "y": 6.37,
      "time_window": [
        450.0,
        1362.76
      ],
      "demand": [
        4,
        1,
        4
      ]
    },
    {
      "id": "C93",
      "x": 5.42,
      "y": 6.3,
      "time_window": [
        450.0,
        1699.6
      ],
      "demand": [
        1,
        2,
        1
      ]
    },
    {
      "id": "C94",
      "x": 90.72,
      "y": 13.18,
      "time_window": [
        450.0,
        2377.59
      ],
      "demand": [
        4,
        2,
        3
      ]
    },
    {
      "id": "C95",
      "x": 10.5,
      "y": 76.37,
      "time_window": [
        450.0,
        1896.47
      ],
      "demand": [
        1,
        2,
        4
      ]
    },
    {
      "id": "C96",
      "x": 82.89,
      "y": 90.56,
      "time_window": [
        450.0,
        1889.49
      ],
      "demand": [
        3,
        4,
        1
      ]
    },
    {
      "id": "C97",
      "x": 3.59,
      "y": 11.72,
      "time_window": [
        450.0,
        1473.66
      ],
      "demand": [
        4,
        1,
        1
      ]
    },
    {
      "id": "C98",
      "x": 26.58,
      "y": 36.12,
      "time_window": [
        450.0,
        1770.14
      ],
      "demand": [
        2,
        4,
        2
      ]
    },
    {
      "id": "C99",
      "x": 76.37,
      "y": 13.02,
      "time_window": [
        450.0,
        1368.83
      ],
      "demand": [
        1,
        4,
        4
      ]
    },
    {
      "id": "C100",
      "x": 34.91,
      "y": 43.59,
      "time_window": [
        450.0,
        1987.23
      ],
      "demand": [
        4,
        4,
        1
      ]
    },
    {
      "id": "C101",
      "x": 53.17,
      "y": 33.37,
      "time_window": [
        450.0,
        996.82
      ],
      "demand": [
        1,
        3,
        4
      ]
    },
    {
      "id": "C102",
      "x": 60.08,
      "y": 69.95,
      "time_window": [
        450.0,
        1665.72
      ],
      "demand": [
        3,
        1,
        3
      ]
    },
    {
      "id": "C103",
      "x": 38.03,
      "y": 67.0,
      "time_window": [
        450.0,
        1649.49
      ],
      "demand": [
        1,
        1,
        4
      ]
    },
    {
      "id": "C104",
      "x": 42.61,
      "y": 31.51,
      "time_window": [
        450.0,
        1165.42
      ],
      "demand": [
        3,
        2,
        2
      ]
    },
    {
      "id": "C105",
      "x": 73.55,
      "y": 72.03,
      "time_window": [
        450.0,
        2512.49
      ],
      "demand": [
        1,
        1,
        2
      ]
    },
    {
      "id": "C106",
      "x": 24.22,
      "y": 17.42,
      "time_window": [
        450.0,
        2207.06
      ],
      "demand": [
        2,
        2,
        3
      ]
    },
    {
      "id": "C107",
      "x": 35.51,
      "y": 62.13,
      "time_window": [
        450.0,
        1696.47
      ],
      "demand": [
        4,
        4,
        3
      ]
    },
    {
      "id": "C108",
      "x": 78.6,
      "y": 5.04,
      "time_window": [
        450.0,
        2251.76
      ],
      "demand": [
        1,
        4,
        4
      ]
    },
    {
      "id": "C109",
      "x": 46.47,
      "y": 54.04,
      "time_window": [
        450.0,
        1403.87
      ],
      "demand": [
        3,
        3,
        3
      ]
    },
    {
      "id": "C110",
      "x": 76.0,
      "y": 85.67,
      "time_window": [
        450.0,
        2309.35
      ],
      "demand": [
        2,
        4,
        2
      ]
    },
    {
      "id": "C111",
      "x": 24.5,
      "y": 18.18,
      "time_window": [
        450.0,
        1736.62
      ],
      "demand": [
        3,
        4,
        2
      ]
    },
    {
      "id": "C112",
      "x": 21.01,
      "y": 3.66,
      "time_window": [
        450.0,
        2457.32
      ],
      "demand": [
        3,
        4,
        1
      ]
    },
    {
      "id": "C113",
      "x": 40.44,
      "y": 65.76,
      "time_window": [
        450.0,
        2169.83
      ],
      "demand": [
        1,
        2,
        1
      ]
    },
    {
      "id": "C114",
      "x": 36.45,
      "y": 32.64,
      "time_window": [
        450.0,
        1472.75
      ],
      "demand": [
        4,
        3,
        3
      ]
    },
    {
      "id": "C115",
      "x": 36.49,
      "y": 74.28,
      "time_window": [
        450.0,
        2519.54
      ],
      "demand": [
        3,
        2,
        4
      ]
    },
    {
      "id": "C116",
      "x": 58.15,
      "y": 54.32,
      "time_window": [
        450.0,
        1715.27
      ],
      "demand": [
        1,
        3,
        2
      ]
    },
    {
      "id": "C117",
      "x": 30.11,
      "y": 53.54,
      "time_window": [
        450.0,
        1582.83
      ],
      "demand": [
        3,
        4,
        1
      ]
    },
    {
      "id": "C118",
      "x": 41.34,
      "y": 27.95,
      "time_window": [
        450.0,
        1949.55
      ],
      "demand": [
        2,
        4,
        2
      ]
    },
    {
      "id": "C119",
      "x": 49.87,
      "y": 54.51,
      "time_window": [
        450.0,
        1530.42
      ],
      "demand": [
        4,
        4,
        2
      ]
    },
    {
      "id": "C120",
      "x": 16.67,
      "y": 18.01,
      "time_window": [
        450.0,
        2018.01
      ],
      "demand": [
        3,
        1,
        1
      ]
    },
    {
      "id": "C121",
      "x": 33.02,
      "y": 51.5,
      "time_window": [
        450.0,
        2489.19
      ],
      "demand": [
        4,
        2,
        4
      ]
    },
    {
      "id": "C122",
      "x": 59.23,
      "y": 61.62,
      "time_window": [
        450.0,
        1545.62
      ],
      "demand": [
        4,
        3,
        3
      ]
    },
    {
      "id": "C123",
      "x": 74.74,
      "y": 61.99,
      "time_window": [
        450.0,
        1426.2
      ],
      "demand": [
        1,
        1,
        2
      ]
    },
    {
      "id": "C124",
      "x": 52.61,
      "y": 31.9,
      "time_window": [
        450.0,
        2086.33
      ],
      "demand": [
        1,
        4,
        1
      ]
    },
    {
      "id": "C125",
      "x": 18.53,
      "y": 23.68,
      "time_window": [
        450.0,
        1640.28
      ],
      "demand": [
        2,
        3,
        3
      ]
    },
    {
      "id": "C126",
      "x": 25.49,
      "y": 57.26,
      "time_window": [
        450.0,
        1681.12
      ],
      "demand": [
        1,
        4,
        2
      ]
    },
    {
      "id": "C127",
      "x": 39.04,
      "y": 58.86,
      "time_window": [
        450.0,
        1663.73
      ],
      "demand": [
        1,
        1,
        1
      ]
    },
    {
      "id": "C128",
      "x": 42.99,
      "y": 50.91,
      "time_window": [
        450.0,
        1706.93
      ],
      "demand": [
        3,
        2,
        4
      ]
    },
    {
      "id": "C129",
      "x": 65.0,
      "y": 61.41,
      "time_window": [
        450.0,
        1695.97
      ],
      "demand": [
        3,
        1,
        4
      ]
    },
    {
      "id": "C130",
      "x": 89.02,
      "y": 19.59,
      "time_window": [
        450.0,
        2524.04
      ],
      "demand": [
        3,
        2,
        1
      ]
    },
    {
      "id": "C131",
      "x": 99.41,
      "y": 20.83,
      "time_window": [
        450.0,
        1537.51
      ],
      "demand": [
        1,
        3,
        4
      ]
    },
    {
      "id": "C132",
      "x": 75.05,
      "y": 89.69,
      "time_window": [
        450.0,
        2398.93
      ],
      "demand": [
        3,
        4,
        2
      ]
    },
    {
      "id": "C133",
      "x": 31.45,
      "y": 32.95,
      "time_window": [
        450.0,
        1028.95
      ],
      "demand": [
        1,
        3,
        3
      ]
    },
    {
      "id": "C134",
      "x": 44.9,
      "y": 72.29,
      "time_window": [
        450.0,
        1510.51
      ],
      "demand": [
        4,
        3,
        4
      ]
    },
    {
      "id": "C135",
      "x": 12.65,
      "y": 99.21,
      "time_window": [
        450.0,
        1211.44
      ],
      "demand": [
        3,
        4,
        4
      ]
    },
    {
      "id": "C136",
      "x": 38.98,
      "y": 36.94,
      "time_window": [
        450.0,
        2148.02
      ],
      "demand": [
        4,
        4,
        2
      ]
    },
    {
      "id": "C137",
      "x": 49.8,
      "y": 69.41,
      "time_window": [
        450.0,
        1592.08
      ],
      "demand": [
        2,
        2,
        4
      ]
    },
    {
      "id": "C138",
      "x": 52.19,
      "y": 51.38,
      "time_window": [
        450.0,
        2514.93
      ],
      "demand": [
        2,
        3,
        1
      ]
    },
    {
      "id": "C139",
      "x": 49.84,
      "y": 27.07,
      "time_window": [
        450.0,
        2543.51
      ],
      "demand": [
        4,
        1,
        1
      ]
    },
    {
      "id": "C140",
      "x": 30.87,
      "y": 35.44,
      "time_window": [
        450.0,
        1995.91
      ],
      "demand": [
        4,
        1,
        1
      ]
    },
    {
      "id": "C141",
      "x": 26.85,
      "y": 30.44,
      "time_window": [
        450.0,
        2015.71
      ],
      "demand": [
        4,
        4,
        3
      ]
    },
    {
      "id": "C142",
      "x": 25.19,
      "y": 36.05,
      "time_window": [
        450.0,
        2314.41
      ],
      "demand": [
        4,
        3,
        4
      ]
    },
    {
      "id": "C143",
      "x": 39.53,
      "y": 49.96,
      "time_window": [
        450.0,
        1382.52
      ],
      "demand": [
        1,
        3,
        3
      ]
    },
    {
      "id": "C144",
      "x": 8.46,
      "y": 95.97,
      "time_window": [
        450.0,
        1498.08
      ],
      "demand": [
        3,
        2,
        4
      ]
    },
    {
      "id": "C145",
      "x": 30.62,
      "y": 53.9,
      "time_window": [
        450.0,
        1468.2
      ],
      "demand": [
        2,
        1,
        1
      ]
    },
    {
      "id": "C146",
      "x": 83.56,
      "y": 14.46,
      "time_window": [
        450.0,
        2418.75
      ],
      "demand": [
        4,
        4,
        3
      ]
    },
    {
      "id": "C147",
      "x": 35.37,
      "y": 56.43,
      "time_window": [
        450.0,
        1882.22
      ],
      "demand": [
        2,
        3,
        1
      ]
    },
    {
      "id": "C148",
      "x": 69.96,
      "y": 45.17,
      "time_window": [
        450.0,
        1252.12
      ],
      "demand": [
        2,
        4,
        3
      ]
    },
    {
      "id": "C149",
      "x": 40.93,
      "y": 37.28,
      "time_window": [
        450.0,
        1832.91
      ],
      "demand": [
        3,
        4,
        4
      ]
    },
    {
      "id": "C150",
      "x": 31.66,
      "y": 38.9,
      "time_window": [
        450.0,
        2470.92
      ],
      "demand": [
        3,
        1,
        1
      ]
    },
    {
      "id": "C151",
      "x": 65.45,
      "y": 55.49,
      "time_window": [
        450.0,
        1563.73
      ],
      "demand": [
        1,
        2,
        4
      ]
    },
    {
      "id": "C152",
      "x": 7.59,
      "y": 1.26,
      "time_window": [
        450.0,
        1537.8
      ],
      "demand": [
        2,
        1,
        4
      ]
    },
    {
      "id": "C153",
      "x": 44.27,
      "y": 41.97,
      "time_window": [
        450.0,
        2263.73
      ],
      "demand": [
        2,
        4,
        2
      ]
    },
    {
      "id": "C154",
      "x": 51.22,
      "y": 36.13,
      "time_window": [
        450.0,
        1143.93
      ],
      "demand": [
        4,
        1,
        1
      ]
    },
    {
      "id": "C155",
      "x": 91.17,
      "y": 90.73,
      "time_window": [
        450.0,
        2040.99
      ],
      "demand": [
        4,
        3,
        1
      ]
    },
    {
      "id": "C156",
      "x": 31.18,
      "y": 31.98,
      "time_window": [
        450.0,
        1214.67
      ],
      "demand": [
        1,
        2,
        1
      ]
    },
    {
      "id": "C157",
      "x": 61.72,
      "y": 42.06,
      "time_window": [
        450.0,
        1735.43
      ],
      "demand": [
        4,
        2,
        3
      ]
    },
    {
      "id": "C158",
      "x": 86.21,
      "y": 22.42,
      "time_window": [
        450.0,
        2427.72
      ],
      "demand": [
        1,
        3,
        4
      ]
    },
    {
      "id": "C159",
      "x": 72.29,
      "y": 48.91,
      "time_window": [
        450.0,
        1383.54
      ],
      "demand": [
        4,
        4,
        4
      ]
    },
    {
      "id": "C160",
      "x": 22.16,
      "y": 11.18,
      "time_window": [
        450.0,
        2380.48
      ],
      "demand": [
        4,
        2,
        4
      ]
    },
    {
      "id": "C161",
      "x": 42.87,
      "y": 73.11,
      "time_window": [
        450.0,
        2542.52
      ],
      "demand": [
        3,
        4,
        4
      ]
    },
    {
      "id": "C162",
      "x": 52.5,
      "y": 30.9,
      "time_window": [
        450.0,
        1713.38
      ],
      "demand": [
        3,
        4,
        1
      ]
    },
    {
      "id": "C163",
      "x": 70.62,
      "y": 73.62,
      "time_window": [
        450.0,
        1968.01
      ],
      "demand": [
        1,
        3,
        2
      ]
    },
    {
      "id": "C164",
      "x": 85.19,
      "y": 8.22,
      "time_window": [
        450.0,
        1824.68
      ],
      "demand": [
        4,
        1,
        2
      ]
    },
    {
      "id": "C165",
      "x": 27.91,
      "y": 72.35,
      "time_window": [
        450.0,
        1590.71
      ],
      "demand": [
        4,
        1,
        2
      ]
    },
    {
      "id": "C166",
      "x": 21.76,
      "y": 23.3,
      "time_window": [
        450.0,
        2550
      ],
      "demand": [
        4,
        4,
        2
      ]
    },
    {
      "id": "C167",
      "x": 26.03,
      "y": 64.33,
      "time_window": [
        450.0,
        2435.3
      ],
      "demand": [
        4,
        4,
        2
      ]
    },
    {
      "id": "C168",
      "x": 58.48,
      "y": 37.0,
      "time_window": [
        450.0,
        1527.36
      ],
      "demand": [
        4,
        3,
        1
      ]
    },
    {
      "id": "C169",
      "x": 33.92,
      "y": 62.31,
      "time_window": [
        450.0,
        1249.89
      ],
      "demand": [
        3,
        3,
        3
      ]
    },
    {
      "id": "C170",
      "x": 45.94,
      "y": 49.98,
      "time_window": [
        450.0,
        2171.54
      ],
      "demand": [
        2,
        1,
        3
      ]
    },
    {
      "id": "C171",
      "x": 1.96,
      "y": 84.43,
      "time_window": [
        450.0,
        1357.32
      ],
      "demand": [
        3,
        2,
        1
      ]
    },
    {
      "id": "C172",
      "x": 32.94,
      "y": 69.27,
      "time_window": [
        450.0,
        1230.61
      ],
      "demand": [
        2,
        3,
        2
      ]
    },
    {
      "id": "C173",
      "x": 79.78,
      "y": 20.61,
      "time_window": [
        450.0,
        1749.11
      ],
      "demand": [
        4,
        3,
        4
      ]
    },
    {
      "id": "C174",
      "x": 47.19,
      "y": 67.78,
      "time_window": [
        450.0,
        1840.27
      ],
      "demand": [
        1,
        1,
        4
      ]
    },
    {
      "id": "C175",
      "x": 13.82,
      "y": 18.55,
      "time_window": [
        450.0,
        1705.46
      ],
      "demand": [
        1,
        2,
        4
      ]
    },
    {
      "id": "C176",
      "x": 79.11,
      "y": 99.49,
      "time_window": [
        450.0,
        1979.64
      ],
      "demand": [
        2,
        4,
        2
      ]
    },
    {
      "id": "C177",
      "x": 5.99,
      "y": 13.54,
      "time_window": [
        450.0,
        1839.0
      ],
      "demand": [
        3,
        2,
        2
      ]
    },
    {
      "id": "C178",
      "x": 62.33,
      "y": 72.63,
      "time_window": [
        450.0,
        1957.18
      ],
      "demand": [
        2,
        1,
        2
      ]
    },
    {
      "id": "C179",
      "x": 93.18,
      "y": 22.81,
      "time_window": [
        450.0,
        2164.8
      ],
      "demand": [
        1,
        2,
        3
      ]
    },
    {
      "id": "C180",
      "x": 15.53,
      "y": 13.27,
      "time_window": [
        450.0,
        1690.27
      ],
      "demand": [
        4,
        3,
        1
      ]
    },
    {
      "id": "C181",
      "x": 17.79,
      "y": 1.96,
      "time_window": [
        450.0,
        1113.42
      ],
      "demand": [
        3,
        2,
        2
      ]
    },
    {
      "id": "C182",
      "x": 46.98,
      "y": 44.03,
      "time_window": [
        450.0,
        1304.27
      ],
      "demand": [
        1,
        2,
        4
      ]
    },
    {
      "id": "C183",
      "x": 36.3,
      "y": 26.75,
      "time_window": [
        450.0,
        1130.95
      ],
      "demand": [
        1,
        4,
        4
      ]
    },
    {
      "id": "C184",
      "x": 60.12,
      "y": 27.3,
      "time_window": [
        450.0,
        2208.79
      ],
      "demand": [
        2,
        4,
        4
      ]
    },
    {
      "id": "C185",
      "x": 55.74,
      "y": 65.52,
      "time_window": [
        450.0,
        2500.75
      ],
      "demand": [
        1,
        4,
        2
      ]
    },
    {
      "id": "C186",
      "x": 57.02,
      "y": 64.3,
      "time_window": [
        450.0,
        1603.39
      ],
      "demand": [
        1,
        3,
        1
      ]
    },
    {
      "id": "C187",
      "x": 97.5,
      "y": 8.85,
      "time_window": [
        450.0,
        2550
      ],
      "demand": [
        1,
        1,
        2
      ]
    },
    {
      "id": "C188",
      "x": 73.92,
      "y": 37.86,
      "time_window": [
        450.0,
        1799.58
      ],
      "demand": [
        2,
        3,
        4
      ]
    },
    {
      "id": "C189",
      "x": 84.41,
      "y": 14.98,
      "time_window": [
        450.0,
        2373.61
      ],
      "demand": [
        3,
        1,
        1
      ]
    },
    {
      "id": "C190",
      "x": 89.28,
      "y": 84.28,
      "time_window": [
        450.0,
        1672.61
      ],
      "demand": [
        1,
        2,
        3
      ]
    },
    {
      "id": "C191",
      "x": 50.6,
      "y": 49.17,
      "time_window": [
        450.0,
        2187.38
      ],
      "demand": [
        2,
        1,
        1
      ]
    },
    {
      "id": "C192",
      "x": 52.96,
      "y": 30.58,
      "time_window": [
        450.0,
        1972.78
      ],
      "demand": [
        1,
        4,
        2
      ]
    },
    {
      "id": "C193",
      "x": 70.75,
      "y": 41.78,
      "time_window": [
        450.0,
        1362.54
      ],
      "demand": [
        4,
        2,
        2
      ]
    },
    {
      "id": "C194",
      "x": 90.39,
      "y": 89.28,
      "time_window": [
        450.0,
        1365.02
      ],
      "demand": [
        4,
        4,
        4
      ]
    },
    {
      "id": "C195",
      "x": 84.05,
      "y": 16.76,
      "time_window": [
        450.0,
        1779.28
      ],
      "demand": [
        4,
        4,
        1
      ]
    },
    {
      "id": "C196",
      "x": 13.44,
      "y": 7.56,
      "time_window": [
        450.0,
        2518.74
      ],
      "demand": [
        4,
        3,
        1
      ]
    },
    {
      "id": "C197",
      "x": 9.27,
      "y": 11.02,
      "time_window": [
        450.0,
        2353.84
      ],
      "demand": [
        1,
        3,
        1
      ]
    },
    {
      "id": "C198",
      "x": 80.64,
      "y": 24.88,
      "time_window": [
        450.0,
        1743.45
      ],
      "demand": [
        4,
        1,
        2
      ]
    },
    {
      "id": "C199",
      "x": 44.39,
      "y": 47.61,
      "time_window": [
        450.0,
        2550
      ],
      "demand": [
        4,
        1,
        2
      ]
    },
    {
      "id": "C200",
      "x": 50.71,
      "y": 59.64,
      "time_window": [
        450.0,
        1600.84
      ],
      "demand": [
        4,
        2,
        2
      ]
    }
  ]
}