{
  "set_id": 3,
  "inst_id": 6,
  "vehicles": {
    "CT": {
      "count": 8,
      "capacity": 1500,
      "fixed_cost": 1500,
      "unit_cost_factor": 1.2
    },
    "UV": {
      "count": 12,
      "capacity": 500,
      "fixed_cost": 500,
      "unit_cost_factor": 1.1
    }
  },
  "P": 4,
  "item_weights": [
    5,
    5,
    5,
    10
  ],
  "inventory_ratio": 1.2,
  "FCs": [
    {
      "id": "FC1",
      "x": 25,
      "y": 25,
      "time_window": [
        0.0,
        3000.0
      ],
      "inventory": [
        30,
        31,
        28,
        36
      ]
    },
    {
      "id": "FC2",
      "x": 75,
      "y": 75,
      "time_window": [
        0.0,
        3000.0
      ],
      "inventory": [
        39,
        27,
        25,
        28
      ]
    }
  ],
  "DCs": [
    {
      "id": "DC1",
      "x": 10.31,
      "y": 84.02,
      "time_window": [
        300.0,
        2700.0
      ]
    },
    {
      "id": "DC2",
      "x": 24.08,
      "y": 84.61,
      "time_window": [
        300.0,
        2700.0
      ]
    },
    {
      "id": "DC3",
      "x": 21.01,
      "y": 15.86,
      "time_window": [
        300.0,
        2700.0
      ]
    },
    {
      "id": "DC4",
      "x": 65.13,
      "y": 12.39,
      "time_window": [
        300.0,
        2700.0
      ]
    }
  ],
  "CDPs": [
    {
      "id": "CDP1",
      "x": 87.17,
      "y": 76.09,
      "time_window": [
        0.0,
        3000.0
      ],
      "capacity": 115
    },
    {
      "id": "CDP2",
      "x": 61.06,
      "y": 89.34,
      "time_window": [
        0.0,
        3000.0
      ],
      "capacity": 251
    },
    {
      "id": "CDP3",
      "x": 52.13,
      "y": 14.6,
      "time_window": [
        0.0,
        3000.0
      ],
      "capacity": 209
    },
    {
      "id": "CDP4",
      "x": 60.79,
      "y": 57.23,
      "time_window": [
        0.0,
        3000.0
      ],
      "capacity": 197
    },
    {
      "id": "CDP5",
      "x": 37.2,
      "y": 77.17,
      "time_window": [
        0.0,
        3000.0
      ],
      "capacity": 238
    },
    {
      "id": "CDP6",
      "x": 51.15,
      "y": 6.34,
      "time_window": [
        0.0,
        3000.0
      ],
      "capacity": 101
    },
    {
      "id": "CDP7",
      "x": 57.88,
      "y": 2.7,
      "time_window": [
        0.0,
        3000.0
      ],
      "capacity": 190
    },
    {
      "id": "CDP8",
      "x": 76.75,
      "y": 12.17,
      "time_window": [
        0.0,
        3000.0
      ],
      "capacity": 158
    },
    {
      "id": "CDP9",
      "x": 20.41,
      "y": 92.42,
      "time_window": [
        0.0,
        3000.0
      ],
      "capacity": 239
    },
    {
      "id": "CDP10",
      "x": 72.15,
      "y": 63.93,
      "time_window": [
        0.0,
        3000.0
      ],
      "capacity": 268
    },
    {
      "id": "CDP11",
      "x": 24.29,
      "y": 71.52,
      "time_window": [
        0.0,
        3000.0
      ],
      "capacity": 130
    },
    {
      "id": "CDP12",
      "x": 73.38,
      "y": 4.22,
      "time_window": [
        0.0,
        3000.0
      ],
      "capacity": 179
    },
    {
      "id": "CDP13",
      "x": 30.45,
      "y": 39.69,
      "time_window": [
        0.0,
        3000.0
      ],
      "capacity": 236
    },
    {
      "id": "CDP14",
      "x": 99.68,
      "y": 0.76,
      "time_window": [
        0.0,
        3000.0
      ],
      "capacity": 110
    },
    {
      "id": "CDP15",
      "x": 98.26,
      "y": 13.5,
      "time_window": [
        0.0,
        3000.0
      ],
      "capacity": 232
    },
    {
      "id": "CDP16",
      "x": 75.46,
      "y": 36.37,
      "time_window": [
        0.0,
        3000.0
      ],
      "capacity": 189
    }
  ],
  "Customers": [
    {
      "id": "C1",
      "x": 78.24,
      "y": 98.4,
      "time_window": [
        450.0,
        1077.1
      ],
      "demand": [
        2,
        2,
        2,
        3
      ]
    },
    {
      "id": "C2",
      "x": 61.18,
      "y": 71.27,
      "time_window": [
        450.0,
        1445.08
      ],
      "demand": [
        2,
        2,
        4,
        4
      ]
    },
    {
      "id": "C3",
      "x": 66.89,
      "y": 60.99,
      "time_window": [
        450.0,
        2364.29
      ],
      "demand": [
        4,
        2,
        2,
        2
      ]
    },
    {
      "id": "C4",
      "x": 46.52,
      "y": 49.12,
      "time_window": [
        450.0,
        1066.31
      ],
      "demand": [
        4,
        4,
        1,
        4
      ]
    },
    {
      "id": "C5",
      "x": 19.35,
      "y": 94.79,
      "time_window": [
        450.0,
        1235.76
      ],
      "demand": [
        4,
        4,
        2,
        4
      ]
    },
    {
      "id": "C6",
      "x": 95.66,
      "y": 95.87,
      "time_window": [
        450.0,
        2503.33
      ],
      "demand": [
        4,
        3,
        4,
        1
      ]
    },
    {
      "id": "C7",
      "x": 53.22,
      "y": 67.9,
      "time_window": [
        450.0,
        1511.17
      ],
      "demand": [
        3,
        1,
        1,
        4
      ]
    },
    {
      "id": "C8",
      "x": 42.7,
      "y": 29.66,
      "time_window": [
        450.0,
        2498.29
      ],
      "demand": [
        2,
        2,
        2,
        1
      ]
    },
    {
      "id": "C9",
      "x": 33.53,
      "y": 68.57,
      "time_window": [
        450.0,
        2254.0
      ],
      "demand": [
        1,
        1,
        2,
        1
      ]
    },
    {
      "id": "C10",
      "x": 69.75,
      "y": 37.84,
      "time_window": [
        450.0,
        2177.02
      ],
      "demand": [
        2,
        2,
        2,
        2
      ]
    },
    {
      "id": "C11",
      "x": 90.24,
      "y": 84.17,
      "time_window": [
        450.0,
        1490.6
      ],
      "demand": [
        2,
        4,
        1,
        4
      ]
    },
    {
      "id": "C12",
      "x": 73.0,
      "y": 28.23,
      "time_window": [
        450.0,
        1879.91
      ],
      "demand": [
        4,
        1,
        1,
        1
      ]
    },
    {
      "id": "C13",
      "x": 35.61,
      "y": 47.3,
      "time_window": [
        450.0,
        1148.6
      ],
      "demand": [
        4,
        1,
        3,
        3
      ]
    },
    {
      "id": "C14",
      "x": 14.14,
      "y": 12.85,
      "time_window": [
        450.0,
        1368.56
      ],
      "demand": [
        2,
        4,
        2,
        4
      ]
    },
    {
      "id": "C15",
      "x": 22.11,
      "y": 22.03,
      "time_window": [
        450.0,
        2026.35
      ],
      "demand": [
        1,
        3,
        3,
        1
      ]
    },
    {
      "id": "C16",
      "x": 33.62,
      "y": 44.39,
      "time_window": [
        450.0,
        1809.17
      ],
      "demand": [
        4,
        1,
        4,
        3
      ]
    },
    {
      "id": "C17",
      "x": 39.95,
      "y": 42.88,
      "time_window": [
        450.0,
        1289.93
      ],
      "demand": [
        4,
        3,
        1,
        4
      ]
    },
    {
      "id": "C18",
      "x": 86.73,
      "y": 77.49,
      "time_window": [
        450.0,
        1862.57
      ],
      "demand": [
        3,
        3,
        2,
        2
      ]
    },
    {
      "id": "C19",
      "x": 84.91,
      "y": 22.22,
      "time_window": [
        450.0,
        2089.39
      ],
      "demand": [
        2,
        3,
        1,
        3
      ]
    },
    {
      "id": "C20",
      "x": 56.79,
      "y": 32.11,
      "time_window": [
        450.0,
        1645.32
      ],
      "demand": [
        3,
        2,
        4,
        2
      ]
    }
  ]
}