{
  "set_id": 2,
  "inst_id": 4,
  "vehicles": {
    "CT": {
      "count": 6,
      "capacity": 1500,
      "fixed_cost": 1500,
      "unit_cost_factor": 1.2
    },
    "UV": {
      "count": 8,
      "capacity": 500,
      "fixed_cost": 500,
      "unit_cost_factor": 1.1
    }
  },
  "P": 3,
  "item_weights": [
    10,
    15,
    5
  ],
  "inventory_ratio": 1.4,
  "FCs": [
    {
      "id": "FC1",
      "x": 25,
      "y": 25,
      "time_window": [
        0.0,
        3000.0
      ],
      "inventory": [
        28,
        30,
        41
      ]
    },
    {
      "id": "FC2",
      "x": 75,
      "y": 75,
      "time_window": [
        0.0,
        3000.0
      ],
      "inventory": [
        38,
        42,
        41
      ]
    }
  ],
  "DCs": [
    {
      "id": "DC1",
      "x": 58.77,
      "y": 75.87,
      "time_window": [
        300.0,
        2700.0
      ]
    },
    {
      "id": "DC2",
      "x": 80.44,
      "y": 79.19,
      "time_window": [
        300.0,
        2700.0
      ]
    },
    {
      "id": "DC3",
      "x": 47.03,
      "y": 58.63,
      "time_window": [
        300.0,
        2700.0
      ]
    },
    {
      "id": "DC4",
      "x": 48.57,
      "y": 97.2,
      "time_window": [
        300.0,
        2700.0
      ]
    }
  ],
  "CDPs": [
    {
      "id": "CDP1",
      "x": 56.32,
      "y": 82.27,
      "time_window": [
        0.0,
        3000.0
      ],
      "capacity": 247
    },
    {
      "id": "CDP2",
      "x": 7.12,
      "y": 70.42,
      "time_window": [
        0.0,
        3000.0
      ],
      "capacity": 234
    },
    {
      "id": "CDP3",
      "x": 41.9,
      "y": 99.68,
      "time_window": [
        0.0,
        3000.0
      ],
      "capacity": 204
    },
    {
      "id": "CDP4",
      "x": 44.27,
      "y": 98.27,
      "time_window": [
        0.0,
        3000.0
      ],
      "capacity": 258
    },
    {
      "id": "CDP5",
      "x": 49.26,
      "y": 73.32,
      "time_window": [
        0.0,
        3000.0
      ],
      "capacity": 279
    },
    {
      "id": "CDP6",
      "x": 14.41,
      "y": 94.63,
      "time_window": [
        0.0,
        3000.0
      ],
      "capacity": 218
    },
    {
      "id": "CDP7",
      "x": 15.37,
      "y": 13.92,
      "time_window": [
        0.0,
        3000.0
      ],
      "capacity": 254
    },
    {
      "id": "CDP8",
      "x": 66.05,
      "y": 28.73,
      "time_window": [
        0.0,
        3000.0
      ],
      "capacity": 210
    },
    {
      "id": "CDP9",
      "x": 21.01,
      "y": 83.96,
      "time_window": [
        0.0,
        3000.0
      ],
      "capacity": 205
    },
    {
      "id": "CDP10",
      "x": 6.71,
      "y": 31.05,
      "time_window": [
        0.0,
        3000.0
      ],
      "capacity": 267
    },
    {
      "id": "CDP11",
      "x": 96.64,
      "y": 72.71,
      "time_window": [
        0.0,
        3000.0
      ],
      "capacity": 103
    },
    {
      "id": "CDP12",
      "x": 92.59,
      "y": 65.78,
      "time_window": [
        0.0,
        3000.0
      ],
      "capacity": 151
    }
  ],
  "Customers": [
    {
      "id": "C1",
      "x": 46.51,
      "y": 59.62,
      "time_window": [
        450.0,
        1920.3
      ],
      "demand": [
        1,
        1,
        4
      ]
    },
    {
      "id": "C2",
      "x": 42.88,
      "y": 60.79,
      "time_window": [
        450.0,
        1932.54
      ],
      "demand": [
        1,
        3,
        3
      ]
    },
    {
      "id": "C3",
      "x": 76.47,
      "y": 90.68,
      "time_window": [
        450.0,
        1835.77
      ],
      "demand": [
        1,
        1,
        2
      ]
    },
    {
      "id": "C4",
      "x": 27.69,
      "y": 39.3,
      "time_window": [
        450.0,
        1769.87
      ],
      "demand": [
        2,
        4,
        4
      ]
    },
    {
      "id": "C5",
      "x": 57.67,
      "y": 67.61,
      "time_window": [
        450.0,
        2518.53
      ],
      "demand": [
        4,
        4,
        1
      ]
    },
    {
      "id": "C6",
      "x": 46.16,
      "y": 68.59,
      "time_window": [
        450.0,
        1791.61
      ],
      "demand": [
        1,
        3,
        3
      ]
    },
    {
      "id": "C7",
      "x": 19.74,
      "y": 5.16,
      "time_window": [
        450.0,
        1708.66
      ],
      "demand": [
        4,
        3,
        3
      ]
    },
    {
      "id": "C8",
      "x": 38.75,
      "y": 60.22,
      "time_window": [
        450.0,
        2248.26
      ],
      "demand": [
        3,
        3,
        3
      ]
    },
    {
      "id": "C9",
      "x": 72.32,
      "y": 34.72,
      "time_window": [
        450.0,
        1865.99
      ],
      "demand": [
        3,
        2,
        4
      ]
    },
    {
      "id": "C10",
      "x": 22.37,
      "y": 19.94,
      "time_window": [
        450.0,
        2488.67
      ],
      "demand": [
        2,
        2,
        3
      ]
    },
    {
      "id": "C11",
      "x": 22.62,
      "y": 78.97,
      "time_window": [
        450.0,
        2304.24
      ],
      "demand": [
        4,
        2,
        3
      ]
    },
    {
      "id": "C12",
      "x": 8.65,
      "y": 21.41,
      "time_window": [
        450.0,
        1816.02
      ],
      "demand": [
        1,
        3,
        3
      ]
    },
    {
      "id": "C13",
      "x": 65.51,
      "y": 54.22,
      "time_window": [
        450.0,
        2386.38
      ],
      "demand": [
        2,
        4,
        1
      ]
    },
    {
      "id": "C14",
      "x": 32.75,
      "y": 41.88,
      "time_window": [
        450.0,
        2003.58
      ],
      "demand": [
        3,
        2,
        3
      ]
    },
    {
      "id": "C15",
      "x": 77.61,
      "y": 95.61,
      "time_window": [
        450.0,
        2271.34
      ],
      "demand": [
        2,
        2,
        4
      ]
    },
    {
      "id": "C16",
      "x": 60.61,
      "y": 38.61,
      "time_window": [
        450.0,
        1422.45
      ],
      "demand": [
        1,
        4,
        4
      ]
    },
    {
      "id": "C17",
      "x": 51.22,
      "y": 31.84,
      "time_window": [
        450.0,
        1510.73
      ],
      "demand": [
        2,
        3,
        2
      ]
    },
    {
      "id": "C18",
      "x": 97.23,
      "y": 85.78,
      "time_window": [
        450.0,
        1739.05
      ],
      "demand": [
        2,
        2,
        4
      ]
    },
    {
      "id": "C19",
      "x": 72.29,
      "y": 54.22,
      "time_window": [
        450.0,
        2510.62
      ],
      "demand": [
        4,
        2,
        1
      ]
    },
    {
      "id": "C20",
      "x": 21.81,
      "y": 5.28,
      "time_window": [
        450.0,
        1890.63
      ],
      "demand": [
        4,
        1,
        3
      ]
    }
  ]
}