{
  "set_id": 9,
  "inst_id": 8,
  "vehicles": {
    "CT": {
      "count": 32,
      "capacity": 1500,
      "fixed_cost": 1500,
      "unit_cost_factor": 1.2
    },
    "UV": {
      "count": 64,
      "capacity": 500,
      "fixed_cost": 500,
      "unit_cost_factor": 1.1
    }
  },
  "P": 3,
  "item_weights": [
    15,
    10,
    10
  ],
  "inventory_ratio": 1.1,
  "FCs": [
    {
      "id": "FC1",
      "x": 25,
      "y": 25,
      "time_window": [
        0.0,
        3000.0
      ],
      "inventory": [
        155,
        143,
        139
      ]
    },
    {
      "id": "FC2",
      "x": 25,
      "y": 75,
      "time_window": [
        0.0,
        3000.0
      ],
      "inventory": [
        125,
        129,
        144
      ]
    },
    {
      "id": "FC3",
      "x": 75,
      "y": 25,
      "time_window": [
        0.0,
        3000.0
      ],
      "inventory": [
        141,
        146,
        130
      ]
    },
    {
      "id": "FC4",
      "x": 75,
      "y": 75,
      "time_window": [
        0.0,
        3000.0
      ],
      "inventory": [
        129,
        109,
        123
      ]
    }
  ],
  "DCs": [
    {
      "id": "DC1",
      "x": 2.4,
      "y": 5.73,
      "time_window": [
        300.0,
        2700.0
      ]
    },
    {
      "id": "DC2",
      "x": 98.16,
      "y": 99.2,
      "time_window": [
        300.0,
        2700.0
      ]
    },
    {
      "id": "DC3",
      "x": 39.86,
      "y": 42.25,
      "time_window": [
        300.0,
        2700.0
      ]
    },
    {
      "id": "DC4",
      "x": 17.1,
      "y": 68.97,
      "time_window": [
        300.0,
        2700.0
      ]
    },
    {
      "id": "DC5",
      "x": 64.84,
      "y": 35.46,
      "time_window": [
        300.0,
        2700.0
      ]
    },
    {
      "id": "DC6",
      "x": 36.59,
      "y": 47.71,
      "time_window": [
        300.0,
        2700.0
      ]
    },
    {
      "id": "DC7",
      "x": 90.78,
      "y": 9.55,
      "time_window": [
        300.0,
        2700.0
      ]
    },
    {
      "id": "DC8",
      "x": 92.14,
      "y": 58.01,
      "time_window": [
        300.0,
        2700.0
      ]
    }
  ],
  "CDPs": [
    {
      "id": "CDP1",
      "x": 62.43,
      "y": 57.88,
      "time_window": [
        0.0,
        3000.0
      ],
      "capacity": 154
    },
    {
      "id": "CDP2",
      "x": 94.11,
      "y": 30.36,
      "time_window": [
        0.0,
        3000.0
      ],
      "capacity": 121
    },
    {
      "id": "CDP3",
      "x": 91.1,
      "y": 30.18,
      "time_window": [
        0.0,
        3000.0
      ],
      "capacity": 285
    },
    {
      "id": "CDP4",
      "x": 10.63,
      "y": 36.55,
      "time_window": [
        0.0,
        3000.0
      ],
      "capacity": 249
    },
    {
      "id": "CDP5",
      "x": 91.46,
      "y": 94.77,
      "time_window": [
        0.0,
        3000.0
      ],
      "capacity": 206
    },
    {
      "id": "CDP6",
      "x": 17.55,
      "y": 19.79,
      "time_window": [
        0.0,
        3000.0
      ],
      "capacity": 280
    },
    {
      "id": "CDP7",
      "x": 62.37,
      "y": 97.46,
      "time_window": [
        0.0,
        3000.0
      ],
      "capacity": 206
    },
    {
      "id": "CDP8",
      "x": 3.94,
      "y": 96.61,
      "time_window": [
        0.0,
        3000.0
      ],
      "capacity": 133
    },
    {
      "id": "CDP9",
      "x": 11.78,
      "y": 64.25,
      "time_window": [
        0.0,
        3000.0
      ],
      "capacity": 163
    },
    {
      "id": "CDP10",
      "x": 86.14,
      "y": 33.38,
      "time_window": [
        0.0,
        3000.0
      ],
      "capacity": 289
    },
    {
      "id": "CDP11",
      "x": 40.49,
      "y": 87.68,
      "time_window": [
        0.0,
        3000.0
      ],
      "capacity": 137
    },
    {
      "id": "CDP12",
      "x": 2.95,
      "y": 67.18,
      "time_window": [
        0.0,
        3000.0
      ],
      "capacity": 296
    },
    {
      "id": "CDP13",
      "x": 73.55,
      "y": 1.98,
      "time_window": [
        0.0,
        3000.0
      ],
      "capacity": 225
    },
    {
      "id": "CDP14",
      "x": 15.49,
      "y": 12.74,
      "time_window": [
        0.0,
        3000.0
      ],
      "capacity": 261
    },
    {
      "id": "CDP15",
      "x": 5.64,
      "y": 34.56,
      "time_window": [
        0.0,
        3000.0
      ],
      "capacity": 129
    },
    {
      "id": "CDP16",
      "x": 18.15,
      "y": 97.07,
      "time_window": [
        0.0,
        3000.0
      ],
      "capacity": 185
    },
    {
      "id": "CDP17",
      "x": 57.25,
      "y": 9.65,
      "time_window": [
        0.0,
        3000.0
      ],
      "capacity": 188
    },
    {
      "id": "CDP18",
      "x": 84.19,
      "y": 81.11,
      "time_window": [
        0.0,
        3000.0
      ],
      "capacity": 225
    },
    {
      "id": "CDP19",
      "x": 39.15,
      "y": 94.0,
      "time_window": [
        0.0,
        3000.0
      ],
      "capacity": 180
    },
    {
      "id": "CDP20",
      "x": 49.16,
      "y": 79.8,
      "time_window": [
        0.0,
        3000.0
      ],
      "capacity": 286
    },
    {
      "id": "CDP21",
      "x": 74.59,
      "y": 93.2,
      "time_window": [
        0.0,
        3000.0
      ],
      "capacity": 288
    },
    {
      "id": "CDP22",
      "x": 21.82,
      "y": 46.4,
      "time_window": [
        0.0,
        3000.0
      ],
      "capacity": 141
    },
    {
      "id": "CDP23",
      "x": 49.58,
      "y": 41.54,
      "time_window": [
        0.0,
        3000.0
      ],
      "capacity": 235
    },
    {
      "id": "CDP24",
      "x": 70.08,
      "y": 24.86,
      "time_window": [
        0.0,
        3000.0
      ],
      "capacity": 107
    },
    {
      "id": "CDP25",
      "x": 85.65,
      "y": 56.43,
      "time_window": [
        0.0,
        3000.0
      ],
      "capacity": 125
    },
    {
      "id": "CDP26",
      "x": 10.99,
      "y": 82.49,
      "time_window": [
        0.0,
        3000.0
      ],
      "capacity": 105
    },
    {
      "id": "CDP27",
      "x": 65.31,
      "y": 19.27,
      "time_window": [
        0.0,
        3000.0
      ],
      "capacity": 274
    },
    {
      "id": "CDP28",
      "x": 88.28,
      "y": 34.48,
      "time_window": [
        0.0,
        3000.0
      ],
      "capacity": 119
    },
    {
      "id": "CDP29",
      "x": 17.47,
      "y": 95.59,
      "time_window": [
        0.0,
        3000.0
      ],
      "capacity": 267
    },
    {
      "id": "CDP30",
      "x": 69.39,
      "y": 30.83,
      "time_window": [
        0.0,
        3000.0
      ],
      "capacity": 270
    },
    {
      "id": "CDP31",
      "x": 64.52,
      "y": 56.47,
      "time_window": [
        0.0,
        3000.0
      ],
      "capacity": 102
    },
    {
      "id": "CDP32",
      "x": 44.17,
      "y": 80.76,
      "time_window": [
        0.0,
        3000.0
      ],
      "capacity": 128
    },
    {
      "id": "CDP33",
      "x": 33.81,
      "y": 95.65,
      "time_window": [
        0.0,
        3000.0
      ],
      "capacity": 272
    },
    {
      "id": "CDP34",
      "x": 40.81,
      "y": 94.72,
      "time_window": [
        0.0,
        3000.0
      ],
      "capacity": 258
    },
    {
      "id": "CDP35",
      "x": 25.98,
      "y": 54.72,
      "time_window": [
        0.0,
        3000.0
      ],
      "capacity": 180
    },
    {
      "id": "CDP36",
      "x": 67.61,
      "y": 65.96,
      "time_window": [
        0.0,
        3000.0
      ],
      "capacity": 188
    },
    {
      "id": "CDP37",
      "x": 65.75,
      "y": 49.59,
      "time_window": [
        0.0,
        3000.0
      ],
      "capacity": 293
    },
    {
      "id": "CDP38",
      "x": 40.82,
      "y": 82.29,
      "time_window": [
        0.0,
        3000.0
      ],
      "capacity": 102
    },
    {
      "id": "CDP39",
      "x": 40.04,
      "y": 71.57,
      "time_window": [
        0.0,
        3000.0
      ],
      "capacity": 241
    },
    {
      "id": "CDP40",
      "x": 90.44,
      "y": 74.46,
      "time_window": [
        0.0,
        3000.0
      ],
      "capacity": 235
    },
    {
      "id": "CDP41",
      "x": 5.42,
      "y": 27.38,
      "time_window": [
        0.0,
        3000.0
      ],
      "capacity": 113
    },
    {
      "id": "CDP42",
      "x": 59.33,
      "y": 29.13,
      "time_window": [
        0.0,
        3000.0
      ],
      "capacity": 168
    },
    {
      "id": "CDP43",
      "x": 34.88,
      "y": 94.81,
      "time_window": [
        0.0,
        3000.0
      ],
      "capacity": 191
    },
    {
      "id": "CDP44",
      "x": 12.43,
      "y": 21.8,
      "time_window": [
        0.0,
        3000.0
      ],
      "capacity": 228
    },
    {
      "id": "CDP45",
      "x": 28.57,
      "y": 48.55,
      "time_window": [
        0.0,
        3000.0
      ],
      "capacity": 199
    },
    {
      "id": "CDP46",
      "x": 26.19,
      "y": 56.51,
      "time_window": [
        0.0,
        3000.0
      ],
      "capacity": 116
    },
    {
      "id": "CDP47",
      "x": 21.35,
      "y": 19.06,
      "time_window": [
        0.0,
        3000.0
      ],
      "capacity": 141
    },
    {
      "id": "CDP48",
      "x": 81.19,
      "y": 1.08,
      "time_window": [
        0.0,
        3000.0
      ],
      "capacity": 128
    },
    {
      "id": "CDP49",
      "x": 43.5,
      "y": 95.73,
      "time_window": [
        0.0,
        3000.0
      ],
      "capacity": 138
    },
    {
      "id": "CDP50",
      "x": 68.76,
      "y": 47.11,
      "time_window": [
        0.0,
        3000.0
      ],
      "capacity": 129
    },
    {
      "id": "CDP51",
      "x": 47.8,
      "y": 33.92,
      "time_window": [
        0.0,
        3000.0
      ],
      "capacity": 224
    },
    {
      "id": "CDP52",
      "x": 47.95,
      "y": 46.93,
      "time_window": [
        0.0,
        3000.0
      ],
      "capacity": 120
    },
    {
      "id": "CDP53",
      "x": 27.05,
      "y": 71.07,
      "time_window": [
        0.0,
        3000.0
      ],
      "capacity": 290
    },
    {
      "id": "CDP54",
      "x": 58.26,
      "y": 26.41,
      "time_window": [
        0.0,
        3000.0
      ],
      "capacity": 259
    },
    {
      "id": "CDP55",
      "x": 36.41,
      "y": 38.47,
      "time_window": [
        0.0,
        3000.0
      ],
      "capacity": 106
    },
    {
      "id": "CDP56",
      "x": 36.69,
      "y": 9.73,
      "time_window": [
        0.0,
        3000.0
      ],
      "capacity": 113
    },
    {
      "id": "CDP57",
      "x": 61.52,
      "y": 54.55,
      "time_window": [
        0.0,
        3000.0
      ],
      "capacity": 117
    },
    {
      "id": "CDP58",
      "x": 64.04,
      "y": 7.71,
      "time_window": [
        0.0,
        3000.0
      ],
      "capacity": 277
    },
    {
      "id": "CDP59",
      "x": 21.61,
      "y": 15.78,
      "time_window": [
        0.0,
        3000.0
      ],
      "capacity": 144
    },
    {
      "id": "CDP60",
      "x": 32.88,
      "y": 93.84,
      "time_window": [
        0.0,
        3000.0
      ],
      "capacity": 126
    },
    {
      "id": "CDP61",
      "x": 18.09,
      "y": 14.18,
      "time_window": [
        0.0,
        3000.0
      ],
      "capacity": 108
    },
    {
      "id": "CDP62",
      "x": 42.92,
      "y": 34.56,
      "time_window": [
        0.0,
        3000.0
      ],
      "capacity": 142
    },
    {
      "id": "CDP63",
      "x": 80.2,
      "y": 84.31,
      "time_window": [
        0.0,
        3000.0
      ],
      "capacity": 117
    },
    {
      "id": "CDP64",
      "x": 34.57,
      "y": 63.39,
      "time_window": [
        0.0,
        3000.0
      ],
      "capacity": 236
    },
    {
      "id": "CDP65",
      "x": 32.29,
      "y": 88.24,
      "time_window": [
        0.0,
        3000.0
      ],
      "capacity": 295
    },
    {
      "id": "CDP66",
      "x": 9.64,
      "y": 82.2,
      "time_window": [
        0.0,
        3000.0
      ],
      "capacity": 166
    },
    {
      "id": "CDP67",
      "x": 25.01,
      "y": 53.77,
      "time_window": [
        0.0,
        3000.0
      ],
      "capacity": 277
    },
    {
      "id": "CDP68",
      "x": 97.68,
      "y": 39.54,
      "time_window": [
        0.0,
        3000.0
      ],
      "capacity": 281
    },
    {
      "id": "CDP69",
      "x": 1.53,
      "y": 13.47,
      "time_window": [
        0.0,
        3000.0
      ],
      "capacity": 190
    },
    {
      "id": "CDP70",
      "x": 67.47,
      "y": 20.53,
      "time_window": [
        0.0,
        3000.0
      ],
      "capacity": 161
    },
    {
      "id": "CDP71",
      "x": 63.55,
      "y": 27.58,
      "time_window": [
        0.0,
        3000.0
      ],
      "capacity": 216
    },
    {
      "id": "CDP72",
      "x": 17.76,
      "y": 8.15,
      "time_window": [
        0.0,
        3000.0
      ],
      "capacity": 218
    },
    {
      "id": "CDP73",
      "x": 50.05,
      "y": 99.3,
      "time_window": [
        0.0,
        3000.0
      ],
      "capacity": 161
    },
    {
      "id": "CDP74",
      "x": 90.05,
      "y": 23.94,
      "time_window": [
        0.0,
        3000.0
      ],
      "capacity": 183
    },
    {
      "id": "CDP75",
      "x": 19.35,
      "y": 14.43,
      "time_window": [
        0.0,
        3000.0
      ],
      "capacity": 190
    },
    {
      "id": "CDP76",
      "x": 87.84,
      "y": 89.8,
      "time_window": [
        0.0,
        3000.0
      ],
      "capacity": 234
    },
    {
      "id": "CDP77",
      "x": 11.08,
      "y": 88.02,
      "time_window": [
        0.0,
        3000.0
      ],
      "capacity": 203
    },
    {
      "id": "CDP78",
      "x": 14.44,
      "y": 73.22,
      "time_window": [
        0.0,
        3000.0
      ],
      "capacity": 115
    },
    {
      "id": "CDP79",
      "x": 35.03,
      "y": 27.52,
      "time_window": [
        0.0,
        3000.0
      ],
      "capacity": 289
    },
    {
      "id": "CDP80",
      "x": 58.82,
      "y": 93.24,
      "time_window": [
        0.0,
        3000.0
      ],
      "capacity": 220
    },
    {
      "id": "CDP81",
      "x": 81.96,
      "y": 68.95,
      "time_window": [
        0.0,
        3000.0
      ],
      "capacity": 142
    },
    {
      "id": "CDP82",
      "x": 41.97,
      "y": 61.5,
      "time_window": [
        0.0,
        3000.0
      ],
      "capacity": 103
    },
    {
      "id": "CDP83",
      "x": 73.89,
      "y": 98.54,
      "time_window": [
        0.0,
        3000.0
      ],
      "capacity": 143
    },
    {
      "id": "CDP84",
      "x": 59.16,
      "y": 82.1,
      "time_window": [
        0.0,
        3000.0
      ],
      "capacity": 249
    },
    {
      "id": "CDP85",
      "x": 28.19,
      "y": 42.58,
      "time_window": [
        0.0,
        3000.0
      ],
      "capacity": 167
    },
    {
      "id": "CDP86",
      "x": 4.26,
      "y": 63.16,
      "time_window": [
        0.0,
        3000.0
      ],
      "capacity": 190
    },
    {
      "id": "CDP87",
      "x": 63.17,
      "y": 22.77,
      "time_window": [
        0.0,
        3000.0
      ],
      "capacity": 282
    },
    {
      "id": "CDP88",
      "x": 30.29,
      "y": 84.98,
      "time_window": [
        0.0,
        3000.0
      ],
      "capacity": 258
    },
    {
      "id": "CDP89",
      "x": 81.67,
      "y": 67.67,
      "time_window": [
        0.0,
        3000.0
      ],
      "capacity": 107
    },
    {
      "id": "CDP90",
      "x": 31.29,
      "y": 74.38,
      "time_window": [
        0.0,
        3000.0
      ],
      "capacity": 275
    },
    {
      "id": "CDP91",
      "x": 66.79,
      "y": 16.28,
      "time_window": [
        0.0,
        3000.0
      ],
      "capacity": 171
    },
    {
      "id": "CDP92",
      "x": 1.37,
      "y": 34.04,
      "time_window": [
        0.0,
        3000.0
      ],
      "capacity": 151
    },
    {
      "id": "CDP93",
      "x": 26.38,
      "y": 10.59,
      "time_window": [
        0.0,
        3000.0
      ],
      "capacity": 191
    },
    {
      "id": "CDP94",
      "x": 70.78,
      "y": 40.1,
      "time_window": [
        0.0,
        3000.0
      ],
      "capacity": 137
    },
    {
      "id": "CDP95",
      "x": 47.52,
      "y": 85.18,
      "time_window": [
        0.0,
        3000.0
      ],
      "capacity": 164
    },
    {
      "id": "CDP96",
      "x": 3.01,
      "y": 9.99,
      "time_window": [
        0.0,
        3000.0
      ],
      "capacity": 221
    },
    {
      "id": "CDP97",
      "x": 73.44,
      "y": 92.93,
      "time_window": [
        0.0,
        3000.0
      ],
      "capacity": 271
    },
    {
      "id": "CDP98",
      "x": 39.57,
      "y": 41.86,
      "time_window": [
        0.0,
        3000.0
      ],
      "capacity": 109
    },
    {
      "id": "CDP99",
      "x": 19.41,
      "y": 0.14,
      "time_window": [
        0.0,
        3000.0
      ],
      "capacity": 246
    },
    {
      "id": "CDP100",
      "x": 63.19,
      "y": 75.42,
      "time_window": [
        0.0,
        3000.0
      ],
      "capacity": 265
    }
  ],
  "Customers": [
    {
      "id": "C1",
      "x": 15.56,
      "y": 92.11,
      "time_window": [
        450.0,
        2527.07
      ],
      "demand": [
        3,
        2,
        3
      ]
    },
    {
      "id": "C2",
      "x": 55.94,
      "y": 40.13,
      "time_window": [
        450.0,
        1285.37
      ],
      "demand": [
        3,
        1,
        1
      ]
    },
    {
      "id": "C3",
      "x": 88.35,
      "y": 90.01,
      "time_window": [
        450.0,
        957.89
      ],
      "demand": [
        4,
        4,
        3
      ]
    },
    {
      "id": "C4",
      "x": 74.83,
      "y": 73.15,
      "time_window": [
        450.0,
        1865.54
      ],
      "demand": [
        2,
        3,
        1
      ]
    },
    {
      "id": "C5",
      "x": 73.06,
      "y": 65.06,
      "time_window": [
        450.0,
        2210.57
      ],
      "demand": [
        1,
        2,
        1
      ]
    },
    {
      "id": "C6",
      "x": 30.73,
      "y": 49.26,
      "time_window": [
        450.0,
        2389.41
      ],
      "demand": [
        2,
        2,
        3
      ]
    },
    {
      "id": "C7",
      "x": 73.22,
      "y": 64.36,
      "time_window": [
        450.0,
        2327.63
      ],
      "demand": [
        4,
        1,
        3
      ]
    },
    {
      "id": "C8",
      "x": 58.67,
      "y": 32.99,
      "time_window": [
        450.0,
        1965.99
      ],
      "demand": [
        2,
        2,
        3
      ]
    },
    {
      "id": "C9",
      "x": 20.32,
      "y": 82.25,
      "time_window": [
        450.0,
        1130.71
      ],
      "demand": [
        1,
        4,
        3
      ]
    },
    {
      "id": "C10",
      "x": 28.82,
      "y": 45.7,
      "time_window": [
        450.0,
        1484.63
      ],
      "demand": [
        4,
        2,
        4
      ]
    },
    {
      "id": "C11",
      "x": 85.61,
      "y": 8.5,
      "time_window": [
        450.0,
        2226.15
      ],
      "demand": [
        4,
        1,
        1
      ]
    },
    {
      "id": "C12",
      "x": 39.44,
      "y": 63.78,
      "time_window": [
        450.0,
        2230.31
      ],
      "demand": [
        2,
        4,
        1
      ]
    },
    {
      "id": "C13",
      "x": 59.09,
      "y": 26.43,
      "time_window": [
        450.0,
        1407.11
      ],
      "demand": [
        1,
        1,
        1
      ]
    },
    {
      "id": "C14",
      "x": 36.47,
      "y": 28.87,
      "time_window": [
        450.0,
        1191.69
      ],
      "demand": [
        1,
        3,
        3
      ]
    },
    {
      "id": "C15",
      "x": 29.95,
      "y": 64.15,
      "time_window": [
        450.0,
        1562.18
      ],
      "demand": [
        2,
        1,
        2
      ]
    },
    {
      "id": "C16",
      "x": 16.0,
      "y": 6.66,
      "time_window": [
        450.0,
        1031.86
      ],
      "demand": [
        2,
        2,
        4
      ]
    },
    {
      "id": "C17",
      "x": 23.87,
      "y": 86.08,
      "time_window": [
        450.0,
        2087.84
      ],
      "demand": [
        3,
        2,
        3
      ]
    },
    {
      "id": "C18",
      "x": 18.75,
      "y": 77.13,
      "time_window": [
        450.0,
        1773.6
      ],
      "demand": [
        1,
        4,
        1
      ]
    },
    {
      "id": "C19",
      "x": 8.59,
      "y": 10.17,
      "time_window": [
        450.0,
        1459.7
      ],
      "demand": [
        2,
        1,
        4
      ]
    },
    {
      "id": "C20",
      "x": 97.23,
      "y": 80.71,
      "time_window": [
        450.0,
        1744.1
      ],
      "demand": [
        4,
        3,
        2
      ]
    },
    {
      "id": "C21",
      "x": 70.99,
      "y": 49.77,
      "time_window": [
        450.0,
        1701.3
      ],
      "demand": [
        2,
        1,
        2
      ]
    },
    {
      "id": "C22",
      "x": 63.67,
      "y": 70.17,
      "time_window": [
        450.0,
        2408.71
      ],
      "demand": [
        1,
        3,
        1
      ]
    },
    {
      "id": "C23",
      "x": 42.07,
      "y": 59.61,
      "time_window": [
        450.0,
        1139.25
      ],
      "demand": [
        2,
        1,
        2
      ]
    },
    {
      "id": "C24",
      "x": 80.32,
      "y": 88.9,
      "time_window": [
        450.0,
        1900.42
      ],
      "demand": [
        2,
        1,
        3
      ]
    },
    {
      "id": "C25",
      "x": 66.13,
      "y": 46.35,
      "time_window": [
        450.0,
        2166.29
      ],
      "demand": [
        2,
        4,
        1
      ]
    },
    {
      "id": "C26",
      "x": 36.36,
      "y": 40.59,
      "time_window": [
        450.0,
        2118.09
      ],
      "demand": [
        1,
        1,
        2
      ]
    },
    {
      "id": "C27",
      "x": 37.63,
      "y": 50.61,
      "time_window": [
        450.0,
        2230.48
      ],
      "demand": [
        2,
        4,
        3
      ]
    },
    {
      "id": "C28",
      "x": 36.69,
      "y": 63.47,
      "time_window": [
        450.0,
        1167.5
      ],
      "demand": [
        1,
        2,
        1
      ]
    },
    {
      "id": "C29",
      "x": 25.08,
      "y": 71.88,
      "time_window": [
        450.0,
        1458.4
      ],
      "demand": [
        1,
        3,
        4
      ]
    },
    {
      "id": "C30",
      "x": 56.66,
      "y": 59.1,
      "time_window": [
        450.0,
        1872.26
      ],
      "demand": [
        4,
        1,
        3
      ]
    },
    {
      "id": "C31",
      "x": 6.38,
      "y": 85.36,
      "time_window": [
        450.0,
        2417.05
      ],
      "demand": [
        4,
        3,
        2
      ]
    },
    {
      "id": "C32",
      "x": 73.02,
      "y": 26.76,
      "time_window": [
        450.0,
        1135.74
      ],
      "demand": [
        3,
        2,
        1
      ]
    },
    {
      "id": "C33",
      "x": 5.78,
      "y": 89.03,
      "time_window": [
        450.0,
        2197.91
      ],
      "demand": [
        2,
        2,
        4
      ]
    },
    {
      "id": "C34",
      "x": 30.68,
      "y": 25.83,
      "time_window": [
        450.0,
        1175.08
      ],
      "demand": [
        2,
        2,
        2
      ]
    },
    {
      "id": "C35",
      "x": 21.02,
      "y": 76.04,
      "time_window": [
        450.0,
        2159.76
      ],
      "demand": [
        3,
        4,
        2
      ]
    },
    {
      "id": "C36",
      "x": 44.74,
      "y": 32.85,
      "time_window": [
        450.0,
        1780.37
      ],
      "demand": [
        3,
        3,
        2
      ]
    },
    {
      "id": "C37",
      "x": 56.94,
      "y": 32.97,
      "time_window": [
        450.0,
        2255.19
      ],
      "demand": [
        2,
        2,
        4
      ]
    },
    {
      "id": "C38",
      "x": 20.53,
      "y": 82.99,
      "time_window": [
        450.0,
        2436.97
      ],
      "demand": [
        1,
        2,
        3
      ]
    },
    {
      "id": "C39",
      "x": 83.34,
      "y": 10.21,
      "time_window": [
        450.0,
        1616.0
      ],
      "demand": [
        3,
        1,
        2
      ]
    },
    {
      "id": "C40",
      "x": 98.81,
      "y": 84.37,
      "time_window": [
        450.0,
        1486.12
      ],
      "demand": [
        4,
        2,
        3
      ]
    },
    {
      "id": "C41",
      "x": 89.35,
      "y": 84.21,
      "time_window": [
        450.0,
        1503.7
      ],
      "demand": [
        2,
        2,
        1
      ]
    },
    {
      "id": "C42",
      "x": 46.2,
      "y": 26.49,
      "time_window": [
        450.0,
        1687.69
      ],
      "demand": [
        3,
        1,
        3
      ]
    },
    {
      "id": "C43",
      "x": 63.99,
      "y": 71.89,
      "time_window": [
        450.0,
        1583.13
      ],
      "demand": [
        4,
        2,
        4
      ]
    },
    {
      "id": "C44",
      "x": 48.33,
      "y": 47.23,
      "time_window": [
        450.0,
        1901.3
      ],
      "demand": [
        4,
        4,
        2
      ]
    },
    {
      "id": "C45",
      "x": 13.22,
      "y": 85.46,
      "time_window": [
        450.0,
        1217.26
      ],
      "demand": [
        1,
        3,
        3
      ]
    },
    {
      "id": "C46",
      "x": 84.51,
      "y": 8.53,
      "time_window": [
        450.0,
        2236.95
      ],
      "demand": [
        3,
        4,
        4
      ]
    },
    {
      "id": "C47",
      "x": 54.19,
      "y": 35.07,
      "time_window": [
        450.0,
        2550
      ],
      "demand": [
        4,
        1,
        4
      ]
    },
    {
      "id": "C48",
      "x": 58.53,
      "y": 50.13,
      "time_window": [
        450.0,
        1714.39
      ],
      "demand": [
        1,
        3,
        2
      ]
    },
    {
      "id": "C49",
      "x": 3.2,
      "y": 0.92,
      "time_window": [
        450.0,
        1782.4
      ],
      "demand": [
        3,
        3,
        1
      ]
    },
    {
      "id": "C50",
      "x": 71.32,
      "y": 48.46,
      "time_window": [
        450.0,
        1698.74
      ],
      "demand": [
        1,
        1,
        3
      ]
    },
    {
      "id": "C51",
      "x": 81.38,
      "y": 91.03,
      "time_window": [
        450.0,
        1292.08
      ],
      "demand": [
        4,
        1,
        2
      ]
    },
    {
      "id": "C52",
      "x": 37.1,
      "y": 64.15,
      "time_window": [
        450.0,
        1288.93
      ],
      "demand": [
        4,
        3,
        1
      ]
    },
    {
      "id": "C53",
      "x": 99.19,
      "y": 99.44,
      "time_window": [
        450.0,
        2108.08
      ],
      "demand": [
        2,
        4,
        3
      ]
    },
    {
      "id": "C54",
      "x": 93.57,
      "y": 91.8,
      "time_window": [
        450.0,
        1013.79
      ],
      "demand": [
        2,
        4,
        1
      ]
    },
    {
      "id": "C55",
      "x": 90.2,
      "y": 15.87,
      "time_window": [
        450.0,
        1812.0
      ],
      "demand": [
        4,
        4,
        3
      ]
    },
    {
      "id": "C56",
      "x": 36.51,
      "y": 48.63,
      "time_window": [
        450.0,
        1293.45
      ],
      "demand": [
        2,
        2,
        2
      ]
    },
    {
      "id": "C57",
      "x": 79.67,
      "y": 96.99,
      "time_window": [
        450.0,
        1810.54
      ],
      "demand": [
        4,
        1,
        1
      ]
    },
    {
      "id": "C58",
      "x": 63.73,
      "y": 25.33,
      "time_window": [
        450.0,
        2263.54
      ],
      "demand": [
        3,
        1,
        1
      ]
    },
    {
      "id": "C59",
      "x": 60.44,
      "y": 48.86,
      "time_window": [
        450.0,
        2133.09
      ],
      "demand": [
        4,
        3,
        2
      ]
    },
    {
      "id": "C60",
      "x": 38.4,
      "y": 52.9,
      "time_window": [
        450.0,
        1036.18
      ],
      "demand": [
        3,
        3,
        1
      ]
    },
    {
      "id": "C61",
      "x": 96.49,
      "y": 15.84,
      "time_window": [
        450.0,
        1132.36
      ],
      "demand": [
        2,
        2,
        3
      ]
    },
    {
      "id": "C62",
      "x": 95.75,
      "y": 17.59,
      "time_window": [
        450.0,
        1723.87
      ],
      "demand": [
        3,
        1,
        3
      ]
    },
    {
      "id": "C63",
      "x": 75.2,
      "y": 20.53,
      "time_window": [
        450.0,
        2122.12
      ],
      "demand": [
        2,
        1,
        3
      ]
    },
    {
      "id": "C64",
      "x": 89.61,
      "y": 76.23,
      "time_window": [
        450.0,
        1673.25
      ],
      "demand": [
        4,
        4,
        4
      ]
    },
    {
      "id": "C65",
      "x": 25.1,
      "y": 36.78,
      "time_window": [
        450.0,
        1372.58
      ],
      "demand": [
        3,
        3,
        1
      ]
    },
    {
      "id": "C66",
      "x": 62.2,
      "y": 61.97,
      "time_window": [
        450.0,
        1154.5
      ],
      "demand": [
        4,
        3,
        4
      ]
    },
    {
      "id": "C67",
      "x": 43.16,
      "y": 39.68,
      "time_window": [
        450.0,
        2200.99
      ],
      "demand": [
        2,
        4,
        4
      ]
    },
    {
      "id": "C68",
      "x": 40.62,
      "y": 41.94,
      "time_window": [
        450.0,
        1529.05
      ],
      "demand": [
        4,
        4,
        1
      ]
    },
    {
      "id": "C69",
      "x": 51.87,
      "y": 38.21,
      "time_window": [
        450.0,
        1725.99
      ],
      "demand": [
        2,
        2,
        2
      ]
    },
    {
      "id": "C70",
      "x": 82.25,
      "y": 93.87,
      "time_window": [
        450.0,
        2040.25
      ],
      "demand": [
        3,
        1,
        3
      ]
    },
    {
      "id": "C71",
      "x": 51.47,
      "y": 62.88,
      "time_window": [
        450.0,
        1285.95
      ],
      "demand": [
        4,
        1,
        4
      ]
    },
    {
      "id": "C72",
      "x": 34.81,
      "y": 53.56,
      "time_window": [
        450.0,
        1273.8
      ],
      "demand": [
        2,
        4,
        2
      ]
    },
    {
      "id": "C73",
      "x": 55.54,
      "y": 40.4,
      "time_window": [
        450.0,
        1360.66
      ],
      "demand": [
        2,
        4,
        3
      ]
    },
    {
      "id": "C74",
      "x": 64.63,
      "y": 73.96,
      "time_window": [
        450.0,
        2350.14
      ],
      "demand": [
        4,
        4,
        4
      ]
    },
    {
      "id": "C75",
      "x": 31.62,
      "y": 50.24,
      "time_window": [
        450.0,
        1886.12
      ],
      "demand": [
        4,
        1,
        1
      ]
    },
    {
      "id": "C76",
      "x": 0.88,
      "y": 8.2,
      "time_window": [
        450.0,
        2354.53
      ],
      "demand": [
        3,
        2,
        1
      ]
    },
    {
      "id": "C77",
      "x": 72.49,
      "y": 29.94,
      "time_window": [
        450.0,
        1381.93
      ],
      "demand": [
        4,
        4,
        2
      ]
    },
    {
      "id": "C78",
      "x": 6.94,
      "y": 87.14,
      "time_window": [
        450.0,
        2394.84
      ],
      "demand": [
        1,
        4,
        2
      ]
    },
    {
      "id": "C79",
      "x": 54.56,
      "y": 39.16,
      "time_window": [
        450.0,
        2523.54
      ],
      "demand": [
        4,
        2,
        3
      ]
    },
    {
      "id": "C80",
      "x": 23.03,
      "y": 5.93,
      "time_window": [
        450.0,
        2127.29
      ],
      "demand": [
        1,
        3,
        4
      ]
    },
    {
      "id": "C81",
      "x": 50.6,
      "y": 57.96,
      "time_window": [
        450.0,
        2202.27
      ],
      "demand": [
        1,
        4,
        1
      ]
    },
    {
      "id": "C82",
      "x": 84.07,
      "y": 23.34,
      "time_window": [
        450.0,
        1324.59
      ],
      "demand": [
        4,
        3,
        1
      ]
    },
    {
      "id": "C83",
      "x": 57.22,
      "y": 36.3,
      "time_window": [
        450.0,
        2339.33
      ],
      "demand": [
        4,
        4,
        4
      ]
    },
    {
      "id": "C84",
      "x": 66.83,
      "y": 57.33,
      "time_window": [
        450.0,
        1874.36
      ],
      "demand": [
        3,
        3,
        3
      ]
    },
    {
      "id": "C85",
      "x": 99.85,
      "y": 17.34,
      "time_window": [
        450.0,
        978.22
      ],
      "demand": [
        3,
        2,
        2
      ]
    },
    {
      "id": "C86",
      "x": 14.82,
      "y": 11.17,
      "time_window": [
        450.0,
        2139.55
      ],
      "demand": [
        1,
        2,
        4
      ]
    },
    {
      "id": "C87",
      "x": 4.36,
      "y": 11.7,
      "time_window": [
        450.0,
        1698.29
      ],
      "demand": [
        3,
        3,
        1
      ]
    },
    {
      "id": "C88",
      "x": 26.28,
      "y": 61.03,
      "time_window": [
        450.0,
        1183.88
      ],
      "demand": [
        3,
        2,
        4
      ]
    },
    {
      "id": "C89",
      "x": 28.28,
      "y": 36.59,
      "time_window": [
        450.0,
        1546.27
      ],
      "demand": [
        2,
        1,
        4
      ]
    },
    {
      "id": "C90",
      "x": 67.21,
      "y": 71.67,
      "time_window": [
        450.0,
        1549.8
      ],
      "demand": [
        4,
        1,
        2
      ]
    },
    {
      "id": "C91",
      "x": 25.04,
      "y": 62.16,
      "time_window": [
        450.0,
        2080.9
      ],
      "demand": [
        3,
        2,
        3
      ]
    },
    {
      "id": "C92",
      "x": 15.08,
      "y": 17.78,
      "time_window": [
        450.0,
        2343.12
      ],
      "demand": [
        2,
        1,
        2
      ]
    },
    {
      "id": "C93",
      "x": 34.83,
      "y": 41.82,
      "time_window": [
        450.0,
        1429.31
      ],
      "demand": [
        2,
        2,
        1
      ]
    },
    {
      "id": "C94",
      "x": 67.3,
      "y": 60.98,
      "time_window": [
        450.0,
        1523.77
      ],
      "demand": [
        1,
        2,
        1
      ]
    },
    {
      "id": "C95",
      "x": 6.51,
      "y": 85.99,
      "time_window": [
        450.0,
        2509.38
      ],
      "demand": [
        1,
        4,
        3
      ]
    },
    {
      "id": "C96",
      "x": 99.97,
      "y": 11.11,
      "time_window": [
        450.0,
        1085.94
      ],
      "demand": [
        4,
        1,
        2
      ]
    },
    {
      "id": "C97",
      "x": 17.94,
      "y": 93.46,
      "time_window": [
        450.0,
        2205.67
      ],
      "demand": [
        2,
        2,
        3
      ]
    },
    {
      "id": "C98",
      "x": 58.17,
      "y": 33.32,
      "time_window": [
        450.0,
        1689.73
      ],
      "demand": [
        3,
        1,
        1
      ]
    },
    {
      "id": "C99",
      "x": 57.51,
      "y": 66.0,
      "time_window": [
        450.0,
        2508.2
      ],
      "demand": [
        2,
        4,
        2
      ]
    },
    {
      "id": "C100",
      "x": 14.4,
      "y": 9.63,
      "time_window": [
        450.0,
        2444.32
      ],
      "demand": [
        4,
        2,
        3
      ]
    },
    {
      "id": "C101",
      "x": 25.49,
      "y": 46.76,
      "time_window": [
        450.0,
        2292.85
      ],
      "demand": [
        2,
        4,
        1
      ]
    },
    {
      "id": "C102",
      "x": 37.34,
      "y": 61.72,
      "time_window": [
        450.0,
        1180.82
      ],
      "demand": [
        3,
        2,
        4
      ]
    },
    {
      "id": "C103",
      "x": 42.38,
      "y": 72.31,
      "time_window": [
        450.0,
        1223.13
      ],
      "demand": [
        1,
        2,
        3
      ]
    },
    {
      "id": "C104",
      "x": 47.64,
      "y": 71.33,
      "time_window": [
        450.0,
        1938.52
      ],
      "demand": [
        4,
        3,
        3
      ]
    },
    {
      "id": "C105",
      "x": 64.81,
      "y": 37.94,
      "time_window": [
        450.0,
        2516.76
      ],
      "demand": [
        4,
        1,
        4
      ]
    },
    {
      "id": "C106",
      "x": 1.5,
      "y": 92.95,
      "time_window": [
        450.0,
        1821.33
      ],
      "demand": [
        4,
        3,
        3
      ]
    },
    {
      "id": "C107",
      "x": 18.44,
      "y": 95.02,
      "time_window": [
        450.0,
        1017.57
      ],
      "demand": [
        1,
        2,
        3
      ]
    },
    {
      "id": "C108",
      "x": 28.87,
      "y": 26.19,
      "time_window": [
        450.0,
        955.07
      ],
      "demand": [
        1,
        4,
        3
      ]
    },
    {
      "id": "C109",
      "x": 41.48,
      "y": 51.21,
      "time_window": [
        450.0,
        2470.78
      ],
      "demand": [
        3,
        3,
        1
      ]
    },
    {
      "id": "C110",
      "x": 72.18,
      "y": 51.42,
      "time_window": [
        450.0,
        2432.51
      ],
      "demand": [
        1,
        2,
        3
      ]
    },
    {
      "id": "C111",
      "x": 26.43,
      "y": 59.42,
      "time_window": [
        450.0,
        2420.27
      ],
      "demand": [
        3,
        2,
        1
      ]
    },
    {
      "id": "C112",
      "x": 46.12,
      "y": 67.19,
      "time_window": [
        450.0,
        1972.88
      ],
      "demand": [
        3,
        2,
        3
      ]
    },
    {
      "id": "C113",
      "x": 35.91,
      "y": 43.71,
      "time_window": [
        450.0,
        1276.7
      ],
      "demand": [
        2,
        2,
        4
      ]
    },
    {
      "id": "C114",
      "x": 87.94,
      "y": 97.31,
      "time_window": [
        450.0,
        1101.81
      ],
      "demand": [
        2,
        2,
        4
      ]
    },
    {
      "id": "C115",
      "x": 14.6,
      "y": 94.6,
      "time_window": [
        450.0,
        1117.48
      ],
      "demand": [
        4,
        3,
        4
      ]
    },
    {
      "id": "C116",
      "x": 71.6,
      "y": 72.88,
      "time_window": [
        450.0,
        2492.61
      ],
      "demand": [
        2,
        4,
        1
      ]
    },
    {
      "id": "C117",
      "x": 70.1,
      "y": 64.79,
      "time_window": [
        450.0,
        1770.06
      ],
      "demand": [
        3,
        4,
        4
      ]
    },
    {
      "id": "C118",
      "x": 38.67,
      "y": 38.51,
      "time_window": [
        450.0,
        1563.03
      ],
      "demand": [
        2,
        3,
        3
      ]
    },
    {
      "id": "C119",
      "x": 39.86,
      "y": 48.45,
      "time_window": [
        450.0,
        2063.28
      ],
      "demand": [
        1,
        1,
        2
      ]
    },
    {
      "id": "C120",
      "x": 98.04,
      "y": 83.62,
      "time_window": [
        450.0,
        1773.14
      ],
      "demand": [
        4,
        3,
        1
      ]
    },
    {
      "id": "C121",
      "x": 14.43,
      "y": 8.04,
      "time_window": [
        450.0,
        1597.04
      ],
      "demand": [
        2,
        2,
        1
      ]
    },
    {
      "id": "C122",
      "x": 72.61,
      "y": 37.17,
      "time_window": [
        450.0,
        2536.33
      ],
      "demand": [
        3,
        2,
        1
      ]
    },
    {
      "id": "C123",
      "x": 34.21,
      "y": 64.92,
      "time_window": [
        450.0,
        1902.76
      ],
      "demand": [
        1,
        1,
        3
      ]
    },
    {
      "id": "C124",
      "x": 58.55,
      "y": 46.8,
      "time_window": [
        450.0,
        1431.24
      ],
      "demand": [
        2,
        1,
        2
      ]
    },
    {
      "id": "C125",
      "x": 4.38,
      "y": 22.35,
      "time_window": [
        450.0,
        2237.34
      ],
      "demand": [
        3,
        3,
        1
      ]
    },
    {
      "id": "C126",
      "x": 67.27,
      "y": 59.29,
      "time_window": [
        450.0,
        2277.54
      ],
      "demand": [
        4,
        3,
        2
      ]
    },
    {
      "id": "C127",
      "x": 91.07,
      "y": 79.01,
      "time_window": [
        450.0,
        1354.2
      ],
      "demand": [
        4,
        2,
        3
      ]
    },
    {
      "id": "C128",
      "x": 89.73,
      "y": 82.98,
      "time_window": [
        450.0,
        1883.67
      ],
      "demand": [
        2,
        3,
        4
      ]
    },
    {
      "id": "C129",
      "x": 15.86,
      "y": 11.1,
      "time_window": [
        450.0,
        2073.23
      ],
      "demand": [
        1,
        2,
        3
      ]
    },
    {
      "id": "C130",
      "x": 50.33,
      "y": 35.6,
      "time_window": [
        450.0,
        1242.48
      ],
      "demand": [
        2,
        2,
        4
      ]
    },
    {
      "id": "C131",
      "x": 49.36,
      "y": 34.86,
      "time_window": [
        450.0,
        1676.77
      ],
      "demand": [
        1,
        1,
        3
      ]
    },
    {
      "id": "C132",
      "x": 34.58,
      "y": 44.7,
      "time_window": [
        450.0,
        2550
      ],
      "demand": [
        3,
        3,
        3
      ]
    },
    {
      "id": "C133",
      "x": 84.56,
      "y": 87.58,
      "time_window": [
        450.0,
        2477.83
      ],
      "demand": [
        1,
        4,
        3
      ]
    },
    {
      "id": "C134",
      "x": 41.2,
      "y": 31.91,
      "time_window": [
        450.0,
        1545.26
      ],
      "demand": [
        1,
        3,
        2
      ]
    },
    {
      "id": "C135",
      "x": 99.23,
      "y": 15.88,
      "time_window": [
        450.0,
        984.27
      ],
      "demand": [
        3,
        4,
        2
      ]
    },
    {
      "id": "C136",
      "x": 6.26,
      "y": 79.85,
      "time_window": [
        450.0,
        1122.26
      ],
      "demand": [
        2,
        1,
        1
      ]
    },
    {
      "id": "C137",
      "x": 16.87,
      "y": 6.78,
      "time_window": [
        450.0,
        1007.22
      ],
      "demand": [
        4,
        3,
        4
      ]
    },
    {
      "id": "C138",
      "x": 10.85,
      "y": 78.12,
      "time_window": [
        450.0,
        1513.95
      ],
      "demand": [
        3,
        3,
        4
      ]
    },
    {
      "id": "C139",
      "x": 42.85,
      "y": 58.08,
      "time_window": [
        450.0,
        1841.32
      ],
      "demand": [
        1,
        1,
        3
      ]
    },
    {
      "id": "C140",
      "x": 48.34,
      "y": 46.85,
      "time_window": [
        450.0,
        1536.14
      ],
      "demand": [
        3,
        1,
        2
      ]
    },
    {
      "id": "C141",
      "x": 39.68,
      "y": 47.81,
      "time_window": [
        450.0,
        1454.6
      ],
      "demand": [
        4,
        1,
        1
      ]
    },
    {
      "id": "C142",
      "x": 73.46,
      "y": 55.84,
      "time_window": [
        450.0,
        1559.48
      ],
      "demand": [
        2,
        1,
        3
      ]
    },
    {
      "id": "C143",
      "x": 48.6,
      "y": 72.33,
      "time_window": [
        450.0,
        2226.33
      ],
      "demand": [
        2,
        4,
        3
      ]
    },
    {
      "id": "C144",
      "x": 40.24,
      "y": 69.03,
      "time_window": [
        450.0,
        1527.02
      ],
      "demand": [
        3,
        1,
        1
      ]
    },
    {
      "id": "C145",
      "x": 15.56,
      "y": 14.07,
      "time_window": [
        450.0,
        2007.64
      ],
      "demand": [
        3,
        3,
        2
      ]
    },
    {
      "id": "C146",
      "x": 8.91,
      "y": 80.49,
      "time_window": [
        450.0,
        1247.9
      ],
      "demand": [
        2,
        3,
        1
      ]
    },
    {
      "id": "C147",
      "x": 97.15,
      "y": 16.75,
      "time_window": [
        450.0,
        1479.1
      ],
      "demand": [
        2,
        2,
        2
      ]
    },
    {
      "id": "C148",
      "x": 98.35,
      "y": 82.8,
      "time_window": [
        450.0,
        1120.93
      ],
      "demand": [
        1,
        3,
        2
      ]
    },
    {
      "id": "C149",
      "x": 47.3,
      "y": 37.14,
      "time_window": [
        450.0,
        1377.3
      ],
      "demand": [
        1,
        3,
        2
      ]
    },
    {
      "id": "C150",
      "x": 31.1,
      "y": 68.55,
      "time_window": [
        450.0,
        2550
      ],
      "demand": [
        4,
        2,
        4
      ]
    },
    {
      "id": "C151",
      "x": 58.22,
      "y": 33.16,
      "time_window": [
        450.0,
        2250.79
      ],
      "demand": [
        1,
        2,
        4
      ]
    },
    {
      "id": "C152",
      "x": 22.68,
      "y": 23.65,
      "time_window": [
        450.0,
        2173.82
      ],
      "demand": [
        3,
        3,
        4
      ]
    },
    {
      "id": "C153",
      "x": 66.49,
      "y": 49.44,
      "time_window": [
        450.0,
        1608.4
      ],
      "demand": [
        2,
        2,
        4
      ]
    },
    {
      "id": "C154",
      "x": 7.18,
      "y": 95.13,
      "time_window": [
        450.0,
        1459.5
      ],
      "demand": [
        4,
        4,
        1
      ]
    },
    {
      "id": "C155",
      "x": 44.34,
      "y": 55.24,
      "time_window": [
        450.0,
        1999.39
      ],
      "demand": [
        3,
        2,
        1
      ]
    },
    {
      "id": "C156",
      "x": 18.98,
      "y": 5.84,
      "time_window": [
        450.0,
        993.79
      ],
      "demand": [
        1,
        1,
        3
      ]
    },
    {
      "id": "C157",
      "x": 22.63,
      "y": 87.69,
      "time_window": [
        450.0,
        1739.62
      ],
      "demand": [
        2,
        2,
        2
      ]
    },
    {
      "id": "C158",
      "x": 4.54,
      "y": 81.77,
      "time_window": [
        450.0,
        2334.1
      ],
      "demand": [
        3,
        3,
        2
      ]
    },
    {
      "id": "C159",
      "x": 35.9,
      "y": 32.55,
      "time_window": [
        450.0,
        1693.87
      ],
      "demand": [
        3,
        4,
        2
      ]
    },
    {
      "id": "C160",
      "x": 89.58,
      "y": 6.91,
      "time_window": [
        450.0,
        2016.28
      ],
      "demand": [
        2,
        2,
        3
      ]
    },
    {
      "id": "C161",
      "x": 30.05,
      "y": 58.48,
      "time_window": [
        450.0,
        1479.51
      ],
      "demand": [
        4,
        2,
        4
      ]
    },
    {
      "id": "C162",
      "x": 14.14,
      "y": 0.68,
      "time_window": [
        450.0,
        2124.94
      ],
      "demand": [
        4,
        1,
        2
      ]
    },
    {
      "id": "C163",
      "x": 29.23,
      "y": 58.65,
      "time_window": [
        450.0,
        1811.51
      ],
      "demand": [
        1,
        1,
        1
      ]
    },
    {
      "id": "C164",
      "x": 82.82,
      "y": 1.44,
      "time_window": [
        450.0,
        1669.13
      ],
      "demand": [
        3,
        1,
        4
      ]
    },
    {
      "id": "C165",
      "x": 79.47,
      "y": 2.52,
      "time_window": [
        450.0,
        2438.82
      ],
      "demand": [
        2,
        2,
        3
      ]
    },
    {
      "id": "C166",
      "x": 2.19,
      "y": 89.48,
      "time_window": [
        450.0,
        1434.35
      ],
      "demand": [
        3,
        3,
        3
      ]
    },
    {
      "id": "C167",
      "x": 24.54,
      "y": 5.44,
      "time_window": [
        450.0,
        1084.13
      ],
      "demand": [
        3,
        3,
        1
      ]
    },
    {
      "id": "C168",
      "x": 43.08,
      "y": 53.4,
      "time_window": [
        450.0,
        1322.09
      ],
      "demand": [
        4,
        4,
        2
      ]
    },
    {
      "id": "C169",
      "x": 25.44,
      "y": 66.03,
      "time_window": [
        450.0,
        1771.0
      ],
      "demand": [
        3,
        4,
        3
      ]
    },
    {
      "id": "C170",
      "x": 25.04,
      "y": 72.87,
      "time_window": [
        450.0,
        2223.52
      ],
      "demand": [
        2,
        3,
        2
      ]
    },
    {
      "id": "C171",
      "x": 25.27,
      "y": 74.72,
      "time_window": [
        450.0,
        2307.34
      ],
      "demand": [
        3,
        3,
        4
      ]
    },
    {
      "id": "C172",
      "x": 45.44,
      "y": 30.44,
      "time_window": [
        450.0,
        1274.28
      ],
      "demand": [
        3,
        2,
        4
      ]
    },
    {
      "id": "C173",
      "x": 41.92,
      "y": 72.44,
      "time_window": [
        450.0,
        2239.57
      ],
      "demand": [
        1,
        2,
        1
      ]
    },
    {
      "id": "C174",
      "x": 71.82,
      "y": 52.18,
      "time_window": [
        450.0,
        2156.24
      ],
      "demand": [
        3,
        1,
        1
      ]
    },
    {
      "id": "C175",
      "x": 55.28,
      "y": 38.09,
      "time_window": [
        450.0,
        1911.54
      ],
      "demand": [
        1,
        1,
        3
      ]
    },
    {
      "id": "C176",
      "x": 21.85,
      "y": 10.33,
      "time_window": [
        450.0,
        1797.98
      ],
      "demand": [
        1,
        4,
        4
      ]
    },
    {
      "id": "C177",
      "x": 33.15,
      "y": 36.68,
      "time_window": [
        450.0,
        2544.67
      ],
      "demand": [
        2,
        2,
        2
      ]
    },
    {
      "id": "C178",
      "x": 95.64,
      "y": 93.0,
      "time_window": [
        450.0,
        1537.86
      ],
      "demand": [
        3,
        3,
        3
      ]
    },
    {
      "id": "C179",
      "x": 23.69,
      "y": 96.01,
      "time_window": [
        450.0,
        1302.4
      ],
      "demand": [
        1,
        4,
        3
      ]
    },
    {
      "id": "C180",
      "x": 83.67,
      "y": 5.21,
      "time_window": [
        450.0,
        1322.11
      ],
      "demand": [
        1,
        3,
        1
      ]
    },
    {
      "id": "C181",
      "x": 72.21,
      "y": 67.16,
      "time_window": [
        450.0,
        2322.01
      ],
      "demand": [
        1,
        3,
        2
      ]
    },
    {
      "id": "C182",
      "x": 14.86,
      "y": 4.51,
      "time_window": [
        450.0,
        1592.04
      ],
      "demand": [
        2,
        4,
        1
      ]
    },
    {
      "id": "C183",
      "x": 36.88,
      "y": 64.85,
      "time_window": [
        450.0,
        1715.45
      ],
      "demand": [
        4,
        3,
        4
      ]
    },
    {
      "id": "C184",
      "x": 90.05,
      "y": 5.52,
      "time_window": [
        450.0,
        2061.17
      ],
      "demand": [
        4,
        2,
        1
      ]
    },
    {
      "id": "C185",
      "x": 32.16,
      "y": 70.53,
      "time_window": [
        450.0,
        2384.01
      ],
      "demand": [
        1,
        4,
        2
      ]
    },
    {
      "id": "C186",
      "x": 63.45,
      "y": 46.83,
      "time_window": [
        450.0,
        980.52
      ],
      "demand": [
        1,
        1,
        3
      ]
    },
    {
      "id": "C187",
      "x": 48.49,
      "y": 44.34,
      "time_window": [
        450.0,
        1605.17
      ],
      "demand": [
        3,
        2,
        4
      ]
    },
    {
      "id": "C188",
      "x": 53.1,
      "y": 53.71,
      "time_window": [
        450.0,
        1550.04
      ],
      "demand": [
        4,
        2,
        2
      ]
    },
    {
      "id": "C189",
      "x": 65.72,
      "y": 47.86,
      "time_window": [
        450.0,
        1242.44
      ],
      "demand": [
        2,
        2,
        2
      ]
    },
    {
      "id": "C190",
      "x": 93.58,
      "y": 16.88,
      "time_window": [
        450.0,
        1484.23
      ],
      "demand": [
        1,
        4,
        1
      ]
    },
    {
      "id": "C191",
      "x": 35.18,
      "y": 28.58,
      "time_window": [
        450.0,
        2499.61
      ],
      "demand": [
        4,
        1,
        2
      ]
    },
    {
      "id": "C192",
      "x": 48.99,
      "y": 48.5,
      "time_window": [
        450.0,
        971.12
      ],
      "demand": [
        2,
        2,
        1
      ]
    },
    {
      "id": "C193",
      "x": 57.14,
      "y": 54.79,
      "time_window": [
        450.0,
        1619.37
      ],
      "demand": [
        3,
        1,
        1
      ]
    },
    {
      "id": "C194",
      "x": 25.74,
      "y": 50.48,
      "time_window": [
        450.0,
        2430.52
      ],
      "demand": [
        1,
        4,
        4
      ]
    },
    {
      "id": "C195",
      "x": 28.52,
      "y": 46.16,
      "time_window": [
        450.0,
        1035.92
      ],
      "demand": [
        3,
        1,
        1
      ]
    },
    {
      "id": "C196",
      "x": 73.69,
      "y": 50.89,
      "time_window": [
        450.0,
        1559.99
      ],
      "demand": [
        1,
        2,
        2
      ]
    },
    {
      "id": "C197",
      "x": 40.96,
      "y": 54.59,
      "time_window": [
        450.0,
        2550
      ],
      "demand": [
        1,
        2,
        4
      ]
    },
    {
      "id": "C198",
      "x": 72.33,
      "y": 63.01,
      "time_window": [
        450.0,
        2042.69
      ],
      "demand": [
        2,
        1,
        4
      ]
    },
    {
      "id": "C199",
      "x": 57.6,
      "y": 63.04,
      "time_window": [
        450.0,
        1006.7
      ],
      "demand": [
        4,
        1,
        1
      ]
    },
    {
      "id": "C200",
      "x": 6.35,
      "y": 7.03,
      "time_window": [
        450.0,
        2022.53
      ],
      "demand": [
        3,
        4,
        2
      ]
    }
  ]
}