{
  "set_id": 3,
  "inst_id": 9,
  "vehicles": {
    "CT": {
      "count": 8,
      "capacity": 1500,
      "fixed_cost": 1500,
      "unit_cost_factor": 1.2
    },
    "UV": {
      "count": 12,
      "capacity": 500,
      "fixed_cost": 500,
      "unit_cost_factor": 1.1
    }
  },
  "P": 4,
  "item_weights": [
    10,
    15,
    15,
    5
  ],
  "inventory_ratio": 1.1,
  "FCs": [
    {
      "id": "FC1",
      "x": 25,
      "y": 25,
      "time_window": [
        0.0,
        3000.0
      ],
      "inventory": [
        37,
        33,
        23,
        32
      ]
    },
    {
      "id": "FC2",
      "x": 75,
      "y": 75,
      "time_window": [
        0.0,
        3000.0
      ],
      "inventory": [
        29,
        30,
        28,
        33
      ]
    }
  ],
  "DCs": [
    {
      "id": "DC1",
      "x": 59.04,
      "y": 39.12,
      "time_window": [
        300.0,
        2700.0
      ]
    },
    {
      "id": "DC2",
      "x": 15.02,
      "y": 84.55,
      "time_window": [
        300.0,
        2700.0
      ]
    },
    {
      "id": "DC3",
      "x": 9.53,
      "y": 54.92,
      "time_window": [
        300.0,
        2700.0
      ]
    },
    {
      "id": "DC4",
      "x": 19.2,
      "y": 88.47,
      "time_window": [
        300.0,
        2700.0
      ]
    }
  ],
  "CDPs": [
    {
      "id": "CDP1",
      "x": 43.88,
      "y": 53.68,
      "time_window": [
        0.0,
        3000.0
      ],
      "capacity": 239
    },
    {
      "id": "CDP2",
      "x": 50.58,
      "y": 45.88,
      "time_window": [
        0.0,
        3000.0
      ],
      "capacity": 134
    },
    {
      "id": "CDP3",
      "x": 68.87,
      "y": 31.26,
      "time_window": [
        0.0,
        3000.0
      ],
      "capacity": 118
    },
    {
      "id": "CDP4",
      "x": 48.9,
      "y": 91.65,
      "time_window": [
        0.0,
        3000.0
      ],
      "capacity": 173
    },
    {
      "id": "CDP5",
      "x": 5.07,
      "y": 13.12,
      "time_window": [
        0.0,
        3000.0
      ],
      "capacity": 290
    },
    {
      "id": "CDP6",
      "x": 21.53,
      "y": 76.51,
      "time_window": [
        0.0,
        3000.0
      ],
      "capacity": 142
    },
    {
      "id": "CDP7",
      "x": 41.86,
      "y": 2.13,
      "time_window": [
        0.0,
        3000.0
      ],
      "capacity": 207
    },
    {
      "id": "CDP8",
      "x": 92.68,
      "y": 39.89,
      "time_window": [
        0.0,
        3000.0
      ],
      "capacity": 178
    },
    {
      "id": "CDP9",
      "x": 80.39,
      "y": 42.89,
      "time_window": [
        0.0,
        3000.0
      ],
      "capacity": 280
    },
    {
      "id": "CDP10",
      "x": 12.88,
      "y": 20.83,
      "time_window": [
        0.0,
        3000.0
      ],
      "capacity": 234
    },
    {
      "id": "CDP11",
      "x": 79.69,
      "y": 85.13,
      "time_window": [
        0.0,
        3000.0
      ],
      "capacity": 255
    },
    {
      "id": "CDP12",
      "x": 38.82,
      "y": 74.64,
      "time_window": [
        0.0,
        3000.0
      ],
      "capacity": 296
    },
    {
      "id": "CDP13",
      "x": 18.7,
      "y": 52.54,
      "time_window": [
        0.0,
        3000.0
      ],
      "capacity": 153
    },
    {
      "id": "CDP14",
      "x": 93.58,
      "y": 52.66,
      "time_window": [
        0.0,
        3000.0
      ],
      "capacity": 281
    },
    {
      "id": "CDP15",
      "x": 74.7,
      "y": 27.0,
      "time_window": [
        0.0,
        3000.0
      ],
      "capacity": 268
    },
    {
      "id": "CDP16",
      "x": 42.84,
      "y": 18.1,
      "time_window": [
        0.0,
        3000.0
      ],
      "capacity": 197
    }
  ],
  "Customers": [
    {
      "id": "C1",
      "x": 70.94,
      "y": 50.62,
      "time_window": [
        450.0,
        2414.84
      ],
      "demand": [
        1,
        4,
        1,
        4
      ]
    },
    {
      "id": "C2",
      "x": 78.88,
      "y": 1.18,
      "time_window": [
        450.0,
        1109.51
      ],
      "demand": [
        2,
        4,
        1,
        1
      ]
    },
    {
      "id": "C3",
      "x": 12.23,
      "y": 5.49,
      "time_window": [
        450.0,
        1934.81
      ],
      "demand": [
        2,
        3,
        3,
        4
      ]
    },
    {
      "id": "C4",
      "x": 36.52,
      "y": 74.8,
      "time_window": [
        450.0,
        1660.74
      ],
      "demand": [
        3,
        2,
        4,
        4
      ]
    },
    {
      "id": "C5",
      "x": 67.03,
      "y": 44.55,
      "time_window": [
        450.0,
        2149.46
      ],
      "demand": [
        4,
        1,
        4,
        3
      ]
    },
    {
      "id": "C6",
      "x": 89.42,
      "y": 16.69,
      "time_window": [
        450.0,
        1068.05
      ],
      "demand": [
        2,
        4,
        2,
        3
      ]
    },
    {
      "id": "C7",
      "x": 92.37,
      "y": 22.39,
      "time_window": [
        450.0,
        2531.43
      ],
      "demand": [
        3,
        3,
        2,
        4
      ]
    },
    {
      "id": "C8",
      "x": 59.03,
      "y": 39.38,
      "time_window": [
        450.0,
        2312.64
      ],
      "demand": [
        4,
        4,
        3,
        2
      ]
    },
    {
      "id": "C9",
      "x": 29.64,
      "y": 34.43,
      "time_window": [
        450.0,
        1850.97
      ],
      "demand": [
        2,
        2,
        4,
        1
      ]
    },
    {
      "id": "C10",
      "x": 26.02,
      "y": 46.51,
      "time_window": [
        450.0,
        2294.01
      ],
      "demand": [
        4,
        1,
        4,
        3
      ]
    },
    {
      "id": "C11",
      "x": 61.09,
      "y": 35.05,
      "time_window": [
        450.0,
        1304.81
      ],
      "demand": [
        3,
        4,
        2,
        3
      ]
    },
    {
      "id": "C12",
      "x": 45.51,
      "y": 58.9,
      "time_window": [
        450.0,
        2043.47
      ],
      "demand": [
        1,
        4,
        1,
        2
      ]
    },
    {
      "id": "C13",
      "x": 46.51,
      "y": 70.4,
      "time_window": [
        450.0,
        1012.02
      ],
      "demand": [
        3,
        4,
        1,
        4
      ]
    },
    {
      "id": "C14",
      "x": 40.96,
      "y": 74.1,
      "time_window": [
        450.0,
        1670.4
      ],
      "demand": [
        4,
        1,
        2,
        3
      ]
    },
    {
      "id": "C15",
      "x": 90.72,
      "y": 23.24,
      "time_window": [
        450.0,
        2240.27
      ],
      "demand": [
        4,
        4,
        4,
        4
      ]
    },
    {
      "id": "C16",
      "x": 24.9,
      "y": 19.11,
      "time_window": [
        450.0,
        2008.06
      ],
      "demand": [
        3,
        4,
        1,
        4
      ]
    },
    {
      "id": "C17",
      "x": 78.65,
      "y": 75.59,
      "time_window": [
        450.0,
        1355.57
      ],
      "demand": [
        3,
        2,
        3,
        1
      ]
    },
    {
      "id": "C18",
      "x": 63.11,
      "y": 58.33,
      "time_window": [
        450.0,
        1354.57
      ],
      "demand": [
        4,
        2,
        1,
        4
      ]
    },
    {
      "id": "C19",
      "x": 84.14,
      "y": 10.14,
      "time_window": [
        450.0,
        1508.64
      ],
      "demand": [
        4,
        3,
        2,
        3
      ]
    },
    {
      "id": "C20",
      "x": 47.22,
      "y": 62.88,
      "time_window": [
        450.0,
        1629.46
      ],
      "demand": [
        4,
        1,
        1,
        2
      ]
    }
  ]
}