{
  "set_id": 9,
  "inst_id": 6,
  "vehicles": {
    "CT": {
      "count": 32,
      "capacity": 1500,
      "fixed_cost": 1500,
      "unit_cost_factor": 1.2
    },
    "UV": {
      "count": 64,
      "capacity": 500,
      "fixed_cost": 500,
      "unit_cost_factor": 1.1
    }
  },
  "P": 3,
  "item_weights": [
    10,
    10,
    15
  ],
  "inventory_ratio": 1.2,
  "FCs": [
    {
      "id": "FC1",
      "x": 25,
      "y": 25,
      "time_window": [
        0.0,
        3000.0
      ],
      "inventory": [
        159,
        173,
        162
      ]
    },
    {
      "id": "FC2",
      "x": 25,
      "y": 75,
      "time_window": [
        0.0,
        3000.0
      ],
      "inventory": [
        149,
        130,
        146
      ]
    },
    {
      "id": "FC3",
      "x": 75,
      "y": 25,
      "time_window": [
        0.0,
        3000.0
      ],
      "inventory": [
        160,
        137,
        151
      ]
    },
    {
      "id": "FC4",
      "x": 75,
      "y": 75,
      "time_window": [
        0.0,
        3000.0
      ],
      "inventory": [
        132,
        148,
        156
      ]
    }
  ],
  "DCs": [
    {
      "id": "DC1",
      "x": 22.8,
      "y": 33.16,
      "time_window": [
        300.0,
        2700.0
      ]
    },
    {
      "id": "DC2",
      "x": 25.87,
      "y": 67.09,
      "time_window": [
        300.0,
        2700.0
      ]
    },
    {
      "id": "DC3",
      "x": 91.15,
      "y": 44.67,
      "time_window": [
        300.0,
        2700.0
      ]
    },
    {
      "id": "DC4",
      "x": 77.2,
      "y": 78.6,
      "time_window": [
        300.0,
        2700.0
      ]
    },
    {
      "id": "DC5",
      "x": 12.77,
      "y": 94.05,
      "time_window": [
        300.0,
        2700.0
      ]
    },
    {
      "id": "DC6",
      "x": 28.5,
      "y": 60.74,
      "time_window": [
        300.0,
        2700.0
      ]
    },
    {
      "id": "DC7",
      "x": 45.82,
      "y": 49.85,
      "time_window": [
        300.0,
        2700.0
      ]
    },
    {
      "id": "DC8",
      "x": 32.69,
      "y": 12.28,
      "time_window": [
        300.0,
        2700.0
      ]
    }
  ],
  "CDPs": [
    {
      "id": "CDP1",
      "x": 74.05,
      "y": 37.91,
      "time_window": [
        0.0,
        3000.0
      ],
      "capacity": 203
    },
    {
      "id": "CDP2",
      "x": 79.3,
      "y": 82.67,
      "time_window": [
        0.0,
        3000.0
      ],
      "capacity": 144
    },
    {
      "id": "CDP3",
      "x": 44.81,
      "y": 69.96,
      "time_window": [
        0.0,
        3000.0
      ],
      "capacity": 198
    },
    {
      "id": "CDP4",
      "x": 18.94,
      "y": 47.53,
      "time_window": [
        0.0,
        3000.0
      ],
      "capacity": 261
    },
    {
      "id": "CDP5",
      "x": 89.09,
      "y": 26.69,
      "time_window": [
        0.0,
        3000.0
      ],
      "capacity": 292
    },
    {
      "id": "CDP6",
      "x": 6.54,
      "y": 47.39,
      "time_window": [
        0.0,
        3000.0
      ],
      "capacity": 279
    },
    {
      "id": "CDP7",
      "x": 18.71,
      "y": 42.66,
      "time_window": [
        0.0,
        3000.0
      ],
      "capacity": 258
    },
    {
      "id": "CDP8",
      "x": 2.42,
      "y": 65.41,
      "time_window": [
        0.0,
        3000.0
      ],
      "capacity": 297
    },
    {
      "id": "CDP9",
      "x": 84.89,
      "y": 2.81,
      "time_window": [
        0.0,
        3000.0
      ],
      "capacity": 294
    },
    {
      "id": "CDP10",
      "x": 68.87,
      "y": 68.31,
      "time_window": [
        0.0,
        3000.0
      ],
      "capacity": 172
    },
    {
      "id": "CDP11",
      "x": 33.46,
      "y": 72.91,
      "time_window": [
        0.0,
        3000.0
      ],
      "capacity": 141
    },
    {
      "id": "CDP12",
      "x": 76.81,
      "y": 66.83,
      "time_window": [
        0.0,
        3000.0
      ],
      "capacity": 285
    },
    {
      "id": "CDP13",
      "x": 90.83,
      "y": 17.26,
      "time_window": [
        0.0,
        3000.0
      ],
      "capacity": 243
    },
    {
      "id": "CDP14",
      "x": 59.35,
      "y": 17.82,
      "time_window": [
        0.0,
        3000.0
      ],
      "capacity": 108
    },
    {
      "id": "CDP15",
      "x": 58.53,
      "y": 27.82,
      "time_window": [
        0.0,
        3000.0
      ],
      "capacity": 194
    },
    {
      "id": "CDP16",
      "x": 6.38,
      "y": 50.02,
      "time_window": [
        0.0,
        3000.0
      ],
      "capacity": 247
    },
    {
      "id": "CDP17",
      "x": 78.69,
      "y": 78.28,
      "time_window": [
        0.0,
        3000.0
      ],
      "capacity": 260
    },
    {
      "id": "CDP18",
      "x": 14.18,
      "y": 4.04,
      "time_window": [
        0.0,
        3000.0
      ],
      "capacity": 285
    },
    {
      "id": "CDP19",
      "x": 30.42,
      "y": 29.38,
      "time_window": [
        0.0,
        3000.0
      ],
      "capacity": 189
    },
    {
      "id": "CDP20",
      "x": 60.8,
      "y": 61.47,
      "time_window": [
        0.0,
        3000.0
      ],
      "capacity": 133
    },
    {
      "id": "CDP21",
      "x": 75.97,
      "y": 22.06,
      "time_window": [
        0.0,
        3000.0
      ],
      "capacity": 180
    },
    {
      "id": "CDP22",
      "x": 96.58,
      "y": 47.38,
      "time_window": [
        0.0,
        3000.0
      ],
      "capacity": 130
    },
    {
      "id": "CDP23",
      "x": 3.52,
      "y": 27.99,
      "time_window": [
        0.0,
        3000.0
      ],
      "capacity": 132
    },
    {
      "id": "CDP24",
      "x": 19.18,
      "y": 25.33,
      "time_window": [
        0.0,
        3000.0
      ],
      "capacity": 236
    },
    {
      "id": "CDP25",
      "x": 34.03,
      "y": 42.97,
      "time_window": [
        0.0,
        3000.0
      ],
      "capacity": 168
    },
    {
      "id": "CDP26",
      "x": 43.87,
      "y": 8.15,
      "time_window": [
        0.0,
        3000.0
      ],
      "capacity": 228
    },
    {
      "id": "CDP27",
      "x": 97.21,
      "y": 53.72,
      "time_window": [
        0.0,
        3000.0
      ],
      "capacity": 290
    },
    {
      "id": "CDP28",
      "x": 44.92,
      "y": 13.8,
      "time_window": [
        0.0,
        3000.0
      ],
      "capacity": 288
    },
    {
      "id": "CDP29",
      "x": 16.87,
      "y": 30.84,
      "time_window": [
        0.0,
        3000.0
      ],
      "capacity": 147
    },
    {
      "id": "CDP30",
      "x": 43.85,
      "y": 83.22,
      "time_window": [
        0.0,
        3000.0
      ],
      "capacity": 130
    },
    {
      "id": "CDP31",
      "x": 11.22,
      "y": 95.97,
      "time_window": [
        0.0,
        3000.0
      ],
      "capacity": 260
    },
    {
      "id": "CDP32",
      "x": 51.21,
      "y": 16.43,
      "time_window": [
        0.0,
        3000.0
      ],
      "capacity": 235
    },
    {
      "id": "CDP33",
      "x": 56.56,
      "y": 68.29,
      "time_window": [
        0.0,
        3000.0
      ],
      "capacity": 106
    },
    {
      "id": "CDP34",
      "x": 26.77,
      "y": 55.88,
      "time_window": [
        0.0,
        3000.0
      ],
      "capacity": 231
    },
    {
      "id": "CDP35",
      "x": 42.56,
      "y": 4.58,
      "time_window": [
        0.0,
        3000.0
      ],
      "capacity": 143
    },
    {
      "id": "CDP36",
      "x": 35.49,
      "y": 82.1,
      "time_window": [
        0.0,
        3000.0
      ],
      "capacity": 236
    },
    {
      "id": "CDP37",
      "x": 53.28,
      "y": 92.76,
      "time_window": [
        0.0,
        3000.0
      ],
      "capacity": 127
    },
    {
      "id": "CDP38",
      "x": 35.21,
      "y": 57.66,
      "time_window": [
        0.0,
        3000.0
      ],
      "capacity": 281
    },
    {
      "id": "CDP39",
      "x": 82.83,
      "y": 57.79,
      "time_window": [
        0.0,
        3000.0
      ],
      "capacity": 200
    },
    {
      "id": "CDP40",
      "x": 11.42,
      "y": 10.22,
      "time_window": [
        0.0,
        3000.0
      ],
      "capacity": 299
    },
    {
      "id": "CDP41",
      "x": 57.54,
      "y": 7.95,
      "time_window": [
        0.0,
        3000.0
      ],
      "capacity": 239
    },
    {
      "id": "CDP42",
      "x": 16.68,
      "y": 15.41,
      "time_window": [
        0.0,
        3000.0
      ],
      "capacity": 297
    },
    {
      "id": "CDP43",
      "x": 30.61,
      "y": 98.91,
      "time_window": [
        0.0,
        3000.0
      ],
      "capacity": 173
    },
    {
      "id": "CDP44",
      "x": 51.09,
      "y": 25.57,
      "time_window": [
        0.0,
        3000.0
      ],
      "capacity": 275
    },
    {
      "id": "CDP45",
      "x": 8.32,
      "y": 98.81,
      "time_window": [
        0.0,
        3000.0
      ],
      "capacity": 119
    },
    {
      "id": "CDP46",
      "x": 22.08,
      "y": 55.49,
      "time_window": [
        0.0,
        3000.0
      ],
      "capacity": 160
    },
    {
      "id": "CDP47",
      "x": 56.67,
      "y": 74.72,
      "time_window": [
        0.0,
        3000.0
      ],
      "capacity": 208
    },
    {
      "id": "CDP48",
      "x": 41.67,
      "y": 76.21,
      "time_window": [
        0.0,
        3000.0
      ],
      "capacity": 110
    },
    {
      "id": "CDP49",
      "x": 3.28,
      "y": 87.65,
      "time_window": [
        0.0,
        3000.0
      ],
      "capacity": 113
    },
    {
      "id": "CDP50",
      "x": 50.58,
      "y": 66.91,
      "time_window": [
        0.0,
        3000.0
      ],
      "capacity": 175
    },
    {
      "id": "CDP51",
      "x": 81.71,
      "y": 71.14,
      "time_window": [
        0.0,
        3000.0
      ],
      "capacity": 264
    },
    {
      "id": "CDP52",
      "x": 2.0,
      "y": 6.33,
      "time_window": [
        0.0,
        3000.0
      ],
      "capacity": 146
    },
    {
      "id": "CDP53",
      "x": 17.78,
      "y": 23.61,
      "time_window": [
        0.0,
        3000.0
      ],
      "capacity": 153
    },
    {
      "id": "CDP54",
      "x": 32.96,
      "y": 6.27,
      "time_window": [
        0.0,
        3000.0
      ],
      "capacity": 269
    },
    {
      "id": "CDP55",
      "x": 47.26,
      "y": 95.95,
      "time_window": [
        0.0,
        3000.0
      ],
      "capacity": 254
    },
    {
      "id": "CDP56",
      "x": 61.76,
      "y": 58.37,
      "time_window": [
        0.0,
        3000.0
      ],
      "capacity": 109
    },
    {
      "id": "CDP57",
      "x": 70.4,
      "y": 23.94,
      "time_window": [
        0.0,
        3000.0
      ],
      "capacity": 143
    },
    {
      "id": "CDP58",
      "x": 51.93,
      "y": 45.89,
      "time_window": [
        0.0,
        3000.0
      ],
      "capacity": 200
    },
    {
      "id": "CDP59",
      "x": 56.27,
      "y": 82.85,
      "time_window": [
        0.0,
        3000.0
      ],
      "capacity": 207
    },
    {
      "id": "CDP60",
      "x": 73.64,
      "y": 5.98,
      "time_window": [
        0.0,
        3000.0
      ],
      "capacity": 213
    },
    {
      "id": "CDP61",
      "x": 62.34,
      "y": 33.97,
      "time_window": [
        0.0,
        3000.0
      ],
      "capacity": 266
    },
    {
      "id": "CDP62",
      "x": 50.79,
      "y": 97.37,
      "time_window": [
        0.0,
        3000.0
      ],
      "capacity": 263
    },
    {
      "id": "CDP63",
      "x": 65.63,
      "y": 45.36,
      "time_window": [
        0.0,
        3000.0
      ],
      "capacity": 118
    },
    {
      "id": "CDP64",
      "x": 62.49,
      "y": 26.51,
      "time_window": [
        0.0,
        3000.0
      ],
      "capacity": 112
    },
    {
      "id": "CDP65",
      "x": 65.18,
      "y": 30.82,
      "time_window": [
        0.0,
        3000.0
      ],
      "capacity": 166
    },
    {
      "id": "CDP66",
      "x": 50.72,
      "y": 21.71,
      "time_window": [
        0.0,
        3000.0
      ],
      "capacity": 157
    },
    {
      "id": "CDP67",
      "x": 3.02,
      "y": 0.51,
      "time_window": [
        0.0,
        3000.0
      ],
      "capacity": 213
    },
    {
      "id": "CDP68",
      "x": 60.3,
      "y": 34.47,
      "time_window": [
        0.0,
        3000.0
      ],
      "capacity": 188
    },
    {
      "id": "CDP69",
      "x": 24.51,
      "y": 9.07,
      "time_window": [
        0.0,
        3000.0
      ],
      "capacity": 112
    },
    {
      "id": "CDP70",
      "x": 14.18,
      "y": 34.3,
      "time_window": [
        0.0,
        3000.0
      ],
      "capacity": 285
    },
    {
      "id": "CDP71",
      "x": 46.07,
      "y": 83.42,
      "time_window": [
        0.0,
        3000.0
      ],
      "capacity": 276
    },
    {
      "id": "CDP72",
      "x": 19.4,
      "y": 48.13,
      "time_window": [
        0.0,
        3000.0
      ],
      "capacity": 189
    },
    {
      "id": "CDP73",
      "x": 92.76,
      "y": 28.05,
      "time_window": [
        0.0,
        3000.0
      ],
      "capacity": 206
    },
    {
      "id": "CDP74",
      "x": 18.9,
      "y": 61.37,
      "time_window": [
        0.0,
        3000.0
      ],
      "capacity": 235
    },
    {
      "id": "CDP75",
      "x": 20.88,
      "y": 20.93,
      "time_window": [
        0.0,
        3000.0
      ],
      "capacity": 242
    },
    {
      "id": "CDP76",
      "x": 91.21,
      "y": 26.58,
      "time_window": [
        0.0,
        3000.0
      ],
      "capacity": 137
    },
    {
      "id": "CDP77",
      "x": 53.54,
      "y": 89.96,
      "time_window": [
        0.0,
        3000.0
      ],
      "capacity": 176
    },
    {
      "id": "CDP78",
      "x": 46.06,
      "y": 47.02,
      "time_window": [
        0.0,
        3000.0
      ],
      "capacity": 105
    },
    {
      "id": "CDP79",
      "x": 62.96,
      "y": 73.83,
      "time_window": [
        0.0,
        3000.0
      ],
      "capacity": 110
    },
    {
      "id": "CDP80",
      "x": 18.32,
      "y": 49.45,
      "time_window": [
        0.0,
        3000.0
      ],
      "capacity": 156
    },
    {
      "id": "CDP81",
      "x": 38.49,
      "y": 92.72,
      "time_window": [
        0.0,
        3000.0
      ],
      "capacity": 290
    },
    {
      "id": "CDP82",
      "x": 61.1,
      "y": 8.18,
      "time_window": [
        0.0,
        3000.0
      ],
      "capacity": 171
    },
    {
      "id": "CDP83",
      "x": 69.44,
      "y": 13.43,
      "time_window": [
        0.0,
        3000.0
      ],
      "capacity": 111
    },
    {
      "id": "CDP84",
      "x": 72.88,
      "y": 51.23,
      "time_window": [
        0.0,
        3000.0
      ],
      "capacity": 133
    },
    {
      "id": "CDP85",
      "x": 21.08,
      "y": 33.9,
      "time_window": [
        0.0,
        3000.0
      ],
      "capacity": 297
    },
    {
      "id": "CDP86",
      "x": 22.51,
      "y": 31.13,
      "time_window": [
        0.0,
        3000.0
      ],
      "capacity": 104
    },
    {
      "id": "CDP87",
      "x": 54.79,
      "y": 69.69,
      "time_window": [
        0.0,
        3000.0
      ],
      "capacity": 261
    },
    {
      "id": "CDP88",
      "x": 71.64,
      "y": 70.91,
      "time_window": [
        0.0,
        3000.0
      ],
      "capacity": 255
    },
    {
      "id": "CDP89",
      "x": 61.19,
      "y": 90.82,
      "time_window": [
        0.0,
        3000.0
      ],
      "capacity": 216
    },
    {
      "id": "CDP90",
      "x": 10.43,
      "y": 41.54,
      "time_window": [
        0.0,
        3000.0
      ],
      "capacity": 233
    },
    {
      "id": "CDP91",
      "x": 44.57,
      "y": 40.14,
      "time_window": [
        0.0,
        3000.0
      ],
      "capacity": 159
    },
    {
      "id": "CDP92",
      "x": 67.07,
      "y": 20.67,
      "time_window": [
        0.0,
        3000.0
      ],
      "capacity": 251
    },
    {
      "id": "CDP93",
      "x": 12.74,
      "y": 71.2,
      "time_window": [
        0.0,
        3000.0
      ],
      "capacity": 260
    },
    {
      "id": "CDP94",
      "x": 90.28,
      "y": 7.15,
      "time_window": [
        0.0,
        3000.0
      ],
      "capacity": 246
    },
    {
      "id": "CDP95",
      "x": 54.5,
      "y": 96.21,
      "time_window": [
        0.0,
        3000.0
      ],
      "capacity": 198
    },
    {
      "id": "CDP96",
      "x": 34.6,
      "y": 20.84,
      "time_window": [
        0.0,
        3000.0
      ],
      "capacity": 113
    },
    {
      "id": "CDP97",
      "x": 41.64,
      "y": 61.97,
      "time_window": [
        0.0,
        3000.0
      ],
      "capacity": 244
    },
    {
      "id": "CDP98",
      "x": 95.87,
      "y": 41.04,
      "time_window": [
        0.0,
        3000.0
      ],
      "capacity": 182
    },
    {
      "id": "CDP99",
      "x": 96.91,
      "y": 22.94,
      "time_window": [
        0.0,
        3000.0
      ],
      "capacity": 227
    },
    {
      "id": "CDP100",
      "x": 16.12,
      "y": 80.25,
      "time_window": [
        0.0,
        3000.0
      ],
      "capacity": 200
    }
  ],
  "Customers": [
    {
      "id": "C1",
      "x": 60.75,
      "y": 40.06,
      "time_window": [
        450.0,
        1211.14
      ],
      "demand": [
        4,
        2,
        1
      ]
    },
    {
      "id": "C2",
      "x": 58.55,
      "y": 56.58,
      "time_window": [
        450.0,
        1311.61
      ],
      "demand": [
        1,
        3,
        3
      ]
    },
    {
      "id": "C3",
      "x": 38.14,
      "y": 66.84,
      "time_window": [
        450.0,
        1805.36
      ],
      "demand": [
        3,
        2,
        4
      ]
    },
    {
      "id": "C4",
      "x": 98.01,
      "y": 83.81,
      "time_window": [
        450.0,
        1503.64
      ],
      "demand": [
        3,
        4,
        2
      ]
    },
    {
      "id": "C5",
      "x": 61.32,
      "y": 53.53,
      "time_window": [
        450.0,
        1047.57
      ],
      "demand": [
        2,
        4,
        2
      ]
    },
    {
      "id": "C6",
      "x": 26.48,
      "y": 72.79,
      "time_window": [
        450.0,
        985.45
      ],
      "demand": [
        3,
        2,
        2
      ]
    },
    {
      "id": "C7",
      "x": 16.43,
      "y": 0.66,
      "time_window": [
        450.0,
        2516.35
      ],
      "demand": [
        1,
        3,
        4
      ]
    },
    {
      "id": "C8",
      "x": 82.74,
      "y": 19.34,
      "time_window": [
        450.0,
        1774.29
      ],
      "demand": [
        2,
        3,
        3
      ]
    },
    {
      "id": "C9",
      "x": 94.47,
      "y": 0.07,
      "time_window": [
        450.0,
        2465.33
      ],
      "demand": [
        4,
        4,
        2
      ]
    },
    {
      "id": "C10",
      "x": 48.09,
      "y": 34.59,
      "time_window": [
        450.0,
        2444.71
      ],
      "demand": [
        1,
        1,
        3
      ]
    },
    {
      "id": "C11",
      "x": 34.51,
      "y": 62.46,
      "time_window": [
        450.0,
        978.64
      ],
      "demand": [
        3,
        4,
        3
      ]
    },
    {
      "id": "C12",
      "x": 55.4,
      "y": 34.3,
      "time_window": [
        450.0,
        1861.42
      ],
      "demand": [
        2,
        3,
        4
      ]
    },
    {
      "id": "C13",
      "x": 38.68,
      "y": 40.07,
      "time_window": [
        450.0,
        1079.1
      ],
      "demand": [
        2,
        3,
        2
      ]
    },
    {
      "id": "C14",
      "x": 36.5,
      "y": 74.07,
      "time_window": [
        450.0,
        1139.49
      ],
      "demand": [
        1,
        4,
        4
      ]
    },
    {
      "id": "C15",
      "x": 71.15,
      "y": 62.2,
      "time_window": [
        450.0,
        2550
      ],
      "demand": [
        3,
        1,
        4
      ]
    },
    {
      "id": "C16",
      "x": 85.61,
      "y": 0.42,
      "time_window": [
        450.0,
        2001.24
      ],
      "demand": [
        1,
        2,
        3
      ]
    },
    {
      "id": "C17",
      "x": 27.03,
      "y": 70.82,
      "time_window": [
        450.0,
        2550
      ],
      "demand": [
        1,
        1,
        3
      ]
    },
    {
      "id": "C18",
      "x": 6.39,
      "y": 15.35,
      "time_window": [
        450.0,
        2383.94
      ],
      "demand": [
        1,
        2,
        1
      ]
    },
    {
      "id": "C19",
      "x": 99.88,
      "y": 80.52,
      "time_window": [
        450.0,
        1326.16
      ],
      "demand": [
        4,
        1,
        2
      ]
    },
    {
      "id": "C20",
      "x": 82.91,
      "y": 93.56,
      "time_window": [
        450.0,
        1987.33
      ],
      "demand": [
        3,
        2,
        4
      ]
    },
    {
      "id": "C21",
      "x": 83.29,
      "y": 99.17,
      "time_window": [
        450.0,
        1775.55
      ],
      "demand": [
        3,
        1,
        1
      ]
    },
    {
      "id": "C22",
      "x": 75.7,
      "y": 98.44,
      "time_window": [
        450.0,
        2372.61
      ],
      "demand": [
        2,
        4,
        3
      ]
    },
    {
      "id": "C23",
      "x": 53.25,
      "y": 48.64,
      "time_window": [
        450.0,
        2550
      ],
      "demand": [
        1,
        1,
        3
      ]
    },
    {
      "id": "C24",
      "x": 2.7,
      "y": 10.83,
      "time_window": [
        450.0,
        1964.24
      ],
      "demand": [
        4,
        4,
        3
      ]
    },
    {
      "id": "C25",
      "x": 49.64,
      "y": 49.49,
      "time_window": [
        450.0,
        2132.98
      ],
      "demand": [
        3,
        3,
        4
      ]
    },
    {
      "id": "C26",
      "x": 33.0,
      "y": 28.21,
      "time_window": [
        450.0,
        2291.0
      ],
      "demand": [
        3,
        1,
        3
      ]
    },
    {
      "id": "C27",
      "x": 37.79,
      "y": 32.35,
      "time_window": [
        450.0,
        2124.08
      ],
      "demand": [
        1,
        3,
        3
      ]
    },
    {
      "id": "C28",
      "x": 37.87,
      "y": 56.24,
      "time_window": [
        450.0,
        2550
      ],
      "demand": [
        1,
        4,
        1
      ]
    },
    {
      "id": "C29",
      "x": 31.57,
      "y": 33.71,
      "time_window": [
        450.0,
        1976.68
      ],
      "demand": [
        1,
        2,
        2
      ]
    },
    {
      "id": "C30",
      "x": 79.49,
      "y": 1.53,
      "time_window": [
        450.0,
        2284.11
      ],
      "demand": [
        4,
        2,
        2
      ]
    },
    {
      "id": "C31",
      "x": 17.52,
      "y": 80.25,
      "time_window": [
        450.0,
        1257.05
      ],
      "demand": [
        2,
        4,
        3
      ]
    },
    {
      "id": "C32",
      "x": 93.93,
      "y": 13.83,
      "time_window": [
        450.0,
        2237.78
      ],
      "demand": [
        3,
        3,
        2
      ]
    },
    {
      "id": "C33",
      "x": 81.92,
      "y": 91.95,
      "time_window": [
        450.0,
        1286.6
      ],
      "demand": [
        3,
        4,
        2
      ]
    },
    {
      "id": "C34",
      "x": 77.69,
      "y": 83.33,
      "time_window": [
        450.0,
        962.18
      ],
      "demand": [
        3,
        1,
        3
      ]
    },
    {
      "id": "C35",
      "x": 44.93,
      "y": 74.5,
      "time_window": [
        450.0,
        2262.08
      ],
      "demand": [
        1,
        1,
        2
      ]
    },
    {
      "id": "C36",
      "x": 11.89,
      "y": 12.41,
      "time_window": [
        450.0,
        1771.33
      ],
      "demand": [
        3,
        3,
        4
      ]
    },
    {
      "id": "C37",
      "x": 49.1,
      "y": 52.25,
      "time_window": [
        450.0,
        1818.85
      ],
      "demand": [
        2,
        2,
        3
      ]
    },
    {
      "id": "C38",
      "x": 86.86,
      "y": 96.55,
      "time_window": [
        450.0,
        2325.83
      ],
      "demand": [
        1,
        1,
        4
      ]
    },
    {
      "id": "C39",
      "x": 65.57,
      "y": 46.33,
      "time_window": [
        450.0,
        974.22
      ],
      "demand": [
        3,
        4,
        4
      ]
    },
    {
      "id": "C40",
      "x": 72.61,
      "y": 44.95,
      "time_window": [
        450.0,
        2151.16
      ],
      "demand": [
        2,
        1,
        3
      ]
    },
    {
      "id": "C41",
      "x": 46.27,
      "y": 29.69,
      "time_window": [
        450.0,
        1278.77
      ],
      "demand": [
        3,
        4,
        3
      ]
    },
    {
      "id": "C42",
      "x": 4.09,
      "y": 96.82,
      "time_window": [
        450.0,
        1762.19
      ],
      "demand": [
        2,
        3,
        4
      ]
    },
    {
      "id": "C43",
      "x": 96.93,
      "y": 21.77,
      "time_window": [
        450.0,
        2067.96
      ],
      "demand": [
        3,
        4,
        3
      ]
    },
    {
      "id": "C44",
      "x": 60.8,
      "y": 69.39,
      "time_window": [
        450.0,
        2257.41
      ],
      "demand": [
        1,
        2,
        2
      ]
    },
    {
      "id": "C45",
      "x": 12.26,
      "y": 95.12,
      "time_window": [
        450.0,
        1748.59
      ],
      "demand": [
        2,
        4,
        1
      ]
    },
    {
      "id": "C46",
      "x": 68.87,
      "y": 50.23,
      "time_window": [
        450.0,
        2265.46
      ],
      "demand": [
        3,
        4,
        1
      ]
    },
    {
      "id": "C47",
      "x": 21.92,
      "y": 16.69,
      "time_window": [
        450.0,
        1114.38
      ],
      "demand": [
        4,
        1,
        1
      ]
    },
    {
      "id": "C48",
      "x": 95.38,
      "y": 18.48,
      "time_window": [
        450.0,
        2550
      ],
      "demand": [
        4,
        3,
        2
      ]
    },
    {
      "id": "C49",
      "x": 37.28,
      "y": 70.91,
      "time_window": [
        450.0,
        1888.47
      ],
      "demand": [
        2,
        1,
        3
      ]
    },
    {
      "id": "C50",
      "x": 30.56,
      "y": 26.25,
      "time_window": [
        450.0,
        1270.05
      ],
      "demand": [
        3,
        1,
        4
      ]
    },
    {
      "id": "C51",
      "x": 52.17,
      "y": 64.06,
      "time_window": [
        450.0,
        1586.67
      ],
      "demand": [
        1,
        3,
        3
      ]
    },
    {
      "id": "C52",
      "x": 22.58,
      "y": 11.05,
      "time_window": [
        450.0,
        1550.33
      ],
      "demand": [
        1,
        2,
        2
      ]
    },
    {
      "id": "C53",
      "x": 63.66,
      "y": 73.99,
      "time_window": [
        450.0,
        1101.67
      ],
      "demand": [
        1,
        3,
        1
      ]
    },
    {
      "id": "C54",
      "x": 96.28,
      "y": 92.56,
      "time_window": [
        450.0,
        1855.16
      ],
      "demand": [
        2,
        4,
        3
      ]
    },
    {
      "id": "C55",
      "x": 9.83,
      "y": 21.21,
      "time_window": [
        450.0,
        1242.45
      ],
      "demand": [
        1,
        4,
        1
      ]
    },
    {
      "id": "C56",
      "x": 42.72,
      "y": 44.8,
      "time_window": [
        450.0,
        2440.4
      ],
      "demand": [
        1,
        4,
        4
      ]
    },
    {
      "id": "C57",
      "x": 86.02,
      "y": 17.93,
      "time_window": [
        450.0,
        2044.94
      ],
      "demand": [
        4,
        4,
        4
      ]
    },
    {
      "id": "C58",
      "x": 48.94,
      "y": 74.19,
      "time_window": [
        450.0,
        1737.05
      ],
      "demand": [
        3,
        4,
        4
      ]
    },
    {
      "id": "C59",
      "x": 63.43,
      "y": 72.88,
      "time_window": [
        450.0,
        1310.84
      ],
      "demand": [
        3,
        3,
        2
      ]
    },
    {
      "id": "C60",
      "x": 60.82,
      "y": 67.56,
      "time_window": [
        450.0,
        1319.05
      ],
      "demand": [
        3,
        3,
        3
      ]
    },
    {
      "id": "C61",
      "x": 49.16,
      "y": 39.48,
      "time_window": [
        450.0,
        2509.8
      ],
      "demand": [
        2,
        3,
        3
      ]
    },
    {
      "id": "C62",
      "x": 74.07,
      "y": 26.51,
      "time_window": [
        450.0,
        2024.3
      ],
      "demand": [
        2,
        2,
        1
      ]
    },
    {
      "id": "C63",
      "x": 66.51,
      "y": 51.99,
      "time_window": [
        450.0,
        2550
      ],
      "demand": [
        4,
        4,
        1
      ]
    },
    {
      "id": "C64",
      "x": 4.86,
      "y": 87.03,
      "time_window": [
        450.0,
        1606.04
      ],
      "demand": [
        1,
        4,
        1
      ]
    },
    {
      "id": "C65",
      "x": 66.92,
      "y": 38.05,
      "time_window": [
        450.0,
        2037.09
      ],
      "demand": [
        1,
        1,
        3
      ]
    },
    {
      "id": "C66",
      "x": 39.81,
      "y": 72.91,
      "time_window": [
        450.0,
        1804.73
      ],
      "demand": [
        2,
        1,
        2
      ]
    },
    {
      "id": "C67",
      "x": 49.3,
      "y": 52.3,
      "time_window": [
        450.0,
        984.39
      ],
      "demand": [
        1,
        4,
        3
      ]
    },
    {
      "id": "C68",
      "x": 20.49,
      "y": 24.68,
      "time_window": [
        450.0,
        2333.63
      ],
      "demand": [
        3,
        3,
        4
      ]
    },
    {
      "id": "C69",
      "x": 21.71,
      "y": 20.65,
      "time_window": [
        450.0,
        1661.45
      ],
      "demand": [
        2,
        1,
        1
      ]
    },
    {
      "id": "C70",
      "x": 17.67,
      "y": 75.05,
      "time_window": [
        450.0,
        975.54
      ],
      "demand": [
        2,
        4,
        4
      ]
    },
    {
      "id": "C71",
      "x": 79.31,
      "y": 75.44,
      "time_window": [
        450.0,
        1639.72
      ],
      "demand": [
        1,
        1,
        3
      ]
    },
    {
      "id": "C72",
      "x": 8.01,
      "y": 89.01,
      "time_window": [
        450.0,
        1545.19
      ],
      "demand": [
        1,
        3,
        1
      ]
    },
    {
      "id": "C73",
      "x": 40.08,
      "y": 58.87,
      "time_window": [
        450.0,
        1978.11
      ],
      "demand": [
        3,
        2,
        4
      ]
    },
    {
      "id": "C74",
      "x": 40.01,
      "y": 30.89,
      "time_window": [
        450.0,
        1278.77
      ],
      "demand": [
        4,
        2,
        1
      ]
    },
    {
      "id": "C75",
      "x": 4.09,
      "y": 81.7,
      "time_window": [
        450.0,
        1804.06
      ],
      "demand": [
        1,
        1,
        3
      ]
    },
    {
      "id": "C76",
      "x": 45.41,
      "y": 71.67,
      "time_window": [
        450.0,
        1285.61
      ],
      "demand": [
        3,
        1,
        3
      ]
    },
    {
      "id": "C77",
      "x": 34.54,
      "y": 45.7,
      "time_window": [
        450.0,
        1444.71
      ],
      "demand": [
        2,
        4,
        4
      ]
    },
    {
      "id": "C78",
      "x": 58.3,
      "y": 39.29,
      "time_window": [
        450.0,
        1670.72
      ],
      "demand": [
        4,
        4,
        4
      ]
    },
    {
      "id": "C79",
      "x": 16.35,
      "y": 77.51,
      "time_window": [
        450.0,
        1973.81
      ],
      "demand": [
        4,
        3,
        1
      ]
    },
    {
      "id": "C80",
      "x": 88.02,
      "y": 95.43,
      "time_window": [
        450.0,
        2530.53
      ],
      "demand": [
        4,
        1,
        1
      ]
    },
    {
      "id": "C81",
      "x": 86.97,
      "y": 98.48,
      "time_window": [
        450.0,
        2239.37
      ],
      "demand": [
        3,
        3,
        1
      ]
    },
    {
      "id": "C82",
      "x": 66.9,
      "y": 46.64,
      "time_window": [
        450.0,
        1668.32
      ],
      "demand": [
        2,
        3,
        2
      ]
    },
    {
      "id": "C83",
      "x": 87.32,
      "y": 91.16,
      "time_window": [
        450.0,
        1454.93
      ],
      "demand": [
        1,
        3,
        2
      ]
    },
    {
      "id": "C84",
      "x": 88.18,
      "y": 4.38,
      "time_window": [
        450.0,
        1296.48
      ],
      "demand": [
        2,
        1,
        2
      ]
    },
    {
      "id": "C85",
      "x": 35.22,
      "y": 70.61,
      "time_window": [
        450.0,
        1553.64
      ],
      "demand": [
        4,
        1,
        3
      ]
    },
    {
      "id": "C86",
      "x": 92.96,
      "y": 22.62,
      "time_window": [
        450.0,
        1952.27
      ],
      "demand": [
        2,
        4,
        3
      ]
    },
    {
      "id": "C87",
      "x": 4.26,
      "y": 94.17,
      "time_window": [
        450.0,
        2504.11
      ],
      "demand": [
        4,
        3,
        1
      ]
    },
    {
      "id": "C88",
      "x": 50.0,
      "y": 68.01,
      "time_window": [
        450.0,
        1361.98
      ],
      "demand": [
        3,
        1,
        2
      ]
    },
    {
      "id": "C89",
      "x": 41.69,
      "y": 60.97,
      "time_window": [
        450.0,
        1774.96
      ],
      "demand": [
        4,
        1,
        2
      ]
    },
    {
      "id": "C90",
      "x": 44.58,
      "y": 55.7,
      "time_window": [
        450.0,
        2169.5
      ],
      "demand": [
        1,
        2,
        1
      ]
    },
    {
      "id": "C91",
      "x": 27.43,
      "y": 30.45,
      "time_window": [
        450.0,
        1034.36
      ],
      "demand": [
        3,
        2,
        4
      ]
    },
    {
      "id": "C92",
      "x": 90.0,
      "y": 99.11,
      "time_window": [
        450.0,
        1365.04
      ],
      "demand": [
        4,
        4,
        3
      ]
    },
    {
      "id": "C93",
      "x": 63.71,
      "y": 26.95,
      "time_window": [
        450.0,
        2222.91
      ],
      "demand": [
        3,
        4,
        4
      ]
    },
    {
      "id": "C94",
      "x": 70.0,
      "y": 52.71,
      "time_window": [
        450.0,
        2189.72
      ],
      "demand": [
        3,
        4,
        4
      ]
    },
    {
      "id": "C95",
      "x": 75.64,
      "y": 6.49,
      "time_window": [
        450.0,
        1408.25
      ],
      "demand": [
        2,
        1,
        1
      ]
    },
    {
      "id": "C96",
      "x": 34.29,
      "y": 47.6,
      "time_window": [
        450.0,
        1194.44
      ],
      "demand": [
        4,
        1,
        1
      ]
    },
    {
      "id": "C97",
      "x": 72.14,
      "y": 45.03,
      "time_window": [
        450.0,
        2286.04
      ],
      "demand": [
        1,
        2,
        1
      ]
    },
    {
      "id": "C98",
      "x": 82.36,
      "y": 8.6,
      "time_window": [
        450.0,
        1984.49
      ],
      "demand": [
        4,
        4,
        1
      ]
    },
    {
      "id": "C99",
      "x": 70.21,
      "y": 65.08,
      "time_window": [
        450.0,
        1934.87
      ],
      "demand": [
        4,
        2,
        3
      ]
    },
    {
      "id": "C100",
      "x": 66.49,
      "y": 55.52,
      "time_window": [
        450.0,
        1982.28
      ],
      "demand": [
        2,
        1,
        4
      ]
    },
    {
      "id": "C101",
      "x": 7.18,
      "y": 8.86,
      "time_window": [
        450.0,
        2547.08
      ],
      "demand": [
        4,
        1,
        3
      ]
    },
    {
      "id": "C102",
      "x": 49.39,
      "y": 41.09,
      "time_window": [
        450.0,
        1927.97
      ],
      "demand": [
        4,
        3,
        3
      ]
    },
    {
      "id": "C103",
      "x": 4.61,
      "y": 14.92,
      "time_window": [
        450.0,
        1619.24
      ],
      "demand": [
        2,
        1,
        1
      ]
    },
    {
      "id": "C104",
      "x": 49.67,
      "y": 73.92,
      "time_window": [
        450.0,
        1243.53
      ],
      "demand": [
        1,
        2,
        3
      ]
    },
    {
      "id": "C105",
      "x": 30.21,
      "y": 35.68,
      "time_window": [
        450.0,
        1525.24
      ],
      "demand": [
        3,
        3,
        1
      ]
    },
    {
      "id": "C106",
      "x": 47.4,
      "y": 74.7,
      "time_window": [
        450.0,
        1083.16
      ],
      "demand": [
        2,
        4,
        4
      ]
    },
    {
      "id": "C107",
      "x": 30.83,
      "y": 65.07,
      "time_window": [
        450.0,
        2304.18
      ],
      "demand": [
        2,
        2,
        4
      ]
    },
    {
      "id": "C108",
      "x": 62.0,
      "y": 71.81,
      "time_window": [
        450.0,
        2235.56
      ],
      "demand": [
        3,
        1,
        3
      ]
    },
    {
      "id": "C109",
      "x": 3.18,
      "y": 17.55,
      "time_window": [
        450.0,
        1851.92
      ],
      "demand": [
        4,
        1,
        1
      ]
    },
    {
      "id": "C110",
      "x": 88.76,
      "y": 11.62,
      "time_window": [
        450.0,
        2070.76
      ],
      "demand": [
        1,
        2,
        1
      ]
    },
    {
      "id": "C111",
      "x": 60.39,
      "y": 63.11,
      "time_window": [
        450.0,
        2048.61
      ],
      "demand": [
        1,
        1,
        3
      ]
    },
    {
      "id": "C112",
      "x": 33.31,
      "y": 51.72,
      "time_window": [
        450.0,
        2411.76
      ],
      "demand": [
        3,
        3,
        3
      ]
    },
    {
      "id": "C113",
      "x": 30.08,
      "y": 65.71,
      "time_window": [
        450.0,
        2547.63
      ],
      "demand": [
        4,
        3,
        1
      ]
    },
    {
      "id": "C114",
      "x": 92.74,
      "y": 3.38,
      "time_window": [
        450.0,
        1749.81
      ],
      "demand": [
        1,
        3,
        4
      ]
    },
    {
      "id": "C115",
      "x": 69.16,
      "y": 32.52,
      "time_window": [
        450.0,
        1174.22
      ],
      "demand": [
        1,
        2,
        2
      ]
    },
    {
      "id": "C116",
      "x": 87.88,
      "y": 78.98,
      "time_window": [
        450.0,
        2087.35
      ],
      "demand": [
        3,
        2,
        1
      ]
    },
    {
      "id": "C117",
      "x": 24.02,
      "y": 97.42,
      "time_window": [
        450.0,
        1084.63
      ],
      "demand": [
        2,
        1,
        4
      ]
    },
    {
      "id": "C118",
      "x": 18.4,
      "y": 23.6,
      "time_window": [
        450.0,
        1124.17
      ],
      "demand": [
        4,
        2,
        3
      ]
    },
    {
      "id": "C119",
      "x": 49.16,
      "y": 37.79,
      "time_window": [
        450.0,
        2075.62
      ],
      "demand": [
        1,
        2,
        3
      ]
    },
    {
      "id": "C120",
      "x": 96.21,
      "y": 76.54,
      "time_window": [
        450.0,
        1318.69
      ],
      "demand": [
        3,
        3,
        4
      ]
    },
    {
      "id": "C121",
      "x": 58.63,
      "y": 49.75,
      "time_window": [
        450.0,
        1365.65
      ],
      "demand": [
        4,
        1,
        1
      ]
    },
    {
      "id": "C122",
      "x": 51.89,
      "y": 43.33,
      "time_window": [
        450.0,
        2253.77
      ],
      "demand": [
        4,
        4,
        1
      ]
    },
    {
      "id": "C123",
      "x": 42.15,
      "y": 38.19,
      "time_window": [
        450.0,
        2010.48
      ],
      "demand": [
        4,
        1,
        3
      ]
    },
    {
      "id": "C124",
      "x": 45.22,
      "y": 57.8,
      "time_window": [
        450.0,
        1007.85
      ],
      "demand": [
        2,
        4,
        4
      ]
    },
    {
      "id": "C125",
      "x": 76.09,
      "y": 8.37,
      "time_window": [
        450.0,
        2164.16
      ],
      "demand": [
        3,
        1,
        3
      ]
    },
    {
      "id": "C126",
      "x": 74.54,
      "y": 53.48,
      "time_window": [
        450.0,
        1370.0
      ],
      "demand": [
        3,
        4,
        4
      ]
    },
    {
      "id": "C127",
      "x": 33.09,
      "y": 58.71,
      "time_window": [
        450.0,
        1665.7
      ],
      "demand": [
        1,
        2,
        4
      ]
    },
    {
      "id": "C128",
      "x": 88.71,
      "y": 10.14,
      "time_window": [
        450.0,
        1100.49
      ],
      "demand": [
        1,
        1,
        4
      ]
    },
    {
      "id": "C129",
      "x": 89.31,
      "y": 7.81,
      "time_window": [
        450.0,
        1606.9
      ],
      "demand": [
        4,
        4,
        4
      ]
    },
    {
      "id": "C130",
      "x": 71.05,
      "y": 41.78,
      "time_window": [
        450.0,
        1238.24
      ],
      "demand": [
        2,
        4,
        1
      ]
    },
    {
      "id": "C131",
      "x": 48.83,
      "y": 64.15,
      "time_window": [
        450.0,
        1508.81
      ],
      "demand": [
        4,
        3,
        2
      ]
    },
    {
      "id": "C132",
      "x": 27.52,
      "y": 54.31,
      "time_window": [
        450.0,
        2437.36
      ],
      "demand": [
        3,
        2,
        4
      ]
    },
    {
      "id": "C133",
      "x": 69.78,
      "y": 35.27,
      "time_window": [
        450.0,
        1315.98
      ],
      "demand": [
        3,
        4,
        2
      ]
    },
    {
      "id": "C134",
      "x": 83.57,
      "y": 11.69,
      "time_window": [
        450.0,
        1456.03
      ],
      "demand": [
        2,
        2,
        1
      ]
    },
    {
      "id": "C135",
      "x": 85.12,
      "y": 8.12,
      "time_window": [
        450.0,
        1781.85
      ],
      "demand": [
        2,
        3,
        3
      ]
    },
    {
      "id": "C136",
      "x": 56.35,
      "y": 34.15,
      "time_window": [
        450.0,
        2550
      ],
      "demand": [
        2,
        2,
        3
      ]
    },
    {
      "id": "C137",
      "x": 70.78,
      "y": 65.2,
      "time_window": [
        450.0,
        1054.54
      ],
      "demand": [
        4,
        1,
        1
      ]
    },
    {
      "id": "C138",
      "x": 66.24,
      "y": 58.65,
      "time_window": [
        450.0,
        2461.33
      ],
      "demand": [
        4,
        3,
        2
      ]
    },
    {
      "id": "C139",
      "x": 52.48,
      "y": 70.15,
      "time_window": [
        450.0,
        1933.38
      ],
      "demand": [
        4,
        2,
        4
      ]
    },
    {
      "id": "C140",
      "x": 18.06,
      "y": 21.48,
      "time_window": [
        450.0,
        1460.84
      ],
      "demand": [
        2,
        2,
        4
      ]
    },
    {
      "id": "C141",
      "x": 17.5,
      "y": 19.93,
      "time_window": [
        450.0,
        2548.93
      ],
      "demand": [
        3,
        1,
        3
      ]
    },
    {
      "id": "C142",
      "x": 52.77,
      "y": 49.96,
      "time_window": [
        450.0,
        2015.78
      ],
      "demand": [
        2,
        3,
        2
      ]
    },
    {
      "id": "C143",
      "x": 41.59,
      "y": 42.64,
      "time_window": [
        450.0,
        1694.39
      ],
      "demand": [
        4,
        4,
        2
      ]
    },
    {
      "id": "C144",
      "x": 46.58,
      "y": 48.75,
      "time_window": [
        450.0,
        2073.96
      ],
      "demand": [
        4,
        3,
        1
      ]
    },
    {
      "id": "C145",
      "x": 40.03,
      "y": 36.93,
      "time_window": [
        450.0,
        2550
      ],
      "demand": [
        2,
        1,
        3
      ]
    },
    {
      "id": "C146",
      "x": 30.48,
      "y": 52.79,
      "time_window": [
        450.0,
        1436.61
      ],
      "demand": [
        2,
        3,
        1
      ]
    },
    {
      "id": "C147",
      "x": 5.04,
      "y": 79.41,
      "time_window": [
        450.0,
        2399.81
      ],
      "demand": [
        4,
        1,
        4
      ]
    },
    {
      "id": "C148",
      "x": 35.93,
      "y": 69.63,
      "time_window": [
        450.0,
        2550
      ],
      "demand": [
        2,
        1,
        1
      ]
    },
    {
      "id": "C149",
      "x": 58.32,
      "y": 38.51,
      "time_window": [
        450.0,
        1366.31
      ],
      "demand": [
        2,
        1,
        1
      ]
    },
    {
      "id": "C150",
      "x": 14.75,
      "y": 85.55,
      "time_window": [
        450.0,
        2362.06
      ],
      "demand": [
        1,
        3,
        4
      ]
    },
    {
      "id": "C151",
      "x": 97.11,
      "y": 97.5,
      "time_window": [
        450.0,
        2327.32
      ],
      "demand": [
        1,
        4,
        2
      ]
    },
    {
      "id": "C152",
      "x": 92.13,
      "y": 3.64,
      "time_window": [
        450.0,
        1100.11
      ],
      "demand": [
        4,
        4,
        1
      ]
    },
    {
      "id": "C153",
      "x": 13.05,
      "y": 81.03,
      "time_window": [
        450.0,
        1526.16
      ],
      "demand": [
        4,
        2,
        2
      ]
    },
    {
      "id": "C154",
      "x": 57.9,
      "y": 42.25,
      "time_window": [
        450.0,
        1796.2
      ],
      "demand": [
        2,
        2,
        2
      ]
    },
    {
      "id": "C155",
      "x": 23.74,
      "y": 12.4,
      "time_window": [
        450.0,
        2507.32
      ],
      "demand": [
        2,
        3,
        4
      ]
    },
    {
      "id": "C156",
      "x": 26.06,
      "y": 36.96,
      "time_window": [
        450.0,
        1877.61
      ],
      "demand": [
        1,
        3,
        2
      ]
    },
    {
      "id": "C157",
      "x": 40.09,
      "y": 35.68,
      "time_window": [
        450.0,
        2550
      ],
      "demand": [
        3,
        2,
        2
      ]
    },
    {
      "id": "C158",
      "x": 79.19,
      "y": 94.61,
      "time_window": [
        450.0,
        2305.98
      ],
      "demand": [
        2,
        4,
        4
      ]
    },
    {
      "id": "C159",
      "x": 64.41,
      "y": 55.29,
      "time_window": [
        450.0,
        1785.72
      ],
      "demand": [
        1,
        3,
        2
      ]
    },
    {
      "id": "C160",
      "x": 48.75,
      "y": 39.47,
      "time_window": [
        450.0,
        2550
      ],
      "demand": [
        3,
        1,
        2
      ]
    },
    {
      "id": "C161",
      "x": 85.26,
      "y": 5.89,
      "time_window": [
        450.0,
        2074.87
      ],
      "demand": [
        2,
        4,
        1
      ]
    },
    {
      "id": "C162",
      "x": 20.18,
      "y": 76.7,
      "time_window": [
        450.0,
        1843.78
      ],
      "demand": [
        4,
        1,
        3
      ]
    },
    {
      "id": "C163",
      "x": 52.82,
      "y": 65.98,
      "time_window": [
        450.0,
        2253.82
      ],
      "demand": [
        2,
        1,
        4
      ]
    },
    {
      "id": "C164",
      "x": 41.52,
      "y": 51.35,
      "time_window": [
        450.0,
        1024.5
      ],
      "demand": [
        4,
        2,
        4
      ]
    },
    {
      "id": "C165",
      "x": 67.13,
      "y": 48.83,
      "time_window": [
        450.0,
        2086.3
      ],
      "demand": [
        3,
        1,
        1
      ]
    },
    {
      "id": "C166",
      "x": 30.8,
      "y": 68.9,
      "time_window": [
        450.0,
        1872.06
      ],
      "demand": [
        3,
        2,
        2
      ]
    },
    {
      "id": "C167",
      "x": 75.45,
      "y": 24.94,
      "time_window": [
        450.0,
        2550
      ],
      "demand": [
        3,
        3,
        1
      ]
    },
    {
      "id": "C168",
      "x": 56.07,
      "y": 69.37,
      "time_window": [
        450.0,
        1596.25
      ],
      "demand": [
        2,
        3,
        2
      ]
    },
    {
      "id": "C169",
      "x": 72.46,
      "y": 69.66,
      "time_window": [
        450.0,
        1319.57
      ],
      "demand": [
        3,
        4,
        4
      ]
    },
    {
      "id": "C170",
      "x": 79.45,
      "y": 83.01,
      "time_window": [
        450.0,
        1755.59
      ],
      "demand": [
        2,
        1,
        1
      ]
    },
    {
      "id": "C171",
      "x": 72.25,
      "y": 33.6,
      "time_window": [
        450.0,
        1467.16
      ],
      "demand": [
        2,
        1,
        3
      ]
    },
    {
      "id": "C172",
      "x": 63.48,
      "y": 40.86,
      "time_window": [
        450.0,
        1905.59
      ],
      "demand": [
        4,
        4,
        1
      ]
    },
    {
      "id": "C173",
      "x": 35.65,
      "y": 61.68,
      "time_window": [
        450.0,
        1697.86
      ],
      "demand": [
        2,
        3,
        4
      ]
    },
    {
      "id": "C174",
      "x": 54.52,
      "y": 49.04,
      "time_window": [
        450.0,
        1306.25
      ],
      "demand": [
        4,
        2,
        4
      ]
    },
    {
      "id": "C175",
      "x": 50.0,
      "y": 37.06,
      "time_window": [
        450.0,
        2243.28
      ],
      "demand": [
        2,
        1,
        4
      ]
    },
    {
      "id": "C176",
      "x": 51.64,
      "y": 54.01,
      "time_window": [
        450.0,
        2473.57
      ],
      "demand": [
        3,
        1,
        2
      ]
    },
    {
      "id": "C177",
      "x": 70.81,
      "y": 48.82,
      "time_window": [
        450.0,
        1873.08
      ],
      "demand": [
        3,
        2,
        2
      ]
    },
    {
      "id": "C178",
      "x": 94.56,
      "y": 85.28,
      "time_window": [
        450.0,
        2123.88
      ],
      "demand": [
        3,
        3,
        2
      ]
    },
    {
      "id": "C179",
      "x": 30.3,
      "y": 73.06,
      "time_window": [
        450.0,
        1863.77
      ],
      "demand": [
        4,
        2,
        4
      ]
    },
    {
      "id": "C180",
      "x": 98.68,
      "y": 3.89,
      "time_window": [
        450.0,
        2303.61
      ],
      "demand": [
        4,
        2,
        1
      ]
    },
    {
      "id": "C181",
      "x": 29.08,
      "y": 44.11,
      "time_window": [
        450.0,
        1771.71
      ],
      "demand": [
        1,
        3,
        4
      ]
    },
    {
      "id": "C182",
      "x": 79.15,
      "y": 7.59,
      "time_window": [
        450.0,
        1322.84
      ],
      "demand": [
        2,
        3,
        4
      ]
    },
    {
      "id": "C183",
      "x": 34.16,
      "y": 72.48,
      "time_window": [
        450.0,
        1550.94
      ],
      "demand": [
        4,
        2,
        2
      ]
    },
    {
      "id": "C184",
      "x": 26.95,
      "y": 53.78,
      "time_window": [
        450.0,
        2464.38
      ],
      "demand": [
        3,
        2,
        3
      ]
    },
    {
      "id": "C185",
      "x": 37.34,
      "y": 35.17,
      "time_window": [
        450.0,
        2096.51
      ],
      "demand": [
        1,
        1,
        3
      ]
    },
    {
      "id": "C186",
      "x": 65.63,
      "y": 61.9,
      "time_window": [
        450.0,
        2068.46
      ],
      "demand": [
        4,
        3,
        1
      ]
    },
    {
      "id": "C187",
      "x": 80.54,
      "y": 92.53,
      "time_window": [
        450.0,
        1681.65
      ],
      "demand": [
        3,
        1,
        2
      ]
    },
    {
      "id": "C188",
      "x": 21.66,
      "y": 96.42,
      "time_window": [
        450.0,
        1560.76
      ],
      "demand": [
        2,
        4,
        4
      ]
    },
    {
      "id": "C189",
      "x": 93.21,
      "y": 92.09,
      "time_window": [
        450.0,
        1510.95
      ],
      "demand": [
        3,
        1,
        1
      ]
    },
    {
      "id": "C190",
      "x": 97.13,
      "y": 12.07,
      "time_window": [
        450.0,
        1857.79
      ],
      "demand": [
        2,
        4,
        2
      ]
    },
    {
      "id": "C191",
      "x": 71.94,
      "y": 71.03,
      "time_window": [
        450.0,
        1330.92
      ],
      "demand": [
        1,
        4,
        2
      ]
    },
    {
      "id": "C192",
      "x": 71.03,
      "y": 52.14,
      "time_window": [
        450.0,
        1840.01
      ],
      "demand": [
        1,
        1,
        3
      ]
    },
    {
      "id": "C193",
      "x": 66.55,
      "y": 50.72,
      "time_window": [
        450.0,
        1968.45
      ],
      "demand": [
        3,
        1,
        2
      ]
    },
    {
      "id": "C194",
      "x": 56.4,
      "y": 43.62,
      "time_window": [
        450.0,
        2511.77
      ],
      "demand": [
        2,
        1,
        2
      ]
    },
    {
      "id": "C195",
      "x": 75.45,
      "y": 6.15,
      "time_window": [
        450.0,
        2289.22
      ],
      "demand": [
        1,
        2,
        4
      ]
    },
    {
      "id": "C196",
      "x": 41.4,
      "y": 70.98,
      "time_window": [
        450.0,
        1899.34
      ],
      "demand": [
        2,
        4,
        4
      ]
    },
    {
      "id": "C197",
      "x": 37.15,
      "y": 66.65,
      "time_window": [
        450.0,
        2133.29
      ],
      "demand": [
        2,
        3,
        3
      ]
    },
    {
      "id": "C198",
      "x": 58.38,
      "y": 65.15,
      "time_window": [
        450.0,
        1063.24
      ],
      "demand": [
        2,
        2,
        3
      ]
    },
    {
      "id": "C199",
      "x": 13.96,
      "y": 6.81,
      "time_window": [
        450.0,
        1970.47
      ],
      "demand": [
        4,
        4,
        3
      ]
    },
    {
      "id": "C200",
      "x": 39.12,
      "y": 61.94,
      "time_window": [
        450.0,
        1159.9
      ],
      "demand": [
        1,
        3,
        3
      ]
    }
  ]
}