{
  "set_id": 7,
  "inst_id": 7,
  "vehicles": {
    "CT": {
      "count": 16,
      "capacity": 1500,
      "fixed_cost": 1500,
      "unit_cost_factor": 1.2
    },
    "UV": {
      "count": 32,
      "capacity": 500,
      "fixed_cost": 500,
      "unit_cost_factor": 1.1
    }
  },
  "P": 3,
  "item_weights": [
    15,
    15,
    15
  ],
  "inventory_ratio": 1.4,
  "FCs": [
    {
      "id": "FC1",
      "x": 25,
      "y": 25,
      "time_window": [
        0.0,
        3000.0
      ],
      "inventory": [
        81,
        74,
        75
      ]
    },
    {
      "id": "FC2",
      "x": 25,
      "y": 75,
      "time_window": [
        0.0,
        3000.0
      ],
      "inventory": [
        58,
        72,
        64
      ]
    },
    {
      "id": "FC3",
      "x": 75,
      "y": 25,
      "time_window": [
        0.0,
        3000.0
      ],
      "inventory": [
        76,
        70,
        68
      ]
    },
    {
      "id": "FC4",
      "x": 75,
      "y": 75,
      "time_window": [
        0.0,
        3000.0
      ],
      "inventory": [
        70,
        59,
        66
      ]
    }
  ],
  "DCs": [
    {
      "id": "DC1",
      "x": 99.64,
      "y": 47.43,
      "time_window": [
        300.0,
        2700.0
      ]
    },
    {
      "id": "DC2",
      "x": 82.07,
      "y": 48.9,
      "time_window": [
        300.0,
        2700.0
      ]
    },
    {
      "id": "DC3",
      "x": 97.82,
      "y": 9.79,
      "time_window": [
        300.0,
        2700.0
      ]
    },
    {
      "id": "DC4",
      "x": 64.26,
      "y": 95.47,
      "time_window": [
        300.0,
        2700.0
      ]
    },
    {
      "id": "DC5",
      "x": 71.64,
      "y": 29.22,
      "time_window": [
        300.0,
        2700.0
      ]
    },
    {
      "id": "DC6",
      "x": 64.01,
      "y": 25.34,
      "time_window": [
        300.0,
        2700.0
      ]
    },
    {
      "id": "DC7",
      "x": 45.85,
      "y": 22.54,
      "time_window": [
        300.0,
        2700.0
      ]
    },
    {
      "id": "DC8",
      "x": 80.86,
      "y": 88.69,
      "time_window": [
        300.0,
        2700.0
      ]
    }
  ],
  "CDPs": [
    {
      "id": "CDP1",
      "x": 48.98,
      "y": 54.21,
      "time_window": [
        0.0,
        3000.0
      ],
      "capacity": 187
    },
    {
      "id": "CDP2",
      "x": 8.29,
      "y": 61.09,
      "time_window": [
        0.0,
        3000.0
      ],
      "capacity": 266
    },
    {
      "id": "CDP3",
      "x": 50.42,
      "y": 6.01,
      "time_window": [
        0.0,
        3000.0
      ],
      "capacity": 222
    },
    {
      "id": "CDP4",
      "x": 70.44,
      "y": 11.95,
      "time_window": [
        0.0,
        3000.0
      ],
      "capacity": 264
    },
    {
      "id": "CDP5",
      "x": 57.52,
      "y": 1.81,
      "time_window": [
        0.0,
        3000.0
      ],
      "capacity": 120
    },
    {
      "id": "CDP6",
      "x": 19.15,
      "y": 12.33,
      "time_window": [
        0.0,
        3000.0
      ],
      "capacity": 145
    },
    {
      "id": "CDP7",
      "x": 5.66,
      "y": 17.08,
      "time_window": [
        0.0,
        3000.0
      ],
      "capacity": 215
    },
    {
      "id": "CDP8",
      "x": 54.45,
      "y": 48.2,
      "time_window": [
        0.0,
        3000.0
      ],
      "capacity": 125
    },
    {
      "id": "CDP9",
      "x": 92.85,
      "y": 2.58,
      "time_window": [
        0.0,
        3000.0
      ],
      "capacity": 242
    },
    {
      "id": "CDP10",
      "x": 89.82,
      "y": 56.13,
      "time_window": [
        0.0,
        3000.0
      ],
      "capacity": 145
    },
    {
      "id": "CDP11",
      "x": 18.6,
      "y": 55.65,
      "time_window": [
        0.0,
        3000.0
      ],
      "capacity": 189
    },
    {
      "id": "CDP12",
      "x": 61.88,
      "y": 11.94,
      "time_window": [
        0.0,
        3000.0
      ],
      "capacity": 249
    },
    {
      "id": "CDP13",
      "x": 64.89,
      "y": 72.53,
      "time_window": [
        0.0,
        3000.0
      ],
      "capacity": 188
    },
    {
      "id": "CDP14",
      "x": 2.52,
      "y": 61.41,
      "time_window": [
        0.0,
        3000.0
      ],
      "capacity": 135
    },
    {
      "id": "CDP15",
      "x": 29.25,
      "y": 26.89,
      "time_window": [
        0.0,
        3000.0
      ],
      "capacity": 154
    },
    {
      "id": "CDP16",
      "x": 44.95,
      "y": 24.7,
      "time_window": [
        0.0,
        3000.0
      ],
      "capacity": 203
    },
    {
      "id": "CDP17",
      "x": 72.18,
      "y": 64.8,
      "time_window": [
        0.0,
        3000.0
      ],
      "capacity": 135
    },
    {
      "id": "CDP18",
      "x": 51.23,
      "y": 31.51,
      "time_window": [
        0.0,
        3000.0
      ],
      "capacity": 198
    },
    {
      "id": "CDP19",
      "x": 89.13,
      "y": 82.77,
      "time_window": [
        0.0,
        3000.0
      ],
      "capacity": 172
    },
    {
      "id": "CDP20",
      "x": 10.07,
      "y": 46.68,
      "time_window": [
        0.0,
        3000.0
      ],
      "capacity": 103
    },
    {
      "id": "CDP21",
      "x": 4.14,
      "y": 32.78,
      "time_window": [
        0.0,
        3000.0
      ],
      "capacity": 154
    },
    {
      "id": "CDP22",
      "x": 90.12,
      "y": 73.13,
      "time_window": [
        0.0,
        3000.0
      ],
      "capacity": 108
    },
    {
      "id": "CDP23",
      "x": 84.22,
      "y": 26.84,
      "time_window": [
        0.0,
        3000.0
      ],
      "capacity": 162
    },
    {
      "id": "CDP24",
      "x": 88.01,
      "y": 26.5,
      "time_window": [
        0.0,
        3000.0
      ],
      "capacity": 262
    },
    {
      "id": "CDP25",
      "x": 52.33,
      "y": 62.32,
      "time_window": [
        0.0,
        3000.0
      ],
      "capacity": 119
    },
    {
      "id": "CDP26",
      "x": 4.45,
      "y": 7.71,
      "time_window": [
        0.0,
        3000.0
      ],
      "capacity": 242
    },
    {
      "id": "CDP27",
      "x": 79.28,
      "y": 77.01,
      "time_window": [
        0.0,
        3000.0
      ],
      "capacity": 259
    },
    {
      "id": "CDP28",
      "x": 23.68,
      "y": 37.38,
      "time_window": [
        0.0,
        3000.0
      ],
      "capacity": 291
    },
    {
      "id": "CDP29",
      "x": 26.78,
      "y": 27.92,
      "time_window": [
        0.0,
        3000.0
      ],
      "capacity": 291
    },
    {
      "id": "CDP30",
      "x": 77.86,
      "y": 24.64,
      "time_window": [
        0.0,
        3000.0
      ],
      "capacity": 243
    },
    {
      "id": "CDP31",
      "x": 80.88,
      "y": 80.7,
      "time_window": [
        0.0,
        3000.0
      ],
      "capacity": 206
    },
    {
      "id": "CDP32",
      "x": 72.59,
      "y": 15.26,
      "time_window": [
        0.0,
        3000.0
      ],
      "capacity": 264
    },
    {
      "id": "CDP33",
      "x": 93.17,
      "y": 67.05,
      "time_window": [
        0.0,
        3000.0
      ],
      "capacity": 207
    },
    {
      "id": "CDP34",
      "x": 30.57,
      "y": 1.27,
      "time_window": [
        0.0,
        3000.0
      ],
      "capacity": 293
    },
    {
      "id": "CDP35",
      "x": 42.9,
      "y": 54.07,
      "time_window": [
        0.0,
        3000.0
      ],
      "capacity": 230
    },
    {
      "id": "CDP36",
      "x": 4.75,
      "y": 15.93,
      "time_window": [
        0.0,
        3000.0
      ],
      "capacity": 255
    },
    {
      "id": "CDP37",
      "x": 76.49,
      "y": 88.73,
      "time_window": [
        0.0,
        3000.0
      ],
      "capacity": 207
    },
    {
      "id": "CDP38",
      "x": 25.19,
      "y": 48.81,
      "time_window": [
        0.0,
        3000.0
      ],
      "capacity": 267
    },
    {
      "id": "CDP39",
      "x": 22.46,
      "y": 48.35,
      "time_window": [
        0.0,
        3000.0
      ],
      "capacity": 183
    },
    {
      "id": "CDP40",
      "x": 34.01,
      "y": 35.75,
      "time_window": [
        0.0,
        3000.0
      ],
      "capacity": 143
    }
  ],
  "Customers": [
    {
      "id": "C1",
      "x": 53.51,
      "y": 55.0,
      "time_window": [
        450.0,
        1529.07
      ],
      "demand": [
        4,
        3,
        3
      ]
    },
    {
      "id": "C2",
      "x": 10.71,
      "y": 11.84,
      "time_window": [
        450.0,
        1873.48
      ],
      "demand": [
        3,
        4,
        1
      ]
    },
    {
      "id": "C3",
      "x": 66.4,
      "y": 42.8,
      "time_window": [
        450.0,
        1941.65
      ],
      "demand": [
        3,
        3,
        1
      ]
    },
    {
      "id": "C4",
      "x": 14.42,
      "y": 19.52,
      "time_window": [
        450.0,
        2461.38
      ],
      "demand": [
        3,
        3,
        2
      ]
    },
    {
      "id": "C5",
      "x": 18.75,
      "y": 93.53,
      "time_window": [
        450.0,
        1960.45
      ],
      "demand": [
        3,
        4,
        3
      ]
    },
    {
      "id": "C6",
      "x": 75.5,
      "y": 0.11,
      "time_window": [
        450.0,
        1667.0
      ],
      "demand": [
        2,
        4,
        3
      ]
    },
    {
      "id": "C7",
      "x": 99.38,
      "y": 4.29,
      "time_window": [
        450.0,
        1108.83
      ],
      "demand": [
        4,
        1,
        4
      ]
    },
    {
      "id": "C8",
      "x": 69.97,
      "y": 28.29,
      "time_window": [
        450.0,
        2232.94
      ],
      "demand": [
        2,
        2,
        3
      ]
    },
    {
      "id": "C9",
      "x": 78.41,
      "y": 0.3,
      "time_window": [
        450.0,
        1290.6
      ],
      "demand": [
        2,
        2,
        2
      ]
    },
    {
      "id": "C10",
      "x": 68.37,
      "y": 28.8,
      "time_window": [
        450.0,
        2240.2
      ],
      "demand": [
        3,
        4,
        1
      ]
    },
    {
      "id": "C11",
      "x": 38.42,
      "y": 74.42,
      "time_window": [
        450.0,
        1563.15
      ],
      "demand": [
        2,
        3,
        3
      ]
    },
    {
      "id": "C12",
      "x": 28.02,
      "y": 57.23,
      "time_window": [
        450.0,
        1206.26
      ],
      "demand": [
        4,
        4,
        1
      ]
    },
    {
      "id": "C13",
      "x": 32.3,
      "y": 28.69,
      "time_window": [
        450.0,
        1907.21
      ],
      "demand": [
        1,
        4,
        1
      ]
    },
    {
      "id": "C14",
      "x": 55.28,
      "y": 39.34,
      "time_window": [
        450.0,
        1105.98
      ],
      "demand": [
        1,
        1,
        3
      ]
    },
    {
      "id": "C15",
      "x": 87.5,
      "y": 87.76,
      "time_window": [
        450.0,
        1063.2
      ],
      "demand": [
        3,
        2,
        4
      ]
    },
    {
      "id": "C16",
      "x": 38.85,
      "y": 40.76,
      "time_window": [
        450.0,
        1829.04
      ],
      "demand": [
        4,
        1,
        2
      ]
    },
    {
      "id": "C17",
      "x": 52.38,
      "y": 74.4,
      "time_window": [
        450.0,
        1166.68
      ],
      "demand": [
        1,
        1,
        2
      ]
    },
    {
      "id": "C18",
      "x": 33.92,
      "y": 51.31,
      "time_window": [
        450.0,
        1621.44
      ],
      "demand": [
        1,
        2,
        4
      ]
    },
    {
      "id": "C19",
      "x": 9.16,
      "y": 94.45,
      "time_window": [
        450.0,
        1302.63
      ],
      "demand": [
        4,
        2,
        1
      ]
    },
    {
      "id": "C20",
      "x": 67.28,
      "y": 72.79,
      "time_window": [
        450.0,
        1642.81
      ],
      "demand": [
        4,
        4,
        3
      ]
    },
    {
      "id": "C21",
      "x": 86.4,
      "y": 96.15,
      "time_window": [
        450.0,
        1935.54
      ],
      "demand": [
        2,
        2,
        2
      ]
    },
    {
      "id": "C22",
      "x": 81.61,
      "y": 95.64,
      "time_window": [
        450.0,
        2505.32
      ],
      "demand": [
        1,
        1,
        2
      ]
    },
    {
      "id": "C23",
      "x": 43.19,
      "y": 42.23,
      "time_window": [
        450.0,
        1005.57
      ],
      "demand": [
        3,
        2,
        1
      ]
    },
    {
      "id": "C24",
      "x": 87.68,
      "y": 17.74,
      "time_window": [
        450.0,
        1236.3
      ],
      "demand": [
        1,
        4,
        4
      ]
    },
    {
      "id": "C25",
      "x": 49.03,
      "y": 55.07,
      "time_window": [
        450.0,
        2550
      ],
      "demand": [
        2,
        1,
        3
      ]
    },
    {
      "id": "C26",
      "x": 47.49,
      "y": 62.26,
      "time_window": [
        450.0,
        1886.25
      ],
      "demand": [
        4,
        3,
        2
      ]
    },
    {
      "id": "C27",
      "x": 4.72,
      "y": 13.93,
      "time_window": [
        450.0,
        1572.9
      ],
      "demand": [
        3,
        1,
        2
      ]
    },
    {
      "id": "C28",
      "x": 35.49,
      "y": 47.59,
      "time_window": [
        450.0,
        2489.24
      ],
      "demand": [
        3,
        1,
        2
      ]
    },
    {
      "id": "C29",
      "x": 8.79,
      "y": 3.79,
      "time_window": [
        450.0,
        1697.62
      ],
      "demand": [
        3,
        2,
        4
      ]
    },
    {
      "id": "C30",
      "x": 93.27,
      "y": 79.03,
      "time_window": [
        450.0,
        2467.2
      ],
      "demand": [
        2,
        1,
        3
      ]
    },
    {
      "id": "C31",
      "x": 50.8,
      "y": 55.57,
      "time_window": [
        450.0,
        1684.92
      ],
      "demand": [
        1,
        3,
        4
      ]
    },
    {
      "id": "C32",
      "x": 35.46,
      "y": 40.24,
      "time_window": [
        450.0,
        1262.73
      ],
      "demand": [
        4,
        3,
        2
      ]
    },
    {
      "id": "C33",
      "x": 26.62,
      "y": 57.65,
      "time_window": [
        450.0,
        2308.63
      ],
      "demand": [
        4,
        4,
        4
      ]
    },
    {
      "id": "C34",
      "x": 31.96,
      "y": 38.3,
      "time_window": [
        450.0,
        1916.34
      ],
      "demand": [
        4,
        2,
        3
      ]
    },
    {
      "id": "C35",
      "x": 36.76,
      "y": 30.83,
      "time_window": [
        450.0,
        2418.02
      ],
      "demand": [
        3,
        1,
        1
      ]
    },
    {
      "id": "C36",
      "x": 71.86,
      "y": 48.52,
      "time_window": [
        450.0,
        1788.64
      ],
      "demand": [
        2,
        1,
        4
      ]
    },
    {
      "id": "C37",
      "x": 30.14,
      "y": 27.95,
      "time_window": [
        450.0,
        1177.33
      ],
      "demand": [
        3,
        1,
        3
      ]
    },
    {
      "id": "C38",
      "x": 42.57,
      "y": 31.74,
      "time_window": [
        450.0,
        2550
      ],
      "demand": [
        1,
        4,
        3
      ]
    },
    {
      "id": "C39",
      "x": 50.78,
      "y": 40.33,
      "time_window": [
        450.0,
        2054.92
      ],
      "demand": [
        4,
        2,
        2
      ]
    },
    {
      "id": "C40",
      "x": 46.64,
      "y": 58.53,
      "time_window": [
        450.0,
        2172.46
      ],
      "demand": [
        1,
        4,
        3
      ]
    },
    {
      "id": "C41",
      "x": 72.14,
      "y": 69.33,
      "time_window": [
        450.0,
        2080.86
      ],
      "demand": [
        3,
        4,
        3
      ]
    },
    {
      "id": "C42",
      "x": 6.07,
      "y": 13.57,
      "time_window": [
        450.0,
        1686.63
      ],
      "demand": [
        4,
        4,
        1
      ]
    },
    {
      "id": "C43",
      "x": 7.28,
      "y": 89.1,
      "time_window": [
        450.0,
        2550
      ],
      "demand": [
        3,
        3,
        1
      ]
    },
    {
      "id": "C44",
      "x": 0.39,
      "y": 9.1,
      "time_window": [
        450.0,
        2424.62
      ],
      "demand": [
        1,
        2,
        1
      ]
    },
    {
      "id": "C45",
      "x": 61.71,
      "y": 38.65,
      "time_window": [
        450.0,
        1111.53
      ],
      "demand": [
        1,
        1,
        2
      ]
    },
    {
      "id": "C46",
      "x": 90.76,
      "y": 11.72,
      "time_window": [
        450.0,
        2396.7
      ],
      "demand": [
        3,
        1,
        1
      ]
    },
    {
      "id": "C47",
      "x": 57.51,
      "y": 40.28,
      "time_window": [
        450.0,
        1569.25
      ],
      "demand": [
        4,
        4,
        4
      ]
    },
    {
      "id": "C48",
      "x": 74.13,
      "y": 71.51,
      "time_window": [
        450.0,
        2144.58
      ],
      "demand": [
        3,
        1,
        2
      ]
    },
    {
      "id": "C49",
      "x": 43.82,
      "y": 52.28,
      "time_window": [
        450.0,
        2313.38
      ],
      "demand": [
        2,
        1,
        4
      ]
    },
    {
      "id": "C50",
      "x": 98.93,
      "y": 81.44,
      "time_window": [
        450.0,
        2488.17
      ],
      "demand": [
        2,
        1,
        2
      ]
    },
    {
      "id": "C51",
      "x": 71.08,
      "y": 73.44,
      "time_window": [
        450.0,
        2225.56
      ],
      "demand": [
        3,
        1,
        2
      ]
    },
    {
      "id": "C52",
      "x": 6.75,
      "y": 1.41,
      "time_window": [
        450.0,
        1737.21
      ],
      "demand": [
        1,
        2,
        1
      ]
    },
    {
      "id": "C53",
      "x": 57.75,
      "y": 40.55,
      "time_window": [
        450.0,
        2278.9
      ],
      "demand": [
        2,
        3,
        2
      ]
    },
    {
      "id": "C54",
      "x": 54.05,
      "y": 28.47,
      "time_window": [
        450.0,
        1474.92
      ],
      "demand": [
        3,
        4,
        3
      ]
    },
    {
      "id": "C55",
      "x": 38.93,
      "y": 58.3,
      "time_window": [
        450.0,
        2420.42
      ],
      "demand": [
        2,
        4,
        4
      ]
    },
    {
      "id": "C56",
      "x": 31.78,
      "y": 59.16,
      "time_window": [
        450.0,
        1607.21
      ],
      "demand": [
        2,
        4,
        3
      ]
    },
    {
      "id": "C57",
      "x": 46.14,
      "y": 51.49,
      "time_window": [
        450.0,
        2043.33
      ],
      "demand": [
        2,
        1,
        2
      ]
    },
    {
      "id": "C58",
      "x": 14.13,
      "y": 87.05,
      "time_window": [
        450.0,
        1309.26
      ],
      "demand": [
        4,
        4,
        1
      ]
    },
    {
      "id": "C59",
      "x": 60.95,
      "y": 28.64,
      "time_window": [
        450.0,
        2154.71
      ],
      "demand": [
        3,
        3,
        3
      ]
    },
    {
      "id": "C60",
      "x": 74.94,
      "y": 64.68,
      "time_window": [
        450.0,
        1866.76
      ],
      "demand": [
        4,
        4,
        1
      ]
    },
    {
      "id": "C61",
      "x": 74.35,
      "y": 69.17,
      "time_window": [
        450.0,
        1985.49
      ],
      "demand": [
        2,
        3,
        3
      ]
    },
    {
      "id": "C62",
      "x": 92.59,
      "y": 20.29,
      "time_window": [
        450.0,
        1356.83
      ],
      "demand": [
        1,
        2,
        1
      ]
    },
    {
      "id": "C63",
      "x": 97.31,
      "y": 3.88,
      "time_window": [
        450.0,
        1543.63
      ],
      "demand": [
        2,
        1,
        1
      ]
    },
    {
      "id": "C64",
      "x": 28.64,
      "y": 27.21,
      "time_window": [
        450.0,
        2481.72
      ],
      "demand": [
        3,
        4,
        2
      ]
    },
    {
      "id": "C65",
      "x": 64.56,
      "y": 33.23,
      "time_window": [
        450.0,
        1290.68
      ],
      "demand": [
        1,
        2,
        3
      ]
    },
    {
      "id": "C66",
      "x": 52.62,
      "y": 46.37,
      "time_window": [
        450.0,
        2157.49
      ],
      "demand": [
        4,
        1,
        1
      ]
    },
    {
      "id": "C67",
      "x": 34.91,
      "y": 52.01,
      "time_window": [
        450.0,
        1183.72
      ],
      "demand": [
        3,
        1,
        1
      ]
    },
    {
      "id": "C68",
      "x": 55.47,
      "y": 70.34,
      "time_window": [
        450.0,
        1439.43
      ],
      "demand": [
        2,
        4,
        1
      ]
    },
    {
      "id": "C69",
      "x": 18.95,
      "y": 15.97,
      "time_window": [
        450.0,
        1342.1
      ],
      "demand": [
        1,
        1,
        4
      ]
    },
    {
      "id": "C70",
      "x": 14.7,
      "y": 76.23,
      "time_window": [
        450.0,
        2313.68
      ],
      "demand": [
        2,
        3,
        4
      ]
    },
    {
      "id": "C71",
      "x": 58.56,
      "y": 36.68,
      "time_window": [
        450.0,
        1080.02
      ],
      "demand": [
        4,
        3,
        2
      ]
    },
    {
      "id": "C72",
      "x": 90.53,
      "y": 1.73,
      "time_window": [
        450.0,
        1426.81
      ],
      "demand": [
        1,
        3,
        3
      ]
    },
    {
      "id": "C73",
      "x": 93.06,
      "y": 81.87,
      "time_window": [
        450.0,
        1188.55
      ],
      "demand": [
        2,
        2,
        2
      ]
    },
    {
      "id": "C74",
      "x": 79.19,
      "y": 79.56,
      "time_window": [
        450.0,
        2550
      ],
      "demand": [
        2,
        3,
        2
      ]
    },
    {
      "id": "C75",
      "x": 80.55,
      "y": 96.34,
      "time_window": [
        450.0,
        1783.64
      ],
      "demand": [
        2,
        4,
        2
      ]
    },
    {
      "id": "C76",
      "x": 78.92,
      "y": 94.44,
      "time_window": [
        450.0,
        2018.96
      ],
      "demand": [
        3,
        1,
        4
      ]
    },
    {
      "id": "C77",
      "x": 76.53,
      "y": 3.65,
      "time_window": [
        450.0,
        1002.62
      ],
      "demand": [
        3,
        1,
        4
      ]
    },
    {
      "id": "C78",
      "x": 69.85,
      "y": 74.31,
      "time_window": [
        450.0,
        1209.54
      ],
      "demand": [
        4,
        4,
        3
      ]
    },
    {
      "id": "C79",
      "x": 59.26,
      "y": 64.92,
      "time_window": [
        450.0,
        1048.49
      ],
      "demand": [
        1,
        2,
        4
      ]
    },
    {
      "id": "C80",
      "x": 17.67,
      "y": 87.31,
      "time_window": [
        450.0,
        1417.9
      ],
      "demand": [
        3,
        2,
        4
      ]
    }
  ]
}