{
  "set_id": 6,
  "inst_id": 7,
  "vehicles": {
    "CT": {
      "count": 10,
      "capacity": 1500,
      "fixed_cost": 1500,
      "unit_cost_factor": 1.2
    },
    "UV": {
      "count": 20,
      "capacity": 500,
      "fixed_cost": 500,
      "unit_cost_factor": 1.1
    }
  },
  "P": 3,
  "item_weights": [
    15,
    15,
    15
  ],
  "inventory_ratio": 1.1,
  "FCs": [
    {
      "id": "FC1",
      "x": 25,
      "y": 25,
      "time_window": [
        0.0,
        3000.0
      ],
      "inventory": [
        67,
        74,
        68
      ]
    },
    {
      "id": "FC2",
      "x": 75,
      "y": 75,
      "time_window": [
        0.0,
        3000.0
      ],
      "inventory": [
        73,
        63,
        73
      ]
    }
  ],
  "DCs": [
    {
      "id": "DC1",
      "x": 65.49,
      "y": 60.36,
      "time_window": [
        300.0,
        2700.0
      ]
    },
    {
      "id": "DC2",
      "x": 27.78,
      "y": 66.03,
      "time_window": [
        300.0,
        2700.0
      ]
    },
    {
      "id": "DC3",
      "x": 35.56,
      "y": 66.4,
      "time_window": [
        300.0,
        2700.0
      ]
    },
    {
      "id": "DC4",
      "x": 49.56,
      "y": 46.86,
      "time_window": [
        300.0,
        2700.0
      ]
    }
  ],
  "CDPs": [
    {
      "id": "CDP1",
      "x": 47.76,
      "y": 91.65,
      "time_window": [
        0.0,
        3000.0
      ],
      "capacity": 276
    },
    {
      "id": "CDP2",
      "x": 79.15,
      "y": 22.54,
      "time_window": [
        0.0,
        3000.0
      ],
      "capacity": 267
    },
    {
      "id": "CDP3",
      "x": 79.42,
      "y": 62.32,
      "time_window": [
        0.0,
        3000.0
      ],
      "capacity": 241
    },
    {
      "id": "CDP4",
      "x": 63.12,
      "y": 64.26,
      "time_window": [
        0.0,
        3000.0
      ],
      "capacity": 285
    },
    {
      "id": "CDP5",
      "x": 22.23,
      "y": 82.67,
      "time_window": [
        0.0,
        3000.0
      ],
      "capacity": 215
    },
    {
      "id": "CDP6",
      "x": 70.73,
      "y": 15.71,
      "time_window": [
        0.0,
        3000.0
      ],
      "capacity": 196
    },
    {
      "id": "CDP7",
      "x": 23.56,
      "y": 1.2,
      "time_window": [
        0.0,
        3000.0
      ],
      "capacity": 198
    },
    {
      "id": "CDP8",
      "x": 74.69,
      "y": 8.64,
      "time_window": [
        0.0,
        3000.0
      ],
      "capacity": 290
    },
    {
      "id": "CDP9",
      "x": 50.29,
      "y": 61.4,
      "time_window": [
        0.0,
        3000.0
      ],
      "capacity": 268
    },
    {
      "id": "CDP10",
      "x": 53.85,
      "y": 46.8,
      "time_window": [
        0.0,
        3000.0
      ],
      "capacity": 271
    },
    {
      "id": "CDP11",
      "x": 38.82,
      "y": 67.99,
      "time_window": [
        0.0,
        3000.0
      ],
      "capacity": 276
    },
    {
      "id": "CDP12",
      "x": 82.75,
      "y": 84.76,
      "time_window": [
        0.0,
        3000.0
      ],
      "capacity": 161
    },
    {
      "id": "CDP13",
      "x": 27.57,
      "y": 69.47,
      "time_window": [
        0.0,
        3000.0
      ],
      "capacity": 253
    },
    {
      "id": "CDP14",
      "x": 10.69,
      "y": 43.37,
      "time_window": [
        0.0,
        3000.0
      ],
      "capacity": 291
    },
    {
      "id": "CDP15",
      "x": 47.7,
      "y": 51.51,
      "time_window": [
        0.0,
        3000.0
      ],
      "capacity": 282
    },
    {
      "id": "CDP16",
      "x": 60.17,
      "y": 49.44,
      "time_window": [
        0.0,
        3000.0
      ],
      "capacity": 255
    },
    {
      "id": "CDP17",
      "x": 71.15,
      "y": 17.3,
      "time_window": [
        0.0,
        3000.0
      ],
      "capacity": 184
    },
    {
      "id": "CDP18",
      "x": 53.01,
      "y": 3.12,
      "time_window": [
        0.0,
        3000.0
      ],
      "capacity": 142
    },
    {
      "id": "CDP19",
      "x": 76.93,
      "y": 83.09,
      "time_window": [
        0.0,
        3000.0
      ],
      "capacity": 266
    },
    {
      "id": "CDP20",
      "x": 28.14,
      "y": 89.69,
      "time_window": [
        0.0,
        3000.0
      ],
      "capacity": 291
    },
    {
      "id": "CDP21",
      "x": 35.51,
      "y": 98.05,
      "time_window": [
        0.0,
        3000.0
      ],
      "capacity": 105
    },
    {
      "id": "CDP22",
      "x": 49.55,
      "y": 40.03,
      "time_window": [
        0.0,
        3000.0
      ],
      "capacity": 118
    },
    {
      "id": "CDP23",
      "x": 84.87,
      "y": 45.2,
      "time_window": [
        0.0,
        3000.0
      ],
      "capacity": 202
    },
    {
      "id": "CDP24",
      "x": 16.53,
      "y": 22.92,
      "time_window": [
        0.0,
        3000.0
      ],
      "capacity": 184
    },
    {
      "id": "CDP25",
      "x": 11.89,
      "y": 82.58,
      "time_window": [
        0.0,
        3000.0
      ],
      "capacity": 299
    },
    {
      "id": "CDP26",
      "x": 10.08,
      "y": 66.62,
      "time_window": [
        0.0,
        3000.0
      ],
      "capacity": 283
    },
    {
      "id": "CDP27",
      "x": 65.54,
      "y": 28.43,
      "time_window": [
        0.0,
        3000.0
      ],
      "capacity": 214
    },
    {
      "id": "CDP28",
      "x": 53.87,
      "y": 33.32,
      "time_window": [
        0.0,
        3000.0
      ],
      "capacity": 193
    },
    {
      "id": "CDP29",
      "x": 96.69,
      "y": 2.89,
      "time_window": [
        0.0,
        3000.0
      ],
      "capacity": 165
    },
    {
      "id": "CDP30",
      "x": 29.42,
      "y": 54.64,
      "time_window": [
        0.0,
        3000.0
      ],
      "capacity": 161
    }
  ],
  "Customers": [
    {
      "id": "C1",
      "x": 72.55,
      "y": 35.66,
      "time_window": [
        450.0,
        1699.24
      ],
      "demand": [
        2,
        1,
        4
      ]
    },
    {
      "id": "C2",
      "x": 39.25,
      "y": 56.72,
      "time_window": [
        450.0,
        977.49
      ],
      "demand": [
        3,
        2,
        1
      ]
    },
    {
      "id": "C3",
      "x": 78.23,
      "y": 91.87,
      "time_window": [
        450.0,
        1475.53
      ],
      "demand": [
        3,
        2,
        1
      ]
    },
    {
      "id": "C4",
      "x": 49.72,
      "y": 57.66,
      "time_window": [
        450.0,
        1761.22
      ],
      "demand": [
        2,
        2,
        1
      ]
    },
    {
      "id": "C5",
      "x": 83.86,
      "y": 18.56,
      "time_window": [
        450.0,
        1288.92
      ],
      "demand": [
        2,
        1,
        1
      ]
    },
    {
      "id": "C6",
      "x": 3.08,
      "y": 3.36,
      "time_window": [
        450.0,
        1645.47
      ],
      "demand": [
        4,
        3,
        1
      ]
    },
    {
      "id": "C7",
      "x": 43.22,
      "y": 67.96,
      "time_window": [
        450.0,
        2286.39
      ],
      "demand": [
        1,
        3,
        3
      ]
    },
    {
      "id": "C8",
      "x": 90.47,
      "y": 10.0,
      "time_window": [
        450.0,
        1702.54
      ],
      "demand": [
        2,
        2,
        2
      ]
    },
    {
      "id": "C9",
      "x": 68.06,
      "y": 51.17,
      "time_window": [
        450.0,
        2266.81
      ],
      "demand": [
        4,
        2,
        1
      ]
    },
    {
      "id": "C10",
      "x": 22.9,
      "y": 12.58,
      "time_window": [
        450.0,
        1179.36
      ],
      "demand": [
        2,
        3,
        3
      ]
    },
    {
      "id": "C11",
      "x": 70.1,
      "y": 64.82,
      "time_window": [
        450.0,
        2007.02
      ],
      "demand": [
        1,
        4,
        4
      ]
    },
    {
      "id": "C12",
      "x": 11.7,
      "y": 87.35,
      "time_window": [
        450.0,
        1626.21
      ],
      "demand": [
        4,
        1,
        2
      ]
    },
    {
      "id": "C13",
      "x": 48.78,
      "y": 56.1,
      "time_window": [
        450.0,
        1641.13
      ],
      "demand": [
        1,
        1,
        4
      ]
    },
    {
      "id": "C14",
      "x": 51.47,
      "y": 52.88,
      "time_window": [
        450.0,
        2423.64
      ],
      "demand": [
        3,
        4,
        3
      ]
    },
    {
      "id": "C15",
      "x": 27.51,
      "y": 29.42,
      "time_window": [
        450.0,
        1622.19
      ],
      "demand": [
        3,
        4,
        4
      ]
    },
    {
      "id": "C16",
      "x": 60.63,
      "y": 69.03,
      "time_window": [
        450.0,
        1800.1
      ],
      "demand": [
        1,
        2,
        4
      ]
    },
    {
      "id": "C17",
      "x": 47.01,
      "y": 58.76,
      "time_window": [
        450.0,
        1976.67
      ],
      "demand": [
        2,
        4,
        2
      ]
    },
    {
      "id": "C18",
      "x": 1.82,
      "y": 90.57,
      "time_window": [
        450.0,
        2550
      ],
      "demand": [
        3,
        1,
        1
      ]
    },
    {
      "id": "C19",
      "x": 91.45,
      "y": 25.0,
      "time_window": [
        450.0,
        2153.52
      ],
      "demand": [
        2,
        4,
        3
      ]
    },
    {
      "id": "C20",
      "x": 61.17,
      "y": 71.12,
      "time_window": [
        450.0,
        1388.91
      ],
      "demand": [
        4,
        1,
        4
      ]
    },
    {
      "id": "C21",
      "x": 87.7,
      "y": 99.21,
      "time_window": [
        450.0,
        1963.32
      ],
      "demand": [
        3,
        4,
        1
      ]
    },
    {
      "id": "C22",
      "x": 1.95,
      "y": 20.98,
      "time_window": [
        450.0,
        1035.91
      ],
      "demand": [
        2,
        2,
        4
      ]
    },
    {
      "id": "C23",
      "x": 90.75,
      "y": 19.15,
      "time_window": [
        450.0,
        1025.41
      ],
      "demand": [
        2,
        3,
        4
      ]
    },
    {
      "id": "C24",
      "x": 21.71,
      "y": 97.6,
      "time_window": [
        450.0,
        1336.25
      ],
      "demand": [
        3,
        4,
        2
      ]
    },
    {
      "id": "C25",
      "x": 43.4,
      "y": 73.03,
      "time_window": [
        450.0,
        2070.49
      ],
      "demand": [
        1,
        2,
        2
      ]
    },
    {
      "id": "C26",
      "x": 89.79,
      "y": 18.91,
      "time_window": [
        450.0,
        2390.68
      ],
      "demand": [
        4,
        2,
        4
      ]
    },
    {
      "id": "C27",
      "x": 30.34,
      "y": 33.21,
      "time_window": [
        450.0,
        1461.79
      ],
      "demand": [
        1,
        3,
        2
      ]
    },
    {
      "id": "C28",
      "x": 33.65,
      "y": 28.86,
      "time_window": [
        450.0,
        2145.39
      ],
      "demand": [
        4,
        1,
        3
      ]
    },
    {
      "id": "C29",
      "x": 74.83,
      "y": 73.15,
      "time_window": [
        450.0,
        1175.81
      ],
      "demand": [
        2,
        4,
        4
      ]
    },
    {
      "id": "C30",
      "x": 25.48,
      "y": 71.38,
      "time_window": [
        450.0,
        2224.22
      ],
      "demand": [
        2,
        1,
        3
      ]
    },
    {
      "id": "C31",
      "x": 48.55,
      "y": 44.65,
      "time_window": [
        450.0,
        2304.22
      ],
      "demand": [
        2,
        2,
        3
      ]
    },
    {
      "id": "C32",
      "x": 25.14,
      "y": 42.71,
      "time_window": [
        450.0,
        2330.71
      ],
      "demand": [
        4,
        4,
        3
      ]
    },
    {
      "id": "C33",
      "x": 67.96,
      "y": 60.49,
      "time_window": [
        450.0,
        1223.83
      ],
      "demand": [
        4,
        1,
        1
      ]
    },
    {
      "id": "C34",
      "x": 5.23,
      "y": 79.69,
      "time_window": [
        450.0,
        2288.56
      ],
      "demand": [
        3,
        2,
        1
      ]
    },
    {
      "id": "C35",
      "x": 8.06,
      "y": 15.0,
      "time_window": [
        450.0,
        1901.47
      ],
      "demand": [
        2,
        2,
        2
      ]
    },
    {
      "id": "C36",
      "x": 85.91,
      "y": 18.23,
      "time_window": [
        450.0,
        1617.61
      ],
      "demand": [
        1,
        3,
        2
      ]
    },
    {
      "id": "C37",
      "x": 36.8,
      "y": 50.44,
      "time_window": [
        450.0,
        1148.05
      ],
      "demand": [
        2,
        2,
        4
      ]
    },
    {
      "id": "C38",
      "x": 14.57,
      "y": 84.41,
      "time_window": [
        450.0,
        2475.88
      ],
      "demand": [
        2,
        3,
        3
      ]
    },
    {
      "id": "C39",
      "x": 55.05,
      "y": 66.52,
      "time_window": [
        450.0,
        1821.21
      ],
      "demand": [
        3,
        3,
        3
      ]
    },
    {
      "id": "C40",
      "x": 44.56,
      "y": 50.95,
      "time_window": [
        450.0,
        2544.71
      ],
      "demand": [
        4,
        1,
        1
      ]
    },
    {
      "id": "C41",
      "x": 61.58,
      "y": 47.88,
      "time_window": [
        450.0,
        1783.39
      ],
      "demand": [
        3,
        3,
        3
      ]
    },
    {
      "id": "C42",
      "x": 82.04,
      "y": 89.64,
      "time_window": [
        450.0,
        2348.21
      ],
      "demand": [
        2,
        4,
        4
      ]
    },
    {
      "id": "C43",
      "x": 29.46,
      "y": 48.3,
      "time_window": [
        450.0,
        1237.26
      ],
      "demand": [
        2,
        1,
        2
      ]
    },
    {
      "id": "C44",
      "x": 34.99,
      "y": 26.11,
      "time_window": [
        450.0,
        1607.34
      ],
      "demand": [
        4,
        2,
        1
      ]
    },
    {
      "id": "C45",
      "x": 51.67,
      "y": 70.84,
      "time_window": [
        450.0,
        2080.67
      ],
      "demand": [
        2,
        3,
        3
      ]
    },
    {
      "id": "C46",
      "x": 74.41,
      "y": 63.42,
      "time_window": [
        450.0,
        1157.49
      ],
      "demand": [
        4,
        4,
        4
      ]
    },
    {
      "id": "C47",
      "x": 80.07,
      "y": 89.83,
      "time_window": [
        450.0,
        1625.38
      ],
      "demand": [
        4,
        1,
        3
      ]
    },
    {
      "id": "C48",
      "x": 4.38,
      "y": 10.56,
      "time_window": [
        450.0,
        1888.07
      ],
      "demand": [
        2,
        4,
        4
      ]
    },
    {
      "id": "C49",
      "x": 29.76,
      "y": 39.68,
      "time_window": [
        450.0,
        1704.54
      ],
      "demand": [
        1,
        3,
        2
      ]
    },
    {
      "id": "C50",
      "x": 28.33,
      "y": 48.5,
      "time_window": [
        450.0,
        1524.88
      ],
      "demand": [
        3,
        3,
        1
      ]
    }
  ]
}