{
  "set_id": 8,
  "inst_id": 1,
  "vehicles": {
    "CT": {
      "count": 20,
      "capacity": 1500,
      "fixed_cost": 1500,
      "unit_cost_factor": 1.2
    },
    "UV": {
      "count": 40,
      "capacity": 500,
      "fixed_cost": 500,
      "unit_cost_factor": 1.1
    }
  },
  "P": 3,
  "item_weights": [
    10,
    10,
    5
  ],
  "inventory_ratio": 1.4,
  "FCs": [
    {
      "id": "FC1",
      "x": 25,
      "y": 25,
      "time_window": [
        0.0,
        3000.0
      ],
      "inventory": [
        90,
        79,
        80
      ]
    },
    {
      "id": "FC2",
      "x": 25,
      "y": 75,
      "time_window": [
        0.0,
        3000.0
      ],
      "inventory": [
        90,
        91,
        108
      ]
    },
    {
      "id": "FC3",
      "x": 75,
      "y": 25,
      "time_window": [
        0.0,
        3000.0
      ],
      "inventory": [
        98,
        83,
        104
      ]
    },
    {
      "id": "FC4",
      "x": 75,
      "y": 75,
      "time_window": [
        0.0,
        3000.0
      ],
      "inventory": [
        92,
        83,
        86
      ]
    }
  ],
  "DCs": [
    {
      "id": "DC1",
      "x": 35.2,
      "y": 80.65,
      "time_window": [
        300.0,
        2700.0
      ]
    },
    {
      "id": "DC2",
      "x": 91.09,
      "y": 5.85,
      "time_window": [
        300.0,
        2700.0
      ]
    },
    {
      "id": "DC3",
      "x": 13.04,
      "y": 92.28,
      "time_window": [
        300.0,
        2700.0
      ]
    },
    {
      "id": "DC4",
      "x": 72.26,
      "y": 98.79,
      "time_window": [
        300.0,
        2700.0
      ]
    },
    {
      "id": "DC5",
      "x": 92.9,
      "y": 50.92,
      "time_window": [
        300.0,
        2700.0
      ]
    },
    {
      "id": "DC6",
      "x": 42.23,
      "y": 93.68,
      "time_window": [
        300.0,
        2700.0
      ]
    },
    {
      "id": "DC7",
      "x": 30.45,
      "y": 54.45,
      "time_window": [
        300.0,
        2700.0
      ]
    },
    {
      "id": "DC8",
      "x": 9.04,
      "y": 6.26,
      "time_window": [
        300.0,
        2700.0
      ]
    }
  ],
  "CDPs": [
    {
      "id": "CDP1",
      "x": 23.38,
      "y": 69.03,
      "time_window": [
        0.0,
        3000.0
      ],
      "capacity": 287
    },
    {
      "id": "CDP2",
      "x": 64.18,
      "y": 77.67,
      "time_window": [
        0.0,
        3000.0
      ],
      "capacity": 260
    },
    {
      "id": "CDP3",
      "x": 9.38,
      "y": 6.86,
      "time_window": [
        0.0,
        3000.0
      ],
      "capacity": 233
    },
    {
      "id": "CDP4",
      "x": 49.4,
      "y": 8.1,
      "time_window": [
        0.0,
        3000.0
      ],
      "capacity": 129
    },
    {
      "id": "CDP5",
      "x": 32.64,
      "y": 71.09,
      "time_window": [
        0.0,
        3000.0
      ],
      "capacity": 186
    },
    {
      "id": "CDP6",
      "x": 93.15,
      "y": 79.04,
      "time_window": [
        0.0,
        3000.0
      ],
      "capacity": 173
    },
    {
      "id": "CDP7",
      "x": 35.02,
      "y": 82.83,
      "time_window": [
        0.0,
        3000.0
      ],
      "capacity": 162
    },
    {
      "id": "CDP8",
      "x": 44.87,
      "y": 30.54,
      "time_window": [
        0.0,
        3000.0
      ],
      "capacity": 237
    },
    {
      "id": "CDP9",
      "x": 68.26,
      "y": 48.58,
      "time_window": [
        0.0,
        3000.0
      ],
      "capacity": 160
    },
    {
      "id": "CDP10",
      "x": 40.11,
      "y": 20.7,
      "time_window": [
        0.0,
        3000.0
      ],
      "capacity": 276
    },
    {
      "id": "CDP11",
      "x": 68.23,
      "y": 97.67,
      "time_window": [
        0.0,
        3000.0
      ],
      "capacity": 116
    },
    {
      "id": "CDP12",
      "x": 86.35,
      "y": 71.82,
      "time_window": [
        0.0,
        3000.0
      ],
      "capacity": 170
    },
    {
      "id": "CDP13",
      "x": 49.15,
      "y": 36.28,
      "time_window": [
        0.0,
        3000.0
      ],
      "capacity": 291
    },
    {
      "id": "CDP14",
      "x": 28.1,
      "y": 16.48,
      "time_window": [
        0.0,
        3000.0
      ],
      "capacity": 181
    },
    {
      "id": "CDP15",
      "x": 65.7,
      "y": 93.73,
      "time_window": [
        0.0,
        3000.0
      ],
      "capacity": 197
    },
    {
      "id": "CDP16",
      "x": 50.0,
      "y": 43.67,
      "time_window": [
        0.0,
        3000.0
      ],
      "capacity": 290
    },
    {
      "id": "CDP17",
      "x": 1.36,
      "y": 44.88,
      "time_window": [
        0.0,
        3000.0
      ],
      "capacity": 198
    },
    {
      "id": "CDP18",
      "x": 98.39,
      "y": 63.09,
      "time_window": [
        0.0,
        3000.0
      ],
      "capacity": 109
    },
    {
      "id": "CDP19",
      "x": 29.5,
      "y": 40.84,
      "time_window": [
        0.0,
        3000.0
      ],
      "capacity": 182
    },
    {
      "id": "CDP20",
      "x": 64.71,
      "y": 10.97,
      "time_window": [
        0.0,
        3000.0
      ],
      "capacity": 289
    },
    {
      "id": "CDP21",
      "x": 82.98,
      "y": 3.67,
      "time_window": [
        0.0,
        3000.0
      ],
      "capacity": 117
    },
    {
      "id": "CDP22",
      "x": 63.0,
      "y": 61.9,
      "time_window": [
        0.0,
        3000.0
      ],
      "capacity": 207
    },
    {
      "id": "CDP23",
      "x": 43.16,
      "y": 29.83,
      "time_window": [
        0.0,
        3000.0
      ],
      "capacity": 164
    },
    {
      "id": "CDP24",
      "x": 53.62,
      "y": 67.0,
      "time_window": [
        0.0,
        3000.0
      ],
      "capacity": 256
    },
    {
      "id": "CDP25",
      "x": 96.33,
      "y": 40.91,
      "time_window": [
        0.0,
        3000.0
      ],
      "capacity": 141
    },
    {
      "id": "CDP26",
      "x": 48.17,
      "y": 52.55,
      "time_window": [
        0.0,
        3000.0
      ],
      "capacity": 126
    },
    {
      "id": "CDP27",
      "x": 1.98,
      "y": 49.94,
      "time_window": [
        0.0,
        3000.0
      ],
      "capacity": 176
    },
    {
      "id": "CDP28",
      "x": 25.79,
      "y": 86.07,
      "time_window": [
        0.0,
        3000.0
      ],
      "capacity": 151
    },
    {
      "id": "CDP29",
      "x": 79.17,
      "y": 95.05,
      "time_window": [
        0.0,
        3000.0
      ],
      "capacity": 209
    },
    {
      "id": "CDP30",
      "x": 84.03,
      "y": 57.37,
      "time_window": [
        0.0,
        3000.0
      ],
      "capacity": 145
    },
    {
      "id": "CDP31",
      "x": 94.13,
      "y": 56.41,
      "time_window": [
        0.0,
        3000.0
      ],
      "capacity": 139
    },
    {
      "id": "CDP32",
      "x": 85.19,
      "y": 29.7,
      "time_window": [
        0.0,
        3000.0
      ],
      "capacity": 103
    },
    {
      "id": "CDP33",
      "x": 60.95,
      "y": 96.32,
      "time_window": [
        0.0,
        3000.0
      ],
      "capacity": 183
    },
    {
      "id": "CDP34",
      "x": 88.12,
      "y": 6.93,
      "time_window": [
        0.0,
        3000.0
      ],
      "capacity": 119
    },
    {
      "id": "CDP35",
      "x": 69.32,
      "y": 36.76,
      "time_window": [
        0.0,
        3000.0
      ],
      "capacity": 167
    },
    {
      "id": "CDP36",
      "x": 2.73,
      "y": 31.18,
      "time_window": [
        0.0,
        3000.0
      ],
      "capacity": 286
    },
    {
      "id": "CDP37",
      "x": 94.13,
      "y": 67.42,
      "time_window": [
        0.0,
        3000.0
      ],
      "capacity": 234
    },
    {
      "id": "CDP38",
      "x": 72.07,
      "y": 77.89,
      "time_window": [
        0.0,
        3000.0
      ],
      "capacity": 168
    },
    {
      "id": "CDP39",
      "x": 39.33,
      "y": 99.64,
      "time_window": [
        0.0,
        3000.0
      ],
      "capacity": 149
    },
    {
      "id": "CDP40",
      "x": 71.48,
      "y": 99.19,
      "time_window": [
        0.0,
        3000.0
      ],
      "capacity": 107
    },
    {
      "id": "CDP41",
      "x": 7.0,
      "y": 34.57,
      "time_window": [
        0.0,
        3000.0
      ],
      "capacity": 181
    },
    {
      "id": "CDP42",
      "x": 85.89,
      "y": 61.17,
      "time_window": [
        0.0,
        3000.0
      ],
      "capacity": 222
    },
    {
      "id": "CDP43",
      "x": 62.86,
      "y": 18.15,
      "time_window": [
        0.0,
        3000.0
      ],
      "capacity": 292
    },
    {
      "id": "CDP44",
      "x": 51.19,
      "y": 61.72,
      "time_window": [
        0.0,
        3000.0
      ],
      "capacity": 227
    },
    {
      "id": "CDP45",
      "x": 17.06,
      "y": 37.58,
      "time_window": [
        0.0,
        3000.0
      ],
      "capacity": 118
    },
    {
      "id": "CDP46",
      "x": 6.86,
      "y": 33.96,
      "time_window": [
        0.0,
        3000.0
      ],
      "capacity": 143
    },
    {
      "id": "CDP47",
      "x": 13.84,
      "y": 46.49,
      "time_window": [
        0.0,
        3000.0
      ],
      "capacity": 148
    },
    {
      "id": "CDP48",
      "x": 80.96,
      "y": 60.06,
      "time_window": [
        0.0,
        3000.0
      ],
      "capacity": 283
    },
    {
      "id": "CDP49",
      "x": 80.04,
      "y": 47.85,
      "time_window": [
        0.0,
        3000.0
      ],
      "capacity": 282
    },
    {
      "id": "CDP50",
      "x": 36.55,
      "y": 91.61,
      "time_window": [
        0.0,
        3000.0
      ],
      "capacity": 200
    }
  ],
  "Customers": [
    {
      "id": "C1",
      "x": 29.63,
      "y": 27.67,
      "time_window": [
        450.0,
        1592.16
      ],
      "demand": [
        3,
        2,
        2
      ]
    },
    {
      "id": "C2",
      "x": 72.77,
      "y": 35.11,
      "time_window": [
        450.0,
        1137.74
      ],
      "demand": [
        3,
        2,
        3
      ]
    },
    {
      "id": "C3",
      "x": 70.02,
      "y": 31.19,
      "time_window": [
        450.0,
        2465.37
      ],
      "demand": [
        4,
        4,
        3
      ]
    },
    {
      "id": "C4",
      "x": 38.86,
      "y": 60.72,
      "time_window": [
        450.0,
        2029.26
      ],
      "demand": [
        3,
        4,
        2
      ]
    },
    {
      "id": "C5",
      "x": 26.36,
      "y": 26.67,
      "time_window": [
        450.0,
        1825.1
      ],
      "demand": [
        4,
        1,
        3
      ]
    },
    {
      "id": "C6",
      "x": 28.15,
      "y": 72.9,
      "time_window": [
        450.0,
        1749.33
      ],
      "demand": [
        1,
        4,
        1
      ]
    },
    {
      "id": "C7",
      "x": 5.49,
      "y": 6.42,
      "time_window": [
        450.0,
        2264.66
      ],
      "demand": [
        1,
        4,
        4
      ]
    },
    {
      "id": "C8",
      "x": 4.46,
      "y": 19.53,
      "time_window": [
        450.0,
        2515.78
      ],
      "demand": [
        2,
        2,
        4
      ]
    },
    {
      "id": "C9",
      "x": 21.05,
      "y": 3.36,
      "time_window": [
        450.0,
        1421.2
      ],
      "demand": [
        3,
        1,
        4
      ]
    },
    {
      "id": "C10",
      "x": 33.75,
      "y": 59.97,
      "time_window": [
        450.0,
        1728.93
      ],
      "demand": [
        4,
        3,
        1
      ]
    },
    {
      "id": "C11",
      "x": 60.86,
      "y": 46.67,
      "time_window": [
        450.0,
        2188.08
      ],
      "demand": [
        2,
        1,
        4
      ]
    },
    {
      "id": "C12",
      "x": 35.27,
      "y": 35.82,
      "time_window": [
        450.0,
        984.2
      ],
      "demand": [
        4,
        1,
        4
      ]
    },
    {
      "id": "C13",
      "x": 59.63,
      "y": 26.94,
      "time_window": [
        450.0,
        2032.56
      ],
      "demand": [
        3,
        1,
        3
      ]
    },
    {
      "id": "C14",
      "x": 47.08,
      "y": 54.93,
      "time_window": [
        450.0,
        2009.49
      ],
      "demand": [
        4,
        3,
        2
      ]
    },
    {
      "id": "C15",
      "x": 74.94,
      "y": 52.59,
      "time_window": [
        450.0,
        1495.94
      ],
      "demand": [
        3,
        2,
        4
      ]
    },
    {
      "id": "C16",
      "x": 36.21,
      "y": 41.54,
      "time_window": [
        450.0,
        1368.64
      ],
      "demand": [
        4,
        1,
        1
      ]
    },
    {
      "id": "C17",
      "x": 4.79,
      "y": 91.52,
      "time_window": [
        450.0,
        1864.91
      ],
      "demand": [
        4,
        3,
        2
      ]
    },
    {
      "id": "C18",
      "x": 76.46,
      "y": 92.97,
      "time_window": [
        450.0,
        1027.94
      ],
      "demand": [
        2,
        1,
        2
      ]
    },
    {
      "id": "C19",
      "x": 44.14,
      "y": 74.02,
      "time_window": [
        450.0,
        1779.97
      ],
      "demand": [
        4,
        2,
        3
      ]
    },
    {
      "id": "C20",
      "x": 59.14,
      "y": 44.26,
      "time_window": [
        450.0,
        2374.78
      ],
      "demand": [
        4,
        4,
        1
      ]
    },
    {
      "id": "C21",
      "x": 52.94,
      "y": 43.75,
      "time_window": [
        450.0,
        1804.85
      ],
      "demand": [
        3,
        4,
        4
      ]
    },
    {
      "id": "C22",
      "x": 38.93,
      "y": 56.2,
      "time_window": [
        450.0,
        1258.66
      ],
      "demand": [
        4,
        4,
        4
      ]
    },
    {
      "id": "C23",
      "x": 51.32,
      "y": 30.37,
      "time_window": [
        450.0,
        1838.09
      ],
      "demand": [
        1,
        2,
        3
      ]
    },
    {
      "id": "C24",
      "x": 8.02,
      "y": 0.9,
      "time_window": [
        450.0,
        1349.59
      ],
      "demand": [
        2,
        4,
        1
      ]
    },
    {
      "id": "C25",
      "x": 56.88,
      "y": 40.89,
      "time_window": [
        450.0,
        1470.96
      ],
      "demand": [
        3,
        2,
        1
      ]
    },
    {
      "id": "C26",
      "x": 94.38,
      "y": 75.77,
      "time_window": [
        450.0,
        2483.89
      ],
      "demand": [
        1,
        3,
        2
      ]
    },
    {
      "id": "C27",
      "x": 47.54,
      "y": 47.81,
      "time_window": [
        450.0,
        1152.58
      ],
      "demand": [
        1,
        1,
        4
      ]
    },
    {
      "id": "C28",
      "x": 84.23,
      "y": 82.19,
      "time_window": [
        450.0,
        2479.68
      ],
      "demand": [
        2,
        1,
        1
      ]
    },
    {
      "id": "C29",
      "x": 85.59,
      "y": 6.92,
      "time_window": [
        450.0,
        1966.15
      ],
      "demand": [
        3,
        3,
        3
      ]
    },
    {
      "id": "C30",
      "x": 82.02,
      "y": 86.89,
      "time_window": [
        450.0,
        2458.05
      ],
      "demand": [
        3,
        2,
        4
      ]
    },
    {
      "id": "C31",
      "x": 72.81,
      "y": 34.23,
      "time_window": [
        450.0,
        2286.72
      ],
      "demand": [
        4,
        1,
        3
      ]
    },
    {
      "id": "C32",
      "x": 71.07,
      "y": 70.9,
      "time_window": [
        450.0,
        1663.31
      ],
      "demand": [
        1,
        2,
        3
      ]
    },
    {
      "id": "C33",
      "x": 26.25,
      "y": 35.99,
      "time_window": [
        450.0,
        1567.24
      ],
      "demand": [
        3,
        3,
        3
      ]
    },
    {
      "id": "C34",
      "x": 57.94,
      "y": 41.88,
      "time_window": [
        450.0,
        2419.51
      ],
      "demand": [
        3,
        3,
        2
      ]
    },
    {
      "id": "C35",
      "x": 86.15,
      "y": 81.36,
      "time_window": [
        450.0,
        2127.0
      ],
      "demand": [
        1,
        2,
        2
      ]
    },
    {
      "id": "C36",
      "x": 80.05,
      "y": 89.4,
      "time_window": [
        450.0,
        2457.59
      ],
      "demand": [
        1,
        1,
        1
      ]
    },
    {
      "id": "C37",
      "x": 92.53,
      "y": 91.72,
      "time_window": [
        450.0,
        1412.17
      ],
      "demand": [
        3,
        4,
        1
      ]
    },
    {
      "id": "C38",
      "x": 95.09,
      "y": 17.51,
      "time_window": [
        450.0,
        1805.27
      ],
      "demand": [
        2,
        1,
        1
      ]
    },
    {
      "id": "C39",
      "x": 19.44,
      "y": 1.18,
      "time_window": [
        450.0,
        2057.22
      ],
      "demand": [
        3,
        1,
        1
      ]
    },
    {
      "id": "C40",
      "x": 15.18,
      "y": 6.82,
      "time_window": [
        450.0,
        1358.62
      ],
      "demand": [
        4,
        2,
        2
      ]
    },
    {
      "id": "C41",
      "x": 39.1,
      "y": 58.86,
      "time_window": [
        450.0,
        1970.96
      ],
      "demand": [
        3,
        2,
        3
      ]
    },
    {
      "id": "C42",
      "x": 16.68,
      "y": 2.51,
      "time_window": [
        450.0,
        1216.83
      ],
      "demand": [
        2,
        4,
        2
      ]
    },
    {
      "id": "C43",
      "x": 88.72,
      "y": 84.73,
      "time_window": [
        450.0,
        2112.77
      ],
      "demand": [
        3,
        4,
        3
      ]
    },
    {
      "id": "C44",
      "x": 71.47,
      "y": 69.92,
      "time_window": [
        450.0,
        2141.64
      ],
      "demand": [
        4,
        2,
        3
      ]
    },
    {
      "id": "C45",
      "x": 67.87,
      "y": 65.9,
      "time_window": [
        450.0,
        1212.38
      ],
      "demand": [
        2,
        3,
        2
      ]
    },
    {
      "id": "C46",
      "x": 37.12,
      "y": 47.03,
      "time_window": [
        450.0,
        1886.13
      ],
      "demand": [
        2,
        3,
        4
      ]
    },
    {
      "id": "C47",
      "x": 54.83,
      "y": 55.1,
      "time_window": [
        450.0,
        1165.21
      ],
      "demand": [
        4,
        4,
        4
      ]
    },
    {
      "id": "C48",
      "x": 69.57,
      "y": 51.2,
      "time_window": [
        450.0,
        2550
      ],
      "demand": [
        4,
        1,
        3
      ]
    },
    {
      "id": "C49",
      "x": 94.73,
      "y": 24.39,
      "time_window": [
        450.0,
        1650.49
      ],
      "demand": [
        4,
        1,
        2
      ]
    },
    {
      "id": "C50",
      "x": 22.22,
      "y": 91.72,
      "time_window": [
        450.0,
        1499.87
      ],
      "demand": [
        1,
        1,
        2
      ]
    },
    {
      "id": "C51",
      "x": 39.03,
      "y": 36.84,
      "time_window": [
        450.0,
        1814.24
      ],
      "demand": [
        3,
        2,
        4
      ]
    },
    {
      "id": "C52",
      "x": 30.2,
      "y": 26.46,
      "time_window": [
        450.0,
        1821.97
      ],
      "demand": [
        1,
        3,
        3
      ]
    },
    {
      "id": "C53",
      "x": 73.7,
      "y": 30.64,
      "time_window": [
        450.0,
        2192.05
      ],
      "demand": [
        4,
        4,
        4
      ]
    },
    {
      "id": "C54",
      "x": 73.95,
      "y": 64.58,
      "time_window": [
        450.0,
        1910.61
      ],
      "demand": [
        1,
        2,
        4
      ]
    },
    {
      "id": "C55",
      "x": 50.43,
      "y": 59.15,
      "time_window": [
        450.0,
        1090.67
      ],
      "demand": [
        1,
        1,
        4
      ]
    },
    {
      "id": "C56",
      "x": 44.87,
      "y": 41.93,
      "time_window": [
        450.0,
        1316.74
      ],
      "demand": [
        3,
        2,
        2
      ]
    },
    {
      "id": "C57",
      "x": 78.89,
      "y": 88.31,
      "time_window": [
        450.0,
        1936.54
      ],
      "demand": [
        2,
        1,
        4
      ]
    },
    {
      "id": "C58",
      "x": 26.09,
      "y": 33.67,
      "time_window": [
        450.0,
        1929.13
      ],
      "demand": [
        3,
        1,
        3
      ]
    },
    {
      "id": "C59",
      "x": 9.79,
      "y": 77.64,
      "time_window": [
        450.0,
        2278.85
      ],
      "demand": [
        1,
        4,
        3
      ]
    },
    {
      "id": "C60",
      "x": 9.99,
      "y": 12.22,
      "time_window": [
        450.0,
        1190.44
      ],
      "demand": [
        1,
        1,
        2
      ]
    },
    {
      "id": "C61",
      "x": 56.0,
      "y": 74.85,
      "time_window": [
        450.0,
        1467.96
      ],
      "demand": [
        2,
        1,
        1
      ]
    },
    {
      "id": "C62",
      "x": 52.07,
      "y": 38.97,
      "time_window": [
        450.0,
        1887.54
      ],
      "demand": [
        4,
        1,
        1
      ]
    },
    {
      "id": "C63",
      "x": 31.95,
      "y": 67.03,
      "time_window": [
        450.0,
        2436.56
      ],
      "demand": [
        3,
        4,
        3
      ]
    },
    {
      "id": "C64",
      "x": 70.77,
      "y": 46.9,
      "time_window": [
        450.0,
        2416.09
      ],
      "demand": [
        4,
        2,
        4
      ]
    },
    {
      "id": "C65",
      "x": 67.44,
      "y": 36.17,
      "time_window": [
        450.0,
        2032.73
      ],
      "demand": [
        2,
        4,
        2
      ]
    },
    {
      "id": "C66",
      "x": 58.13,
      "y": 60.73,
      "time_window": [
        450.0,
        2550
      ],
      "demand": [
        2,
        2,
        4
      ]
    },
    {
      "id": "C67",
      "x": 51.07,
      "y": 52.54,
      "time_window": [
        450.0,
        1354.13
      ],
      "demand": [
        4,
        3,
        3
      ]
    },
    {
      "id": "C68",
      "x": 53.35,
      "y": 31.84,
      "time_window": [
        450.0,
        1055.09
      ],
      "demand": [
        3,
        1,
        1
      ]
    },
    {
      "id": "C69",
      "x": 83.84,
      "y": 14.9,
      "time_window": [
        450.0,
        1066.08
      ],
      "demand": [
        4,
        3,
        2
      ]
    },
    {
      "id": "C70",
      "x": 65.78,
      "y": 60.02,
      "time_window": [
        450.0,
        1252.94
      ],
      "demand": [
        4,
        2,
        3
      ]
    },
    {
      "id": "C71",
      "x": 98.11,
      "y": 12.51,
      "time_window": [
        450.0,
        2038.83
      ],
      "demand": [
        3,
        2,
        2
      ]
    },
    {
      "id": "C72",
      "x": 42.73,
      "y": 41.64,
      "time_window": [
        450.0,
        1748.89
      ],
      "demand": [
        2,
        4,
        2
      ]
    },
    {
      "id": "C73",
      "x": 75.54,
      "y": 17.37,
      "time_window": [
        450.0,
        2487.27
      ],
      "demand": [
        2,
        2,
        1
      ]
    },
    {
      "id": "C74",
      "x": 15.23,
      "y": 5.84,
      "time_window": [
        450.0,
        2016.2
      ],
      "demand": [
        2,
        2,
        1
      ]
    },
    {
      "id": "C75",
      "x": 89.81,
      "y": 78.57,
      "time_window": [
        450.0,
        2116.97
      ],
      "demand": [
        2,
        1,
        1
      ]
    },
    {
      "id": "C76",
      "x": 32.99,
      "y": 41.25,
      "time_window": [
        450.0,
        1665.54
      ],
      "demand": [
        3,
        4,
        1
      ]
    },
    {
      "id": "C77",
      "x": 96.97,
      "y": 16.21,
      "time_window": [
        450.0,
        1934.49
      ],
      "demand": [
        4,
        2,
        2
      ]
    },
    {
      "id": "C78",
      "x": 26.64,
      "y": 66.96,
      "time_window": [
        450.0,
        1137.3
      ],
      "demand": [
        1,
        4,
        3
      ]
    },
    {
      "id": "C79",
      "x": 75.12,
      "y": 78.42,
      "time_window": [
        450.0,
        1434.6
      ],
      "demand": [
        4,
        3,
        4
      ]
    },
    {
      "id": "C80",
      "x": 14.28,
      "y": 2.11,
      "time_window": [
        450.0,
        1019.14
      ],
      "demand": [
        3,
        1,
        4
      ]
    },
    {
      "id": "C81",
      "x": 18.49,
      "y": 10.32,
      "time_window": [
        450.0,
        1786.15
      ],
      "demand": [
        1,
        4,
        4
      ]
    },
    {
      "id": "C82",
      "x": 63.04,
      "y": 57.96,
      "time_window": [
        450.0,
        1532.37
      ],
      "demand": [
        2,
        1,
        4
      ]
    },
    {
      "id": "C83",
      "x": 80.43,
      "y": 98.71,
      "time_window": [
        450.0,
        1905.45
      ],
      "demand": [
        2,
        3,
        4
      ]
    },
    {
      "id": "C84",
      "x": 69.99,
      "y": 40.39,
      "time_window": [
        450.0,
        1576.68
      ],
      "demand": [
        1,
        4,
        4
      ]
    },
    {
      "id": "C85",
      "x": 76.05,
      "y": 97.89,
      "time_window": [
        450.0,
        1306.31
      ],
      "demand": [
        3,
        3,
        2
      ]
    },
    {
      "id": "C86",
      "x": 59.21,
      "y": 50.21,
      "time_window": [
        450.0,
        1557.98
      ],
      "demand": [
        4,
        2,
        3
      ]
    },
    {
      "id": "C87",
      "x": 11.09,
      "y": 86.37,
      "time_window": [
        450.0,
        1060.1
      ],
      "demand": [
        1,
        4,
        3
      ]
    },
    {
      "id": "C88",
      "x": 17.84,
      "y": 12.14,
      "time_window": [
        450.0,
        1734.13
      ],
      "demand": [
        2,
        4,
        4
      ]
    },
    {
      "id": "C89",
      "x": 43.02,
      "y": 45.83,
      "time_window": [
        450.0,
        2477.64
      ],
      "demand": [
        2,
        3,
        3
      ]
    },
    {
      "id": "C90",
      "x": 42.38,
      "y": 49.8,
      "time_window": [
        450.0,
        1073.06
      ],
      "demand": [
        3,
        2,
        2
      ]
    },
    {
      "id": "C91",
      "x": 34.68,
      "y": 72.25,
      "time_window": [
        450.0,
        1133.46
      ],
      "demand": [
        1,
        2,
        3
      ]
    },
    {
      "id": "C92",
      "x": 98.2,
      "y": 93.4,
      "time_window": [
        450.0,
        2103.29
      ],
      "demand": [
        2,
        3,
        4
      ]
    },
    {
      "id": "C93",
      "x": 84.17,
      "y": 77.6,
      "time_window": [
        450.0,
        1488.41
      ],
      "demand": [
        3,
        2,
        2
      ]
    },
    {
      "id": "C94",
      "x": 60.16,
      "y": 43.69,
      "time_window": [
        450.0,
        1387.48
      ],
      "demand": [
        3,
        3,
        4
      ]
    },
    {
      "id": "C95",
      "x": 19.92,
      "y": 97.5,
      "time_window": [
        450.0,
        1329.92
      ],
      "demand": [
        3,
        3,
        4
      ]
    },
    {
      "id": "C96",
      "x": 55.03,
      "y": 58.39,
      "time_window": [
        450.0,
        1789.62
      ],
      "demand": [
        2,
        4,
        3
      ]
    },
    {
      "id": "C97",
      "x": 44.82,
      "y": 68.79,
      "time_window": [
        450.0,
        2543.51
      ],
      "demand": [
        4,
        1,
        3
      ]
    },
    {
      "id": "C98",
      "x": 31.1,
      "y": 44.61,
      "time_window": [
        450.0,
        1967.28
      ],
      "demand": [
        4,
        3,
        4
      ]
    },
    {
      "id": "C99",
      "x": 83.49,
      "y": 96.62,
      "time_window": [
        450.0,
        1244.43
      ],
      "demand": [
        3,
        1,
        2
      ]
    },
    {
      "id": "C100",
      "x": 63.95,
      "y": 63.61,
      "time_window": [
        450.0,
        2465.72
      ],
      "demand": [
        1,
        2,
        3
      ]
    }
  ]
}