{
  "set_id": 5,
  "inst_id": 8,
  "vehicles": {
    "CT": {
      "count": 10,
      "capacity": 1500,
      "fixed_cost": 1500,
      "unit_cost_factor": 1.2
    },
    "UV": {
      "count": 20,
      "capacity": 500,
      "fixed_cost": 500,
      "unit_cost_factor": 1.1
    }
  },
  "P": 3,
  "item_weights": [
    15,
    5,
    10
  ],
  "inventory_ratio": 1.4,
  "FCs": [
    {
      "id": "FC1",
      "x": 25,
      "y": 25,
      "time_window": [
        0.0,
        3000.0
      ],
      "inventory": [
        90,
        79,
        79
      ]
    },
    {
      "id": "FC2",
      "x": 75,
      "y": 75,
      "time_window": [
        0.0,
        3000.0
      ],
      "inventory": [
        92,
        87,
        75
      ]
    }
  ],
  "DCs": [
    {
      "id": "DC1",
      "x": 25.43,
      "y": 33.83,
      "time_window": [
        300.0,
        2700.0
      ]
    },
    {
      "id": "DC2",
      "x": 76.97,
      "y": 30.8,
      "time_window": [
        300.0,
        2700.0
      ]
    },
    {
      "id": "DC3",
      "x": 66.31,
      "y": 16.02,
      "time_window": [
        300.0,
        2700.0
      ]
    },
    {
      "id": "DC4",
      "x": 20.65,
      "y": 56.52,
      "time_window": [
        300.0,
        2700.0
      ]
    }
  ],
  "CDPs": [
    {
      "id": "CDP1",
      "x": 69.01,
      "y": 27.58,
      "time_window": [
        0.0,
        3000.0
      ],
      "capacity": 152
    },
    {
      "id": "CDP2",
      "x": 19.58,
      "y": 47.05,
      "time_window": [
        0.0,
        3000.0
      ],
      "capacity": 214
    },
    {
      "id": "CDP3",
      "x": 2.29,
      "y": 69.0,
      "time_window": [
        0.0,
        3000.0
      ],
      "capacity": 257
    },
    {
      "id": "CDP4",
      "x": 51.16,
      "y": 30.98,
      "time_window": [
        0.0,
        3000.0
      ],
      "capacity": 257
    },
    {
      "id": "CDP5",
      "x": 43.01,
      "y": 3.65,
      "time_window": [
        0.0,
        3000.0
      ],
      "capacity": 290
    },
    {
      "id": "CDP6",
      "x": 11.87,
      "y": 31.54,
      "time_window": [
        0.0,
        3000.0
      ],
      "capacity": 244
    },
    {
      "id": "CDP7",
      "x": 72.45,
      "y": 14.23,
      "time_window": [
        0.0,
        3000.0
      ],
      "capacity": 170
    },
    {
      "id": "CDP8",
      "x": 86.8,
      "y": 32.41,
      "time_window": [
        0.0,
        3000.0
      ],
      "capacity": 150
    },
    {
      "id": "CDP9",
      "x": 56.65,
      "y": 50.43,
      "time_window": [
        0.0,
        3000.0
      ],
      "capacity": 261
    },
    {
      "id": "CDP10",
      "x": 80.4,
      "y": 38.35,
      "time_window": [
        0.0,
        3000.0
      ],
      "capacity": 221
    },
    {
      "id": "CDP11",
      "x": 89.53,
      "y": 72.18,
      "time_window": [
        0.0,
        3000.0
      ],
      "capacity": 173
    },
    {
      "id": "CDP12",
      "x": 6.45,
      "y": 47.73,
      "time_window": [
        0.0,
        3000.0
      ],
      "capacity": 287
    },
    {
      "id": "CDP13",
      "x": 55.12,
      "y": 48.07,
      "time_window": [
        0.0,
        3000.0
      ],
      "capacity": 277
    },
    {
      "id": "CDP14",
      "x": 94.98,
      "y": 26.25,
      "time_window": [
        0.0,
        3000.0
      ],
      "capacity": 142
    },
    {
      "id": "CDP15",
      "x": 37.36,
      "y": 29.69,
      "time_window": [
        0.0,
        3000.0
      ],
      "capacity": 263
    },
    {
      "id": "CDP16",
      "x": 46.67,
      "y": 73.8,
      "time_window": [
        0.0,
        3000.0
      ],
      "capacity": 205
    },
    {
      "id": "CDP17",
      "x": 77.17,
      "y": 45.66,
      "time_window": [
        0.0,
        3000.0
      ],
      "capacity": 225
    },
    {
      "id": "CDP18",
      "x": 95.5,
      "y": 79.97,
      "time_window": [
        0.0,
        3000.0
      ],
      "capacity": 281
    },
    {
      "id": "CDP19",
      "x": 2.37,
      "y": 39.02,
      "time_window": [
        0.0,
        3000.0
      ],
      "capacity": 187
    },
    {
      "id": "CDP20",
      "x": 48.64,
      "y": 37.56,
      "time_window": [
        0.0,
        3000.0
      ],
      "capacity": 271
    }
  ],
  "Customers": [
    {
      "id": "C1",
      "x": 47.06,
      "y": 49.47,
      "time_window": [
        450.0,
        2550
      ],
      "demand": [
        2,
        4,
        2
      ]
    },
    {
      "id": "C2",
      "x": 81.31,
      "y": 18.2,
      "time_window": [
        450.0,
        2544.61
      ],
      "demand": [
        1,
        1,
        2
      ]
    },
    {
      "id": "C3",
      "x": 41.48,
      "y": 35.22,
      "time_window": [
        450.0,
        1785.24
      ],
      "demand": [
        2,
        4,
        2
      ]
    },
    {
      "id": "C4",
      "x": 59.96,
      "y": 25.04,
      "time_window": [
        450.0,
        1330.99
      ],
      "demand": [
        1,
        3,
        1
      ]
    },
    {
      "id": "C5",
      "x": 62.99,
      "y": 49.11,
      "time_window": [
        450.0,
        2166.04
      ],
      "demand": [
        1,
        2,
        2
      ]
    },
    {
      "id": "C6",
      "x": 85.34,
      "y": 88.56,
      "time_window": [
        450.0,
        2430.56
      ],
      "demand": [
        2,
        2,
        4
      ]
    },
    {
      "id": "C7",
      "x": 16.39,
      "y": 92.11,
      "time_window": [
        450.0,
        2209.22
      ],
      "demand": [
        1,
        4,
        3
      ]
    },
    {
      "id": "C8",
      "x": 8.31,
      "y": 95.06,
      "time_window": [
        450.0,
        1345.97
      ],
      "demand": [
        2,
        1,
        1
      ]
    },
    {
      "id": "C9",
      "x": 18.95,
      "y": 82.92,
      "time_window": [
        450.0,
        1252.75
      ],
      "demand": [
        1,
        3,
        1
      ]
    },
    {
      "id": "C10",
      "x": 9.04,
      "y": 3.82,
      "time_window": [
        450.0,
        1172.75
      ],
      "demand": [
        1,
        1,
        3
      ]
    },
    {
      "id": "C11",
      "x": 25.04,
      "y": 63.89,
      "time_window": [
        450.0,
        1866.49
      ],
      "demand": [
        3,
        2,
        1
      ]
    },
    {
      "id": "C12",
      "x": 58.2,
      "y": 26.27,
      "time_window": [
        450.0,
        1623.36
      ],
      "demand": [
        3,
        2,
        4
      ]
    },
    {
      "id": "C13",
      "x": 37.08,
      "y": 26.55,
      "time_window": [
        450.0,
        1714.37
      ],
      "demand": [
        1,
        1,
        2
      ]
    },
    {
      "id": "C14",
      "x": 53.91,
      "y": 35.37,
      "time_window": [
        450.0,
        2321.1
      ],
      "demand": [
        4,
        4,
        2
      ]
    },
    {
      "id": "C15",
      "x": 51.92,
      "y": 57.15,
      "time_window": [
        450.0,
        988.98
      ],
      "demand": [
        4,
        3,
        2
      ]
    },
    {
      "id": "C16",
      "x": 90.52,
      "y": 96.86,
      "time_window": [
        450.0,
        1725.06
      ],
      "demand": [
        2,
        2,
        3
      ]
    },
    {
      "id": "C17",
      "x": 43.35,
      "y": 38.8,
      "time_window": [
        450.0,
        2119.79
      ],
      "demand": [
        4,
        4,
        2
      ]
    },
    {
      "id": "C18",
      "x": 71.66,
      "y": 44.43,
      "time_window": [
        450.0,
        1491.25
      ],
      "demand": [
        3,
        1,
        4
      ]
    },
    {
      "id": "C19",
      "x": 74.82,
      "y": 32.16,
      "time_window": [
        450.0,
        2550
      ],
      "demand": [
        4,
        4,
        3
      ]
    },
    {
      "id": "C20",
      "x": 4.02,
      "y": 17.6,
      "time_window": [
        450.0,
        1639.0
      ],
      "demand": [
        4,
        1,
        1
      ]
    },
    {
      "id": "C21",
      "x": 59.85,
      "y": 28.49,
      "time_window": [
        450.0,
        1549.67
      ],
      "demand": [
        3,
        4,
        4
      ]
    },
    {
      "id": "C22",
      "x": 88.55,
      "y": 94.99,
      "time_window": [
        450.0,
        2283.22
      ],
      "demand": [
        4,
        4,
        1
      ]
    },
    {
      "id": "C23",
      "x": 63.05,
      "y": 67.59,
      "time_window": [
        450.0,
        1484.98
      ],
      "demand": [
        3,
        4,
        2
      ]
    },
    {
      "id": "C24",
      "x": 67.18,
      "y": 70.79,
      "time_window": [
        450.0,
        2232.18
      ],
      "demand": [
        4,
        1,
        3
      ]
    },
    {
      "id": "C25",
      "x": 48.11,
      "y": 70.82,
      "time_window": [
        450.0,
        979.11
      ],
      "demand": [
        1,
        3,
        1
      ]
    },
    {
      "id": "C26",
      "x": 53.51,
      "y": 37.53,
      "time_window": [
        450.0,
        2500.95
      ],
      "demand": [
        3,
        1,
        1
      ]
    },
    {
      "id": "C27",
      "x": 34.12,
      "y": 25.47,
      "time_window": [
        450.0,
        2199.37
      ],
      "demand": [
        3,
        2,
        1
      ]
    },
    {
      "id": "C28",
      "x": 24.55,
      "y": 87.25,
      "time_window": [
        450.0,
        1690.86
      ],
      "demand": [
        4,
        2,
        4
      ]
    },
    {
      "id": "C29",
      "x": 90.67,
      "y": 14.02,
      "time_window": [
        450.0,
        1211.09
      ],
      "demand": [
        4,
        1,
        2
      ]
    },
    {
      "id": "C30",
      "x": 59.28,
      "y": 54.75,
      "time_window": [
        450.0,
        2098.17
      ],
      "demand": [
        4,
        2,
        3
      ]
    },
    {
      "id": "C31",
      "x": 82.39,
      "y": 77.39,
      "time_window": [
        450.0,
        1614.64
      ],
      "demand": [
        3,
        1,
        2
      ]
    },
    {
      "id": "C32",
      "x": 53.3,
      "y": 26.42,
      "time_window": [
        450.0,
        998.87
      ],
      "demand": [
        1,
        3,
        1
      ]
    },
    {
      "id": "C33",
      "x": 15.79,
      "y": 8.89,
      "time_window": [
        450.0,
        1731.45
      ],
      "demand": [
        3,
        2,
        3
      ]
    },
    {
      "id": "C34",
      "x": 68.01,
      "y": 51.42,
      "time_window": [
        450.0,
        1240.2
      ],
      "demand": [
        1,
        1,
        2
      ]
    },
    {
      "id": "C35",
      "x": 38.74,
      "y": 50.27,
      "time_window": [
        450.0,
        1996.64
      ],
      "demand": [
        4,
        1,
        4
      ]
    },
    {
      "id": "C36",
      "x": 48.24,
      "y": 56.51,
      "time_window": [
        450.0,
        969.31
      ],
      "demand": [
        3,
        2,
        1
      ]
    },
    {
      "id": "C37",
      "x": 31.7,
      "y": 73.46,
      "time_window": [
        450.0,
        1206.86
      ],
      "demand": [
        4,
        1,
        1
      ]
    },
    {
      "id": "C38",
      "x": 6.3,
      "y": 18.69,
      "time_window": [
        450.0,
        1036.98
      ],
      "demand": [
        1,
        1,
        4
      ]
    },
    {
      "id": "C39",
      "x": 46.57,
      "y": 69.06,
      "time_window": [
        450.0,
        1526.63
      ],
      "demand": [
        2,
        4,
        2
      ]
    },
    {
      "id": "C40",
      "x": 54.46,
      "y": 69.06,
      "time_window": [
        450.0,
        1650.25
      ],
      "demand": [
        3,
        2,
        2
      ]
    },
    {
      "id": "C41",
      "x": 77.3,
      "y": 1.85,
      "time_window": [
        450.0,
        2430.86
      ],
      "demand": [
        2,
        2,
        1
      ]
    },
    {
      "id": "C42",
      "x": 14.53,
      "y": 18.14,
      "time_window": [
        450.0,
        1318.54
      ],
      "demand": [
        3,
        1,
        1
      ]
    },
    {
      "id": "C43",
      "x": 19.08,
      "y": 98.48,
      "time_window": [
        450.0,
        1133.47
      ],
      "demand": [
        4,
        4,
        4
      ]
    },
    {
      "id": "C44",
      "x": 46.74,
      "y": 65.77,
      "time_window": [
        450.0,
        1223.1
      ],
      "demand": [
        3,
        2,
        4
      ]
    },
    {
      "id": "C45",
      "x": 36.39,
      "y": 74.25,
      "time_window": [
        450.0,
        1581.42
      ],
      "demand": [
        2,
        2,
        2
      ]
    },
    {
      "id": "C46",
      "x": 41.99,
      "y": 65.93,
      "time_window": [
        450.0,
        1579.68
      ],
      "demand": [
        4,
        3,
        1
      ]
    },
    {
      "id": "C47",
      "x": 9.23,
      "y": 76.95,
      "time_window": [
        450.0,
        954.15
      ],
      "demand": [
        2,
        4,
        3
      ]
    },
    {
      "id": "C48",
      "x": 13.31,
      "y": 75.38,
      "time_window": [
        450.0,
        1921.07
      ],
      "demand": [
        2,
        4,
        1
      ]
    },
    {
      "id": "C49",
      "x": 38.38,
      "y": 55.42,
      "time_window": [
        450.0,
        1441.49
      ],
      "demand": [
        1,
        4,
        2
      ]
    },
    {
      "id": "C50",
      "x": 87.39,
      "y": 6.44,
      "time_window": [
        450.0,
        1936.65
      ],
      "demand": [
        3,
        1,
        2
      ]
    }
  ]
}