{
  "set_id": 4,
  "inst_id": 6,
  "vehicles": {
    "CT": {
      "count": 8,
      "capacity": 1500,
      "fixed_cost": 1500,
      "unit_cost_factor": 1.2
    },
    "UV": {
      "count": 16,
      "capacity": 500,
      "fixed_cost": 500,
      "unit_cost_factor": 1.1
    }
  },
  "P": 3,
  "item_weights": [
    10,
    15,
    10
  ],
  "inventory_ratio": 1.4,
  "FCs": [
    {
      "id": "FC1",
      "x": 25,
      "y": 25,
      "time_window": [
        0.0,
        3000.0
      ],
      "inventory": [
        69,
        71,
        70
      ]
    },
    {
      "id": "FC2",
      "x": 75,
      "y": 75,
      "time_window": [
        0.0,
        3000.0
      ],
      "inventory": [
        71,
        55,
        51
      ]
    }
  ],
  "DCs": [
    {
      "id": "DC1",
      "x": 56.42,
      "y": 27.07,
      "time_window": [
        300.0,
        2700.0
      ]
    },
    {
      "id": "DC2",
      "x": 52.67,
      "y": 21.76,
      "time_window": [
        300.0,
        2700.0
      ]
    },
    {
      "id": "DC3",
      "x": 1.58,
      "y": 36.82,
      "time_window": [
        300.0,
        2700.0
      ]
    },
    {
      "id": "DC4",
      "x": 13.44,
      "y": 17.3,
      "time_window": [
        300.0,
        2700.0
      ]
    }
  ],
  "CDPs": [
    {
      "id": "CDP1",
      "x": 93.25,
      "y": 99.6,
      "time_window": [
        0.0,
        3000.0
      ],
      "capacity": 240
    },
    {
      "id": "CDP2",
      "x": 47.43,
      "y": 74.1,
      "time_window": [
        0.0,
        3000.0
      ],
      "capacity": 106
    },
    {
      "id": "CDP3",
      "x": 90.97,
      "y": 2.88,
      "time_window": [
        0.0,
        3000.0
      ],
      "capacity": 284
    },
    {
      "id": "CDP4",
      "x": 86.82,
      "y": 65.08,
      "time_window": [
        0.0,
        3000.0
      ],
      "capacity": 149
    },
    {
      "id": "CDP5",
      "x": 52.66,
      "y": 41.6,
      "time_window": [
        0.0,
        3000.0
      ],
      "capacity": 118
    },
    {
      "id": "CDP6",
      "x": 17.5,
      "y": 42.5,
      "time_window": [
        0.0,
        3000.0
      ],
      "capacity": 228
    },
    {
      "id": "CDP7",
      "x": 26.82,
      "y": 88.34,
      "time_window": [
        0.0,
        3000.0
      ],
      "capacity": 100
    },
    {
      "id": "CDP8",
      "x": 4.04,
      "y": 7.78,
      "time_window": [
        0.0,
        3000.0
      ],
      "capacity": 221
    },
    {
      "id": "CDP9",
      "x": 8.05,
      "y": 38.11,
      "time_window": [
        0.0,
        3000.0
      ],
      "capacity": 105
    },
    {
      "id": "CDP10",
      "x": 40.76,
      "y": 86.44,
      "time_window": [
        0.0,
        3000.0
      ],
      "capacity": 104
    },
    {
      "id": "CDP11",
      "x": 16.36,
      "y": 76.92,
      "time_window": [
        0.0,
        3000.0
      ],
      "capacity": 220
    },
    {
      "id": "CDP12",
      "x": 90.92,
      "y": 28.52,
      "time_window": [
        0.0,
        3000.0
      ],
      "capacity": 137
    },
    {
      "id": "CDP13",
      "x": 93.38,
      "y": 43.92,
      "time_window": [
        0.0,
        3000.0
      ],
      "capacity": 126
    },
    {
      "id": "CDP14",
      "x": 2.12,
      "y": 47.09,
      "time_window": [
        0.0,
        3000.0
      ],
      "capacity": 181
    },
    {
      "id": "CDP15",
      "x": 46.01,
      "y": 14.65,
      "time_window": [
        0.0,
        3000.0
      ],
      "capacity": 173
    },
    {
      "id": "CDP16",
      "x": 55.04,
      "y": 85.7,
      "time_window": [
        0.0,
        3000.0
      ],
      "capacity": 254
    }
  ],
  "Customers": [
    {
      "id": "C1",
      "x": 25.03,
      "y": 73.41,
      "time_window": [
        450.0,
        1142.07
      ],
      "demand": [
        3,
        2,
        3
      ]
    },
    {
      "id": "C2",
      "x": 34.85,
      "y": 66.14,
      "time_window": [
        450.0,
        1543.76
      ],
      "demand": [
        4,
        4,
        2
      ]
    },
    {
      "id": "C3",
      "x": 27.08,
      "y": 60.81,
      "time_window": [
        450.0,
        2544.74
      ],
      "demand": [
        1,
        1,
        4
      ]
    },
    {
      "id": "C4",
      "x": 87.18,
      "y": 98.23,
      "time_window": [
        450.0,
        1021.72
      ],
      "demand": [
        4,
        3,
        1
      ]
    },
    {
      "id": "C5",
      "x": 39.55,
      "y": 52.37,
      "time_window": [
        450.0,
        2065.05
      ],
      "demand": [
        3,
        2,
        2
      ]
    },
    {
      "id": "C6",
      "x": 49.67,
      "y": 56.49,
      "time_window": [
        450.0,
        1770.77
      ],
      "demand": [
        1,
        1,
        1
      ]
    },
    {
      "id": "C7",
      "x": 29.42,
      "y": 74.41,
      "time_window": [
        450.0,
        2542.16
      ],
      "demand": [
        4,
        4,
        4
      ]
    },
    {
      "id": "C8",
      "x": 36.64,
      "y": 52.01,
      "time_window": [
        450.0,
        1755.39
      ],
      "demand": [
        2,
        3,
        1
      ]
    },
    {
      "id": "C9",
      "x": 54.97,
      "y": 31.68,
      "time_window": [
        450.0,
        1444.34
      ],
      "demand": [
        4,
        1,
        1
      ]
    },
    {
      "id": "C10",
      "x": 99.75,
      "y": 16.38,
      "time_window": [
        450.0,
        1562.2
      ],
      "demand": [
        2,
        1,
        4
      ]
    },
    {
      "id": "C11",
      "x": 8.19,
      "y": 93.97,
      "time_window": [
        450.0,
        2313.61
      ],
      "demand": [
        2,
        3,
        4
      ]
    },
    {
      "id": "C12",
      "x": 52.18,
      "y": 33.68,
      "time_window": [
        450.0,
        1986.9
      ],
      "demand": [
        2,
        4,
        4
      ]
    },
    {
      "id": "C13",
      "x": 75.95,
      "y": 84.91,
      "time_window": [
        450.0,
        1743.03
      ],
      "demand": [
        3,
        4,
        2
      ]
    },
    {
      "id": "C14",
      "x": 20.18,
      "y": 83.49,
      "time_window": [
        450.0,
        2101.69
      ],
      "demand": [
        3,
        4,
        1
      ]
    },
    {
      "id": "C15",
      "x": 37.63,
      "y": 74.91,
      "time_window": [
        450.0,
        1255.7
      ],
      "demand": [
        4,
        2,
        3
      ]
    },
    {
      "id": "C16",
      "x": 39.05,
      "y": 54.4,
      "time_window": [
        450.0,
        1973.23
      ],
      "demand": [
        1,
        1,
        1
      ]
    },
    {
      "id": "C17",
      "x": 67.95,
      "y": 41.26,
      "time_window": [
        450.0,
        1788.66
      ],
      "demand": [
        4,
        4,
        4
      ]
    },
    {
      "id": "C18",
      "x": 61.41,
      "y": 37.25,
      "time_window": [
        450.0,
        2285.38
      ],
      "demand": [
        1,
        4,
        2
      ]
    },
    {
      "id": "C19",
      "x": 14.44,
      "y": 6.28,
      "time_window": [
        450.0,
        1616.78
      ],
      "demand": [
        4,
        1,
        3
      ]
    },
    {
      "id": "C20",
      "x": 58.66,
      "y": 52.98,
      "time_window": [
        450.0,
        990.51
      ],
      "demand": [
        3,
        4,
        1
      ]
    },
    {
      "id": "C21",
      "x": 16.3,
      "y": 18.92,
      "time_window": [
        450.0,
        1485.89
      ],
      "demand": [
        4,
        3,
        3
      ]
    },
    {
      "id": "C22",
      "x": 17.8,
      "y": 76.08,
      "time_window": [
        450.0,
        1463.74
      ],
      "demand": [
        1,
        3,
        2
      ]
    },
    {
      "id": "C23",
      "x": 39.23,
      "y": 47.75,
      "time_window": [
        450.0,
        1946.76
      ],
      "demand": [
        4,
        2,
        2
      ]
    },
    {
      "id": "C24",
      "x": 89.46,
      "y": 98.11,
      "time_window": [
        450.0,
        2408.11
      ],
      "demand": [
        3,
        3,
        2
      ]
    },
    {
      "id": "C25",
      "x": 1.61,
      "y": 18.03,
      "time_window": [
        450.0,
        1564.66
      ],
      "demand": [
        3,
        4,
        2
      ]
    },
    {
      "id": "C26",
      "x": 5.15,
      "y": 92.23,
      "time_window": [
        450.0,
        1355.63
      ],
      "demand": [
        2,
        2,
        1
      ]
    },
    {
      "id": "C27",
      "x": 73.91,
      "y": 34.73,
      "time_window": [
        450.0,
        2150.16
      ],
      "demand": [
        1,
        1,
        4
      ]
    },
    {
      "id": "C28",
      "x": 49.7,
      "y": 31.25,
      "time_window": [
        450.0,
        1540.94
      ],
      "demand": [
        4,
        2,
        2
      ]
    },
    {
      "id": "C29",
      "x": 69.81,
      "y": 38.17,
      "time_window": [
        450.0,
        2545.36
      ],
      "demand": [
        4,
        1,
        4
      ]
    },
    {
      "id": "C30",
      "x": 21.19,
      "y": 10.2,
      "time_window": [
        450.0,
        2382.71
      ],
      "demand": [
        4,
        3,
        1
      ]
    },
    {
      "id": "C31",
      "x": 40.61,
      "y": 59.1,
      "time_window": [
        450.0,
        2311.69
      ],
      "demand": [
        2,
        4,
        3
      ]
    },
    {
      "id": "C32",
      "x": 81.57,
      "y": 98.26,
      "time_window": [
        450.0,
        2178.8
      ],
      "demand": [
        1,
        2,
        4
      ]
    },
    {
      "id": "C33",
      "x": 55.85,
      "y": 61.54,
      "time_window": [
        450.0,
        2330.03
      ],
      "demand": [
        3,
        1,
        2
      ]
    },
    {
      "id": "C34",
      "x": 17.0,
      "y": 91.62,
      "time_window": [
        450.0,
        1415.71
      ],
      "demand": [
        3,
        4,
        2
      ]
    },
    {
      "id": "C35",
      "x": 59.99,
      "y": 72.27,
      "time_window": [
        450.0,
        2233.5
      ],
      "demand": [
        4,
        1,
        2
      ]
    },
    {
      "id": "C36",
      "x": 71.27,
      "y": 28.58,
      "time_window": [
        450.0,
        2501.42
      ],
      "demand": [
        2,
        1,
        2
      ]
    }
  ]
}