{
  "set_id": 2,
  "inst_id": 7,
  "vehicles": {
    "CT": {
      "count": 6,
      "capacity": 1500,
      "fixed_cost": 1500,
      "unit_cost_factor": 1.2
    },
    "UV": {
      "count": 8,
      "capacity": 500,
      "fixed_cost": 500,
      "unit_cost_factor": 1.1
    }
  },
  "P": 3,
  "item_weights": [
    10,
    15,
    10
  ],
  "inventory_ratio": 1.2,
  "FCs": [
    {
      "id": "FC1",
      "x": 25,
      "y": 25,
      "time_window": [
        0.0,
        3000.0
      ],
      "inventory": [
        28,
        30,
        31
      ]
    },
    {
      "id": "FC2",
      "x": 75,
      "y": 75,
      "time_window": [
        0.0,
        3000.0
      ],
      "inventory": [
        35,
        39,
        28
      ]
    }
  ],
  "DCs": [
    {
      "id": "DC1",
      "x": 64.36,
      "y": 83.46,
      "time_window": [
        300.0,
        2700.0
      ]
    },
    {
      "id": "DC2",
      "x": 27.01,
      "y": 47.75,
      "time_window": [
        300.0,
        2700.0
      ]
    },
    {
      "id": "DC3",
      "x": 61.45,
      "y": 63.11,
      "time_window": [
        300.0,
        2700.0
      ]
    },
    {
      "id": "DC4",
      "x": 76.07,
      "y": 9.87,
      "time_window": [
        300.0,
        2700.0
      ]
    }
  ],
  "CDPs": [
    {
      "id": "CDP1",
      "x": 19.57,
      "y": 32.01,
      "time_window": [
        0.0,
        3000.0
      ],
      "capacity": 198
    },
    {
      "id": "CDP2",
      "x": 8.16,
      "y": 43.84,
      "time_window": [
        0.0,
        3000.0
      ],
      "capacity": 251
    },
    {
      "id": "CDP3",
      "x": 40.96,
      "y": 22.23,
      "time_window": [
        0.0,
        3000.0
      ],
      "capacity": 298
    },
    {
      "id": "CDP4",
      "x": 41.93,
      "y": 64.47,
      "time_window": [
        0.0,
        3000.0
      ],
      "capacity": 229
    },
    {
      "id": "CDP5",
      "x": 89.65,
      "y": 30.05,
      "time_window": [
        0.0,
        3000.0
      ],
      "capacity": 181
    },
    {
      "id": "CDP6",
      "x": 61.51,
      "y": 20.38,
      "time_window": [
        0.0,
        3000.0
      ],
      "capacity": 152
    },
    {
      "id": "CDP7",
      "x": 39.93,
      "y": 93.21,
      "time_window": [
        0.0,
        3000.0
      ],
      "capacity": 125
    },
    {
      "id": "CDP8",
      "x": 50.54,
      "y": 50.64,
      "time_window": [
        0.0,
        3000.0
      ],
      "capacity": 240
    },
    {
      "id": "CDP9",
      "x": 39.94,
      "y": 52.66,
      "time_window": [
        0.0,
        3000.0
      ],
      "capacity": 116
    },
    {
      "id": "CDP10",
      "x": 31.28,
      "y": 47.07,
      "time_window": [
        0.0,
        3000.0
      ],
      "capacity": 286
    },
    {
      "id": "CDP11",
      "x": 81.26,
      "y": 47.13,
      "time_window": [
        0.0,
        3000.0
      ],
      "capacity": 298
    },
    {
      "id": "CDP12",
      "x": 79.16,
      "y": 52.94,
      "time_window": [
        0.0,
        3000.0
      ],
      "capacity": 192
    }
  ],
  "Customers": [
    {
      "id": "C1",
      "x": 34.21,
      "y": 59.67,
      "time_window": [
        450.0,
        1905.57
      ],
      "demand": [
        2,
        3,
        3
      ]
    },
    {
      "id": "C2",
      "x": 80.29,
      "y": 2.27,
      "time_window": [
        450.0,
        2267.31
      ],
      "demand": [
        4,
        4,
        4
      ]
    },
    {
      "id": "C3",
      "x": 31.76,
      "y": 61.88,
      "time_window": [
        450.0,
        1602.39
      ],
      "demand": [
        2,
        2,
        2
      ]
    },
    {
      "id": "C4",
      "x": 18.02,
      "y": 21.91,
      "time_window": [
        450.0,
        2550
      ],
      "demand": [
        2,
        1,
        3
      ]
    },
    {
      "id": "C5",
      "x": 37.29,
      "y": 72.6,
      "time_window": [
        450.0,
        1068.23
      ],
      "demand": [
        2,
        4,
        3
      ]
    },
    {
      "id": "C6",
      "x": 22.57,
      "y": 21.41,
      "time_window": [
        450.0,
        1023.49
      ],
      "demand": [
        4,
        4,
        1
      ]
    },
    {
      "id": "C7",
      "x": 25.3,
      "y": 45.96,
      "time_window": [
        450.0,
        2309.38
      ],
      "demand": [
        2,
        2,
        4
      ]
    },
    {
      "id": "C8",
      "x": 84.05,
      "y": 94.43,
      "time_window": [
        450.0,
        2245.79
      ],
      "demand": [
        2,
        4,
        1
      ]
    },
    {
      "id": "C9",
      "x": 89.56,
      "y": 75.23,
      "time_window": [
        450.0,
        1525.35
      ],
      "demand": [
        2,
        1,
        1
      ]
    },
    {
      "id": "C10",
      "x": 40.21,
      "y": 51.09,
      "time_window": [
        450.0,
        1998.62
      ],
      "demand": [
        4,
        4,
        4
      ]
    },
    {
      "id": "C11",
      "x": 35.1,
      "y": 38.3,
      "time_window": [
        450.0,
        1261.68
      ],
      "demand": [
        4,
        4,
        4
      ]
    },
    {
      "id": "C12",
      "x": 27.1,
      "y": 40.03,
      "time_window": [
        450.0,
        2491.72
      ],
      "demand": [
        4,
        3,
        2
      ]
    },
    {
      "id": "C13",
      "x": 27.73,
      "y": 73.09,
      "time_window": [
        450.0,
        1641.12
      ],
      "demand": [
        1,
        1,
        2
      ]
    },
    {
      "id": "C14",
      "x": 19.42,
      "y": 93.79,
      "time_window": [
        450.0,
        1459.44
      ],
      "demand": [
        2,
        1,
        1
      ]
    },
    {
      "id": "C15",
      "x": 32.88,
      "y": 32.02,
      "time_window": [
        450.0,
        1039.44
      ],
      "demand": [
        2,
        2,
        1
      ]
    },
    {
      "id": "C16",
      "x": 37.44,
      "y": 53.78,
      "time_window": [
        450.0,
        2433.83
      ],
      "demand": [
        4,
        3,
        3
      ]
    },
    {
      "id": "C17",
      "x": 36.6,
      "y": 54.45,
      "time_window": [
        450.0,
        1329.76
      ],
      "demand": [
        4,
        3,
        4
      ]
    },
    {
      "id": "C18",
      "x": 1.47,
      "y": 10.59,
      "time_window": [
        450.0,
        1322.95
      ],
      "demand": [
        3,
        4,
        3
      ]
    },
    {
      "id": "C19",
      "x": 55.36,
      "y": 73.31,
      "time_window": [
        450.0,
        2338.31
      ],
      "demand": [
        1,
        4,
        1
      ]
    },
    {
      "id": "C20",
      "x": 79.15,
      "y": 92.79,
      "time_window": [
        450.0,
        2276.75
      ],
      "demand": [
        1,
        3,
        2
      ]
    }
  ]
}