{
  "set_id": 7,
  "inst_id": 10,
  "vehicles": {
    "CT": {
      "count": 16,
      "capacity": 1500,
      "fixed_cost": 1500,
      "unit_cost_factor": 1.2
    },
    "UV": {
      "count": 32,
      "capacity": 500,
      "fixed_cost": 500,
      "unit_cost_factor": 1.1
    }
  },
  "P": 3,
  "item_weights": [
    5,
    15,
    5
  ],
  "inventory_ratio": 1.4,
  "FCs": [
    {
      "id": "FC1",
      "x": 25,
      "y": 25,
      "time_window": [
        0.0,
        3000.0
      ],
      "inventory": [
        63,
        73,
        65
      ]
    },
    {
      "id": "FC2",
      "x": 25,
      "y": 75,
      "time_window": [
        0.0,
        3000.0
      ],
      "inventory": [
        58,
        68,
        70
      ]
    },
    {
      "id": "FC3",
      "x": 75,
      "y": 25,
      "time_window": [
        0.0,
        3000.0
      ],
      "inventory": [
        72,
        70,
        85
      ]
    },
    {
      "id": "FC4",
      "x": 75,
      "y": 75,
      "time_window": [
        0.0,
        3000.0
      ],
      "inventory": [
        72,
        65,
        79
      ]
    }
  ],
  "DCs": [
    {
      "id": "DC1",
      "x": 31.25,
      "y": 6.55,
      "time_window": [
        300.0,
        2700.0
      ]
    },
    {
      "id": "DC2",
      "x": 7.37,
      "y": 50.25,
      "time_window": [
        300.0,
        2700.0
      ]
    },
    {
      "id": "DC3",
      "x": 80.69,
      "y": 25.73,
      "time_window": [
        300.0,
        2700.0
      ]
    },
    {
      "id": "DC4",
      "x": 9.2,
      "y": 64.2,
      "time_window": [
        300.0,
        2700.0
      ]
    },
    {
      "id": "DC5",
      "x": 41.12,
      "y": 30.24,
      "time_window": [
        300.0,
        2700.0
      ]
    },
    {
      "id": "DC6",
      "x": 39.12,
      "y": 54.69,
      "time_window": [
        300.0,
        2700.0
      ]
    },
    {
      "id": "DC7",
      "x": 49.06,
      "y": 47.63,
      "time_window": [
        300.0,
        2700.0
      ]
    },
    {
      "id": "DC8",
      "x": 91.45,
      "y": 54.98,
      "time_window": [
        300.0,
        2700.0
      ]
    }
  ],
  "CDPs": [
    {
      "id": "CDP1",
      "x": 50.19,
      "y": 4.07,
      "time_window": [
        0.0,
        3000.0
      ],
      "capacity": 274
    },
    {
      "id": "CDP2",
      "x": 0.18,
      "y": 1.06,
      "time_window": [
        0.0,
        3000.0
      ],
      "capacity": 269
    },
    {
      "id": "CDP3",
      "x": 59.29,
      "y": 58.99,
      "time_window": [
        0.0,
        3000.0
      ],
      "capacity": 144
    },
    {
      "id": "CDP4",
      "x": 14.23,
      "y": 16.83,
      "time_window": [
        0.0,
        3000.0
      ],
      "capacity": 241
    },
    {
      "id": "CDP5",
      "x": 0.56,
      "y": 37.01,
      "time_window": [
        0.0,
        3000.0
      ],
      "capacity": 210
    },
    {
      "id": "CDP6",
      "x": 3.17,
      "y": 42.54,
      "time_window": [
        0.0,
        3000.0
      ],
      "capacity": 196
    },
    {
      "id": "CDP7",
      "x": 99.57,
      "y": 76.66,
      "time_window": [
        0.0,
        3000.0
      ],
      "capacity": 110
    },
    {
      "id": "CDP8",
      "x": 76.45,
      "y": 79.02,
      "time_window": [
        0.0,
        3000.0
      ],
      "capacity": 282
    },
    {
      "id": "CDP9",
      "x": 21.18,
      "y": 24.38,
      "time_window": [
        0.0,
        3000.0
      ],
      "capacity": 290
    },
    {
      "id": "CDP10",
      "x": 97.94,
      "y": 2.33,
      "time_window": [
        0.0,
        3000.0
      ],
      "capacity": 270
    },
    {
      "id": "CDP11",
      "x": 36.16,
      "y": 58.86,
      "time_window": [
        0.0,
        3000.0
      ],
      "capacity": 190
    },
    {
      "id": "CDP12",
      "x": 68.85,
      "y": 58.25,
      "time_window": [
        0.0,
        3000.0
      ],
      "capacity": 129
    },
    {
      "id": "CDP13",
      "x": 71.98,
      "y": 68.04,
      "time_window": [
        0.0,
        3000.0
      ],
      "capacity": 182
    },
    {
      "id": "CDP14",
      "x": 74.93,
      "y": 10.43,
      "time_window": [
        0.0,
        3000.0
      ],
      "capacity": 146
    },
    {
      "id": "CDP15",
      "x": 4.91,
      "y": 29.78,
      "time_window": [
        0.0,
        3000.0
      ],
      "capacity": 256
    },
    {
      "id": "CDP16",
      "x": 17.12,
      "y": 96.79,
      "time_window": [
        0.0,
        3000.0
      ],
      "capacity": 104
    },
    {
      "id": "CDP17",
      "x": 33.04,
      "y": 91.25,
      "time_window": [
        0.0,
        3000.0
      ],
      "capacity": 122
    },
    {
      "id": "CDP18",
      "x": 65.68,
      "y": 11.46,
      "time_window": [
        0.0,
        3000.0
      ],
      "capacity": 178
    },
    {
      "id": "CDP19",
      "x": 89.79,
      "y": 81.86,
      "time_window": [
        0.0,
        3000.0
      ],
      "capacity": 185
    },
    {
      "id": "CDP20",
      "x": 58.25,
      "y": 31.12,
      "time_window": [
        0.0,
        3000.0
      ],
      "capacity": 263
    },
    {
      "id": "CDP21",
      "x": 73.63,
      "y": 46.4,
      "time_window": [
        0.0,
        3000.0
      ],
      "capacity": 256
    },
    {
      "id": "CDP22",
      "x": 63.45,
      "y": 38.38,
      "time_window": [
        0.0,
        3000.0
      ],
      "capacity": 257
    },
    {
      "id": "CDP23",
      "x": 1.32,
      "y": 93.16,
      "time_window": [
        0.0,
        3000.0
      ],
      "capacity": 102
    },
    {
      "id": "CDP24",
      "x": 42.38,
      "y": 14.25,
      "time_window": [
        0.0,
        3000.0
      ],
      "capacity": 167
    },
    {
      "id": "CDP25",
      "x": 68.95,
      "y": 35.76,
      "time_window": [
        0.0,
        3000.0
      ],
      "capacity": 121
    },
    {
      "id": "CDP26",
      "x": 57.28,
      "y": 79.76,
      "time_window": [
        0.0,
        3000.0
      ],
      "capacity": 105
    },
    {
      "id": "CDP27",
      "x": 46.85,
      "y": 96.78,
      "time_window": [
        0.0,
        3000.0
      ],
      "capacity": 241
    },
    {
      "id": "CDP28",
      "x": 29.42,
      "y": 83.36,
      "time_window": [
        0.0,
        3000.0
      ],
      "capacity": 107
    },
    {
      "id": "CDP29",
      "x": 77.42,
      "y": 43.17,
      "time_window": [
        0.0,
        3000.0
      ],
      "capacity": 207
    },
    {
      "id": "CDP30",
      "x": 31.35,
      "y": 2.51,
      "time_window": [
        0.0,
        3000.0
      ],
      "capacity": 270
    },
    {
      "id": "CDP31",
      "x": 17.58,
      "y": 69.26,
      "time_window": [
        0.0,
        3000.0
      ],
      "capacity": 267
    },
    {
      "id": "CDP32",
      "x": 79.78,
      "y": 68.64,
      "time_window": [
        0.0,
        3000.0
      ],
      "capacity": 200
    },
    {
      "id": "CDP33",
      "x": 78.78,
      "y": 73.99,
      "time_window": [
        0.0,
        3000.0
      ],
      "capacity": 242
    },
    {
      "id": "CDP34",
      "x": 96.84,
      "y": 45.97,
      "time_window": [
        0.0,
        3000.0
      ],
      "capacity": 103
    },
    {
      "id": "CDP35",
      "x": 45.55,
      "y": 35.99,
      "time_window": [
        0.0,
        3000.0
      ],
      "capacity": 194
    },
    {
      "id": "CDP36",
      "x": 65.81,
      "y": 81.26,
      "time_window": [
        0.0,
        3000.0
      ],
      "capacity": 278
    },
    {
      "id": "CDP37",
      "x": 75.37,
      "y": 35.5,
      "time_window": [
        0.0,
        3000.0
      ],
      "capacity": 125
    },
    {
      "id": "CDP38",
      "x": 77.09,
      "y": 62.42,
      "time_window": [
        0.0,
        3000.0
      ],
      "capacity": 146
    },
    {
      "id": "CDP39",
      "x": 71.96,
      "y": 33.66,
      "time_window": [
        0.0,
        3000.0
      ],
      "capacity": 204
    },
    {
      "id": "CDP40",
      "x": 65.82,
      "y": 82.82,
      "time_window": [
        0.0,
        3000.0
      ],
      "capacity": 107
    }
  ],
  "Customers": [
    {
      "id": "C1",
      "x": 70.93,
      "y": 47.06,
      "time_window": [
        450.0,
        1834.47
      ],
      "demand": [
        4,
        4,
        3
      ]
    },
    {
      "id": "C2",
      "x": 98.57,
      "y": 78.64,
      "time_window": [
        450.0,
        2146.29
      ],
      "demand": [
        1,
        2,
        1
      ]
    },
    {
      "id": "C3",
      "x": 93.23,
      "y": 3.84,
      "time_window": [
        450.0,
        1897.95
      ],
      "demand": [
        1,
        4,
        3
      ]
    },
    {
      "id": "C4",
      "x": 87.52,
      "y": 96.11,
      "time_window": [
        450.0,
        1519.08
      ],
      "demand": [
        1,
        3,
        4
      ]
    },
    {
      "id": "C5",
      "x": 27.73,
      "y": 36.19,
      "time_window": [
        450.0,
        1842.21
      ],
      "demand": [
        1,
        4,
        3
      ]
    },
    {
      "id": "C6",
      "x": 37.52,
      "y": 74.84,
      "time_window": [
        450.0,
        2074.46
      ],
      "demand": [
        2,
        3,
        1
      ]
    },
    {
      "id": "C7",
      "x": 6.98,
      "y": 3.68,
      "time_window": [
        450.0,
        1657.58
      ],
      "demand": [
        2,
        3,
        2
      ]
    },
    {
      "id": "C8",
      "x": 48.22,
      "y": 25.48,
      "time_window": [
        450.0,
        1623.3
      ],
      "demand": [
        1,
        3,
        4
      ]
    },
    {
      "id": "C9",
      "x": 16.19,
      "y": 24.92,
      "time_window": [
        450.0,
        2127.41
      ],
      "demand": [
        3,
        1,
        4
      ]
    },
    {
      "id": "C10",
      "x": 54.79,
      "y": 73.86,
      "time_window": [
        450.0,
        994.96
      ],
      "demand": [
        4,
        1,
        1
      ]
    },
    {
      "id": "C11",
      "x": 66.41,
      "y": 39.97,
      "time_window": [
        450.0,
        1431.61
      ],
      "demand": [
        1,
        3,
        4
      ]
    },
    {
      "id": "C12",
      "x": 21.2,
      "y": 92.02,
      "time_window": [
        450.0,
        1746.89
      ],
      "demand": [
        4,
        1,
        4
      ]
    },
    {
      "id": "C13",
      "x": 21.01,
      "y": 98.42,
      "time_window": [
        450.0,
        2028.1
      ],
      "demand": [
        2,
        4,
        3
      ]
    },
    {
      "id": "C14",
      "x": 65.19,
      "y": 42.68,
      "time_window": [
        450.0,
        1817.67
      ],
      "demand": [
        4,
        4,
        4
      ]
    },
    {
      "id": "C15",
      "x": 10.74,
      "y": 84.07,
      "time_window": [
        450.0,
        1233.87
      ],
      "demand": [
        1,
        1,
        3
      ]
    },
    {
      "id": "C16",
      "x": 57.62,
      "y": 32.78,
      "time_window": [
        450.0,
        2333.18
      ],
      "demand": [
        4,
        2,
        3
      ]
    },
    {
      "id": "C17",
      "x": 35.22,
      "y": 62.0,
      "time_window": [
        450.0,
        2550
      ],
      "demand": [
        1,
        1,
        4
      ]
    },
    {
      "id": "C18",
      "x": 57.51,
      "y": 33.8,
      "time_window": [
        450.0,
        2133.69
      ],
      "demand": [
        2,
        2,
        2
      ]
    },
    {
      "id": "C19",
      "x": 3.69,
      "y": 12.88,
      "time_window": [
        450.0,
        1228.17
      ],
      "demand": [
        4,
        4,
        4
      ]
    },
    {
      "id": "C20",
      "x": 28.77,
      "y": 27.83,
      "time_window": [
        450.0,
        2281.4
      ],
      "demand": [
        4,
        3,
        2
      ]
    },
    {
      "id": "C21",
      "x": 39.13,
      "y": 50.72,
      "time_window": [
        450.0,
        1833.99
      ],
      "demand": [
        1,
        2,
        3
      ]
    },
    {
      "id": "C22",
      "x": 25.09,
      "y": 73.83,
      "time_window": [
        450.0,
        2353.17
      ],
      "demand": [
        3,
        2,
        1
      ]
    },
    {
      "id": "C23",
      "x": 92.27,
      "y": 15.89,
      "time_window": [
        450.0,
        2372.13
      ],
      "demand": [
        4,
        4,
        4
      ]
    },
    {
      "id": "C24",
      "x": 7.59,
      "y": 18.12,
      "time_window": [
        450.0,
        962.23
      ],
      "demand": [
        2,
        1,
        4
      ]
    },
    {
      "id": "C25",
      "x": 65.32,
      "y": 54.46,
      "time_window": [
        450.0,
        2111.83
      ],
      "demand": [
        4,
        1,
        2
      ]
    },
    {
      "id": "C26",
      "x": 74.59,
      "y": 68.21,
      "time_window": [
        450.0,
        2492.36
      ],
      "demand": [
        3,
        1,
        4
      ]
    },
    {
      "id": "C27",
      "x": 65.88,
      "y": 37.21,
      "time_window": [
        450.0,
        1183.76
      ],
      "demand": [
        4,
        2,
        4
      ]
    },
    {
      "id": "C28",
      "x": 83.35,
      "y": 12.66,
      "time_window": [
        450.0,
        2018.54
      ],
      "demand": [
        1,
        1,
        1
      ]
    },
    {
      "id": "C29",
      "x": 19.13,
      "y": 5.57,
      "time_window": [
        450.0,
        1963.57
      ],
      "demand": [
        1,
        3,
        4
      ]
    },
    {
      "id": "C30",
      "x": 43.79,
      "y": 46.66,
      "time_window": [
        450.0,
        2262.12
      ],
      "demand": [
        1,
        1,
        2
      ]
    },
    {
      "id": "C31",
      "x": 50.02,
      "y": 47.96,
      "time_window": [
        450.0,
        1184.27
      ],
      "demand": [
        3,
        3,
        3
      ]
    },
    {
      "id": "C32",
      "x": 44.99,
      "y": 44.84,
      "time_window": [
        450.0,
        2284.41
      ],
      "demand": [
        1,
        4,
        4
      ]
    },
    {
      "id": "C33",
      "x": 38.25,
      "y": 51.05,
      "time_window": [
        450.0,
        1327.49
      ],
      "demand": [
        1,
        4,
        2
      ]
    },
    {
      "id": "C34",
      "x": 38.04,
      "y": 68.92,
      "time_window": [
        450.0,
        1880.13
      ],
      "demand": [
        1,
        1,
        4
      ]
    },
    {
      "id": "C35",
      "x": 5.56,
      "y": 97.29,
      "time_window": [
        450.0,
        1806.84
      ],
      "demand": [
        4,
        3,
        2
      ]
    },
    {
      "id": "C36",
      "x": 76.0,
      "y": 14.5,
      "time_window": [
        450.0,
        2229.36
      ],
      "demand": [
        2,
        2,
        2
      ]
    },
    {
      "id": "C37",
      "x": 70.44,
      "y": 66.93,
      "time_window": [
        450.0,
        2168.34
      ],
      "demand": [
        2,
        3,
        1
      ]
    },
    {
      "id": "C38",
      "x": 71.32,
      "y": 39.95,
      "time_window": [
        450.0,
        2454.17
      ],
      "demand": [
        2,
        1,
        4
      ]
    },
    {
      "id": "C39",
      "x": 97.6,
      "y": 8.59,
      "time_window": [
        450.0,
        1227.99
      ],
      "demand": [
        4,
        1,
        4
      ]
    },
    {
      "id": "C40",
      "x": 58.28,
      "y": 69.64,
      "time_window": [
        450.0,
        1934.25
      ],
      "demand": [
        2,
        2,
        2
      ]
    },
    {
      "id": "C41",
      "x": 86.5,
      "y": 98.25,
      "time_window": [
        450.0,
        2550
      ],
      "demand": [
        1,
        2,
        2
      ]
    },
    {
      "id": "C42",
      "x": 39.4,
      "y": 27.48,
      "time_window": [
        450.0,
        1979.83
      ],
      "demand": [
        4,
        1,
        4
      ]
    },
    {
      "id": "C43",
      "x": 74.97,
      "y": 63.61,
      "time_window": [
        450.0,
        2304.51
      ],
      "demand": [
        1,
        4,
        4
      ]
    },
    {
      "id": "C44",
      "x": 86.11,
      "y": 83.88,
      "time_window": [
        450.0,
        2217.37
      ],
      "demand": [
        3,
        4,
        4
      ]
    },
    {
      "id": "C45",
      "x": 50.9,
      "y": 28.5,
      "time_window": [
        450.0,
        2404.16
      ],
      "demand": [
        4,
        3,
        4
      ]
    },
    {
      "id": "C46",
      "x": 62.9,
      "y": 38.0,
      "time_window": [
        450.0,
        2176.65
      ],
      "demand": [
        2,
        3,
        2
      ]
    },
    {
      "id": "C47",
      "x": 63.61,
      "y": 30.71,
      "time_window": [
        450.0,
        1011.11
      ],
      "demand": [
        3,
        1,
        4
      ]
    },
    {
      "id": "C48",
      "x": 12.95,
      "y": 6.0,
      "time_window": [
        450.0,
        1433.97
      ],
      "demand": [
        3,
        1,
        1
      ]
    },
    {
      "id": "C49",
      "x": 20.08,
      "y": 2.83,
      "time_window": [
        450.0,
        1601.86
      ],
      "demand": [
        2,
        2,
        4
      ]
    },
    {
      "id": "C50",
      "x": 87.88,
      "y": 11.84,
      "time_window": [
        450.0,
        1034.55
      ],
      "demand": [
        1,
        3,
        2
      ]
    },
    {
      "id": "C51",
      "x": 63.13,
      "y": 62.86,
      "time_window": [
        450.0,
        1847.45
      ],
      "demand": [
        4,
        4,
        3
      ]
    },
    {
      "id": "C52",
      "x": 32.64,
      "y": 44.82,
      "time_window": [
        450.0,
        2196.35
      ],
      "demand": [
        3,
        1,
        3
      ]
    },
    {
      "id": "C53",
      "x": 51.96,
      "y": 63.07,
      "time_window": [
        450.0,
        1460.06
      ],
      "demand": [
        3,
        4,
        4
      ]
    },
    {
      "id": "C54",
      "x": 38.39,
      "y": 68.59,
      "time_window": [
        450.0,
        1469.85
      ],
      "demand": [
        4,
        3,
        1
      ]
    },
    {
      "id": "C55",
      "x": 28.79,
      "y": 57.39,
      "time_window": [
        450.0,
        1176.8
      ],
      "demand": [
        4,
        2,
        4
      ]
    },
    {
      "id": "C56",
      "x": 89.36,
      "y": 20.62,
      "time_window": [
        450.0,
        1059.2
      ],
      "demand": [
        1,
        2,
        1
      ]
    },
    {
      "id": "C57",
      "x": 89.77,
      "y": 91.59,
      "time_window": [
        450.0,
        1620.43
      ],
      "demand": [
        1,
        4,
        1
      ]
    },
    {
      "id": "C58",
      "x": 82.84,
      "y": 23.83,
      "time_window": [
        450.0,
        1984.96
      ],
      "demand": [
        1,
        4,
        1
      ]
    },
    {
      "id": "C59",
      "x": 14.38,
      "y": 24.62,
      "time_window": [
        450.0,
        1883.1
      ],
      "demand": [
        3,
        1,
        1
      ]
    },
    {
      "id": "C60",
      "x": 76.73,
      "y": 99.44,
      "time_window": [
        450.0,
        1535.34
      ],
      "demand": [
        3,
        2,
        2
      ]
    },
    {
      "id": "C61",
      "x": 37.14,
      "y": 32.14,
      "time_window": [
        450.0,
        2103.73
      ],
      "demand": [
        2,
        1,
        3
      ]
    },
    {
      "id": "C62",
      "x": 32.62,
      "y": 62.07,
      "time_window": [
        450.0,
        1297.99
      ],
      "demand": [
        2,
        3,
        2
      ]
    },
    {
      "id": "C63",
      "x": 24.43,
      "y": 98.86,
      "time_window": [
        450.0,
        1119.09
      ],
      "demand": [
        3,
        3,
        1
      ]
    },
    {
      "id": "C64",
      "x": 58.27,
      "y": 42.6,
      "time_window": [
        450.0,
        1164.27
      ],
      "demand": [
        1,
        1,
        1
      ]
    },
    {
      "id": "C65",
      "x": 55.05,
      "y": 46.75,
      "time_window": [
        450.0,
        2001.48
      ],
      "demand": [
        1,
        4,
        1
      ]
    },
    {
      "id": "C66",
      "x": 56.84,
      "y": 71.08,
      "time_window": [
        450.0,
        2039.26
      ],
      "demand": [
        2,
        3,
        1
      ]
    },
    {
      "id": "C67",
      "x": 8.58,
      "y": 18.74,
      "time_window": [
        450.0,
        2322.78
      ],
      "demand": [
        1,
        2,
        4
      ]
    },
    {
      "id": "C68",
      "x": 59.42,
      "y": 40.35,
      "time_window": [
        450.0,
        1043.24
      ],
      "demand": [
        1,
        3,
        1
      ]
    },
    {
      "id": "C69",
      "x": 92.73,
      "y": 17.42,
      "time_window": [
        450.0,
        1227.77
      ],
      "demand": [
        3,
        2,
        1
      ]
    },
    {
      "id": "C70",
      "x": 14.91,
      "y": 21.22,
      "time_window": [
        450.0,
        1982.98
      ],
      "demand": [
        1,
        4,
        2
      ]
    },
    {
      "id": "C71",
      "x": 32.91,
      "y": 53.24,
      "time_window": [
        450.0,
        2230.61
      ],
      "demand": [
        2,
        3,
        1
      ]
    },
    {
      "id": "C72",
      "x": 66.95,
      "y": 66.52,
      "time_window": [
        450.0,
        2258.53
      ],
      "demand": [
        2,
        1,
        4
      ]
    },
    {
      "id": "C73",
      "x": 38.47,
      "y": 55.7,
      "time_window": [
        450.0,
        2078.18
      ],
      "demand": [
        3,
        4,
        3
      ]
    },
    {
      "id": "C74",
      "x": 68.53,
      "y": 35.66,
      "time_window": [
        450.0,
        1820.42
      ],
      "demand": [
        2,
        4,
        1
      ]
    },
    {
      "id": "C75",
      "x": 2.55,
      "y": 97.25,
      "time_window": [
        450.0,
        979.89
      ],
      "demand": [
        3,
        1,
        3
      ]
    },
    {
      "id": "C76",
      "x": 48.76,
      "y": 46.28,
      "time_window": [
        450.0,
        1754.7
      ],
      "demand": [
        4,
        3,
        3
      ]
    },
    {
      "id": "C77",
      "x": 91.94,
      "y": 75.58,
      "time_window": [
        450.0,
        1757.89
      ],
      "demand": [
        1,
        3,
        2
      ]
    },
    {
      "id": "C78",
      "x": 33.2,
      "y": 68.96,
      "time_window": [
        450.0,
        1696.5
      ],
      "demand": [
        4,
        1,
        4
      ]
    },
    {
      "id": "C79",
      "x": 27.6,
      "y": 69.32,
      "time_window": [
        450.0,
        1135.13
      ],
      "demand": [
        4,
        4,
        4
      ]
    },
    {
      "id": "C80",
      "x": 42.83,
      "y": 32.17,
      "time_window": [
        450.0,
        2493.86
      ],
      "demand": [
        3,
        1,
        3
      ]
    }
  ]
}