{
  "set_id": 2,
  "inst_id": 10,
  "vehicles": {
    "CT": {
      "count": 6,
      "capacity": 1500,
      "fixed_cost": 1500,
      "unit_cost_factor": 1.2
    },
    "UV": {
      "count": 8,
      "capacity": 500,
      "fixed_cost": 500,
      "unit_cost_factor": 1.1
    }
  },
  "P": 3,
  "item_weights": [
    5,
    5,
    5
  ],
  "inventory_ratio": 1.4,
  "FCs": [
    {
      "id": "FC1",
      "x": 25,
      "y": 25,
      "time_window": [
        0.0,
        3000.0
      ],
      "inventory": [
        39,
        33,
        34
      ]
    },
    {
      "id": "FC2",
      "x": 75,
      "y": 75,
      "time_window": [
        0.0,
        3000.0
      ],
      "inventory": [
        37,
        39,
        28
      ]
    }
  ],
  "DCs": [
    {
      "id": "DC1",
      "x": 4.25,
      "y": 48.82,
      "time_window": [
        300.0,
        2700.0
      ]
    },
    {
      "id": "DC2",
      "x": 40.5,
      "y": 38.62,
      "time_window": [
        300.0,
        2700.0
      ]
    },
    {
      "id": "DC3",
      "x": 48.76,
      "y": 23.35,
      "time_window": [
        300.0,
        2700.0
      ]
    },
    {
      "id": "DC4",
      "x": 93.67,
      "y": 78.96,
      "time_window": [
        300.0,
        2700.0
      ]
    }
  ],
  "CDPs": [
    {
      "id": "CDP1",
      "x": 36.96,
      "y": 68.99,
      "time_window": [
        0.0,
        3000.0
      ],
      "capacity": 123
    },
    {
      "id": "CDP2",
      "x": 0.22,
      "y": 17.92,
      "time_window": [
        0.0,
        3000.0
      ],
      "capacity": 217
    },
    {
      "id": "CDP3",
      "x": 41.9,
      "y": 19.47,
      "time_window": [
        0.0,
        3000.0
      ],
      "capacity": 179
    },
    {
      "id": "CDP4",
      "x": 31.41,
      "y": 74.26,
      "time_window": [
        0.0,
        3000.0
      ],
      "capacity": 103
    },
    {
      "id": "CDP5",
      "x": 37.34,
      "y": 19.51,
      "time_window": [
        0.0,
        3000.0
      ],
      "capacity": 175
    },
    {
      "id": "CDP6",
      "x": 44.98,
      "y": 0.5,
      "time_window": [
        0.0,
        3000.0
      ],
      "capacity": 180
    },
    {
      "id": "CDP7",
      "x": 58.26,
      "y": 65.3,
      "time_window": [
        0.0,
        3000.0
      ],
      "capacity": 138
    },
    {
      "id": "CDP8",
      "x": 67.42,
      "y": 43.36,
      "time_window": [
        0.0,
        3000.0
      ],
      "capacity": 125
    },
    {
      "id": "CDP9",
      "x": 87.71,
      "y": 94.96,
      "time_window": [
        0.0,
        3000.0
      ],
      "capacity": 107
    },
    {
      "id": "CDP10",
      "x": 97.81,
      "y": 81.86,
      "time_window": [
        0.0,
        3000.0
      ],
      "capacity": 180
    },
    {
      "id": "CDP11",
      "x": 83.19,
      "y": 77.81,
      "time_window": [
        0.0,
        3000.0
      ],
      "capacity": 211
    },
    {
      "id": "CDP12",
      "x": 52.11,
      "y": 20.59,
      "time_window": [
        0.0,
        3000.0
      ],
      "capacity": 275
    }
  ],
  "Customers": [
    {
      "id": "C1",
      "x": 24.49,
      "y": 89.77,
      "time_window": [
        450.0,
        976.02
      ],
      "demand": [
        3,
        4,
        4
      ]
    },
    {
      "id": "C2",
      "x": 6.77,
      "y": 90.13,
      "time_window": [
        450.0,
        999.8
      ],
      "demand": [
        3,
        1,
        1
      ]
    },
    {
      "id": "C3",
      "x": 53.63,
      "y": 28.87,
      "time_window": [
        450.0,
        1097.6
      ],
      "demand": [
        2,
        1,
        1
      ]
    },
    {
      "id": "C4",
      "x": 98.53,
      "y": 3.16,
      "time_window": [
        450.0,
        1095.83
      ],
      "demand": [
        4,
        4,
        2
      ]
    },
    {
      "id": "C5",
      "x": 86.17,
      "y": 24.34,
      "time_window": [
        450.0,
        2550
      ],
      "demand": [
        4,
        1,
        3
      ]
    },
    {
      "id": "C6",
      "x": 43.36,
      "y": 67.93,
      "time_window": [
        450.0,
        1349.06
      ],
      "demand": [
        4,
        3,
        2
      ]
    },
    {
      "id": "C7",
      "x": 74.56,
      "y": 52.54,
      "time_window": [
        450.0,
        1906.24
      ],
      "demand": [
        1,
        4,
        1
      ]
    },
    {
      "id": "C8",
      "x": 62.38,
      "y": 45.44,
      "time_window": [
        450.0,
        2518.49
      ],
      "demand": [
        2,
        2,
        2
      ]
    },
    {
      "id": "C9",
      "x": 66.99,
      "y": 58.47,
      "time_window": [
        450.0,
        2246.53
      ],
      "demand": [
        3,
        1,
        2
      ]
    },
    {
      "id": "C10",
      "x": 81.83,
      "y": 6.08,
      "time_window": [
        450.0,
        1613.61
      ],
      "demand": [
        3,
        4,
        2
      ]
    },
    {
      "id": "C11",
      "x": 7.52,
      "y": 10.22,
      "time_window": [
        450.0,
        2435.08
      ],
      "demand": [
        2,
        1,
        2
      ]
    },
    {
      "id": "C12",
      "x": 99.77,
      "y": 80.36,
      "time_window": [
        450.0,
        1473.77
      ],
      "demand": [
        2,
        4,
        2
      ]
    },
    {
      "id": "C13",
      "x": 54.17,
      "y": 29.81,
      "time_window": [
        450.0,
        2543.17
      ],
      "demand": [
        1,
        3,
        3
      ]
    },
    {
      "id": "C14",
      "x": 45.59,
      "y": 67.03,
      "time_window": [
        450.0,
        1234.31
      ],
      "demand": [
        4,
        1,
        4
      ]
    },
    {
      "id": "C15",
      "x": 58.99,
      "y": 45.23,
      "time_window": [
        450.0,
        1298.84
      ],
      "demand": [
        4,
        1,
        1
      ]
    },
    {
      "id": "C16",
      "x": 69.32,
      "y": 69.61,
      "time_window": [
        450.0,
        1980.93
      ],
      "demand": [
        3,
        4,
        3
      ]
    },
    {
      "id": "C17",
      "x": 51.23,
      "y": 54.63,
      "time_window": [
        450.0,
        1512.01
      ],
      "demand": [
        1,
        2,
        1
      ]
    },
    {
      "id": "C18",
      "x": 35.78,
      "y": 26.69,
      "time_window": [
        450.0,
        2526.54
      ],
      "demand": [
        3,
        4,
        1
      ]
    },
    {
      "id": "C19",
      "x": 62.3,
      "y": 47.64,
      "time_window": [
        450.0,
        2505.8
      ],
      "demand": [
        2,
        4,
        3
      ]
    },
    {
      "id": "C20",
      "x": 22.29,
      "y": 86.35,
      "time_window": [
        450.0,
        1292.23
      ],
      "demand": [
        3,
        2,
        4
      ]
    }
  ]
}