{
  "set_id": 5,
  "inst_id": 9,
  "vehicles": {
    "CT": {
      "count": 10,
      "capacity": 1500,
      "fixed_cost": 1500,
      "unit_cost_factor": 1.2
    },
    "UV": {
      "count": 20,
      "capacity": 500,
      "fixed_cost": 500,
      "unit_cost_factor": 1.1
    }
  },
  "P": 3,
  "item_weights": [
    15,
    15,
    10
  ],
  "inventory_ratio": 1.1,
  "FCs": [
    {
      "id": "FC1",
      "x": 25,
      "y": 25,
      "time_window": [
        0.0,
        3000.0
      ],
      "inventory": [
        75,
        70,
        65
      ]
    },
    {
      "id": "FC2",
      "x": 75,
      "y": 75,
      "time_window": [
        0.0,
        3000.0
      ],
      "inventory": [
        59,
        71,
        76
      ]
    }
  ],
  "DCs": [
    {
      "id": "DC1",
      "x": 76.19,
      "y": 78.27,
      "time_window": [
        300.0,
        2700.0
      ]
    },
    {
      "id": "DC2",
      "x": 65.33,
      "y": 32.2,
      "time_window": [
        300.0,
        2700.0
      ]
    },
    {
      "id": "DC3",
      "x": 65.62,
      "y": 57.94,
      "time_window": [
        300.0,
        2700.0
      ]
    },
    {
      "id": "DC4",
      "x": 53.31,
      "y": 48.95,
      "time_window": [
        300.0,
        2700.0
      ]
    }
  ],
  "CDPs": [
    {
      "id": "CDP1",
      "x": 2.43,
      "y": 38.56,
      "time_window": [
        0.0,
        3000.0
      ],
      "capacity": 123
    },
    {
      "id": "CDP2",
      "x": 57.86,
      "y": 84.97,
      "time_window": [
        0.0,
        3000.0
      ],
      "capacity": 176
    },
    {
      "id": "CDP3",
      "x": 73.35,
      "y": 99.69,
      "time_window": [
        0.0,
        3000.0
      ],
      "capacity": 259
    },
    {
      "id": "CDP4",
      "x": 37.97,
      "y": 71.92,
      "time_window": [
        0.0,
        3000.0
      ],
      "capacity": 169
    },
    {
      "id": "CDP5",
      "x": 94.77,
      "y": 64.31,
      "time_window": [
        0.0,
        3000.0
      ],
      "capacity": 191
    },
    {
      "id": "CDP6",
      "x": 60.9,
      "y": 54.31,
      "time_window": [
        0.0,
        3000.0
      ],
      "capacity": 208
    },
    {
      "id": "CDP7",
      "x": 39.7,
      "y": 99.32,
      "time_window": [
        0.0,
        3000.0
      ],
      "capacity": 204
    },
    {
      "id": "CDP8",
      "x": 70.43,
      "y": 95.95,
      "time_window": [
        0.0,
        3000.0
      ],
      "capacity": 255
    },
    {
      "id": "CDP9",
      "x": 20.91,
      "y": 33.4,
      "time_window": [
        0.0,
        3000.0
      ],
      "capacity": 116
    },
    {
      "id": "CDP10",
      "x": 25.2,
      "y": 9.61,
      "time_window": [
        0.0,
        3000.0
      ],
      "capacity": 274
    },
    {
      "id": "CDP11",
      "x": 65.12,
      "y": 79.2,
      "time_window": [
        0.0,
        3000.0
      ],
      "capacity": 222
    },
    {
      "id": "CDP12",
      "x": 76.24,
      "y": 23.32,
      "time_window": [
        0.0,
        3000.0
      ],
      "capacity": 170
    },
    {
      "id": "CDP13",
      "x": 9.61,
      "y": 2.07,
      "time_window": [
        0.0,
        3000.0
      ],
      "capacity": 132
    },
    {
      "id": "CDP14",
      "x": 23.78,
      "y": 47.75,
      "time_window": [
        0.0,
        3000.0
      ],
      "capacity": 212
    },
    {
      "id": "CDP15",
      "x": 73.25,
      "y": 52.83,
      "time_window": [
        0.0,
        3000.0
      ],
      "capacity": 173
    },
    {
      "id": "CDP16",
      "x": 75.57,
      "y": 93.6,
      "time_window": [
        0.0,
        3000.0
      ],
      "capacity": 243
    },
    {
      "id": "CDP17",
      "x": 19.1,
      "y": 22.62,
      "time_window": [
        0.0,
        3000.0
      ],
      "capacity": 105
    },
    {
      "id": "CDP18",
      "x": 94.71,
      "y": 20.19,
      "time_window": [
        0.0,
        3000.0
      ],
      "capacity": 149
    },
    {
      "id": "CDP19",
      "x": 14.74,
      "y": 92.67,
      "time_window": [
        0.0,
        3000.0
      ],
      "capacity": 174
    },
    {
      "id": "CDP20",
      "x": 2.52,
      "y": 73.23,
      "time_window": [
        0.0,
        3000.0
      ],
      "capacity": 226
    }
  ],
  "Customers": [
    {
      "id": "C1",
      "x": 88.57,
      "y": 23.44,
      "time_window": [
        450.0,
        2461.07
      ],
      "demand": [
        2,
        4,
        4
      ]
    },
    {
      "id": "C2",
      "x": 68.45,
      "y": 51.17,
      "time_window": [
        450.0,
        2068.2
      ],
      "demand": [
        3,
        3,
        2
      ]
    },
    {
      "id": "C3",
      "x": 38.07,
      "y": 25.82,
      "time_window": [
        450.0,
        1054.12
      ],
      "demand": [
        2,
        4,
        2
      ]
    },
    {
      "id": "C4",
      "x": 62.42,
      "y": 43.22,
      "time_window": [
        450.0,
        1281.51
      ],
      "demand": [
        4,
        1,
        3
      ]
    },
    {
      "id": "C5",
      "x": 25.44,
      "y": 42.5,
      "time_window": [
        450.0,
        1112.6
      ],
      "demand": [
        4,
        2,
        4
      ]
    },
    {
      "id": "C6",
      "x": 50.69,
      "y": 62.39,
      "time_window": [
        450.0,
        2444.52
      ],
      "demand": [
        1,
        3,
        3
      ]
    },
    {
      "id": "C7",
      "x": 42.63,
      "y": 27.72,
      "time_window": [
        450.0,
        2428.95
      ],
      "demand": [
        3,
        1,
        4
      ]
    },
    {
      "id": "C8",
      "x": 90.85,
      "y": 83.77,
      "time_window": [
        450.0,
        1877.25
      ],
      "demand": [
        2,
        1,
        2
      ]
    },
    {
      "id": "C9",
      "x": 92.34,
      "y": 16.31,
      "time_window": [
        450.0,
        2211.87
      ],
      "demand": [
        1,
        2,
        4
      ]
    },
    {
      "id": "C10",
      "x": 18.6,
      "y": 91.07,
      "time_window": [
        450.0,
        1384.87
      ],
      "demand": [
        4,
        4,
        4
      ]
    },
    {
      "id": "C11",
      "x": 85.28,
      "y": 97.85,
      "time_window": [
        450.0,
        1062.13
      ],
      "demand": [
        1,
        3,
        1
      ]
    },
    {
      "id": "C12",
      "x": 50.5,
      "y": 42.94,
      "time_window": [
        450.0,
        2309.39
      ],
      "demand": [
        1,
        3,
        1
      ]
    },
    {
      "id": "C13",
      "x": 7.35,
      "y": 82.02,
      "time_window": [
        450.0,
        2469.49
      ],
      "demand": [
        3,
        3,
        4
      ]
    },
    {
      "id": "C14",
      "x": 80.45,
      "y": 9.18,
      "time_window": [
        450.0,
        2199.8
      ],
      "demand": [
        3,
        4,
        3
      ]
    },
    {
      "id": "C15",
      "x": 51.9,
      "y": 50.13,
      "time_window": [
        450.0,
        1066.46
      ],
      "demand": [
        2,
        4,
        2
      ]
    },
    {
      "id": "C16",
      "x": 30.65,
      "y": 35.3,
      "time_window": [
        450.0,
        2507.88
      ],
      "demand": [
        4,
        4,
        1
      ]
    },
    {
      "id": "C17",
      "x": 33.37,
      "y": 51.76,
      "time_window": [
        450.0,
        2472.63
      ],
      "demand": [
        1,
        2,
        1
      ]
    },
    {
      "id": "C18",
      "x": 67.04,
      "y": 64.36,
      "time_window": [
        450.0,
        1986.52
      ],
      "demand": [
        3,
        1,
        3
      ]
    },
    {
      "id": "C19",
      "x": 71.87,
      "y": 28.69,
      "time_window": [
        450.0,
        1150.43
      ],
      "demand": [
        1,
        4,
        3
      ]
    },
    {
      "id": "C20",
      "x": 16.62,
      "y": 0.02,
      "time_window": [
        450.0,
        1186.84
      ],
      "demand": [
        4,
        1,
        3
      ]
    },
    {
      "id": "C21",
      "x": 38.72,
      "y": 34.7,
      "time_window": [
        450.0,
        1574.99
      ],
      "demand": [
        3,
        4,
        3
      ]
    },
    {
      "id": "C22",
      "x": 47.32,
      "y": 71.53,
      "time_window": [
        450.0,
        1447.23
      ],
      "demand": [
        3,
        3,
        3
      ]
    },
    {
      "id": "C23",
      "x": 92.82,
      "y": 93.6,
      "time_window": [
        450.0,
        1807.18
      ],
      "demand": [
        2,
        2,
        2
      ]
    },
    {
      "id": "C24",
      "x": 62.8,
      "y": 53.57,
      "time_window": [
        450.0,
        1307.12
      ],
      "demand": [
        2,
        3,
        3
      ]
    },
    {
      "id": "C25",
      "x": 91.93,
      "y": 79.21,
      "time_window": [
        450.0,
        1015.22
      ],
      "demand": [
        4,
        2,
        1
      ]
    },
    {
      "id": "C26",
      "x": 79.95,
      "y": 81.35,
      "time_window": [
        450.0,
        1414.24
      ],
      "demand": [
        1,
        2,
        3
      ]
    },
    {
      "id": "C27",
      "x": 24.81,
      "y": 8.03,
      "time_window": [
        450.0,
        1226.5
      ],
      "demand": [
        4,
        2,
        1
      ]
    },
    {
      "id": "C28",
      "x": 21.12,
      "y": 98.59,
      "time_window": [
        450.0,
        2415.32
      ],
      "demand": [
        3,
        2,
        3
      ]
    },
    {
      "id": "C29",
      "x": 42.13,
      "y": 70.38,
      "time_window": [
        450.0,
        1725.58
      ],
      "demand": [
        1,
        3,
        1
      ]
    },
    {
      "id": "C30",
      "x": 66.66,
      "y": 44.32,
      "time_window": [
        450.0,
        1725.0
      ],
      "demand": [
        1,
        2,
        4
      ]
    },
    {
      "id": "C31",
      "x": 6.57,
      "y": 4.63,
      "time_window": [
        450.0,
        2152.5
      ],
      "demand": [
        2,
        4,
        4
      ]
    },
    {
      "id": "C32",
      "x": 28.63,
      "y": 42.05,
      "time_window": [
        450.0,
        2228.6
      ],
      "demand": [
        2,
        2,
        1
      ]
    },
    {
      "id": "C33",
      "x": 86.7,
      "y": 11.39,
      "time_window": [
        450.0,
        2021.5
      ],
      "demand": [
        3,
        3,
        1
      ]
    },
    {
      "id": "C34",
      "x": 42.17,
      "y": 36.46,
      "time_window": [
        450.0,
        2051.83
      ],
      "demand": [
        2,
        3,
        4
      ]
    },
    {
      "id": "C35",
      "x": 86.17,
      "y": 21.44,
      "time_window": [
        450.0,
        2124.75
      ],
      "demand": [
        4,
        2,
        2
      ]
    },
    {
      "id": "C36",
      "x": 15.48,
      "y": 77.92,
      "time_window": [
        450.0,
        2484.74
      ],
      "demand": [
        2,
        2,
        1
      ]
    },
    {
      "id": "C37",
      "x": 71.08,
      "y": 53.53,
      "time_window": [
        450.0,
        2542.44
      ],
      "demand": [
        4,
        4,
        4
      ]
    },
    {
      "id": "C38",
      "x": 28.37,
      "y": 59.83,
      "time_window": [
        450.0,
        984.56
      ],
      "demand": [
        2,
        3,
        1
      ]
    },
    {
      "id": "C39",
      "x": 32.27,
      "y": 46.26,
      "time_window": [
        450.0,
        1686.37
      ],
      "demand": [
        2,
        1,
        4
      ]
    },
    {
      "id": "C40",
      "x": 28.75,
      "y": 60.5,
      "time_window": [
        450.0,
        1232.42
      ],
      "demand": [
        1,
        1,
        3
      ]
    },
    {
      "id": "C41",
      "x": 77.94,
      "y": 83.29,
      "time_window": [
        450.0,
        1877.95
      ],
      "demand": [
        4,
        4,
        1
      ]
    },
    {
      "id": "C42",
      "x": 49.19,
      "y": 32.13,
      "time_window": [
        450.0,
        2550
      ],
      "demand": [
        2,
        4,
        3
      ]
    },
    {
      "id": "C43",
      "x": 63.89,
      "y": 49.4,
      "time_window": [
        450.0,
        1453.11
      ],
      "demand": [
        3,
        2,
        1
      ]
    },
    {
      "id": "C44",
      "x": 32.53,
      "y": 32.5,
      "time_window": [
        450.0,
        1510.34
      ],
      "demand": [
        1,
        2,
        4
      ]
    },
    {
      "id": "C45",
      "x": 2.17,
      "y": 5.54,
      "time_window": [
        450.0,
        1882.52
      ],
      "demand": [
        3,
        1,
        4
      ]
    },
    {
      "id": "C46",
      "x": 66.48,
      "y": 48.25,
      "time_window": [
        450.0,
        2481.22
      ],
      "demand": [
        2,
        1,
        3
      ]
    },
    {
      "id": "C47",
      "x": 73.91,
      "y": 41.71,
      "time_window": [
        450.0,
        1650.6
      ],
      "demand": [
        3,
        4,
        4
      ]
    },
    {
      "id": "C48",
      "x": 28.11,
      "y": 41.14,
      "time_window": [
        450.0,
        1797.75
      ],
      "demand": [
        4,
        3,
        1
      ]
    },
    {
      "id": "C49",
      "x": 85.3,
      "y": 1.4,
      "time_window": [
        450.0,
        2265.18
      ],
      "demand": [
        1,
        1,
        2
      ]
    },
    {
      "id": "C50",
      "x": 72.35,
      "y": 74.61,
      "time_window": [
        450.0,
        2355.81
      ],
      "demand": [
        1,
        2,
        2
      ]
    }
  ]
}