{
  "set_id": 8,
  "inst_id": 8,
  "vehicles": {
    "CT": {
      "count": 20,
      "capacity": 1500,
      "fixed_cost": 1500,
      "unit_cost_factor": 1.2
    },
    "UV": {
      "count": 40,
      "capacity": 500,
      "fixed_cost": 500,
      "unit_cost_factor": 1.1
    }
  },
  "P": 3,
  "item_weights": [
    5,
    10,
    5
  ],
  "inventory_ratio": 1.1,
  "FCs": [
    {
      "id": "FC1",
      "x": 25,
      "y": 25,
      "time_window": [
        0.0,
        3000.0
      ],
      "inventory": [
        65,
        69,
        80
      ]
    },
    {
      "id": "FC2",
      "x": 25,
      "y": 75,
      "time_window": [
        0.0,
        3000.0
      ],
      "inventory": [
        82,
        73,
        67
      ]
    },
    {
      "id": "FC3",
      "x": 75,
      "y": 25,
      "time_window": [
        0.0,
        3000.0
      ],
      "inventory": [
        72,
        69,
        58
      ]
    },
    {
      "id": "FC4",
      "x": 75,
      "y": 75,
      "time_window": [
        0.0,
        3000.0
      ],
      "inventory": [
        65,
        81,
        73
      ]
    }
  ],
  "DCs": [
    {
      "id": "DC1",
      "x": 65.04,
      "y": 37.71,
      "time_window": [
        300.0,
        2700.0
      ]
    },
    {
      "id": "DC2",
      "x": 6.56,
      "y": 60.08,
      "time_window": [
        300.0,
        2700.0
      ]
    },
    {
      "id": "DC3",
      "x": 62.4,
      "y": 69.39,
      "time_window": [
        300.0,
        2700.0
      ]
    },
    {
      "id": "DC4",
      "x": 77.44,
      "y": 83.67,
      "time_window": [
        300.0,
        2700.0
      ]
    },
    {
      "id": "DC5",
      "x": 96.66,
      "y": 61.16,
      "time_window": [
        300.0,
        2700.0
      ]
    },
    {
      "id": "DC6",
      "x": 64.69,
      "y": 61.65,
      "time_window": [
        300.0,
        2700.0
      ]
    },
    {
      "id": "DC7",
      "x": 11.04,
      "y": 28.5,
      "time_window": [
        300.0,
        2700.0
      ]
    },
    {
      "id": "DC8",
      "x": 61.65,
      "y": 0.65,
      "time_window": [
        300.0,
        2700.0
      ]
    }
  ],
  "CDPs": [
    {
      "id": "CDP1",
      "x": 4.24,
      "y": 25.73,
      "time_window": [
        0.0,
        3000.0
      ],
      "capacity": 130
    },
    {
      "id": "CDP2",
      "x": 53.69,
      "y": 73.34,
      "time_window": [
        0.0,
        3000.0
      ],
      "capacity": 136
    },
    {
      "id": "CDP3",
      "x": 79.59,
      "y": 54.24,
      "time_window": [
        0.0,
        3000.0
      ],
      "capacity": 282
    },
    {
      "id": "CDP4",
      "x": 52.27,
      "y": 18.14,
      "time_window": [
        0.0,
        3000.0
      ],
      "capacity": 130
    },
    {
      "id": "CDP5",
      "x": 50.65,
      "y": 2.59,
      "time_window": [
        0.0,
        3000.0
      ],
      "capacity": 131
    },
    {
      "id": "CDP6",
      "x": 85.34,
      "y": 34.87,
      "time_window": [
        0.0,
        3000.0
      ],
      "capacity": 152
    },
    {
      "id": "CDP7",
      "x": 21.54,
      "y": 60.04,
      "time_window": [
        0.0,
        3000.0
      ],
      "capacity": 238
    },
    {
      "id": "CDP8",
      "x": 29.77,
      "y": 11.15,
      "time_window": [
        0.0,
        3000.0
      ],
      "capacity": 111
    },
    {
      "id": "CDP9",
      "x": 21.61,
      "y": 40.74,
      "time_window": [
        0.0,
        3000.0
      ],
      "capacity": 115
    },
    {
      "id": "CDP10",
      "x": 55.86,
      "y": 46.58,
      "time_window": [
        0.0,
        3000.0
      ],
      "capacity": 213
    },
    {
      "id": "CDP11",
      "x": 66.87,
      "y": 61.98,
      "time_window": [
        0.0,
        3000.0
      ],
      "capacity": 262
    },
    {
      "id": "CDP12",
      "x": 92.0,
      "y": 27.13,
      "time_window": [
        0.0,
        3000.0
      ],
      "capacity": 100
    },
    {
      "id": "CDP13",
      "x": 29.94,
      "y": 10.09,
      "time_window": [
        0.0,
        3000.0
      ],
      "capacity": 223
    },
    {
      "id": "CDP14",
      "x": 9.78,
      "y": 99.81,
      "time_window": [
        0.0,
        3000.0
      ],
      "capacity": 100
    },
    {
      "id": "CDP15",
      "x": 92.86,
      "y": 59.56,
      "time_window": [
        0.0,
        3000.0
      ],
      "capacity": 287
    },
    {
      "id": "CDP16",
      "x": 95.69,
      "y": 36.49,
      "time_window": [
        0.0,
        3000.0
      ],
      "capacity": 124
    },
    {
      "id": "CDP17",
      "x": 2.05,
      "y": 29.22,
      "time_window": [
        0.0,
        3000.0
      ],
      "capacity": 133
    },
    {
      "id": "CDP18",
      "x": 34.97,
      "y": 13.85,
      "time_window": [
        0.0,
        3000.0
      ],
      "capacity": 147
    },
    {
      "id": "CDP19",
      "x": 25.81,
      "y": 30.85,
      "time_window": [
        0.0,
        3000.0
      ],
      "capacity": 196
    },
    {
      "id": "CDP20",
      "x": 17.71,
      "y": 46.46,
      "time_window": [
        0.0,
        3000.0
      ],
      "capacity": 202
    },
    {
      "id": "CDP21",
      "x": 96.27,
      "y": 4.63,
      "time_window": [
        0.0,
        3000.0
      ],
      "capacity": 155
    },
    {
      "id": "CDP22",
      "x": 40.51,
      "y": 92.47,
      "time_window": [
        0.0,
        3000.0
      ],
      "capacity": 210
    },
    {
      "id": "CDP23",
      "x": 43.43,
      "y": 14.34,
      "time_window": [
        0.0,
        3000.0
      ],
      "capacity": 120
    },
    {
      "id": "CDP24",
      "x": 87.54,
      "y": 44.77,
      "time_window": [
        0.0,
        3000.0
      ],
      "capacity": 139
    },
    {
      "id": "CDP25",
      "x": 34.74,
      "y": 82.21,
      "time_window": [
        0.0,
        3000.0
      ],
      "capacity": 270
    },
    {
      "id": "CDP26",
      "x": 69.29,
      "y": 74.13,
      "time_window": [
        0.0,
        3000.0
      ],
      "capacity": 120
    },
    {
      "id": "CDP27",
      "x": 71.88,
      "y": 23.91,
      "time_window": [
        0.0,
        3000.0
      ],
      "capacity": 201
    },
    {
      "id": "CDP28",
      "x": 20.54,
      "y": 68.02,
      "time_window": [
        0.0,
        3000.0
      ],
      "capacity": 258
    },
    {
      "id": "CDP29",
      "x": 24.11,
      "y": 26.56,
      "time_window": [
        0.0,
        3000.0
      ],
      "capacity": 194
    },
    {
      "id": "CDP30",
      "x": 77.31,
      "y": 22.49,
      "time_window": [
        0.0,
        3000.0
      ],
      "capacity": 242
    },
    {
      "id": "CDP31",
      "x": 35.19,
      "y": 77.94,
      "time_window": [
        0.0,
        3000.0
      ],
      "capacity": 270
    },
    {
      "id": "CDP32",
      "x": 58.19,
      "y": 90.77,
      "time_window": [
        0.0,
        3000.0
      ],
      "capacity": 199
    },
    {
      "id": "CDP33",
      "x": 24.72,
      "y": 15.36,
      "time_window": [
        0.0,
        3000.0
      ],
      "capacity": 253
    },
    {
      "id": "CDP34",
      "x": 96.83,
      "y": 76.92,
      "time_window": [
        0.0,
        3000.0
      ],
      "capacity": 189
    },
    {
      "id": "CDP35",
      "x": 1.21,
      "y": 69.1,
      "time_window": [
        0.0,
        3000.0
      ],
      "capacity": 193
    },
    {
      "id": "CDP36",
      "x": 38.49,
      "y": 29.69,
      "time_window": [
        0.0,
        3000.0
      ],
      "capacity": 109
    },
    {
      "id": "CDP37",
      "x": 56.57,
      "y": 21.96,
      "time_window": [
        0.0,
        3000.0
      ],
      "capacity": 166
    },
    {
      "id": "CDP38",
      "x": 39.46,
      "y": 45.08,
      "time_window": [
        0.0,
        3000.0
      ],
      "capacity": 237
    },
    {
      "id": "CDP39",
      "x": 2.72,
      "y": 4.92,
      "time_window": [
        0.0,
        3000.0
      ],
      "capacity": 284
    },
    {
      "id": "CDP40",
      "x": 94.48,
      "y": 42.64,
      "time_window": [
        0.0,
        3000.0
      ],
      "capacity": 235
    },
    {
      "id": "CDP41",
      "x": 52.88,
      "y": 29.6,
      "time_window": [
        0.0,
        3000.0
      ],
      "capacity": 195
    },
    {
      "id": "CDP42",
      "x": 26.94,
      "y": 5.95,
      "time_window": [
        0.0,
        3000.0
      ],
      "capacity": 123
    },
    {
      "id": "CDP43",
      "x": 12.61,
      "y": 64.14,
      "time_window": [
        0.0,
        3000.0
      ],
      "capacity": 187
    },
    {
      "id": "CDP44",
      "x": 80.05,
      "y": 71.69,
      "time_window": [
        0.0,
        3000.0
      ],
      "capacity": 161
    },
    {
      "id": "CDP45",
      "x": 62.27,
      "y": 39.3,
      "time_window": [
        0.0,
        3000.0
      ],
      "capacity": 172
    },
    {
      "id": "CDP46",
      "x": 3.35,
      "y": 19.66,
      "time_window": [
        0.0,
        3000.0
      ],
      "capacity": 195
    },
    {
      "id": "CDP47",
      "x": 56.1,
      "y": 94.79,
      "time_window": [
        0.0,
        3000.0
      ],
      "capacity": 143
    },
    {
      "id": "CDP48",
      "x": 83.71,
      "y": 49.7,
      "time_window": [
        0.0,
        3000.0
      ],
      "capacity": 241
    },
    {
      "id": "CDP49",
      "x": 29.97,
      "y": 44.73,
      "time_window": [
        0.0,
        3000.0
      ],
      "capacity": 160
    },
    {
      "id": "CDP50",
      "x": 10.65,
      "y": 18.28,
      "time_window": [
        0.0,
        3000.0
      ],
      "capacity": 203
    }
  ],
  "Customers": [
    {
      "id": "C1",
      "x": 58.64,
      "y": 72.39,
      "time_window": [
        450.0,
        1683.09
      ],
      "demand": [
        3,
        2,
        1
      ]
    },
    {
      "id": "C2",
      "x": 2.58,
      "y": 3.38,
      "time_window": [
        450.0,
        2458.98
      ],
      "demand": [
        3,
        1,
        1
      ]
    },
    {
      "id": "C3",
      "x": 58.67,
      "y": 55.03,
      "time_window": [
        450.0,
        1266.64
      ],
      "demand": [
        2,
        4,
        2
      ]
    },
    {
      "id": "C4",
      "x": 92.5,
      "y": 93.77,
      "time_window": [
        450.0,
        1558.07
      ],
      "demand": [
        1,
        1,
        4
      ]
    },
    {
      "id": "C5",
      "x": 10.59,
      "y": 1.65,
      "time_window": [
        450.0,
        2049.65
      ],
      "demand": [
        3,
        4,
        3
      ]
    },
    {
      "id": "C6",
      "x": 12.5,
      "y": 78.2,
      "time_window": [
        450.0,
        1782.26
      ],
      "demand": [
        4,
        2,
        2
      ]
    },
    {
      "id": "C7",
      "x": 94.53,
      "y": 17.58,
      "time_window": [
        450.0,
        2393.09
      ],
      "demand": [
        2,
        3,
        3
      ]
    },
    {
      "id": "C8",
      "x": 32.54,
      "y": 74.48,
      "time_window": [
        450.0,
        2453.15
      ],
      "demand": [
        1,
        4,
        3
      ]
    },
    {
      "id": "C9",
      "x": 13.22,
      "y": 22.79,
      "time_window": [
        450.0,
        1219.66
      ],
      "demand": [
        3,
        3,
        1
      ]
    },
    {
      "id": "C10",
      "x": 65.18,
      "y": 60.47,
      "time_window": [
        450.0,
        2550
      ],
      "demand": [
        3,
        2,
        4
      ]
    },
    {
      "id": "C11",
      "x": 4.02,
      "y": 2.1,
      "time_window": [
        450.0,
        2429.57
      ],
      "demand": [
        2,
        1,
        4
      ]
    },
    {
      "id": "C12",
      "x": 36.59,
      "y": 60.48,
      "time_window": [
        450.0,
        2305.84
      ],
      "demand": [
        2,
        3,
        2
      ]
    },
    {
      "id": "C13",
      "x": 50.0,
      "y": 41.94,
      "time_window": [
        450.0,
        2427.81
      ],
      "demand": [
        3,
        2,
        3
      ]
    },
    {
      "id": "C14",
      "x": 71.12,
      "y": 72.91,
      "time_window": [
        450.0,
        2225.31
      ],
      "demand": [
        2,
        4,
        3
      ]
    },
    {
      "id": "C15",
      "x": 62.65,
      "y": 39.48,
      "time_window": [
        450.0,
        2550
      ],
      "demand": [
        1,
        2,
        2
      ]
    },
    {
      "id": "C16",
      "x": 72.13,
      "y": 25.77,
      "time_window": [
        450.0,
        2153.88
      ],
      "demand": [
        3,
        3,
        3
      ]
    },
    {
      "id": "C17",
      "x": 98.61,
      "y": 92.02,
      "time_window": [
        450.0,
        2339.85
      ],
      "demand": [
        2,
        4,
        4
      ]
    },
    {
      "id": "C18",
      "x": 59.34,
      "y": 52.66,
      "time_window": [
        450.0,
        1247.54
      ],
      "demand": [
        1,
        2,
        3
      ]
    },
    {
      "id": "C19",
      "x": 37.18,
      "y": 66.25,
      "time_window": [
        450.0,
        2191.07
      ],
      "demand": [
        4,
        4,
        4
      ]
    },
    {
      "id": "C20",
      "x": 83.52,
      "y": 12.5,
      "time_window": [
        450.0,
        2140.61
      ],
      "demand": [
        3,
        4,
        4
      ]
    },
    {
      "id": "C21",
      "x": 29.71,
      "y": 33.12,
      "time_window": [
        450.0,
        2008.61
      ],
      "demand": [
        3,
        3,
        3
      ]
    },
    {
      "id": "C22",
      "x": 50.92,
      "y": 42.04,
      "time_window": [
        450.0,
        1762.3
      ],
      "demand": [
        1,
        4,
        3
      ]
    },
    {
      "id": "C23",
      "x": 30.66,
      "y": 66.3,
      "time_window": [
        450.0,
        1933.28
      ],
      "demand": [
        2,
        3,
        2
      ]
    },
    {
      "id": "C24",
      "x": 52.48,
      "y": 55.96,
      "time_window": [
        450.0,
        1679.77
      ],
      "demand": [
        1,
        2,
        4
      ]
    },
    {
      "id": "C25",
      "x": 52.66,
      "y": 26.88,
      "time_window": [
        450.0,
        2499.29
      ],
      "demand": [
        3,
        1,
        2
      ]
    },
    {
      "id": "C26",
      "x": 88.5,
      "y": 14.27,
      "time_window": [
        450.0,
        966.02
      ],
      "demand": [
        4,
        3,
        3
      ]
    },
    {
      "id": "C27",
      "x": 21.12,
      "y": 18.02,
      "time_window": [
        450.0,
        1493.64
      ],
      "demand": [
        2,
        2,
        1
      ]
    },
    {
      "id": "C28",
      "x": 23.67,
      "y": 22.31,
      "time_window": [
        450.0,
        1707.06
      ],
      "demand": [
        4,
        2,
        4
      ]
    },
    {
      "id": "C29",
      "x": 97.26,
      "y": 98.61,
      "time_window": [
        450.0,
        1434.89
      ],
      "demand": [
        3,
        2,
        4
      ]
    },
    {
      "id": "C30",
      "x": 38.61,
      "y": 44.16,
      "time_window": [
        450.0,
        1981.87
      ],
      "demand": [
        1,
        4,
        3
      ]
    },
    {
      "id": "C31",
      "x": 9.34,
      "y": 2.27,
      "time_window": [
        450.0,
        2468.56
      ],
      "demand": [
        4,
        4,
        4
      ]
    },
    {
      "id": "C32",
      "x": 51.76,
      "y": 49.61,
      "time_window": [
        450.0,
        1486.4
      ],
      "demand": [
        3,
        3,
        3
      ]
    },
    {
      "id": "C33",
      "x": 46.17,
      "y": 41.58,
      "time_window": [
        450.0,
        2171.26
      ],
      "demand": [
        3,
        3,
        1
      ]
    },
    {
      "id": "C34",
      "x": 0.85,
      "y": 86.31,
      "time_window": [
        450.0,
        1188.52
      ],
      "demand": [
        1,
        1,
        1
      ]
    },
    {
      "id": "C35",
      "x": 41.41,
      "y": 47.45,
      "time_window": [
        450.0,
        2470.12
      ],
      "demand": [
        2,
        4,
        1
      ]
    },
    {
      "id": "C36",
      "x": 13.31,
      "y": 76.8,
      "time_window": [
        450.0,
        1766.45
      ],
      "demand": [
        1,
        1,
        4
      ]
    },
    {
      "id": "C37",
      "x": 78.71,
      "y": 80.26,
      "time_window": [
        450.0,
        2550
      ],
      "demand": [
        3,
        4,
        2
      ]
    },
    {
      "id": "C38",
      "x": 13.36,
      "y": 12.05,
      "time_window": [
        450.0,
        2006.69
      ],
      "demand": [
        4,
        1,
        1
      ]
    },
    {
      "id": "C39",
      "x": 50.15,
      "y": 72.79,
      "time_window": [
        450.0,
        1524.42
      ],
      "demand": [
        3,
        3,
        3
      ]
    },
    {
      "id": "C40",
      "x": 68.03,
      "y": 74.07,
      "time_window": [
        450.0,
        2550
      ],
      "demand": [
        3,
        1,
        3
      ]
    },
    {
      "id": "C41",
      "x": 98.81,
      "y": 17.96,
      "time_window": [
        450.0,
        1252.15
      ],
      "demand": [
        1,
        4,
        1
      ]
    },
    {
      "id": "C42",
      "x": 73.4,
      "y": 70.83,
      "time_window": [
        450.0,
        2280.76
      ],
      "demand": [
        2,
        4,
        2
      ]
    },
    {
      "id": "C43",
      "x": 6.87,
      "y": 79.96,
      "time_window": [
        450.0,
        2069.76
      ],
      "demand": [
        2,
        2,
        2
      ]
    },
    {
      "id": "C44",
      "x": 14.45,
      "y": 83.42,
      "time_window": [
        450.0,
        1121.28
      ],
      "demand": [
        1,
        2,
        4
      ]
    },
    {
      "id": "C45",
      "x": 9.78,
      "y": 7.97,
      "time_window": [
        450.0,
        1544.58
      ],
      "demand": [
        3,
        4,
        4
      ]
    },
    {
      "id": "C46",
      "x": 28.42,
      "y": 41.23,
      "time_window": [
        450.0,
        1619.68
      ],
      "demand": [
        3,
        1,
        2
      ]
    },
    {
      "id": "C47",
      "x": 35.66,
      "y": 67.25,
      "time_window": [
        450.0,
        1209.57
      ],
      "demand": [
        2,
        4,
        3
      ]
    },
    {
      "id": "C48",
      "x": 5.19,
      "y": 20.15,
      "time_window": [
        450.0,
        2509.42
      ],
      "demand": [
        1,
        1,
        3
      ]
    },
    {
      "id": "C49",
      "x": 83.7,
      "y": 16.32,
      "time_window": [
        450.0,
        1815.99
      ],
      "demand": [
        2,
        3,
        4
      ]
    },
    {
      "id": "C50",
      "x": 85.13,
      "y": 86.79,
      "time_window": [
        450.0,
        954.14
      ],
      "demand": [
        3,
        1,
        2
      ]
    },
    {
      "id": "C51",
      "x": 23.75,
      "y": 93.71,
      "time_window": [
        450.0,
        1581.16
      ],
      "demand": [
        2,
        3,
        3
      ]
    },
    {
      "id": "C52",
      "x": 56.43,
      "y": 50.51,
      "time_window": [
        450.0,
        2335.86
      ],
      "demand": [
        3,
        1,
        4
      ]
    },
    {
      "id": "C53",
      "x": 97.22,
      "y": 88.82,
      "time_window": [
        450.0,
        1593.83
      ],
      "demand": [
        4,
        4,
        1
      ]
    },
    {
      "id": "C54",
      "x": 44.94,
      "y": 51.25,
      "time_window": [
        450.0,
        1966.31
      ],
      "demand": [
        4,
        1,
        3
      ]
    },
    {
      "id": "C55",
      "x": 67.35,
      "y": 28.97,
      "time_window": [
        450.0,
        2250.96
      ],
      "demand": [
        4,
        4,
        3
      ]
    },
    {
      "id": "C56",
      "x": 37.13,
      "y": 73.07,
      "time_window": [
        450.0,
        1753.2
      ],
      "demand": [
        2,
        4,
        1
      ]
    },
    {
      "id": "C57",
      "x": 52.01,
      "y": 61.31,
      "time_window": [
        450.0,
        2131.3
      ],
      "demand": [
        1,
        3,
        3
      ]
    },
    {
      "id": "C58",
      "x": 89.95,
      "y": 0.55,
      "time_window": [
        450.0,
        1436.21
      ],
      "demand": [
        1,
        1,
        2
      ]
    },
    {
      "id": "C59",
      "x": 54.93,
      "y": 35.74,
      "time_window": [
        450.0,
        1074.11
      ],
      "demand": [
        4,
        2,
        3
      ]
    },
    {
      "id": "C60",
      "x": 53.91,
      "y": 71.14,
      "time_window": [
        450.0,
        2249.55
      ],
      "demand": [
        3,
        2,
        1
      ]
    },
    {
      "id": "C61",
      "x": 67.05,
      "y": 63.58,
      "time_window": [
        450.0,
        1503.59
      ],
      "demand": [
        3,
        4,
        1
      ]
    },
    {
      "id": "C62",
      "x": 13.87,
      "y": 15.55,
      "time_window": [
        450.0,
        2015.39
      ],
      "demand": [
        3,
        2,
        1
      ]
    },
    {
      "id": "C63",
      "x": 54.5,
      "y": 65.12,
      "time_window": [
        450.0,
        1450.49
      ],
      "demand": [
        4,
        4,
        2
      ]
    },
    {
      "id": "C64",
      "x": 61.32,
      "y": 56.88,
      "time_window": [
        450.0,
        1224.04
      ],
      "demand": [
        3,
        2,
        4
      ]
    },
    {
      "id": "C65",
      "x": 92.21,
      "y": 89.78,
      "time_window": [
        450.0,
        2550
      ],
      "demand": [
        2,
        4,
        2
      ]
    },
    {
      "id": "C66",
      "x": 74.66,
      "y": 34.76,
      "time_window": [
        450.0,
        1609.24
      ],
      "demand": [
        3,
        4,
        2
      ]
    },
    {
      "id": "C67",
      "x": 14.72,
      "y": 20.14,
      "time_window": [
        450.0,
        1057.61
      ],
      "demand": [
        1,
        2,
        4
      ]
    },
    {
      "id": "C68",
      "x": 34.44,
      "y": 39.4,
      "time_window": [
        450.0,
        1789.96
      ],
      "demand": [
        2,
        3,
        1
      ]
    },
    {
      "id": "C69",
      "x": 28.3,
      "y": 30.86,
      "time_window": [
        450.0,
        1697.48
      ],
      "demand": [
        3,
        3,
        2
      ]
    },
    {
      "id": "C70",
      "x": 59.72,
      "y": 73.64,
      "time_window": [
        450.0,
        1911.73
      ],
      "demand": [
        3,
        2,
        3
      ]
    },
    {
      "id": "C71",
      "x": 82.19,
      "y": 90.15,
      "time_window": [
        450.0,
        1671.9
      ],
      "demand": [
        4,
        2,
        1
      ]
    },
    {
      "id": "C72",
      "x": 27.53,
      "y": 42.81,
      "time_window": [
        450.0,
        1735.87
      ],
      "demand": [
        4,
        1,
        4
      ]
    },
    {
      "id": "C73",
      "x": 89.82,
      "y": 83.93,
      "time_window": [
        450.0,
        1598.96
      ],
      "demand": [
        3,
        4,
        2
      ]
    },
    {
      "id": "C74",
      "x": 28.13,
      "y": 74.21,
      "time_window": [
        450.0,
        2177.94
      ],
      "demand": [
        4,
        3,
        4
      ]
    },
    {
      "id": "C75",
      "x": 62.7,
      "y": 32.76,
      "time_window": [
        450.0,
        1751.74
      ],
      "demand": [
        4,
        1,
        3
      ]
    },
    {
      "id": "C76",
      "x": 94.24,
      "y": 24.59,
      "time_window": [
        450.0,
        1337.33
      ],
      "demand": [
        1,
        2,
        2
      ]
    },
    {
      "id": "C77",
      "x": 80.03,
      "y": 2.58,
      "time_window": [
        450.0,
        1430.63
      ],
      "demand": [
        3,
        2,
        1
      ]
    },
    {
      "id": "C78",
      "x": 12.94,
      "y": 78.27,
      "time_window": [
        450.0,
        2490.31
      ],
      "demand": [
        4,
        4,
        4
      ]
    },
    {
      "id": "C79",
      "x": 20.23,
      "y": 14.91,
      "time_window": [
        450.0,
        1827.63
      ],
      "demand": [
        1,
        3,
        2
      ]
    },
    {
      "id": "C80",
      "x": 46.22,
      "y": 41.63,
      "time_window": [
        450.0,
        2203.15
      ],
      "demand": [
        4,
        1,
        4
      ]
    },
    {
      "id": "C81",
      "x": 71.5,
      "y": 36.52,
      "time_window": [
        450.0,
        1511.82
      ],
      "demand": [
        2,
        1,
        1
      ]
    },
    {
      "id": "C82",
      "x": 45.53,
      "y": 60.28,
      "time_window": [
        450.0,
        2486.5
      ],
      "demand": [
        4,
        3,
        2
      ]
    },
    {
      "id": "C83",
      "x": 72.62,
      "y": 65.46,
      "time_window": [
        450.0,
        1508.1
      ],
      "demand": [
        4,
        4,
        4
      ]
    },
    {
      "id": "C84",
      "x": 39.32,
      "y": 40.79,
      "time_window": [
        450.0,
        998.12
      ],
      "demand": [
        3,
        2,
        1
      ]
    },
    {
      "id": "C85",
      "x": 36.33,
      "y": 59.09,
      "time_window": [
        450.0,
        2284.58
      ],
      "demand": [
        2,
        4,
        3
      ]
    },
    {
      "id": "C86",
      "x": 59.11,
      "y": 54.26,
      "time_window": [
        450.0,
        2065.64
      ],
      "demand": [
        2,
        3,
        1
      ]
    },
    {
      "id": "C87",
      "x": 31.9,
      "y": 66.94,
      "time_window": [
        450.0,
        1153.68
      ],
      "demand": [
        3,
        3,
        1
      ]
    },
    {
      "id": "C88",
      "x": 76.2,
      "y": 88.27,
      "time_window": [
        450.0,
        2521.37
      ],
      "demand": [
        1,
        1,
        4
      ]
    },
    {
      "id": "C89",
      "x": 85.61,
      "y": 12.05,
      "time_window": [
        450.0,
        2317.32
      ],
      "demand": [
        4,
        2,
        2
      ]
    },
    {
      "id": "C90",
      "x": 45.64,
      "y": 54.26,
      "time_window": [
        450.0,
        1659.23
      ],
      "demand": [
        2,
        3,
        4
      ]
    },
    {
      "id": "C91",
      "x": 57.92,
      "y": 47.36,
      "time_window": [
        450.0,
        2189.05
      ],
      "demand": [
        3,
        3,
        3
      ]
    },
    {
      "id": "C92",
      "x": 31.02,
      "y": 53.67,
      "time_window": [
        450.0,
        1183.16
      ],
      "demand": [
        3,
        3,
        2
      ]
    },
    {
      "id": "C93",
      "x": 29.73,
      "y": 29.9,
      "time_window": [
        450.0,
        2369.81
      ],
      "demand": [
        2,
        1,
        3
      ]
    },
    {
      "id": "C94",
      "x": 7.8,
      "y": 89.62,
      "time_window": [
        450.0,
        1086.05
      ],
      "demand": [
        3,
        3,
        3
      ]
    },
    {
      "id": "C95",
      "x": 50.96,
      "y": 36.15,
      "time_window": [
        450.0,
        1377.89
      ],
      "demand": [
        1,
        4,
        1
      ]
    },
    {
      "id": "C96",
      "x": 39.43,
      "y": 53.42,
      "time_window": [
        450.0,
        2243.18
      ],
      "demand": [
        1,
        4,
        1
      ]
    },
    {
      "id": "C97",
      "x": 29.86,
      "y": 51.8,
      "time_window": [
        450.0,
        2010.92
      ],
      "demand": [
        4,
        4,
        3
      ]
    },
    {
      "id": "C98",
      "x": 64.16,
      "y": 49.58,
      "time_window": [
        450.0,
        1728.8
      ],
      "demand": [
        1,
        1,
        2
      ]
    },
    {
      "id": "C99",
      "x": 52.44,
      "y": 63.52,
      "time_window": [
        450.0,
        2047.88
      ],
      "demand": [
        3,
        2,
        1
      ]
    },
    {
      "id": "C100",
      "x": 73.89,
      "y": 38.59,
      "time_window": [
        450.0,
        1966.7
      ],
      "demand": [
        4,
        4,
        2
      ]
    }
  ]
}