{
  "set_id": 4,
  "inst_id": 4,
  "vehicles": {
    "CT": {
      "count": 8,
      "capacity": 1500,
      "fixed_cost": 1500,
      "unit_cost_factor": 1.2
    },
    "UV": {
      "count": 16,
      "capacity": 500,
      "fixed_cost": 500,
      "unit_cost_factor": 1.1
    }
  },
  "P": 3,
  "item_weights": [
    15,
    5,
    15
  ],
  "inventory_ratio": 1.1,
  "FCs": [
    {
      "id": "FC1",
      "x": 25,
      "y": 25,
      "time_window": [
        0.0,
        3000.0
      ],
      "inventory": [
        39,
        46,
        62
      ]
    },
    {
      "id": "FC2",
      "x": 75,
      "y": 75,
      "time_window": [
        0.0,
        3000.0
      ],
      "inventory": [
        53,
        42,
        50
      ]
    }
  ],
  "DCs": [
    {
      "id": "DC1",
      "x": 14.86,
      "y": 42.55,
      "time_window": [
        300.0,
        2700.0
      ]
    },
    {
      "id": "DC2",
      "x": 9.1,
      "y": 83.23,
      "time_window": [
        300.0,
        2700.0
      ]
    },
    {
      "id": "DC3",
      "x": 98.04,
      "y": 66.33,
      "time_window": [
        300.0,
        2700.0
      ]
    },
    {
      "id": "DC4",
      "x": 32.99,
      "y": 5.56,
      "time_window": [
        300.0,
        2700.0
      ]
    }
  ],
  "CDPs": [
    {
      "id": "CDP1",
      "x": 99.63,
      "y": 87.44,
      "time_window": [
        0.0,
        3000.0
      ],
      "capacity": 140
    },
    {
      "id": "CDP2",
      "x": 78.74,
      "y": 57.59,
      "time_window": [
        0.0,
        3000.0
      ],
      "capacity": 234
    },
    {
      "id": "CDP3",
      "x": 69.21,
      "y": 11.13,
      "time_window": [
        0.0,
        3000.0
      ],
      "capacity": 274
    },
    {
      "id": "CDP4",
      "x": 6.37,
      "y": 60.42,
      "time_window": [
        0.0,
        3000.0
      ],
      "capacity": 299
    },
    {
      "id": "CDP5",
      "x": 95.17,
      "y": 93.21,
      "time_window": [
        0.0,
        3000.0
      ],
      "capacity": 275
    },
    {
      "id": "CDP6",
      "x": 9.19,
      "y": 57.59,
      "time_window": [
        0.0,
        3000.0
      ],
      "capacity": 288
    },
    {
      "id": "CDP7",
      "x": 3.4,
      "y": 28.55,
      "time_window": [
        0.0,
        3000.0
      ],
      "capacity": 183
    },
    {
      "id": "CDP8",
      "x": 51.6,
      "y": 92.38,
      "time_window": [
        0.0,
        3000.0
      ],
      "capacity": 141
    },
    {
      "id": "CDP9",
      "x": 73.33,
      "y": 33.24,
      "time_window": [
        0.0,
        3000.0
      ],
      "capacity": 224
    },
    {
      "id": "CDP10",
      "x": 78.47,
      "y": 99.2,
      "time_window": [
        0.0,
        3000.0
      ],
      "capacity": 278
    },
    {
      "id": "CDP11",
      "x": 70.27,
      "y": 18.1,
      "time_window": [
        0.0,
        3000.0
      ],
      "capacity": 222
    },
    {
      "id": "CDP12",
      "x": 46.67,
      "y": 98.71,
      "time_window": [
        0.0,
        3000.0
      ],
      "capacity": 268
    },
    {
      "id": "CDP13",
      "x": 98.94,
      "y": 16.33,
      "time_window": [
        0.0,
        3000.0
      ],
      "capacity": 238
    },
    {
      "id": "CDP14",
      "x": 37.88,
      "y": 96.09,
      "time_window": [
        0.0,
        3000.0
      ],
      "capacity": 205
    },
    {
      "id": "CDP15",
      "x": 2.84,
      "y": 85.28,
      "time_window": [
        0.0,
        3000.0
      ],
      "capacity": 260
    },
    {
      "id": "CDP16",
      "x": 29.38,
      "y": 12.51,
      "time_window": [
        0.0,
        3000.0
      ],
      "capacity": 137
    }
  ],
  "Customers": [
    {
      "id": "C1",
      "x": 49.43,
      "y": 49.12,
      "time_window": [
        450.0,
        1111.67
      ],
      "demand": [
        2,
        2,
        1
      ]
    },
    {
      "id": "C2",
      "x": 53.75,
      "y": 40.3,
      "time_window": [
        450.0,
        1210.75
      ],
      "demand": [
        3,
        2,
        3
      ]
    },
    {
      "id": "C3",
      "x": 47.24,
      "y": 66.48,
      "time_window": [
        450.0,
        2263.52
      ],
      "demand": [
        2,
        1,
        2
      ]
    },
    {
      "id": "C4",
      "x": 60.85,
      "y": 49.78,
      "time_window": [
        450.0,
        1343.91
      ],
      "demand": [
        1,
        3,
        1
      ]
    },
    {
      "id": "C5",
      "x": 34.5,
      "y": 66.54,
      "time_window": [
        450.0,
        1314.77
      ],
      "demand": [
        3,
        3,
        2
      ]
    },
    {
      "id": "C6",
      "x": 65.5,
      "y": 68.89,
      "time_window": [
        450.0,
        2154.41
      ],
      "demand": [
        3,
        1,
        2
      ]
    },
    {
      "id": "C7",
      "x": 78.5,
      "y": 89.02,
      "time_window": [
        450.0,
        1772.09
      ],
      "demand": [
        1,
        4,
        1
      ]
    },
    {
      "id": "C8",
      "x": 19.16,
      "y": 17.27,
      "time_window": [
        450.0,
        1131.28
      ],
      "demand": [
        2,
        1,
        4
      ]
    },
    {
      "id": "C9",
      "x": 9.46,
      "y": 15.03,
      "time_window": [
        450.0,
        1116.38
      ],
      "demand": [
        3,
        4,
        2
      ]
    },
    {
      "id": "C10",
      "x": 60.22,
      "y": 29.86,
      "time_window": [
        450.0,
        2526.28
      ],
      "demand": [
        3,
        2,
        4
      ]
    },
    {
      "id": "C11",
      "x": 72.05,
      "y": 34.27,
      "time_window": [
        450.0,
        1550.26
      ],
      "demand": [
        3,
        4,
        3
      ]
    },
    {
      "id": "C12",
      "x": 64.19,
      "y": 45.53,
      "time_window": [
        450.0,
        1639.2
      ],
      "demand": [
        4,
        1,
        4
      ]
    },
    {
      "id": "C13",
      "x": 6.22,
      "y": 92.4,
      "time_window": [
        450.0,
        2294.61
      ],
      "demand": [
        4,
        4,
        3
      ]
    },
    {
      "id": "C14",
      "x": 45.76,
      "y": 58.75,
      "time_window": [
        450.0,
        1343.78
      ],
      "demand": [
        2,
        3,
        4
      ]
    },
    {
      "id": "C15",
      "x": 50.11,
      "y": 49.77,
      "time_window": [
        450.0,
        1872.15
      ],
      "demand": [
        2,
        2,
        4
      ]
    },
    {
      "id": "C16",
      "x": 52.4,
      "y": 60.58,
      "time_window": [
        450.0,
        2412.35
      ],
      "demand": [
        3,
        3,
        4
      ]
    },
    {
      "id": "C17",
      "x": 57.15,
      "y": 71.24,
      "time_window": [
        450.0,
        2360.52
      ],
      "demand": [
        3,
        1,
        4
      ]
    },
    {
      "id": "C18",
      "x": 1.91,
      "y": 79.93,
      "time_window": [
        450.0,
        1768.88
      ],
      "demand": [
        1,
        1,
        4
      ]
    },
    {
      "id": "C19",
      "x": 47.49,
      "y": 56.49,
      "time_window": [
        450.0,
        1590.68
      ],
      "demand": [
        1,
        4,
        4
      ]
    },
    {
      "id": "C20",
      "x": 14.18,
      "y": 79.7,
      "time_window": [
        450.0,
        1622.37
      ],
      "demand": [
        2,
        2,
        4
      ]
    },
    {
      "id": "C21",
      "x": 51.34,
      "y": 39.3,
      "time_window": [
        450.0,
        1559.67
      ],
      "demand": [
        3,
        3,
        4
      ]
    },
    {
      "id": "C22",
      "x": 31.42,
      "y": 74.2,
      "time_window": [
        450.0,
        1899.29
      ],
      "demand": [
        4,
        3,
        4
      ]
    },
    {
      "id": "C23",
      "x": 50.47,
      "y": 59.19,
      "time_window": [
        450.0,
        2521.07
      ],
      "demand": [
        3,
        2,
        4
      ]
    },
    {
      "id": "C24",
      "x": 5.4,
      "y": 16.08,
      "time_window": [
        450.0,
        1858.51
      ],
      "demand": [
        2,
        3,
        3
      ]
    },
    {
      "id": "C25",
      "x": 25.32,
      "y": 25.59,
      "time_window": [
        450.0,
        1515.07
      ],
      "demand": [
        1,
        1,
        1
      ]
    },
    {
      "id": "C26",
      "x": 9.39,
      "y": 81.71,
      "time_window": [
        450.0,
        1429.71
      ],
      "demand": [
        2,
        1,
        2
      ]
    },
    {
      "id": "C27",
      "x": 96.12,
      "y": 75.45,
      "time_window": [
        450.0,
        1809.89
      ],
      "demand": [
        2,
        1,
        2
      ]
    },
    {
      "id": "C28",
      "x": 70.23,
      "y": 27.01,
      "time_window": [
        450.0,
        1128.7
      ],
      "demand": [
        1,
        4,
        1
      ]
    },
    {
      "id": "C29",
      "x": 56.23,
      "y": 54.57,
      "time_window": [
        450.0,
        1170.21
      ],
      "demand": [
        1,
        1,
        1
      ]
    },
    {
      "id": "C30",
      "x": 0.01,
      "y": 17.21,
      "time_window": [
        450.0,
        966.04
      ],
      "demand": [
        1,
        2,
        4
      ]
    },
    {
      "id": "C31",
      "x": 13.6,
      "y": 83.56,
      "time_window": [
        450.0,
        2465.82
      ],
      "demand": [
        1,
        1,
        3
      ]
    },
    {
      "id": "C32",
      "x": 9.99,
      "y": 11.2,
      "time_window": [
        450.0,
        2219.46
      ],
      "demand": [
        4,
        1,
        1
      ]
    },
    {
      "id": "C33",
      "x": 7.18,
      "y": 89.21,
      "time_window": [
        450.0,
        1091.63
      ],
      "demand": [
        4,
        4,
        4
      ]
    },
    {
      "id": "C34",
      "x": 92.27,
      "y": 12.5,
      "time_window": [
        450.0,
        1215.15
      ],
      "demand": [
        1,
        2,
        3
      ]
    },
    {
      "id": "C35",
      "x": 70.1,
      "y": 46.53,
      "time_window": [
        450.0,
        1199.53
      ],
      "demand": [
        2,
        1,
        1
      ]
    },
    {
      "id": "C36",
      "x": 43.39,
      "y": 50.66,
      "time_window": [
        450.0,
        2179.61
      ],
      "demand": [
        3,
        2,
        3
      ]
    }
  ]
}