{
  "set_id": 2,
  "inst_id": 3,
  "vehicles": {
    "CT": {
      "count": 6,
      "capacity": 1500,
      "fixed_cost": 1500,
      "unit_cost_factor": 1.2
    },
    "UV": {
      "count": 8,
      "capacity": 500,
      "fixed_cost": 500,
      "unit_cost_factor": 1.1
    }
  },
  "P": 3,
  "item_weights": [
    10,
    10,
    10
  ],
  "inventory_ratio": 1.1,
  "FCs": [
    {
      "id": "FC1",
      "x": 25,
      "y": 25,
      "time_window": [
        0.0,
        3000.0
      ],
      "inventory": [
        25,
        29,
        30
      ]
    },
    {
      "id": "FC2",
      "x": 75,
      "y": 75,
      "time_window": [
        0.0,
        3000.0
      ],
      "inventory": [
        28,
        31,
        30
      ]
    }
  ],
  "DCs": [
    {
      "id": "DC1",
      "x": 49.23,
      "y": 84.71,
      "time_window": [
        300.0,
        2700.0
      ]
    },
    {
      "id": "DC2",
      "x": 44.56,
      "y": 18.84,
      "time_window": [
        300.0,
        2700.0
      ]
    },
    {
      "id": "DC3",
      "x": 40.51,
      "y": 97.36,
      "time_window": [
        300.0,
        2700.0
      ]
    },
    {
      "id": "DC4",
      "x": 34.64,
      "y": 83.78,
      "time_window": [
        300.0,
        2700.0
      ]
    }
  ],
  "CDPs": [
    {
      "id": "CDP1",
      "x": 86.92,
      "y": 62.83,
      "time_window": [
        0.0,
        3000.0
      ],
      "capacity": 106
    },
    {
      "id": "CDP2",
      "x": 29.33,
      "y": 41.97,
      "time_window": [
        0.0,
        3000.0
      ],
      "capacity": 122
    },
    {
      "id": "CDP3",
      "x": 82.83,
      "y": 3.85,
      "time_window": [
        0.0,
        3000.0
      ],
      "capacity": 107
    },
    {
      "id": "CDP4",
      "x": 10.18,
      "y": 73.36,
      "time_window": [
        0.0,
        3000.0
      ],
      "capacity": 268
    },
    {
      "id": "CDP5",
      "x": 64.56,
      "y": 74.88,
      "time_window": [
        0.0,
        3000.0
      ],
      "capacity": 199
    },
    {
      "id": "CDP6",
      "x": 44.51,
      "y": 45.66,
      "time_window": [
        0.0,
        3000.0
      ],
      "capacity": 172
    },
    {
      "id": "CDP7",
      "x": 8.51,
      "y": 95.15,
      "time_window": [
        0.0,
        3000.0
      ],
      "capacity": 137
    },
    {
      "id": "CDP8",
      "x": 73.66,
      "y": 90.75,
      "time_window": [
        0.0,
        3000.0
      ],
      "capacity": 194
    },
    {
      "id": "CDP9",
      "x": 93.57,
      "y": 70.83,
      "time_window": [
        0.0,
        3000.0
      ],
      "capacity": 156
    },
    {
      "id": "CDP10",
      "x": 51.64,
      "y": 84.24,
      "time_window": [
        0.0,
        3000.0
      ],
      "capacity": 248
    },
    {
      "id": "CDP11",
      "x": 84.75,
      "y": 21.69,
      "time_window": [
        0.0,
        3000.0
      ],
      "capacity": 193
    },
    {
      "id": "CDP12",
      "x": 74.03,
      "y": 18.27,
      "time_window": [
        0.0,
        3000.0
      ],
      "capacity": 254
    }
  ],
  "Customers": [
    {
      "id": "C1",
      "x": 17.83,
      "y": 13.95,
      "time_window": [
        450.0,
        1805.93
      ],
      "demand": [
        2,
        1,
        1
      ]
    },
    {
      "id": "C2",
      "x": 87.86,
      "y": 12.62,
      "time_window": [
        450.0,
        1285.57
      ],
      "demand": [
        1,
        4,
        4
      ]
    },
    {
      "id": "C3",
      "x": 17.57,
      "y": 8.44,
      "time_window": [
        450.0,
        1011.55
      ],
      "demand": [
        3,
        4,
        1
      ]
    },
    {
      "id": "C4",
      "x": 42.05,
      "y": 70.54,
      "time_window": [
        450.0,
        1390.96
      ],
      "demand": [
        3,
        2,
        4
      ]
    },
    {
      "id": "C5",
      "x": 62.29,
      "y": 66.46,
      "time_window": [
        450.0,
        2099.19
      ],
      "demand": [
        2,
        1,
        3
      ]
    },
    {
      "id": "C6",
      "x": 72.22,
      "y": 42.54,
      "time_window": [
        450.0,
        1060.35
      ],
      "demand": [
        4,
        3,
        4
      ]
    },
    {
      "id": "C7",
      "x": 61.83,
      "y": 71.62,
      "time_window": [
        450.0,
        2437.27
      ],
      "demand": [
        4,
        1,
        3
      ]
    },
    {
      "id": "C8",
      "x": 40.6,
      "y": 25.66,
      "time_window": [
        450.0,
        1897.38
      ],
      "demand": [
        4,
        3,
        3
      ]
    },
    {
      "id": "C9",
      "x": 19.42,
      "y": 9.65,
      "time_window": [
        450.0,
        2338.7
      ],
      "demand": [
        3,
        1,
        4
      ]
    },
    {
      "id": "C10",
      "x": 72.58,
      "y": 48.59,
      "time_window": [
        450.0,
        2414.54
      ],
      "demand": [
        2,
        3,
        3
      ]
    },
    {
      "id": "C11",
      "x": 12.69,
      "y": 99.04,
      "time_window": [
        450.0,
        2095.42
      ],
      "demand": [
        2,
        3,
        3
      ]
    },
    {
      "id": "C12",
      "x": 42.59,
      "y": 62.82,
      "time_window": [
        450.0,
        2550
      ],
      "demand": [
        1,
        2,
        3
      ]
    },
    {
      "id": "C13",
      "x": 72.86,
      "y": 57.02,
      "time_window": [
        450.0,
        1837.55
      ],
      "demand": [
        4,
        3,
        1
      ]
    },
    {
      "id": "C14",
      "x": 39.75,
      "y": 44.68,
      "time_window": [
        450.0,
        1128.82
      ],
      "demand": [
        1,
        2,
        4
      ]
    },
    {
      "id": "C15",
      "x": 89.31,
      "y": 6.94,
      "time_window": [
        450.0,
        2269.73
      ],
      "demand": [
        2,
        4,
        2
      ]
    },
    {
      "id": "C16",
      "x": 58.29,
      "y": 67.32,
      "time_window": [
        450.0,
        2033.28
      ],
      "demand": [
        1,
        3,
        2
      ]
    },
    {
      "id": "C17",
      "x": 35.54,
      "y": 74.94,
      "time_window": [
        450.0,
        1994.31
      ],
      "demand": [
        2,
        4,
        3
      ]
    },
    {
      "id": "C18",
      "x": 83.74,
      "y": 0.71,
      "time_window": [
        450.0,
        1993.6
      ],
      "demand": [
        2,
        3,
        2
      ]
    },
    {
      "id": "C19",
      "x": 7.1,
      "y": 91.7,
      "time_window": [
        450.0,
        2262.4
      ],
      "demand": [
        4,
        4,
        1
      ]
    },
    {
      "id": "C20",
      "x": 34.45,
      "y": 54.02,
      "time_window": [
        450.0,
        1531.26
      ],
      "demand": [
        1,
        3,
        3
      ]
    }
  ]
}