{
  "set_id": 7,
  "inst_id": 9,
  "vehicles": {
    "CT": {
      "count": 16,
      "capacity": 1500,
      "fixed_cost": 1500,
      "unit_cost_factor": 1.2
    },
    "UV": {
      "count": 32,
      "capacity": 500,
      "fixed_cost": 500,
      "unit_cost_factor": 1.1
    }
  },
  "P": 3,
  "item_weights": [
    15,
    5,
    10
  ],
  "inventory_ratio": 1.3,
  "FCs": [
    {
      "id": "FC1",
      "x": 25,
      "y": 25,
      "time_window": [
        0.0,
        3000.0
      ],
      "inventory": [
        48,
        75,
        54
      ]
    },
    {
      "id": "FC2",
      "x": 25,
      "y": 75,
      "time_window": [
        0.0,
        3000.0
      ],
      "inventory": [
        72,
        58,
        86
      ]
    },
    {
      "id": "FC3",
      "x": 75,
      "y": 25,
      "time_window": [
        0.0,
        3000.0
      ],
      "inventory": [
        79,
        67,
        66
      ]
    },
    {
      "id": "FC4",
      "x": 75,
      "y": 75,
      "time_window": [
        0.0,
        3000.0
      ],
      "inventory": [
        60,
        88,
        64
      ]
    }
  ],
  "DCs": [
    {
      "id": "DC1",
      "x": 65.1,
      "y": 4.53,
      "time_window": [
        300.0,
        2700.0
      ]
    },
    {
      "id": "DC2",
      "x": 81.59,
      "y": 94.89,
      "time_window": [
        300.0,
        2700.0
      ]
    },
    {
      "id": "DC3",
      "x": 25.67,
      "y": 75.37,
      "time_window": [
        300.0,
        2700.0
      ]
    },
    {
      "id": "DC4",
      "x": 59.35,
      "y": 50.37,
      "time_window": [
        300.0,
        2700.0
      ]
    },
    {
      "id": "DC5",
      "x": 24.46,
      "y": 80.45,
      "time_window": [
        300.0,
        2700.0
      ]
    },
    {
      "id": "DC6",
      "x": 46.59,
      "y": 31.71,
      "time_window": [
        300.0,
        2700.0
      ]
    },
    {
      "id": "DC7",
      "x": 47.35,
      "y": 11.69,
      "time_window": [
        300.0,
        2700.0
      ]
    },
    {
      "id": "DC8",
      "x": 69.55,
      "y": 9.22,
      "time_window": [
        300.0,
        2700.0
      ]
    }
  ],
  "CDPs": [
    {
      "id": "CDP1",
      "x": 97.42,
      "y": 28.46,
      "time_window": [
        0.0,
        3000.0
      ],
      "capacity": 248
    },
    {
      "id": "CDP2",
      "x": 1.83,
      "y": 18.37,
      "time_window": [
        0.0,
        3000.0
      ],
      "capacity": 213
    },
    {
      "id": "CDP3",
      "x": 69.26,
      "y": 15.4,
      "time_window": [
        0.0,
        3000.0
      ],
      "capacity": 251
    },
    {
      "id": "CDP4",
      "x": 68.04,
      "y": 95.56,
      "time_window": [
        0.0,
        3000.0
      ],
      "capacity": 159
    },
    {
      "id": "CDP5",
      "x": 23.73,
      "y": 51.39,
      "time_window": [
        0.0,
        3000.0
      ],
      "capacity": 272
    },
    {
      "id": "CDP6",
      "x": 94.38,
      "y": 86.21,
      "time_window": [
        0.0,
        3000.0
      ],
      "capacity": 162
    },
    {
      "id": "CDP7",
      "x": 16.88,
      "y": 47.62,
      "time_window": [
        0.0,
        3000.0
      ],
      "capacity": 137
    },
    {
      "id": "CDP8",
      "x": 80.94,
      "y": 78.12,
      "time_window": [
        0.0,
        3000.0
      ],
      "capacity": 234
    },
    {
      "id": "CDP9",
      "x": 38.75,
      "y": 63.84,
      "time_window": [
        0.0,
        3000.0
      ],
      "capacity": 261
    },
    {
      "id": "CDP10",
      "x": 25.61,
      "y": 10.49,
      "time_window": [
        0.0,
        3000.0
      ],
      "capacity": 131
    },
    {
      "id": "CDP11",
      "x": 50.6,
      "y": 3.21,
      "time_window": [
        0.0,
        3000.0
      ],
      "capacity": 128
    },
    {
      "id": "CDP12",
      "x": 28.86,
      "y": 26.79,
      "time_window": [
        0.0,
        3000.0
      ],
      "capacity": 183
    },
    {
      "id": "CDP13",
      "x": 26.82,
      "y": 33.65,
      "time_window": [
        0.0,
        3000.0
      ],
      "capacity": 213
    },
    {
      "id": "CDP14",
      "x": 79.72,
      "y": 5.49,
      "time_window": [
        0.0,
        3000.0
      ],
      "capacity": 183
    },
    {
      "id": "CDP15",
      "x": 10.77,
      "y": 69.03,
      "time_window": [
        0.0,
        3000.0
      ],
      "capacity": 162
    },
    {
      "id": "CDP16",
      "x": 58.67,
      "y": 29.14,
      "time_window": [
        0.0,
        3000.0
      ],
      "capacity": 156
    },
    {
      "id": "CDP17",
      "x": 42.46,
      "y": 90.86,
      "time_window": [
        0.0,
        3000.0
      ],
      "capacity": 273
    },
    {
      "id": "CDP18",
      "x": 96.65,
      "y": 30.08,
      "time_window": [
        0.0,
        3000.0
      ],
      "capacity": 124
    },
    {
      "id": "CDP19",
      "x": 79.26,
      "y": 29.33,
      "time_window": [
        0.0,
        3000.0
      ],
      "capacity": 103
    },
    {
      "id": "CDP20",
      "x": 6.23,
      "y": 86.33,
      "time_window": [
        0.0,
        3000.0
      ],
      "capacity": 243
    },
    {
      "id": "CDP21",
      "x": 11.78,
      "y": 28.98,
      "time_window": [
        0.0,
        3000.0
      ],
      "capacity": 185
    },
    {
      "id": "CDP22",
      "x": 96.73,
      "y": 24.77,
      "time_window": [
        0.0,
        3000.0
      ],
      "capacity": 225
    },
    {
      "id": "CDP23",
      "x": 79.04,
      "y": 40.25,
      "time_window": [
        0.0,
        3000.0
      ],
      "capacity": 300
    },
    {
      "id": "CDP24",
      "x": 58.61,
      "y": 28.7,
      "time_window": [
        0.0,
        3000.0
      ],
      "capacity": 174
    },
    {
      "id": "CDP25",
      "x": 23.98,
      "y": 90.8,
      "time_window": [
        0.0,
        3000.0
      ],
      "capacity": 263
    },
    {
      "id": "CDP26",
      "x": 75.06,
      "y": 8.24,
      "time_window": [
        0.0,
        3000.0
      ],
      "capacity": 127
    },
    {
      "id": "CDP27",
      "x": 59.76,
      "y": 36.86,
      "time_window": [
        0.0,
        3000.0
      ],
      "capacity": 156
    },
    {
      "id": "CDP28",
      "x": 19.55,
      "y": 13.13,
      "time_window": [
        0.0,
        3000.0
      ],
      "capacity": 172
    },
    {
      "id": "CDP29",
      "x": 92.29,
      "y": 84.79,
      "time_window": [
        0.0,
        3000.0
      ],
      "capacity": 123
    },
    {
      "id": "CDP30",
      "x": 85.62,
      "y": 55.76,
      "time_window": [
        0.0,
        3000.0
      ],
      "capacity": 174
    },
    {
      "id": "CDP31",
      "x": 38.41,
      "y": 21.22,
      "time_window": [
        0.0,
        3000.0
      ],
      "capacity": 112
    },
    {
      "id": "CDP32",
      "x": 80.53,
      "y": 22.02,
      "time_window": [
        0.0,
        3000.0
      ],
      "capacity": 228
    },
    {
      "id": "CDP33",
      "x": 93.6,
      "y": 75.2,
      "time_window": [
        0.0,
        3000.0
      ],
      "capacity": 164
    },
    {
      "id": "CDP34",
      "x": 31.53,
      "y": 11.75,
      "time_window": [
        0.0,
        3000.0
      ],
      "capacity": 250
    },
    {
      "id": "CDP35",
      "x": 30.81,
      "y": 48.73,
      "time_window": [
        0.0,
        3000.0
      ],
      "capacity": 286
    },
    {
      "id": "CDP36",
      "x": 31.17,
      "y": 9.16,
      "time_window": [
        0.0,
        3000.0
      ],
      "capacity": 213
    },
    {
      "id": "CDP37",
      "x": 84.32,
      "y": 66.64,
      "time_window": [
        0.0,
        3000.0
      ],
      "capacity": 128
    },
    {
      "id": "CDP38",
      "x": 88.37,
      "y": 28.41,
      "time_window": [
        0.0,
        3000.0
      ],
      "capacity": 239
    },
    {
      "id": "CDP39",
      "x": 13.91,
      "y": 92.63,
      "time_window": [
        0.0,
        3000.0
      ],
      "capacity": 239
    },
    {
      "id": "CDP40",
      "x": 9.11,
      "y": 34.62,
      "time_window": [
        0.0,
        3000.0
      ],
      "capacity": 218
    }
  ],
  "Customers": [
    {
      "id": "C1",
      "x": 31.11,
      "y": 57.43,
      "time_window": [
        450.0,
        2147.5
      ],
      "demand": [
        4,
        2,
        1
      ]
    },
    {
      "id": "C2",
      "x": 39.49,
      "y": 72.4,
      "time_window": [
        450.0,
        1341.28
      ],
      "demand": [
        3,
        4,
        4
      ]
    },
    {
      "id": "C3",
      "x": 75.55,
      "y": 12.65,
      "time_window": [
        450.0,
        1248.27
      ],
      "demand": [
        4,
        4,
        2
      ]
    },
    {
      "id": "C4",
      "x": 11.35,
      "y": 82.69,
      "time_window": [
        450.0,
        2278.04
      ],
      "demand": [
        2,
        3,
        1
      ]
    },
    {
      "id": "C5",
      "x": 2.83,
      "y": 17.54,
      "time_window": [
        450.0,
        1038.85
      ],
      "demand": [
        2,
        2,
        1
      ]
    },
    {
      "id": "C6",
      "x": 60.67,
      "y": 50.99,
      "time_window": [
        450.0,
        1001.33
      ],
      "demand": [
        3,
        1,
        1
      ]
    },
    {
      "id": "C7",
      "x": 35.21,
      "y": 72.68,
      "time_window": [
        450.0,
        2366.25
      ],
      "demand": [
        1,
        1,
        4
      ]
    },
    {
      "id": "C8",
      "x": 0.77,
      "y": 6.55,
      "time_window": [
        450.0,
        1169.94
      ],
      "demand": [
        1,
        2,
        4
      ]
    },
    {
      "id": "C9",
      "x": 35.51,
      "y": 27.45,
      "time_window": [
        450.0,
        1705.38
      ],
      "demand": [
        1,
        1,
        4
      ]
    },
    {
      "id": "C10",
      "x": 74.2,
      "y": 58.45,
      "time_window": [
        450.0,
        1136.77
      ],
      "demand": [
        4,
        4,
        1
      ]
    },
    {
      "id": "C11",
      "x": 54.88,
      "y": 29.15,
      "time_window": [
        450.0,
        2499.17
      ],
      "demand": [
        1,
        2,
        2
      ]
    },
    {
      "id": "C12",
      "x": 71.15,
      "y": 25.34,
      "time_window": [
        450.0,
        2099.76
      ],
      "demand": [
        4,
        4,
        4
      ]
    },
    {
      "id": "C13",
      "x": 85.88,
      "y": 92.24,
      "time_window": [
        450.0,
        1502.65
      ],
      "demand": [
        4,
        4,
        3
      ]
    },
    {
      "id": "C14",
      "x": 10.0,
      "y": 10.29,
      "time_window": [
        450.0,
        1889.57
      ],
      "demand": [
        4,
        3,
        4
      ]
    },
    {
      "id": "C15",
      "x": 49.19,
      "y": 66.78,
      "time_window": [
        450.0,
        1596.84
      ],
      "demand": [
        3,
        4,
        2
      ]
    },
    {
      "id": "C16",
      "x": 13.53,
      "y": 80.64,
      "time_window": [
        450.0,
        2550
      ],
      "demand": [
        3,
        4,
        4
      ]
    },
    {
      "id": "C17",
      "x": 20.71,
      "y": 1.71,
      "time_window": [
        450.0,
        2245.06
      ],
      "demand": [
        4,
        3,
        1
      ]
    },
    {
      "id": "C18",
      "x": 69.15,
      "y": 28.9,
      "time_window": [
        450.0,
        1049.76
      ],
      "demand": [
        1,
        1,
        1
      ]
    },
    {
      "id": "C19",
      "x": 21.16,
      "y": 83.08,
      "time_window": [
        450.0,
        986.11
      ],
      "demand": [
        2,
        3,
        2
      ]
    },
    {
      "id": "C20",
      "x": 23.71,
      "y": 18.88,
      "time_window": [
        450.0,
        1519.88
      ],
      "demand": [
        1,
        1,
        1
      ]
    },
    {
      "id": "C21",
      "x": 64.25,
      "y": 69.95,
      "time_window": [
        450.0,
        1561.32
      ],
      "demand": [
        1,
        2,
        2
      ]
    },
    {
      "id": "C22",
      "x": 72.21,
      "y": 49.19,
      "time_window": [
        450.0,
        2412.57
      ],
      "demand": [
        3,
        4,
        1
      ]
    },
    {
      "id": "C23",
      "x": 53.75,
      "y": 67.82,
      "time_window": [
        450.0,
        1852.9
      ],
      "demand": [
        1,
        1,
        2
      ]
    },
    {
      "id": "C24",
      "x": 15.3,
      "y": 8.89,
      "time_window": [
        450.0,
        1241.62
      ],
      "demand": [
        2,
        4,
        2
      ]
    },
    {
      "id": "C25",
      "x": 15.02,
      "y": 95.87,
      "time_window": [
        450.0,
        2222.13
      ],
      "demand": [
        1,
        4,
        2
      ]
    },
    {
      "id": "C26",
      "x": 90.87,
      "y": 2.98,
      "time_window": [
        450.0,
        2550
      ],
      "demand": [
        3,
        2,
        4
      ]
    },
    {
      "id": "C27",
      "x": 75.15,
      "y": 85.16,
      "time_window": [
        450.0,
        1930.97
      ],
      "demand": [
        2,
        3,
        1
      ]
    },
    {
      "id": "C28",
      "x": 97.85,
      "y": 10.49,
      "time_window": [
        450.0,
        2077.15
      ],
      "demand": [
        4,
        3,
        4
      ]
    },
    {
      "id": "C29",
      "x": 62.18,
      "y": 49.81,
      "time_window": [
        450.0,
        1903.22
      ],
      "demand": [
        1,
        4,
        3
      ]
    },
    {
      "id": "C30",
      "x": 68.27,
      "y": 64.9,
      "time_window": [
        450.0,
        2104.11
      ],
      "demand": [
        1,
        2,
        3
      ]
    },
    {
      "id": "C31",
      "x": 42.56,
      "y": 48.15,
      "time_window": [
        450.0,
        2217.62
      ],
      "demand": [
        3,
        3,
        4
      ]
    },
    {
      "id": "C32",
      "x": 30.73,
      "y": 52.37,
      "time_window": [
        450.0,
        1528.0
      ],
      "demand": [
        1,
        2,
        1
      ]
    },
    {
      "id": "C33",
      "x": 41.7,
      "y": 66.84,
      "time_window": [
        450.0,
        2065.98
      ],
      "demand": [
        4,
        1,
        2
      ]
    },
    {
      "id": "C34",
      "x": 61.61,
      "y": 51.87,
      "time_window": [
        450.0,
        2123.76
      ],
      "demand": [
        3,
        3,
        4
      ]
    },
    {
      "id": "C35",
      "x": 22.15,
      "y": 0.47,
      "time_window": [
        450.0,
        2406.71
      ],
      "demand": [
        2,
        4,
        2
      ]
    },
    {
      "id": "C36",
      "x": 67.08,
      "y": 43.37,
      "time_window": [
        450.0,
        2055.98
      ],
      "demand": [
        4,
        4,
        2
      ]
    },
    {
      "id": "C37",
      "x": 75.61,
      "y": 95.8,
      "time_window": [
        450.0,
        2296.9
      ],
      "demand": [
        4,
        3,
        2
      ]
    },
    {
      "id": "C38",
      "x": 62.79,
      "y": 50.37,
      "time_window": [
        450.0,
        2527.57
      ],
      "demand": [
        4,
        4,
        3
      ]
    },
    {
      "id": "C39",
      "x": 64.64,
      "y": 29.05,
      "time_window": [
        450.0,
        2182.76
      ],
      "demand": [
        2,
        4,
        2
      ]
    },
    {
      "id": "C40",
      "x": 88.98,
      "y": 12.19,
      "time_window": [
        450.0,
        2510.27
      ],
      "demand": [
        2,
        3,
        2
      ]
    },
    {
      "id": "C41",
      "x": 57.0,
      "y": 40.58,
      "time_window": [
        450.0,
        1563.57
      ],
      "demand": [
        1,
        3,
        1
      ]
    },
    {
      "id": "C42",
      "x": 22.26,
      "y": 89.56,
      "time_window": [
        450.0,
        1021.99
      ],
      "demand": [
        1,
        1,
        2
      ]
    },
    {
      "id": "C43",
      "x": 38.23,
      "y": 46.17,
      "time_window": [
        450.0,
        1062.88
      ],
      "demand": [
        4,
        4,
        4
      ]
    },
    {
      "id": "C44",
      "x": 17.44,
      "y": 98.58,
      "time_window": [
        450.0,
        2263.47
      ],
      "demand": [
        4,
        4,
        4
      ]
    },
    {
      "id": "C45",
      "x": 6.29,
      "y": 24.17,
      "time_window": [
        450.0,
        1877.76
      ],
      "demand": [
        2,
        2,
        3
      ]
    },
    {
      "id": "C46",
      "x": 0.12,
      "y": 18.89,
      "time_window": [
        450.0,
        1267.15
      ],
      "demand": [
        4,
        3,
        2
      ]
    },
    {
      "id": "C47",
      "x": 63.19,
      "y": 70.92,
      "time_window": [
        450.0,
        1751.04
      ],
      "demand": [
        4,
        2,
        4
      ]
    },
    {
      "id": "C48",
      "x": 49.72,
      "y": 62.4,
      "time_window": [
        450.0,
        1717.09
      ],
      "demand": [
        1,
        3,
        2
      ]
    },
    {
      "id": "C49",
      "x": 44.54,
      "y": 33.63,
      "time_window": [
        450.0,
        1716.81
      ],
      "demand": [
        1,
        2,
        1
      ]
    },
    {
      "id": "C50",
      "x": 53.97,
      "y": 47.89,
      "time_window": [
        450.0,
        2499.42
      ],
      "demand": [
        4,
        1,
        3
      ]
    },
    {
      "id": "C51",
      "x": 29.7,
      "y": 56.11,
      "time_window": [
        450.0,
        2085.64
      ],
      "demand": [
        3,
        4,
        3
      ]
    },
    {
      "id": "C52",
      "x": 57.04,
      "y": 35.99,
      "time_window": [
        450.0,
        2508.51
      ],
      "demand": [
        3,
        4,
        2
      ]
    },
    {
      "id": "C53",
      "x": 28.01,
      "y": 33.32,
      "time_window": [
        450.0,
        1107.8
      ],
      "demand": [
        3,
        1,
        3
      ]
    },
    {
      "id": "C54",
      "x": 41.75,
      "y": 48.45,
      "time_window": [
        450.0,
        2366.64
      ],
      "demand": [
        3,
        1,
        2
      ]
    },
    {
      "id": "C55",
      "x": 80.36,
      "y": 98.6,
      "time_window": [
        450.0,
        1856.75
      ],
      "demand": [
        3,
        2,
        4
      ]
    },
    {
      "id": "C56",
      "x": 17.16,
      "y": 0.21,
      "time_window": [
        450.0,
        1095.97
      ],
      "demand": [
        2,
        3,
        3
      ]
    },
    {
      "id": "C57",
      "x": 47.81,
      "y": 67.84,
      "time_window": [
        450.0,
        2076.46
      ],
      "demand": [
        2,
        3,
        1
      ]
    },
    {
      "id": "C58",
      "x": 65.66,
      "y": 49.14,
      "time_window": [
        450.0,
        1633.75
      ],
      "demand": [
        2,
        4,
        2
      ]
    },
    {
      "id": "C59",
      "x": 27.83,
      "y": 71.8,
      "time_window": [
        450.0,
        2344.14
      ],
      "demand": [
        1,
        4,
        3
      ]
    },
    {
      "id": "C60",
      "x": 76.3,
      "y": 82.17,
      "time_window": [
        450.0,
        1984.49
      ],
      "demand": [
        4,
        2,
        4
      ]
    },
    {
      "id": "C61",
      "x": 61.92,
      "y": 55.4,
      "time_window": [
        450.0,
        2136.9
      ],
      "demand": [
        3,
        2,
        2
      ]
    },
    {
      "id": "C62",
      "x": 57.09,
      "y": 26.93,
      "time_window": [
        450.0,
        1064.54
      ],
      "demand": [
        1,
        4,
        4
      ]
    },
    {
      "id": "C63",
      "x": 53.93,
      "y": 66.72,
      "time_window": [
        450.0,
        1953.94
      ],
      "demand": [
        2,
        3,
        2
      ]
    },
    {
      "id": "C64",
      "x": 71.73,
      "y": 35.78,
      "time_window": [
        450.0,
        2059.4
      ],
      "demand": [
        1,
        3,
        3
      ]
    },
    {
      "id": "C65",
      "x": 69.23,
      "y": 29.84,
      "time_window": [
        450.0,
        1992.14
      ],
      "demand": [
        2,
        1,
        3
      ]
    },
    {
      "id": "C66",
      "x": 40.24,
      "y": 66.12,
      "time_window": [
        450.0,
        1241.31
      ],
      "demand": [
        2,
        3,
        3
      ]
    },
    {
      "id": "C67",
      "x": 31.86,
      "y": 37.59,
      "time_window": [
        450.0,
        1077.87
      ],
      "demand": [
        4,
        4,
        2
      ]
    },
    {
      "id": "C68",
      "x": 58.1,
      "y": 50.87,
      "time_window": [
        450.0,
        1700.98
      ],
      "demand": [
        1,
        4,
        4
      ]
    },
    {
      "id": "C69",
      "x": 23.67,
      "y": 24.56,
      "time_window": [
        450.0,
        2418.93
      ],
      "demand": [
        2,
        4,
        3
      ]
    },
    {
      "id": "C70",
      "x": 11.85,
      "y": 99.67,
      "time_window": [
        450.0,
        1814.51
      ],
      "demand": [
        4,
        4,
        3
      ]
    },
    {
      "id": "C71",
      "x": 39.09,
      "y": 52.24,
      "time_window": [
        450.0,
        2067.28
      ],
      "demand": [
        2,
        1,
        4
      ]
    },
    {
      "id": "C72",
      "x": 4.0,
      "y": 17.27,
      "time_window": [
        450.0,
        2071.34
      ],
      "demand": [
        2,
        2,
        3
      ]
    },
    {
      "id": "C73",
      "x": 32.05,
      "y": 58.82,
      "time_window": [
        450.0,
        2496.56
      ],
      "demand": [
        2,
        1,
        3
      ]
    },
    {
      "id": "C74",
      "x": 42.55,
      "y": 34.76,
      "time_window": [
        450.0,
        1227.03
      ],
      "demand": [
        4,
        2,
        2
      ]
    },
    {
      "id": "C75",
      "x": 88.18,
      "y": 87.0,
      "time_window": [
        450.0,
        1520.79
      ],
      "demand": [
        3,
        4,
        3
      ]
    },
    {
      "id": "C76",
      "x": 79.72,
      "y": 97.43,
      "time_window": [
        450.0,
        1773.03
      ],
      "demand": [
        1,
        2,
        2
      ]
    },
    {
      "id": "C77",
      "x": 43.79,
      "y": 72.46,
      "time_window": [
        450.0,
        1567.11
      ],
      "demand": [
        3,
        4,
        2
      ]
    },
    {
      "id": "C78",
      "x": 54.41,
      "y": 68.88,
      "time_window": [
        450.0,
        1124.22
      ],
      "demand": [
        1,
        4,
        4
      ]
    },
    {
      "id": "C79",
      "x": 14.01,
      "y": 82.07,
      "time_window": [
        450.0,
        2061.18
      ],
      "demand": [
        3,
        1,
        4
      ]
    },
    {
      "id": "C80",
      "x": 1.31,
      "y": 6.9,
      "time_window": [
        450.0,
        2067.69
      ],
      "demand": [
        4,
        2,
        3
      ]
    }
  ]
}